{
	"start":	{
		"connected":	[{
				"socket":	6,
				"local_host":	"192.168.20.1",
				"local_port":	50352,
				"remote_host":	"192.168.47.1",
				"remote_port":	5010
			}],
		"version":	"iperf 3.6",
		"system_info":	"Linux ba-thesis 4.19.0-23-amd64 #1 SMP Debian 4.19.269-1 (2022-12-20) x86_64",
		"timestamp":	{
			"time":	"Mon, 05 Jun 2023 19:03:23 GMT",
			"timesecs":	1685991803
		},
		"connecting_to":	{
			"host":	"h7",
			"port":	5010
		},
		"cookie":	"mqelprraowwq3ojrrkdnfjy5jhoooos3xf4h",
		"tcp_mss_default":	1448,
		"sock_bufsize":	0,
		"sndbuf_actual":	87380,
		"rcvbuf_actual":	87380,
		"test_start":	{
			"protocol":	"TCP",
			"num_streams":	1,
			"blksize":	131072,
			"omit":	0,
			"duration":	0,
			"bytes":	35336332,
			"blocks":	0,
			"reverse":	0,
			"tos":	0
		}
	},
	"intervals":	[{
			"streams":	[{
					"socket":	6,
					"start":	0,
					"end":	1.0004398822784424,
					"seconds":	1.0004398822784424,
					"bytes":	362000,
					"bits_per_second":	2894726.6610408733,
					"retransmits":	0,
					"snd_cwnd":	68056,
					"rtt":	212969,
					"rttvar":	3255,
					"pmtu":	1500,
					"omitted":	false
				}],
			"sum":	{
				"start":	0,
				"end":	1.0004398822784424,
				"seconds":	1.0004398822784424,
				"bytes":	362000,
				"bits_per_second":	2894726.6610408733,
				"retransmits":	0,
				"omitted":	false
			}
		}, {
			"streams":	[{
					"socket":	6,
					"start":	1.0004398822784424,
					"end":	2.000053882598877,
					"seconds":	0.99961400032043457,
					"bytes":	5516880,
					"bits_per_second":	44152082.6897704,
					"retransmits":	0,
					"snd_cwnd":	278016,
					"rtt":	57834,
					"rttvar":	380,
					"pmtu":	1500,
					"omitted":	false
				}],
			"sum":	{
				"start":	1.0004398822784424,
				"end":	2.000053882598877,
				"seconds":	0.99961400032043457,
				"bytes":	5516880,
				"bits_per_second":	44152082.6897704,
				"retransmits":	0,
				"omitted":	false
			}
		}, {
			"streams":	[{
					"socket":	6,
					"start":	2.000053882598877,
					"end":	3.0001819133758545,
					"seconds":	1.0001280307769775,
					"bytes":	4821840,
					"bits_per_second":	38569781.880857937,
					"retransmits":	0,
					"snd_cwnd":	503904,
					"rtt":	105509,
					"rttvar":	568,
					"pmtu":	1500,
					"omitted":	false
				}],
			"sum":	{
				"start":	2.000053882598877,
				"end":	3.0001819133758545,
				"seconds":	1.0001280307769775,
				"bytes":	4821840,
				"bits_per_second":	38569781.880857937,
				"retransmits":	0,
				"omitted":	false
			}
		}, {
			"streams":	[{
					"socket":	6,
					"start":	3.0001819133758545,
					"end":	4.00012993812561,
					"seconds":	0.99994802474975586,
					"bytes":	6002240,
					"bits_per_second":	48020415.873131834,
					"retransmits":	0,
					"snd_cwnd":	731240,
					"rtt":	153296,
					"rttvar":	529,
					"pmtu":	1500,
					"omitted":	false
				}],
			"sum":	{
				"start":	3.0001819133758545,
				"end":	4.00012993812561,
				"seconds":	0.99994802474975586,
				"bytes":	6002240,
				"bits_per_second":	48020415.873131834,
				"retransmits":	0,
				"omitted":	false
			}
		}, {
			"streams":	[{
					"socket":	6,
					"start":	4.00012993812561,
					"end":	5.0000779628753662,
					"seconds":	0.99994802474975586,
					"bytes":	13107200,
					"bits_per_second":	104863050.28327984,
					"retransmits":	0,
					"snd_cwnd":	1290168,
					"rtt":	102134,
					"rttvar":	525,
					"pmtu":	1500,
					"omitted":	false
				}],
			"sum":	{
				"start":	4.00012993812561,
				"end":	5.0000779628753662,
				"seconds":	0.99994802474975586,
				"bytes":	13107200,
				"bits_per_second":	104863050.28327984,
				"retransmits":	0,
				"omitted":	false
			}
		}, {
			"streams":	[{
					"socket":	6,
					"start":	5.0000779628753662,
					"end":	5.3959338665008545,
					"seconds":	0.39585590362548828,
					"bytes":	6553600,
					"bits_per_second":	132444153.33919558,
					"retransmits":	0,
					"snd_cwnd":	1523296,
					"rtt":	127332,
					"rttvar":	538,
					"pmtu":	1500,
					"omitted":	false
				}],
			"sum":	{
				"start":	5.0000779628753662,
				"end":	5.3959338665008545,
				"seconds":	0.39585590362548828,
				"bytes":	6553600,
				"bits_per_second":	132444153.33919558,
				"retransmits":	0,
				"omitted":	false
			}
		}],
	"end":	{
		"streams":	[{
				"sender":	{
					"socket":	6,
					"start":	0,
					"end":	5.3959338665008545,
					"seconds":	5.3959338665008545,
					"bytes":	36363760,
					"bits_per_second":	53912832.736152276,
					"retransmits":	0,
					"max_snd_cwnd":	1523296,
					"max_rtt":	212969,
					"min_rtt":	57834,
					"mean_rtt":	126512
				},
				"receiver":	{
					"socket":	6,
					"start":	0,
					"end":	5.6780300140380859,
					"seconds":	5.3959338665008545,
					"bytes":	30717872,
					"bits_per_second":	43279619.056686386
				}
			}],
		"sum_sent":	{
			"start":	0,
			"end":	5.3959338665008545,
			"seconds":	5.3959338665008545,
			"bytes":	36363760,
			"bits_per_second":	53912832.736152276,
			"retransmits":	0
		},
		"sum_received":	{
			"start":	0,
			"end":	5.6780300140380859,
			"seconds":	5.6780300140380859,
			"bytes":	30717872,
			"bits_per_second":	43279619.056686386
		},
		"cpu_utilization_percent":	{
			"host_total":	5.5421951536367908,
			"host_user":	0.52278301381299863,
			"host_system":	5.0193961212242764,
			"remote_total":	0.14435896811264087,
			"remote_user":	0.0072957430685641009,
			"remote_system":	0.13706073162539306
		},
		"sender_tcp_congestion":	"cubic",
		"receiver_tcp_congestion":	"cubic"
	}
}
