{
	"start":	{
		"connected":	[{
				"socket":	6,
				"local_host":	"192.168.7.1",
				"local_port":	36128,
				"remote_host":	"192.168.50.1",
				"remote_port":	5008
			}],
		"version":	"iperf 3.6",
		"system_info":	"Linux ba-thesis 4.19.0-23-amd64 #1 SMP Debian 4.19.269-1 (2022-12-20) x86_64",
		"timestamp":	{
			"time":	"Sun, 04 Jun 2023 13:34:30 GMT",
			"timesecs":	1685885670
		},
		"connecting_to":	{
			"host":	"h12",
			"port":	5008
		},
		"cookie":	"2ro6z3dou2d452i2o4u3v5q47pqpbr43cuk6",
		"tcp_mss_default":	1448,
		"sock_bufsize":	0,
		"sndbuf_actual":	87380,
		"rcvbuf_actual":	87380,
		"test_start":	{
			"protocol":	"TCP",
			"num_streams":	1,
			"blksize":	131072,
			"omit":	0,
			"duration":	0,
			"bytes":	146790037,
			"blocks":	0,
			"reverse":	0,
			"tos":	0
		}
	},
	"intervals":	[{
			"streams":	[{
					"socket":	6,
					"start":	0,
					"end":	1.0002858638763428,
					"seconds":	1.0002858638763428,
					"bytes":	2148832,
					"bits_per_second":	17185743.216826208,
					"retransmits":	0,
					"snd_cwnd":	183896,
					"rtt":	144607,
					"rttvar":	1833,
					"pmtu":	1500,
					"omitted":	false
				}],
			"sum":	{
				"start":	0,
				"end":	1.0002858638763428,
				"seconds":	1.0002858638763428,
				"bytes":	2148832,
				"bits_per_second":	17185743.216826208,
				"retransmits":	0,
				"omitted":	false
			}
		}, {
			"streams":	[{
					"socket":	6,
					"start":	1.0002858638763428,
					"end":	2.0003979206085205,
					"seconds":	1.0001120567321777,
					"bytes":	1303200,
					"bits_per_second":	10424431.872229589,
					"retransmits":	0,
					"snd_cwnd":	236024,
					"rtt":	231450,
					"rttvar":	1899,
					"pmtu":	1500,
					"omitted":	false
				}],
			"sum":	{
				"start":	1.0002858638763428,
				"end":	2.0003979206085205,
				"seconds":	1.0001120567321777,
				"bytes":	1303200,
				"bits_per_second":	10424431.872229589,
				"retransmits":	0,
				"omitted":	false
			}
		}, {
			"streams":	[{
					"socket":	6,
					"start":	2.0003979206085205,
					"end":	3.000377893447876,
					"seconds":	0.99997997283935547,
					"bytes":	1107720,
					"bits_per_second":	8861937.4794455227,
					"retransmits":	0,
					"snd_cwnd":	282360,
					"rtt":	306754,
					"rttvar":	1734,
					"pmtu":	1500,
					"omitted":	false
				}],
			"sum":	{
				"start":	2.0003979206085205,
				"end":	3.000377893447876,
				"seconds":	0.99997997283935547,
				"bytes":	1107720,
				"bits_per_second":	8861937.4794455227,
				"retransmits":	0,
				"omitted":	false
			}
		}, {
			"streams":	[{
					"socket":	6,
					"start":	3.000377893447876,
					"end":	4.0002989768981934,
					"seconds":	0.99992108345031738,
					"bytes":	1238040,
					"bits_per_second":	9905101.6764485613,
					"retransmits":	0,
					"snd_cwnd":	322904,
					"rtt":	376056,
					"rttvar":	1647,
					"pmtu":	1500,
					"omitted":	false
				}],
			"sum":	{
				"start":	3.000377893447876,
				"end":	4.0002989768981934,
				"seconds":	0.99992108345031738,
				"bytes":	1238040,
				"bits_per_second":	9905101.6764485613,
				"retransmits":	0,
				"omitted":	false
			}
		}, {
			"streams":	[{
					"socket":	6,
					"start":	4.0002989768981934,
					"end":	5.0005559921264648,
					"seconds":	1.0002570152282715,
					"bytes":	716760,
					"bits_per_second":	5732606.6327976808,
					"retransmits":	0,
					"snd_cwnd":	363448,
					"rtt":	441633,
					"rttvar":	1884,
					"pmtu":	1500,
					"omitted":	false
				}],
			"sum":	{
				"start":	4.0002989768981934,
				"end":	5.0005559921264648,
				"seconds":	1.0002570152282715,
				"bytes":	716760,
				"bits_per_second":	5732606.6327976808,
				"retransmits":	0,
				"omitted":	false
			}
		}, {
			"streams":	[{
					"socket":	6,
					"start":	5.0005559921264648,
					"end":	6.0007619857788086,
					"seconds":	1.0002059936523438,
					"bytes":	781920,
					"bits_per_second":	6254071.7009283062,
					"retransmits":	0,
					"snd_cwnd":	399648,
					"rtt":	504482,
					"rttvar":	2094,
					"pmtu":	1500,
					"omitted":	false
				}],
			"sum":	{
				"start":	5.0005559921264648,
				"end":	6.0007619857788086,
				"seconds":	1.0002059936523438,
				"bytes":	781920,
				"bits_per_second":	6254071.7009283062,
				"retransmits":	0,
				"omitted":	false
			}
		}, {
			"streams":	[{
					"socket":	6,
					"start":	6.0007619857788086,
					"end":	7.0009360313415527,
					"seconds":	1.0001740455627441,
					"bytes":	847080,
					"bits_per_second":	6775460.76111898,
					"retransmits":	0,
					"snd_cwnd":	437296,
					"rtt":	566729,
					"rttvar":	1851,
					"pmtu":	1500,
					"omitted":	false
				}],
			"sum":	{
				"start":	6.0007619857788086,
				"end":	7.0009360313415527,
				"seconds":	1.0001740455627441,
				"bytes":	847080,
				"bits_per_second":	6775460.76111898,
				"retransmits":	0,
				"omitted":	false
			}
		}, {
			"streams":	[{
					"socket":	6,
					"start":	7.0009360313415527,
					"end":	8.0009090900421143,
					"seconds":	0.99997305870056152,
					"bytes":	912240,
					"bits_per_second":	7298116.6207452165,
					"retransmits":	0,
					"snd_cwnd":	472048,
					"rtt":	636852,
					"rttvar":	2168,
					"pmtu":	1500,
					"omitted":	false
				}],
			"sum":	{
				"start":	7.0009360313415527,
				"end":	8.0009090900421143,
				"seconds":	0.99997305870056152,
				"bytes":	912240,
				"bits_per_second":	7298116.6207452165,
				"retransmits":	0,
				"omitted":	false
			}
		}, {
			"streams":	[{
					"socket":	6,
					"start":	8.0009090900421143,
					"end":	9.0008108615875244,
					"seconds":	0.99990177154541016,
					"bytes":	977400,
					"bits_per_second":	7819968.1433856664,
					"retransmits":	0,
					"snd_cwnd":	506800,
					"rtt":	685030,
					"rttvar":	1888,
					"pmtu":	1500,
					"omitted":	false
				}],
			"sum":	{
				"start":	8.0009090900421143,
				"end":	9.0008108615875244,
				"seconds":	0.99990177154541016,
				"bytes":	977400,
				"bits_per_second":	7819968.1433856664,
				"retransmits":	0,
				"omitted":	false
			}
		}, {
			"streams":	[{
					"socket":	6,
					"start":	9.0008108615875244,
					"end":	10.001272916793823,
					"seconds":	1.0004620552062988,
					"bytes":	1042560,
					"bits_per_second":	8336628.0176214809,
					"retransmits":	0,
					"snd_cwnd":	587888,
					"rtt":	746088,
					"rttvar":	1906,
					"pmtu":	1500,
					"omitted":	false
				}],
			"sum":	{
				"start":	9.0008108615875244,
				"end":	10.001272916793823,
				"seconds":	1.0004620552062988,
				"bytes":	1042560,
				"bits_per_second":	8336628.0176214809,
				"retransmits":	0,
				"omitted":	false
			}
		}, {
			"streams":	[{
					"socket":	6,
					"start":	10.001272916793823,
					"end":	11.000686883926392,
					"seconds":	0.99941396713256836,
					"bytes":	1238040,
					"bits_per_second":	9910127.6605295129,
					"retransmits":	0,
					"snd_cwnd":	742824,
					"rtt":	753554,
					"rttvar":	2277,
					"pmtu":	1500,
					"omitted":	false
				}],
			"sum":	{
				"start":	10.001272916793823,
				"end":	11.000686883926392,
				"seconds":	0.99941396713256836,
				"bytes":	1238040,
				"bits_per_second":	9910127.6605295129,
				"retransmits":	0,
				"omitted":	false
			}
		}, {
			"streams":	[{
					"socket":	6,
					"start":	11.000686883926392,
					"end":	12.000079870223999,
					"seconds":	0.99939298629760742,
					"bytes":	2621440,
					"bits_per_second":	20984257.731977846,
					"retransmits":	0,
					"snd_cwnd":	938304,
					"rtt":	766298,
					"rttvar":	337,
					"pmtu":	1500,
					"omitted":	false
				}],
			"sum":	{
				"start":	11.000686883926392,
				"end":	12.000079870223999,
				"seconds":	0.99939298629760742,
				"bytes":	2621440,
				"bits_per_second":	20984257.731977846,
				"retransmits":	0,
				"omitted":	false
			}
		}, {
			"streams":	[{
					"socket":	6,
					"start":	12.000079870223999,
					"end":	13.000367879867554,
					"seconds":	1.0002880096435547,
					"bytes":	1310720,
					"bits_per_second":	10482740.869538687,
					"retransmits":	0,
					"snd_cwnd":	1167088,
					"rtt":	782881,
					"rttvar":	271,
					"pmtu":	1500,
					"omitted":	false
				}],