{
	"start":	{
		"connected":	[{
				"socket":	6,
				"local_host":	"192.168.15.1",
				"local_port":	37798,
				"remote_host":	"192.168.15.2",
				"remote_port":	5004
			}],
		"version":	"iperf 3.6",
		"system_info":	"Linux ba-thesis 4.19.0-23-amd64 #1 SMP Debian 4.19.269-1 (2022-12-20) x86_64",
		"timestamp":	{
			"time":	"Thu, 01 Jun 2023 08:48:59 GMT",
			"timesecs":	1685609339
		},
		"connecting_to":	{
			"host":	"h7",
			"port":	5004
		},
		"cookie":	"mthgmcsdlekkfl4xwdmc76nlsu6zef4cfjec",
		"tcp_mss_default":	1448,
		"sock_bufsize":	0,
		"sndbuf_actual":	87380,
		"rcvbuf_actual":	87380,
		"test_start":	{
			"protocol":	"TCP",
			"num_streams":	1,
			"blksize":	131072,
			"omit":	0,
			"duration":	0,
			"bytes":	355232768,
			"blocks":	0,
			"reverse":	0,
			"tos":	0
		}
	},
	"intervals":	[{
			"streams":	[{
					"socket":	6,
					"start":	0,
					"end":	1.0000450611114502,
					"seconds":	1.0000450611114502,
					"bytes":	15284480,
					"bits_per_second":	122270330.36301646,
					"retransmits":	0,
					"snd_cwnd":	797848,
					"rtt":	62896,
					"rttvar":	580,
					"pmtu":	1500,
					"omitted":	false
				}],
			"sum":	{
				"start":	0,
				"end":	1.0000450611114502,
				"seconds":	1.0000450611114502,
				"bytes":	15284480,
				"bits_per_second":	122270330.36301646,
				"retransmits":	0,
				"omitted":	false
			}
		}, {
			"streams":	[{
					"socket":	6,
					"start":	1.0000450611114502,
					"end":	2.0000729560852051,
					"seconds":	1.0000278949737549,
					"bytes":	14417920,
					"bits_per_second":	115340142.58974957,
					"retransmits":	0,
					"snd_cwnd":	1395872,
					"rtt":	110408,
					"rttvar":	422,
					"pmtu":	1500,
					"omitted":	false
				}],
			"sum":	{
				"start":	1.0000450611114502,
				"end":	2.0000729560852051,
				"seconds":	1.0000278949737549,
				"bytes":	14417920,
				"bits_per_second":	115340142.58974957,
				"retransmits":	0,
				"omitted":	false
			}
		}, {
			"streams":	[{
					"socket":	6,
					"start":	2.0000729560852051,
					"end":	3.0000660419464111,
					"seconds":	0.999993085861206,
					"bytes":	14417920,
					"bits_per_second":	115344157.50551407,
					"retransmits":	0,
					"snd_cwnd":	1993896,
					"rtt":	157946,
					"rttvar":	249,
					"pmtu":	1500,
					"omitted":	false
				}],
			"sum":	{
				"start":	2.0000729560852051,
				"end":	3.0000660419464111,
				"seconds":	0.999993085861206,
				"bytes":	14417920,
				"bits_per_second":	115344157.50551407,
				"retransmits":	0,
				"omitted":	false
			}
		}, {
			"streams":	[{
					"socket":	6,
					"start":	3.0000660419464111,
					"end":	4.00007700920105,
					"seconds":	1.0000109672546387,
					"bytes":	14417920,
					"bits_per_second":	115342095.01387343,
					"retransmits":	0,
					"snd_cwnd":	2590472,
					"rtt":	205691,
					"rttvar":	502,
					"pmtu":	1500,
					"omitted":	false
				}],
			"sum":	{
				"start":	3.0000660419464111,
				"end":	4.00007700920105,
				"seconds":	1.0000109672546387,
				"bytes":	14417920,
				"bits_per_second":	115342095.01387343,
				"retransmits":	0,
				"omitted":	false
			}
		}, {
			"streams":	[{
					"socket":	6,
					"start":	4.00007700920105,
					"end":	5.000093936920166,
					"seconds":	1.0000169277191162,
					"bytes":	11796480,
					"bits_per_second":	94370242.527041569,
					"retransmits":	0,
					"snd_cwnd":	3188496,
					"rtt":	253185,
					"rttvar":	556,
					"pmtu":	1500,
					"omitted":	false
				}],
			"sum":	{
				"start":	4.00007700920105,
				"end":	5.000093936920166,
				"seconds":	1.0000169277191162,
				"bytes":	11796480,
				"bits_per_second":	94370242.527041569,
				"retransmits":	0,
				"omitted":	false
			}
		}, {
			"streams":	[{
					"socket":	6,
					"start":	5.000093936920166,
					"end":	6.0001199245452881,
					"seconds":	1.0000259876251221,
					"bytes":	11796480,
					"bits_per_second":	94369387.563733,
					"retransmits":	0,
					"snd_cwnd":	3786520,
					"rtt":	300971,
					"rttvar":	698,
					"pmtu":	1500,
					"omitted":	false
				}],
			"sum":	{
				"start":	5.000093936920166,
				"end":	6.0001199245452881,
				"seconds":	1.0000259876251221,
				"bytes":	11796480,
				"bits_per_second":	94369387.563733,
				"retransmits":	0,
				"omitted":	false
			}
		}, {
			"streams":	[{
					"socket":	6,
					"start":	6.0001199245452881,
					"end":	7.0001139640808105,
					"seconds":	0.99999403953552246,
					"bytes":	11796480,
					"bits_per_second":	94372402.503352776,
					"retransmits":	0,
					"snd_cwnd":	4378752,
					"rtt":	353169,
					"rttvar":	658,
					"pmtu":	1500,
					"omitted":	false
				}],
			"sum":	{
				"start":	6.0001199245452881,
				"end":	7.0001139640808105,
				"seconds":	0.99999403953552246,
				"bytes":	11796480,
				"bits_per_second":	94372402.503352776,
				"retransmits":	0,
				"omitted":	false
			}
		}, {
			"streams":	[{
					"socket":	6,
					"start":	7.0001139640808105,
					"end":	8.0001509189605713,
					"seconds":	1.0000369548797607,
					"bytes":	11796480,
					"bits_per_second":	94368352.628875375,
					"retransmits":	0,
					"snd_cwnd":	4973880,
					"rtt":	400410,
					"rttvar":	321,
					"pmtu":	1500,
					"omitted":	false
				}],
			"sum":	{
				"start":	7.0001139640808105,
				"end":	8.0001509189605713,
				"seconds":	1.0000369548797607,
				"bytes":	11796480,
				"bits_per_second":	94368352.628875375,
				"retransmits":	0,
				"omitted":	false
			}
		}, {
			"streams":	[{
					"socket":	6,
					"start":	8.0001509189605713,
					"end":	9.0001919269561768,
					"seconds":	1.0000410079956055,
					"bytes":	11796480,
					"bits_per_second":	94367970.158694431,
					"retransmits":	0,
					"snd_cwnd":	5571904,
					"rtt":	443235,
					"rttvar":	462,
					"pmtu":	1500,
					"omitted":	false
				}],
			"sum":	{
				"start":	8.0001509189605713,
				"end":	9.0001919269561768,
				"seconds":	1.0000410079956055,
				"bytes":	11796480,
				"bits_per_second":	94367970.158694431,
				"retransmits":	0,
				"omitted":	false
			}
		}, {
			"streams":	[{
					"socket":	6,
					"start":	9.0001919269561768,
					"end":	10.000064134597778,
					"seconds":	0.99987220764160156,
					"bytes":	13107200,
					"bits_per_second":	104871001.71263647,
					"retransmits":	0,
					"snd_cwnd":	6168480,
					"rtt":	489814,
					"rttvar":	361,
					"pmtu":	1500,
					"omitted":	false
				}],
			"sum":	{
				"start":	9.0001919269561768,
				"end":	10.000064134597778,
				"seconds":	0.99987220764160156,
				"bytes":	13107200,
				"bits_per_second":	104871001.71263647,
				"retransmits":	0,
				"omitted":	false
			}
		}, {
			"streams":	[{
					"socket":	6,
					"start":	10.000064134597778,
					"end":	11.000077962875366,
					"seconds":	1.0000138282775879,
					"bytes":	11796480,
					"bits_per_second":	94370535.018045649,
					"retransmits":	0,
					"snd_cwnd":	6766504,
					"rtt":	538406,
					"rttvar":	495,
					"pmtu":	1500,
					"omitted":	false
				}],
			"sum":	{
				"start":	10.000064134597778,
				"end":	11.000077962875366,
				"seconds":	1.0000138282775879,
				"bytes":	11796480,
				"bits_per_second":	94370535.018045649,
				"retransmits":	0,
				"omitted":	false
			}
		}, {
			"streams":	[{
					"socket":	6,
					"start":	11.000077962875366,
					"end":	12.000059127807617,
					"seconds":	0.999981164932251,
					"bytes":	11796480,
					"bits_per_second":	94373617.533479959,
					"retransmits":	0,
					"snd_cwnd":	7364528,
					"rtt":	585756,
					"rttvar":	527,
					"pmtu":	1500,
					"omitted":	false
				}],
			"sum":	{
				"start":	11.000077962875366,
				"end":	12.000059127807617,
				"seconds":	0.999981164932251,
				"bytes":	11796480,
				"bits_per_second":	94373617.533479959,
				"retransmits":	0,
				"omitted":	false
			}
		}, {
			"streams":	[{
					"socket":	6,
					"start":	12.000059127807617,
					"end":	13.000066995620728,
					"seconds":	1.0000078678131104,
					"bytes":	11796480,
					"bits_per_second":	94371097.5058418,
					"retransmits":	0,
					"snd_cwnd":	7961104,
					"rtt":	633683,
					"rttvar":	608,
					"pmtu":	1500,
					"omitted":	false
				}],