{
	"start":	{
		"connected":	[{
				"socket":	6,
				"local_host":	"192.168.9.1",
				"local_port":	43264,
				"remote_host":	"192.168.25.1",
				"remote_port":	5008
			}],
		"version":	"iperf 3.6",
		"system_info":	"Linux ba-thesis 4.19.0-23-amd64 #1 SMP Debian 4.19.269-1 (2022-12-20) x86_64",
		"timestamp":	{
			"time":	"Mon, 12 Jun 2023 01:13:37 GMT",
			"timesecs":	1686532417
		},
		"connecting_to":	{
			"host":	"h5",
			"port":	5008
		},
		"cookie":	"3qn76fatjj2eeqonkkvz53um2nnnqj7qiek5",
		"tcp_mss_default":	1448,
		"sock_bufsize":	0,
		"sndbuf_actual":	87380,
		"rcvbuf_actual":	87380,
		"test_start":	{
			"protocol":	"TCP",
			"num_streams":	1,
			"blksize":	131072,
			"omit":	0,
			"duration":	0,
			"bytes":	147246290,
			"blocks":	0,
			"reverse":	0,
			"tos":	0
		}
	},
	"intervals":	[{
			"streams":	[{
					"socket":	6,
					"start":	0,
					"end":	1.0002071857452393,
					"seconds":	1.0002071857452393,
					"bytes":	362000,
					"bits_per_second":	2895400.1143695386,
					"retransmits":	0,
					"snd_cwnd":	57920,
					"rtt":	279367,
					"rttvar":	25697,
					"pmtu":	1500,
					"omitted":	false
				}],
			"sum":	{
				"start":	0,
				"end":	1.0002071857452393,
				"seconds":	1.0002071857452393,
				"bytes":	362000,
				"bits_per_second":	2895400.1143695386,
				"retransmits":	0,
				"omitted":	false
			}
		}, {
			"streams":	[{
					"socket":	6,
					"start":	1.0002071857452393,
					"end":	2.0002880096435547,
					"seconds":	1.0000808238983154,
					"bytes":	173760,
					"bits_per_second":	1389967.6573953968,
					"retransmits":	0,
					"snd_cwnd":	73848,
					"rtt":	328122,
					"rttvar":	1750,
					"pmtu":	1500,
					"omitted":	false
				}],
			"sum":	{
				"start":	1.0002071857452393,
				"end":	2.0002880096435547,
				"seconds":	1.0000808238983154,
				"bytes":	173760,
				"bits_per_second":	1389967.6573953968,
				"retransmits":	0,
				"omitted":	false
			}
		}, {
			"streams":	[{
					"socket":	6,
					"start":	2.0002880096435547,
					"end":	3.0001311302185059,
					"seconds":	0.99984312057495117,
					"bytes":	390960,
					"bits_per_second":	3128170.7456280286,
					"retransmits":	0,
					"snd_cwnd":	86880,
					"rtt":	380603,
					"rttvar":	1917,
					"pmtu":	1500,
					"omitted":	false
				}],
			"sum":	{
				"start":	2.0002880096435547,
				"end":	3.0001311302185059,
				"seconds":	0.99984312057495117,
				"bytes":	390960,
				"bits_per_second":	3128170.7456280286,
				"retransmits":	0,
				"omitted":	false
			}
		}, {
			"streams":	[{
					"socket":	6,
					"start":	3.0001311302185059,
					"end":	4.0000710487365723,
					"seconds":	0.99993991851806641,
					"bytes":	2736720,
					"bits_per_second":	21895075.488582402,
					"retransmits":	0,
					"snd_cwnd":	199824,
					"rtt":	21903,
					"rttvar":	1558,
					"pmtu":	1500,
					"omitted":	false
				}],
			"sum":	{
				"start":	3.0001311302185059,
				"end":	4.0000710487365723,
				"seconds":	0.99993991851806641,
				"bytes":	2736720,
				"bits_per_second":	21895075.488582402,
				"retransmits":	0,
				"omitted":	false
			}
		}, {
			"streams":	[{
					"socket":	6,
					"start":	4.0000710487365723,
					"end":	5.000108003616333,
					"seconds":	1.0000369548797607,
					"bytes":	5603760,
					"bits_per_second":	44828423.371004462,
					"retransmits":	0,
					"snd_cwnd":	435848,
					"rtt":	88347,
					"rttvar":	745,
					"pmtu":	1500,
					"omitted":	false
				}],
			"sum":	{
				"start":	4.0000710487365723,
				"end":	5.000108003616333,
				"seconds":	1.0000369548797607,
				"bytes":	5603760,
				"bits_per_second":	44828423.371004462,
				"retransmits":	0,
				"omitted":	false
			}
		}, {
			"streams":	[{
					"socket":	6,
					"start":	5.000108003616333,
					"end":	6.0001451969146729,
					"seconds":	1.0000371932983398,
					"bytes":	5343120,
					"bits_per_second":	42743370.233078867,
					"retransmits":	0,
					"snd_cwnd":	667528,
					"rtt":	136528,
					"rttvar":	832,
					"pmtu":	1500,
					"omitted":	false
				}],
			"sum":	{
				"start":	5.000108003616333,
				"end":	6.0001451969146729,
				"seconds":	1.0000371932983398,
				"bytes":	5343120,
				"bits_per_second":	42743370.233078867,
				"retransmits":	0,
				"omitted":	false
			}
		}, {
			"streams":	[{
					"socket":	6,
					"start":	6.0001451969146729,
					"end":	7.0000641345977783,
					"seconds":	0.99991893768310547,
					"bytes":	6553600,
					"bits_per_second":	52433050.344542779,
					"retransmits":	0,
					"snd_cwnd":	900656,
					"rtt":	183731,
					"rttvar":	647,
					"pmtu":	1500,
					"omitted":	false
				}],
			"sum":	{
				"start":	6.0001451969146729,
				"end":	7.0000641345977783,
				"seconds":	0.99991893768310547,
				"bytes":	6553600,
				"bits_per_second":	52433050.344542779,
				"retransmits":	0,
				"omitted":	false
			}
		}, {
			"streams":	[{
					"socket":	6,
					"start":	7.0000641345977783,
					"end":	8.0001020431518555,
					"seconds":	1.0000379085540771,
					"bytes":	5242880,
					"bits_per_second":	41941450.060272314,
					"retransmits":	0,
					"snd_cwnd":	1129440,
					"rtt":	230392,
					"rttvar":	539,
					"pmtu":	1500,
					"omitted":	false
				}],
			"sum":	{
				"start":	7.0000641345977783,
				"end":	8.0001020431518555,
				"seconds":	1.0000379085540771,
				"bytes":	5242880,
				"bits_per_second":	41941450.060272314,
				"retransmits":	0,
				"omitted":	false
			}
		}, {
			"streams":	[{
					"socket":	6,
					"start":	8.0001020431518555,
					"end":	9.0000720024108887,
					"seconds":	0.9999699592590332,
					"bytes":	5242880,
					"bits_per_second":	41944300.037852474,
					"retransmits":	0,
					"snd_cwnd":	1365464,
					"rtt":	278753,
					"rttvar":	747,
					"pmtu":	1500,
					"omitted":	false
				}],
			"sum":	{
				"start":	8.0001020431518555,
				"end":	9.0000720024108887,
				"seconds":	0.9999699592590332,
				"bytes":	5242880,
				"bits_per_second":	41944300.037852474,
				"retransmits":	0,
				"omitted":	false
			}
		}, {
			"streams":	[{
					"socket":	6,
					"start":	9.0000720024108887,
					"end":	10.0001220703125,
					"seconds":	1.0000500679016113,
					"bytes":	5242880,
					"bits_per_second":	41940940.105137326,
					"retransmits":	0,
					"snd_cwnd":	1594248,
					"rtt":	326170,
					"rttvar":	271,
					"pmtu":	1500,
					"omitted":	false
				}],
			"sum":	{
				"start":	9.0000720024108887,
				"end":	10.0001220703125,
				"seconds":	1.0000500679016113,
				"bytes":	5242880,
				"bits_per_second":	41940940.105137326,
				"retransmits":	0,
				"omitted":	false
			}
		}, {
			"streams":	[{
					"socket":	6,
					"start":	10.0001220703125,
					"end":	11.000225067138672,
					"seconds":	1.0001029968261719,
					"bytes":	5242880,
					"bits_per_second":	41938720.444900468,
					"retransmits":	0,
					"snd_cwnd":	1830272,
					"rtt":	373845,
					"rttvar":	740,
					"pmtu":	1500,
					"omitted":	false
				}],
			"sum":	{
				"start":	10.0001220703125,
				"end":	11.000225067138672,
				"seconds":	1.0001029968261719,
				"bytes":	5242880,
				"bits_per_second":	41938720.444900468,
				"retransmits":	0,
				"omitted":	false
			}
		}, {
			"streams":	[{
					"socket":	6,
					"start":	11.000225067138672,
					"end":	12.00003719329834,
					"seconds":	0.999812126159668,
					"bytes":	6553600,
					"bits_per_second":	52438651.850905061,
					"retransmits":	0,
					"snd_cwnd":	2063400,
					"rtt":	421737,
					"rttvar":	516,
					"pmtu":	1500,
					"omitted":	false
				}],
			"sum":	{
				"start":	11.000225067138672,
				"end":	12.00003719329834,
				"seconds":	0.999812126159668,
				"bytes":	6553600,
				"bits_per_second":	52438651.850905061,
				"retransmits":	0,
				"omitted":	false
			}
		}, {
			"streams":	[{
					"socket":	6,
					"start":	12.00003719329834,
					"end":	13.000097990036011,
					"seconds":	1.0000607967376709,
					"bytes":	5242880,
					"bits_per_second":	41940490.155022256,
					"retransmits":	0,
					"snd_cwnd":	2300872,
					"rtt":	468911,
					"rttvar":	250,
					"pmtu":	1500,
					"omitted":	false
				}],