{
	"start":	{
		"connected":	[{
				"socket":	6,
				"local_host":	"192.168.28.2",
				"local_port":	59936,
				"remote_host":	"192.168.28.1",
				"remote_port":	5009
			}],
		"version":	"iperf 3.6",
		"system_info":	"Linux ba-thesis 4.19.0-23-amd64 #1 SMP Debian 4.19.269-1 (2022-12-20) x86_64",
		"timestamp":	{
			"time":	"Mon, 05 Jun 2023 20:26:12 GMT",
			"timesecs":	1685996772
		},
		"connecting_to":	{
			"host":	"h19",
			"port":	5009
		},
		"cookie":	"ggq46usrnmzpaawcwrx2ormo5dzpbpz4zcgj",
		"tcp_mss_default":	1448,
		"sock_bufsize":	0,
		"sndbuf_actual":	87380,
		"rcvbuf_actual":	87380,
		"test_start":	{
			"protocol":	"TCP",
			"num_streams":	1,
			"blksize":	131072,
			"omit":	0,
			"duration":	0,
			"bytes":	86302969,
			"blocks":	0,
			"reverse":	0,
			"tos":	0
		}
	},
	"intervals":	[{
			"streams":	[{
					"socket":	6,
					"start":	0,
					"end":	1.0000829696655273,
					"seconds":	1.0000829696655273,
					"bytes":	15284480,
					"bits_per_second":	122265695.65612595,
					"retransmits":	0,
					"snd_cwnd":	797848,
					"rtt":	62850,
					"rttvar":	572,
					"pmtu":	1500,
					"omitted":	false
				}],
			"sum":	{
				"start":	0,
				"end":	1.0000829696655273,
				"seconds":	1.0000829696655273,
				"bytes":	15284480,
				"bits_per_second":	122265695.65612595,
				"retransmits":	0,
				"omitted":	false
			}
		}, {
			"streams":	[{
					"socket":	6,
					"start":	1.0000829696655273,
					"end":	2.0000779628753662,
					"seconds":	0.99999499320983887,
					"bytes":	14417920,
					"bits_per_second":	115343937.50289144,
					"retransmits":	0,
					"snd_cwnd":	1395872,
					"rtt":	110607,
					"rttvar":	404,
					"pmtu":	1500,
					"omitted":	false
				}],
			"sum":	{
				"start":	1.0000829696655273,
				"end":	2.0000779628753662,
				"seconds":	0.99999499320983887,
				"bytes":	14417920,
				"bits_per_second":	115343937.50289144,
				"retransmits":	0,
				"omitted":	false
			}
		}, {
			"streams":	[{
					"socket":	6,
					"start":	2.0000779628753662,
					"end":	3.0001020431518555,
					"seconds":	1.0000240802764893,
					"bytes":	14417920,
					"bits_per_second":	115340582.56688136,
					"retransmits":	0,
					"snd_cwnd":	1993896,
					"rtt":	157947,
					"rttvar":	265,
					"pmtu":	1500,
					"omitted":	false
				}],
			"sum":	{
				"start":	2.0000779628753662,
				"end":	3.0001020431518555,
				"seconds":	1.0000240802764893,
				"bytes":	14417920,
				"bits_per_second":	115340582.56688136,
				"retransmits":	0,
				"omitted":	false
			}
		}, {
			"streams":	[{
					"socket":	6,
					"start":	3.0001020431518555,
					"end":	4.0000808238983154,
					"seconds":	0.99997878074646,
					"bytes":	14417920,
					"bits_per_second":	115345807.55193523,
					"retransmits":	0,
					"snd_cwnd":	2591920,
					"rtt":	206172,
					"rttvar":	391,
					"pmtu":	1500,
					"omitted":	false
				}],
			"sum":	{
				"start":	3.0001020431518555,
				"end":	4.0000808238983154,
				"seconds":	0.99997878074646,
				"bytes":	14417920,
				"bits_per_second":	115345807.55193523,
				"retransmits":	0,
				"omitted":	false
			}
		}, {
			"streams":	[{
					"socket":	6,
					"start":	4.0000808238983154,
					"end":	5.0001230239868164,
					"seconds":	1.000042200088501,
					"bytes":	11796480,
					"bits_per_second":	94367857.66805476,
					"retransmits":	0,
					"snd_cwnd":	3188496,
					"rtt":	253210,
					"rttvar":	383,
					"pmtu":	1500,
					"omitted":	false
				}],
			"sum":	{
				"start":	4.0000808238983154,
				"end":	5.0001230239868164,
				"seconds":	1.000042200088501,
				"bytes":	11796480,
				"bits_per_second":	94367857.66805476,
				"retransmits":	0,
				"omitted":	false
			}
		}, {
			"streams":	[{
					"socket":	6,
					"start":	5.0001230239868164,
					"end":	6.0001258850097656,
					"seconds":	1.0000028610229492,
					"bytes":	11796480,
					"bits_per_second":	94371570.000772476,
					"retransmits":	0,
					"snd_cwnd":	3786520,
					"rtt":	301017,
					"rttvar":	668,
					"pmtu":	1500,
					"omitted":	false
				}],
			"sum":	{
				"start":	5.0001230239868164,
				"end":	6.0001258850097656,
				"seconds":	1.0000028610229492,
				"bytes":	11796480,
				"bits_per_second":	94371570.000772476,
				"retransmits":	0,
				"omitted":	false
			}
		}, {
			"streams":	[{
					"socket":	6,
					"start":	6.0001258850097656,
					"end":	6.3495948314666748,
					"seconds":	0.34946894645690918,
					"bytes":	5242880,
					"bits_per_second":	120019362.02125968,
					"retransmits":	0,
					"snd_cwnd":	3993584,
					"rtt":	319390,
					"rttvar":	319,
					"pmtu":	1500,
					"omitted":	false
				}],
			"sum":	{
				"start":	6.0001258850097656,
				"end":	6.3495948314666748,
				"seconds":	0.34946894645690918,
				"bytes":	5242880,
				"bits_per_second":	120019362.02125968,
				"retransmits":	0,
				"omitted":	false
			}
		}],
	"end":	{
		"streams":	[{
				"sender":	{
					"socket":	6,
					"start":	0,
					"end":	6.3495948314666748,
					"seconds":	6.3495948314666748,
					"bytes":	87374080,
					"bits_per_second":	110084605.16819176,
					"retransmits":	0,
					"max_snd_cwnd":	3993584,
					"max_rtt":	319390,
					"min_rtt":	62850,
					"mean_rtt":	201599
				},
				"receiver":	{
					"socket":	6,
					"start":	0,
					"end":	6.7176740169525146,
					"seconds":	6.3495948314666748,
					"bytes":	79393840,
					"bits_per_second":	94549202.357416168
				}
			}],
		"sum_sent":	{
			"start":	0,
			"end":	6.3495948314666748,
			"seconds":	6.3495948314666748,
			"bytes":	87374080,
			"bits_per_second":	110084605.16819176,
			"retransmits":	0
		},
		"sum_received":	{
			"start":	0,
			"end":	6.7176740169525146,
			"seconds":	6.7176740169525146,
			"bytes":	79393840,
			"bits_per_second":	94549202.357416168
		},
		"cpu_utilization_percent":	{
			"host_total":	0.90864025691468642,
			"host_user":	0.11143220643950943,
			"host_system":	0.797208050475177,
			"remote_total":	0.05791388603465944,
			"remote_user":	0.00332717122112981,
			"remote_system":	0.05458742788065804
		},
		"sender_tcp_congestion":	"cubic",
		"receiver_tcp_congestion":	"cubic"
	}
}
