{
	"start":	{
		"connected":	[{
				"socket":	6,
				"local_host":	"192.168.10.1",
				"local_port":	35436,
				"remote_host":	"192.168.10.2",
				"remote_port":	5002
			}],
		"version":	"iperf 3.6",
		"system_info":	"Linux ba-thesis 4.19.0-23-amd64 #1 SMP Debian 4.19.269-1 (2022-12-20) x86_64",
		"timestamp":	{
			"time":	"Mon, 05 Jun 2023 13:10:07 GMT",
			"timesecs":	1685970607
		},
		"connecting_to":	{
			"host":	"h16",
			"port":	5002
		},
		"cookie":	"y6syf3ucv3m56rzfe42ekvum5lqgl247gavw",
		"tcp_mss_default":	1448,
		"sock_bufsize":	0,
		"sndbuf_actual":	87380,
		"rcvbuf_actual":	87380,
		"test_start":	{
			"protocol":	"TCP",
			"num_streams":	1,
			"blksize":	131072,
			"omit":	0,
			"duration":	0,
			"bytes":	57613802,
			"blocks":	0,
			"reverse":	0,
			"tos":	0
		}
	},
	"intervals":	[{
			"streams":	[{
					"socket":	6,
					"start":	0,
					"end":	1.0001170635223389,
					"seconds":	1.0001170635223389,
					"bytes":	14597848,
					"bits_per_second":	116769114.59614499,
					"retransmits":	0,
					"snd_cwnd":	780472,
					"rtt":	61267,
					"rttvar":	497,
					"pmtu":	1500,
					"omitted":	false
				}],
			"sum":	{
				"start":	0,
				"end":	1.0001170635223389,
				"seconds":	1.0001170635223389,
				"bytes":	14597848,
				"bits_per_second":	116769114.59614499,
				"retransmits":	0,
				"omitted":	false
			}
		}, {
			"streams":	[{
					"socket":	6,
					"start":	1.0001170635223389,
					"end":	2.0000631809234619,
					"seconds":	0.999946117401123,
					"bytes":	14417920,
					"bits_per_second":	115349575.3348984,
					"retransmits":	0,
					"snd_cwnd":	1377048,
					"rtt":	108997,
					"rttvar":	362,
					"pmtu":	1500,
					"omitted":	false
				}],
			"sum":	{
				"start":	1.0001170635223389,
				"end":	2.0000631809234619,
				"seconds":	0.999946117401123,
				"bytes":	14417920,
				"bits_per_second":	115349575.3348984,
				"retransmits":	0,
				"omitted":	false
			}
		}, {
			"streams":	[{
					"socket":	6,
					"start":	2.0000631809234619,
					"end":	3.0000791549682617,
					"seconds":	1.0000159740447998,
					"bytes":	14417920,
					"bits_per_second":	115341517.5294317,
					"retransmits":	0,
					"snd_cwnd":	1975072,
					"rtt":	156732,
					"rttvar":	486,
					"pmtu":	1500,
					"omitted":	false
				}],
			"sum":	{
				"start":	2.0000631809234619,
				"end":	3.0000791549682617,
				"seconds":	1.0000159740447998,
				"bytes":	14417920,
				"bits_per_second":	115341517.5294317,
				"retransmits":	0,
				"omitted":	false
			}
		}, {
			"streams":	[{
					"socket":	6,
					"start":	3.0000791549682617,
					"end":	3.9518721103668213,
					"seconds":	0.95179295539855957,
					"bytes":	14417920,
					"bits_per_second":	121185347.44954108,
					"retransmits":	0,
					"snd_cwnd":	2544136,
					"rtt":	201743,
					"rttvar":	195,
					"pmtu":	1500,
					"omitted":	false
				}],
			"sum":	{
				"start":	3.0000791549682617,
				"end":	3.9518721103668213,
				"seconds":	0.95179295539855957,
				"bytes":	14417920,
				"bits_per_second":	121185347.44954108,
				"retransmits":	0,
				"omitted":	false
			}
		}],
	"end":	{
		"streams":	[{
				"sender":	{
					"socket":	6,
					"start":	0,
					"end":	3.9518721103668213,
					"seconds":	3.9518721103668213,
					"bytes":	57851608,
					"bits_per_second":	117112308.05924049,
					"retransmits":	0,
					"max_snd_cwnd":	2544136,
					"max_rtt":	201743,
					"min_rtt":	61267,
					"mean_rtt":	132184
				},
				"receiver":	{
					"socket":	6,
					"start":	0,
					"end":	4.1953971385955811,
					"seconds":	3.9518721103668213,
					"bytes":	49291368,
					"bits_per_second":	93991326.916908562
				}
			}],
		"sum_sent":	{
			"start":	0,
			"end":	3.9518721103668213,
			"seconds":	3.9518721103668213,
			"bytes":	57851608,
			"bits_per_second":	117112308.05924049,
			"retransmits":	0
		},
		"sum_received":	{
			"start":	0,
			"end":	4.1953971385955811,
			"seconds":	4.1953971385955811,
			"bytes":	49291368,
			"bits_per_second":	93991326.916908562
		},
		"cpu_utilization_percent":	{
			"host_total":	1.2634424110600617,
			"host_user":	0.050351119888937847,
			"host_system":	1.2130912911711238,
			"remote_total":	1.4450305395565444,
			"remote_user":	0.061364692246665173,
			"remote_system":	1.3836194116744296
		},
		"sender_tcp_congestion":	"cubic",
		"receiver_tcp_congestion":	"cubic"
	}
}
