{
	"start":	{
		"connected":	[{
				"socket":	6,
				"local_host":	"192.168.7.1",
				"local_port":	40698,
				"remote_host":	"192.168.7.2",
				"remote_port":	5002
			}],
		"version":	"iperf 3.6",
		"system_info":	"Linux ba-thesis 4.19.0-23-amd64 #1 SMP Debian 4.19.269-1 (2022-12-20) x86_64",
		"timestamp":	{
			"time":	"Mon, 12 Jun 2023 16:13:18 GMT",
			"timesecs":	1686586398
		},
		"connecting_to":	{
			"host":	"h7",
			"port":	5002
		},
		"cookie":	"s6eeczqdu6s4qrrfgj2xvw3vhie2wjkn2n4f",
		"tcp_mss_default":	1448,
		"sock_bufsize":	0,
		"sndbuf_actual":	87380,
		"rcvbuf_actual":	87380,
		"test_start":	{
			"protocol":	"TCP",
			"num_streams":	1,
			"blksize":	131072,
			"omit":	0,
			"duration":	0,
			"bytes":	258392064,
			"blocks":	0,
			"reverse":	0,
			"tos":	0
		}
	},
	"intervals":	[{
			"streams":	[{
					"socket":	6,
					"start":	0,
					"end":	1.0000898838043213,
					"seconds":	1.0000898838043213,
					"bytes":	15284480,
					"bits_per_second":	122264850.37011395,
					"retransmits":	0,
					"snd_cwnd":	797848,
					"rtt":	62884,
					"rttvar":	581,
					"pmtu":	1500,
					"omitted":	false
				}],
			"sum":	{
				"start":	0,
				"end":	1.0000898838043213,
				"seconds":	1.0000898838043213,
				"bytes":	15284480,
				"bits_per_second":	122264850.37011395,
				"retransmits":	0,
				"omitted":	false
			}
		}, {
			"streams":	[{
					"socket":	6,
					"start":	1.0000898838043213,
					"end":	2.0000817775726318,
					"seconds":	0.99999189376831055,
					"bytes":	14417920,
					"bits_per_second":	115344295.00757939,
					"retransmits":	0,
					"snd_cwnd":	1395872,
					"rtt":	110445,
					"rttvar":	482,
					"pmtu":	1500,
					"omitted":	false
				}],
			"sum":	{
				"start":	1.0000898838043213,
				"end":	2.0000817775726318,
				"seconds":	0.99999189376831055,
				"bytes":	14417920,
				"bits_per_second":	115344295.00757939,
				"retransmits":	0,
				"omitted":	false
			}
		}, {
			"streams":	[{
					"socket":	6,
					"start":	2.0000817775726318,
					"end":	3.00008487701416,
					"seconds":	1.0000030994415283,
					"bytes":	14417920,
					"bits_per_second":	115343002.50110805,
					"retransmits":	0,
					"snd_cwnd":	1993896,
					"rtt":	157955,
					"rttvar":	256,
					"pmtu":	1500,
					"omitted":	false
				}],
			"sum":	{
				"start":	2.0000817775726318,
				"end":	3.00008487701416,
				"seconds":	1.0000030994415283,
				"bytes":	14417920,
				"bits_per_second":	115343002.50110805,
				"retransmits":	0,
				"omitted":	false
			}
		}, {
			"streams":	[{
					"socket":	6,
					"start":	3.00008487701416,
					"end":	4.00007700920105,
					"seconds":	0.99999213218688965,
					"bytes":	14417920,
					"bits_per_second":	115344267.5071401,
					"retransmits":	0,
					"snd_cwnd":	2591920,
					"rtt":	205758,
					"rttvar":	400,
					"pmtu":	1500,
					"omitted":	false
				}],
			"sum":	{
				"start":	3.00008487701416,
				"end":	4.00007700920105,
				"seconds":	0.99999213218688965,
				"bytes":	14417920,
				"bits_per_second":	115344267.5071401,
				"retransmits":	0,
				"omitted":	false
			}
		}, {
			"streams":	[{
					"socket":	6,
					"start":	4.00007700920105,
					"end":	5.000108003616333,
					"seconds":	1.0000309944152832,
					"bytes":	11796480,
					"bits_per_second":	94368915.090655848,
					"retransmits":	0,
					"snd_cwnd":	3188496,
					"rtt":	253188,
					"rttvar":	393,
					"pmtu":	1500,
					"omitted":	false
				}],
			"sum":	{
				"start":	4.00007700920105,
				"end":	5.000108003616333,
				"seconds":	1.0000309944152832,
				"bytes":	11796480,
				"bits_per_second":	94368915.090655848,
				"retransmits":	0,
				"omitted":	false
			}
		}, {
			"streams":	[{
					"socket":	6,
					"start":	5.000108003616333,
					"end":	6.0001218318939209,
					"seconds":	1.0000138282775879,
					"bytes":	11796480,
					"bits_per_second":	94370535.018045649,
					"retransmits":	0,
					"snd_cwnd":	3786520,
					"rtt":	301003,
					"rttvar":	667,
					"pmtu":	1500,
					"omitted":	false
				}],
			"sum":	{
				"start":	5.000108003616333,
				"end":	6.0001218318939209,
				"seconds":	1.0000138282775879,
				"bytes":	11796480,
				"bits_per_second":	94370535.018045649,
				"retransmits":	0,
				"omitted":	false
			}
		}, {
			"streams":	[{
					"socket":	6,
					"start":	6.0001218318939209,
					"end":	7.0000579357147217,
					"seconds":	0.99993610382080078,
					"bytes":	11796480,
					"bits_per_second":	94377870.385318577,
					"retransmits":	0,
					"snd_cwnd":	4384544,
					"rtt":	348526,
					"rttvar":	495,
					"pmtu":	1500,
					"omitted":	false
				}],
			"sum":	{
				"start":	6.0001218318939209,
				"end":	7.0000579357147217,
				"seconds":	0.99993610382080078,
				"bytes":	11796480,
				"bits_per_second":	94377870.385318577,
				"retransmits":	0,
				"omitted":	false
			}
		}, {
			"streams":	[{
					"socket":	6,
					"start":	7.0000579357147217,
					"end":	8.0001199245452881,
					"seconds":	1.0000619888305664,
					"bytes":	13107200,
					"bits_per_second":	104851100.40290242,
					"retransmits":	0,
					"snd_cwnd":	4982568,
					"rtt":	396222,
					"rttvar":	636,
					"pmtu":	1500,
					"omitted":	false
				}],
			"sum":	{
				"start":	7.0000579357147217,
				"end":	8.0001199245452881,
				"seconds":	1.0000619888305664,
				"bytes":	13107200,
				"bits_per_second":	104851100.40290242,
				"retransmits":	0,
				"omitted":	false
			}
		}, {
			"streams":	[{
					"socket":	6,
					"start":	8.0001199245452881,
					"end":	9.0001528263092041,
					"seconds":	1.000032901763916,
					"bytes":	11796480,
					"bits_per_second":	94368735.102156609,
					"retransmits":	0,
					"snd_cwnd":	5579144,
					"rtt":	444039,
					"rttvar":	338,
					"pmtu":	1500,
					"omitted":	false
				}],
			"sum":	{
				"start":	8.0001199245452881,
				"end":	9.0001528263092041,
				"seconds":	1.000032901763916,
				"bytes":	11796480,
				"bits_per_second":	94368735.102156609,
				"retransmits":	0,
				"omitted":	false
			}
		}, {
			"streams":	[{
					"socket":	6,
					"start":	9.0001528263092041,
					"end":	10.000122785568237,
					"seconds":	0.9999699592590332,
					"bytes":	11796480,
					"bits_per_second":	94374675.085168064,
					"retransmits":	0,
					"snd_cwnd":	6177168,
					"rtt":	491337,
					"rttvar":	409,
					"pmtu":	1500,
					"omitted":	false
				}],
			"sum":	{
				"start":	9.0001528263092041,
				"end":	10.000122785568237,
				"seconds":	0.9999699592590332,
				"bytes":	11796480,
				"bits_per_second":	94374675.085168064,
				"retransmits":	0,
				"omitted":	false
			}
		}, {
			"streams":	[{
					"socket":	6,
					"start":	10.000122785568237,
					"end":	11.00007700920105,
					"seconds":	0.9999542236328125,
					"bytes":	11796480,
					"bits_per_second":	94376160.197762966,
					"retransmits":	0,
					"snd_cwnd":	6775192,
					"rtt":	538997,
					"rttvar":	676,
					"pmtu":	1500,
					"omitted":	false
				}],
			"sum":	{
				"start":	10.000122785568237,
				"end":	11.00007700920105,
				"seconds":	0.9999542236328125,
				"bytes":	11796480,
				"bits_per_second":	94376160.197762966,
				"retransmits":	0,
				"omitted":	false
			}
		}, {
			"streams":	[{
					"socket":	6,
					"start":	11.00007700920105,
					"end":	12.00008487701416,
					"seconds":	1.0000078678131104,
					"bytes":	11796480,
					"bits_per_second":	94371097.5058418,
					"retransmits":	0,
					"snd_cwnd":	7373216,
					"rtt":	586417,
					"rttvar":	347,
					"pmtu":	1500,
					"omitted":	false
				}],
			"sum":	{
				"start":	11.00007700920105,
				"end":	12.00008487701416,
				"seconds":	1.0000078678131104,
				"bytes":	11796480,
				"bits_per_second":	94371097.5058418,
				"retransmits":	0,
				"omitted":	false
			}
		}, {
			"streams":	[{
					"socket":	6,
					"start":	12.00008487701416,
					"end":	13.000052928924561,
					"seconds":	0.99996805191040039,
					"bytes":	11796480,
					"bits_per_second":	94374855.096326575,
					"retransmits":	0,
					"snd_cwnd":	7969792,
					"rtt":	634318,
					"rttvar":	342,
					"pmtu":	1500,
					"omitted":	false
				}],