{
	"start":	{
		"connected":	[{
				"socket":	6,
				"local_host":	"192.168.17.2",
				"local_port":	55812,
				"remote_host":	"192.168.20.1",
				"remote_port":	5005
			}],
		"version":	"iperf 3.6",
		"system_info":	"Linux ba-thesis 4.19.0-23-amd64 #1 SMP Debian 4.19.269-1 (2022-12-20) x86_64",
		"timestamp":	{
			"time":	"Mon, 12 Jun 2023 15:56:42 GMT",
			"timesecs":	1686585402
		},
		"connecting_to":	{
			"host":	"h1",
			"port":	5005
		},
		"cookie":	"szjsn6o3hjts34gjamehhe7jyv6suto55xcw",
		"tcp_mss_default":	1448,
		"sock_bufsize":	0,
		"sndbuf_actual":	87380,
		"rcvbuf_actual":	87380,
		"test_start":	{
			"protocol":	"TCP",
			"num_streams":	1,
			"blksize":	131072,
			"omit":	0,
			"duration":	0,
			"bytes":	76545024,
			"blocks":	0,
			"reverse":	0,
			"tos":	0
		}
	},
	"intervals":	[{
			"streams":	[{
					"socket":	6,
					"start":	0,
					"end":	1.0000791549682617,
					"seconds":	1.0000791549682617,
					"bytes":	1708640,
					"bits_per_second":	13668038.10687745,
					"retransmits":	2,
					"snd_cwnd":	98464,
					"rtt":	65402,
					"rttvar":	325,
					"pmtu":	1500,
					"omitted":	false
				}],
			"sum":	{
				"start":	0,
				"end":	1.0000791549682617,
				"seconds":	1.0000791549682617,
				"bytes":	1708640,
				"bits_per_second":	13668038.10687745,
				"retransmits":	2,
				"omitted":	false
			}
		}, {
			"streams":	[{
					"socket":	6,
					"start":	1.0000791549682617,
					"end":	2.0001800060272217,
					"seconds":	1.00010085105896,
					"bytes":	1042560,
					"bits_per_second":	8339638.9385817,
					"retransmits":	0,
					"snd_cwnd":	107152,
					"rtt":	111164,
					"rttvar":	607,
					"pmtu":	1500,
					"omitted":	false
				}],
			"sum":	{
				"start":	1.0000791549682617,
				"end":	2.0001800060272217,
				"seconds":	1.00010085105896,
				"bytes":	1042560,
				"bits_per_second":	8339638.9385817,
				"retransmits":	0,
				"omitted":	false
			}
		}, {
			"streams":	[{
					"socket":	6,
					"start":	2.0001800060272217,
					"end":	3.0003080368041992,
					"seconds":	1.0001280307769775,
					"bytes":	781920,
					"bits_per_second":	6254559.2239229092,
					"retransmits":	0,
					"snd_cwnd":	112944,
					"rtt":	158088,
					"rttvar":	2000,
					"pmtu":	1500,
					"omitted":	false
				}],
			"sum":	{
				"start":	2.0001800060272217,
				"end":	3.0003080368041992,
				"seconds":	1.0001280307769775,
				"bytes":	781920,
				"bits_per_second":	6254559.2239229092,
				"retransmits":	0,
				"omitted":	false
			}
		}, {
			"streams":	[{
					"socket":	6,
					"start":	3.0003080368041992,
					"end":	4.000028133392334,
					"seconds":	0.99972009658813477,
					"bytes":	781920,
					"bits_per_second":	6257111.3868255932,
					"retransmits":	0,
					"snd_cwnd":	115840,
					"rtt":	205037,
					"rttvar":	9153,
					"pmtu":	1500,
					"omitted":	false
				}],
			"sum":	{
				"start":	3.0003080368041992,
				"end":	4.000028133392334,
				"seconds":	0.99972009658813477,
				"bytes":	781920,
				"bits_per_second":	6257111.3868255932,
				"retransmits":	0,
				"omitted":	false
			}
		}, {
			"streams":	[{
					"socket":	6,
					"start":	4.000028133392334,
					"end":	5.000197172164917,
					"seconds":	1.000169038772583,
					"bytes":	586440,
					"bits_per_second":	4690727.0852509877,
					"retransmits":	0,
					"snd_cwnd":	134664,
					"rtt":	246388,
					"rttvar":	3365,
					"pmtu":	1500,
					"omitted":	false
				}],
			"sum":	{
				"start":	4.000028133392334,
				"end":	5.000197172164917,
				"seconds":	1.000169038772583,
				"bytes":	586440,
				"bits_per_second":	4690727.0852509877,
				"retransmits":	0,
				"omitted":	false
			}
		}, {
			"streams":	[{
					"socket":	6,
					"start":	5.000197172164917,
					"end":	6.0006670951843262,
					"seconds":	1.0004699230194092,
					"bytes":	325800,
					"bits_per_second":	2605175.7679370395,
					"retransmits":	0,
					"snd_cwnd":	162176,
					"rtt":	392161,
					"rttvar":	144872,
					"pmtu":	1500,
					"omitted":	false
				}],
			"sum":	{
				"start":	5.000197172164917,
				"end":	6.0006670951843262,
				"seconds":	1.0004699230194092,
				"bytes":	325800,
				"bits_per_second":	2605175.7679370395,
				"retransmits":	0,
				"omitted":	false
			}
		}, {
			"streams":	[{
					"socket":	6,
					"start":	6.0006670951843262,
					"end":	7.0002222061157227,
					"seconds":	0.99955511093139648,
					"bytes":	847080,
					"bits_per_second":	6779656.1949300142,
					"retransmits":	0,
					"snd_cwnd":	222992,
					"rtt":	330494,
					"rttvar":	3407,
					"pmtu":	1500,
					"omitted":	false
				}],
			"sum":	{
				"start":	6.0006670951843262,
				"end":	7.0002222061157227,
				"seconds":	0.99955511093139648,
				"bytes":	847080,
				"bits_per_second":	6779656.1949300142,
				"retransmits":	0,
				"omitted":	false
			}
		}, {
			"streams":	[{
					"socket":	6,
					"start":	7.0002222061157227,
					"end":	8.0000271797180176,
					"seconds":	0.99980497360229492,
					"bytes":	1107720,
					"bits_per_second":	8863488.6142555382,
					"retransmits":	0,
					"snd_cwnd":	298288,
					"rtt":	390056,
					"rttvar":	627,
					"pmtu":	1500,
					"omitted":	false
				}],
			"sum":	{
				"start":	7.0002222061157227,
				"end":	8.0000271797180176,
				"seconds":	0.99980497360229492,
				"bytes":	1107720,
				"bits_per_second":	8863488.6142555382,
				"retransmits":	0,
				"omitted":	false
			}
		}, {
			"streams":	[{
					"socket":	6,
					"start":	8.0000271797180176,
					"end":	9.0000700950622559,
					"seconds":	1.0000429153442383,
					"bytes":	7167600,
					"bits_per_second":	57338339.305430658,
					"retransmits":	0,
					"snd_cwnd":	432952,
					"rtt":	34898,
					"rttvar":	45,
					"pmtu":	1500,
					"omitted":	false
				}],
			"sum":	{
				"start":	8.0000271797180176,
				"end":	9.0000700950622559,
				"seconds":	1.0000429153442383,
				"bytes":	7167600,
				"bits_per_second":	57338339.305430658,
				"retransmits":	0,
				"omitted":	false
			}
		}, {
			"streams":	[{
					"socket":	6,
					"start":	9.0000700950622559,
					"end":	10.000088214874268,
					"seconds":	1.0000181198120117,
					"bytes":	12184920,
					"bits_per_second":	97477593.724326357,
					"retransmits":	0,
					"snd_cwnd":	567616,
					"rtt":	46500,
					"rttvar":	518,
					"pmtu":	1500,
					"omitted":	false
				}],
			"sum":	{
				"start":	9.0000700950622559,
				"end":	10.000088214874268,
				"seconds":	1.0000181198120117,
				"bytes":	12184920,
				"bits_per_second":	97477593.724326357,
				"retransmits":	0,
				"omitted":	false
			}
		}, {
			"streams":	[{
					"socket":	6,
					"start":	10.000088214874268,
					"end":	11.000092029571533,
					"seconds":	1.0000038146972656,
					"bytes":	12671120,
					"bits_per_second":	101368573.30958058,
					"retransmits":	0,
					"snd_cwnd":	734136,
					"rtt":	59950,
					"rttvar":	25,
					"pmtu":	1500,
					"omitted":	false
				}],
			"sum":	{
				"start":	10.000088214874268,
				"end":	11.000092029571533,
				"seconds":	1.0000038146972656,
				"bytes":	12671120,
				"bits_per_second":	101368573.30958058,
				"retransmits":	0,
				"omitted":	false
			}
		}, {
			"streams":	[{
					"socket":	6,
					"start":	11.000092029571533,
					"end":	12.000052213668823,
					"seconds":	0.99996018409729,
					"bytes":	11796480,
					"bits_per_second":	94375597.649614215,
					"retransmits":	0,
					"snd_cwnd":	935408,
					"rtt":	76286,
					"rttvar":	30,
					"pmtu":	1500,
					"omitted":	false
				}],
			"sum":	{
				"start":	11.000092029571533,
				"end":	12.000052213668823,
				"seconds":	0.99996018409729,
				"bytes":	11796480,
				"bits_per_second":	94375597.649614215,
				"retransmits":	0,
				"omitted":	false
			}
		}, {
			"streams":	[{
					"socket":	6,
					"start":	12.000052213668823,
					"end":	13.000093221664429,
					"seconds":	1.0000410079956055,
					"bytes":	13107200,
					"bits_per_second":	104853300.17632715,
					"retransmits":	0,
					"snd_cwnd":	1172880,
					"rtt":	95640,
					"rttvar":	448,
					"pmtu":	1500,
					"omitted":	false
				}],
			"sum":	{
				"start":	12.000052213668823,