{
	"start":	{
		"connected":	[{
				"socket":	6,
				"local_host":	"192.168.1.2",
				"local_port":	41784,
				"remote_host":	"192.168.1.1",
				"remote_port":	5000
			}],
		"version":	"iperf 3.6",
		"system_info":	"Linux ba-thesis 4.19.0-23-amd64 #1 SMP Debian 4.19.269-1 (2022-12-20) x86_64",
		"timestamp":	{
			"time":	"Sat, 10 Jun 2023 18:23:31 GMT",
			"timesecs":	1686421411
		},
		"connecting_to":	{
			"host":	"h3",
			"port":	5000
		},
		"cookie":	"hkmwfyxfxrxr5ziuayvnckbwq6e5skt5334p",
		"tcp_mss_default":	1448,
		"sock_bufsize":	0,
		"sndbuf_actual":	87380,
		"rcvbuf_actual":	87380,
		"test_start":	{
			"protocol":	"TCP",
			"num_streams":	1,
			"blksize":	131072,
			"omit":	0,
			"duration":	0,
			"bytes":	83702255,
			"blocks":	0,
			"reverse":	0,
			"tos":	0
		}
	},
	"intervals":	[{
			"streams":	[{
					"socket":	6,
					"start":	0,
					"end":	1.0000739097595215,
					"seconds":	1.0000739097595215,
					"bytes":	15334880,
					"bits_per_second":	122669973.49175872,
					"retransmits":	0,
					"snd_cwnd":	765992,
					"rtt":	60298,
					"rttvar":	560,
					"pmtu":	1500,
					"omitted":	false
				}],
			"sum":	{
				"start":	0,
				"end":	1.0000739097595215,
				"seconds":	1.0000739097595215,
				"bytes":	15334880,
				"bits_per_second":	122669973.49175872,
				"retransmits":	0,
				"omitted":	false
			}
		}, {
			"streams":	[{
					"socket":	6,
					"start":	1.0000739097595215,
					"end":	2.0000979900360107,
					"seconds":	1.0000240802764893,
					"bytes":	14417920,
					"bits_per_second":	115340582.56688136,
					"retransmits":	0,
					"snd_cwnd":	1364016,
					"rtt":	107757,
					"rttvar":	200,
					"pmtu":	1500,
					"omitted":	false
				}],
			"sum":	{
				"start":	1.0000739097595215,
				"end":	2.0000979900360107,
				"seconds":	1.0000240802764893,
				"bytes":	14417920,
				"bits_per_second":	115340582.56688136,
				"retransmits":	0,
				"omitted":	false
			}
		}, {
			"streams":	[{
					"socket":	6,
					"start":	2.0000979900360107,
					"end":	3.0000729560852051,
					"seconds":	0.99997496604919434,
					"bytes":	14417920,
					"bits_per_second":	115346247.57228734,
					"retransmits":	0,
					"snd_cwnd":	1960592,
					"rtt":	155301,
					"rttvar":	507,
					"pmtu":	1500,
					"omitted":	false
				}],
			"sum":	{
				"start":	2.0000979900360107,
				"end":	3.0000729560852051,
				"seconds":	0.99997496604919434,
				"bytes":	14417920,
				"bits_per_second":	115346247.57228734,
				"retransmits":	0,
				"omitted":	false
			}
		}, {
			"streams":	[{
					"socket":	6,
					"start":	3.0000729560852051,
					"end":	4.0001189708709717,
					"seconds":	1.0000460147857666,
					"bytes":	13107200,
					"bits_per_second":	104852775.22201112,
					"retransmits":	0,
					"snd_cwnd":	2558616,
					"rtt":	202933,
					"rttvar":	202,
					"pmtu":	1500,
					"omitted":	false
				}],
			"sum":	{
				"start":	3.0000729560852051,
				"end":	4.0001189708709717,
				"seconds":	1.0000460147857666,
				"bytes":	13107200,
				"bits_per_second":	104852775.22201112,
				"retransmits":	0,
				"omitted":	false
			}
		}, {
			"streams":	[{
					"socket":	6,
					"start":	4.0001189708709717,
					"end":	5.0001049041748047,
					"seconds":	0.999985933303833,
					"bytes":	13107200,
					"bits_per_second":	104859075.02074867,
					"retransmits":	0,
					"snd_cwnd":	3156640,
					"rtt":	250745,
					"rttvar":	433,
					"pmtu":	1500,
					"omitted":	false
				}],
			"sum":	{
				"start":	4.0001189708709717,
				"end":	5.0001049041748047,
				"seconds":	0.999985933303833,
				"bytes":	13107200,
				"bits_per_second":	104859075.02074867,
				"retransmits":	0,
				"omitted":	false
			}
		}, {
			"streams":	[{
					"socket":	6,
					"start":	5.0001049041748047,
					"end":	6.000114917755127,
					"seconds":	1.0000100135803223,
					"bytes":	11796480,
					"bits_per_second":	94370895.009462744,
					"retransmits":	0,
					"snd_cwnd":	3754664,
					"rtt":	298316,
					"rttvar":	441,
					"pmtu":	1500,
					"omitted":	false
				}],
			"sum":	{
				"start":	5.0001049041748047,
				"end":	6.000114917755127,
				"seconds":	1.0000100135803223,
				"bytes":	11796480,
				"bits_per_second":	94370895.009462744,
				"retransmits":	0,
				"omitted":	false
			}
		}, {
			"streams":	[{
					"socket":	6,
					"start":	6.000114917755127,
					"end":	6.13493800163269,
					"seconds":	0.13482308387756348,
					"bytes":	2621440,
					"bits_per_second":	155548437.23234227,
					"retransmits":	0,
					"snd_cwnd":	3835752,
					"rtt":	304669,
					"rttvar":	563,
					"pmtu":	1500,
					"omitted":	false
				}],
			"sum":	{
				"start":	6.000114917755127,
				"end":	6.13493800163269,
				"seconds":	0.13482308387756348,
				"bytes":	2621440,
				"bits_per_second":	155548437.23234227,
				"retransmits":	0,
				"omitted":	false
			}
		}],
	"end":	{
		"streams":	[{
				"sender":	{
					"socket":	6,
					"start":	0,
					"end":	6.13493800163269,
					"seconds":	6.13493800163269,
					"bytes":	84803040,
					"bits_per_second":	110583728.77108961,
					"retransmits":	0,
					"max_snd_cwnd":	3835752,
					"max_rtt":	304669,
					"min_rtt":	60298,
					"mean_rtt":	197145
				},
				"receiver":	{
					"socket":	6,
					"start":	0,
					"end":	6.4979472160339355,
					"seconds":	6.13493800163269,
					"bytes":	76649880,
					"bits_per_second":	94368116.516383469
				}
			}],
		"sum_sent":	{
			"start":	0,
			"end":	6.13493800163269,
			"seconds":	6.13493800163269,
			"bytes":	84803040,
			"bits_per_second":	110583728.77108961,
			"retransmits":	0
		},
		"sum_received":	{
			"start":	0,
			"end":	6.4979472160339355,
			"seconds":	6.4979472160339355,
			"bytes":	76649880,
			"bits_per_second":	94368116.516383469
		},
		"cpu_utilization_percent":	{
			"host_total":	0.86351384793433272,
			"host_user":	0.021200423241607022,
			"host_system":	0.8423453771015299,
			"remote_total":	1.307234785595955,
			"remote_user":	0.2224645411636651,
			"remote_system":	1.0847702444322898
		},
		"sender_tcp_congestion":	"cubic",
		"receiver_tcp_congestion":	"cubic"
	}
}
