{
	"start":	{
		"connected":	[{
				"socket":	6,
				"local_host":	"192.168.7.1",
				"local_port":	41036,
				"remote_host":	"192.168.7.2",
				"remote_port":	5001
			}],
		"version":	"iperf 3.6",
		"system_info":	"Linux ba-thesis 4.19.0-23-amd64 #1 SMP Debian 4.19.269-1 (2022-12-20) x86_64",
		"timestamp":	{
			"time":	"Sat, 10 Jun 2023 18:23:31 GMT",
			"timesecs":	1686421411
		},
		"connecting_to":	{
			"host":	"h3",
			"port":	5001
		},
		"cookie":	"wgf5eck3f4d5tjqmgn2g6rljmwnh3bgjvugr",
		"tcp_mss_default":	1448,
		"sock_bufsize":	0,
		"sndbuf_actual":	87380,
		"rcvbuf_actual":	87380,
		"test_start":	{
			"protocol":	"TCP",
			"num_streams":	1,
			"blksize":	131072,
			"omit":	0,
			"duration":	0,
			"bytes":	182344856,
			"blocks":	0,
			"reverse":	0,
			"tos":	0
		}
	},
	"intervals":	[{
			"streams":	[{
					"socket":	6,
					"start":	0,
					"end":	1.000093936920166,
					"seconds":	1.000093936920166,
					"bytes":	14716584,
					"bits_per_second":	117721613.59418198,
					"retransmits":	0,
					"snd_cwnd":	776128,
					"rtt":	61462,
					"rttvar":	596,
					"pmtu":	1500,
					"omitted":	false
				}],
			"sum":	{
				"start":	0,
				"end":	1.000093936920166,
				"seconds":	1.000093936920166,
				"bytes":	14716584,
				"bits_per_second":	117721613.59418198,
				"retransmits":	0,
				"omitted":	false
			}
		}, {
			"streams":	[{
					"socket":	6,
					"start":	1.000093936920166,
					"end":	2.00002384185791,
					"seconds":	0.99992990493774414,
					"bytes":	14417920,
					"bits_per_second":	115351445.5667583,
					"retransmits":	0,
					"snd_cwnd":	1369808,
					"rtt":	108981,
					"rttvar":	919,
					"pmtu":	1500,
					"omitted":	false
				}],
			"sum":	{
				"start":	1.000093936920166,
				"end":	2.00002384185791,
				"seconds":	0.99992990493774414,
				"bytes":	14417920,
				"bits_per_second":	115351445.5667583,
				"retransmits":	0,
				"omitted":	false
			}
		}, {
			"streams":	[{
					"socket":	6,
					"start":	2.00002384185791,
					"end":	3.0000829696655273,
					"seconds":	1.0000591278076172,
					"bytes":	14417920,
					"bits_per_second":	115336540.40322781,
					"retransmits":	0,
					"snd_cwnd":	1962040,
					"rtt":	156305,
					"rttvar":	396,
					"pmtu":	1500,
					"omitted":	false
				}],
			"sum":	{
				"start":	2.00002384185791,
				"end":	3.0000829696655273,
				"seconds":	1.0000591278076172,
				"bytes":	14417920,
				"bits_per_second":	115336540.40322781,
				"retransmits":	0,
				"omitted":	false
			}
		}, {
			"streams":	[{
					"socket":	6,
					"start":	3.0000829696655273,
					"end":	4.0001490116119385,
					"seconds":	1.0000660419464111,
					"bytes":	14417920,
					"bits_per_second":	115335743.00304131,
					"retransmits":	0,
					"snd_cwnd":	2555720,
					"rtt":	204535,
					"rttvar":	652,
					"pmtu":	1500,
					"omitted":	false
				}],
			"sum":	{
				"start":	3.0000829696655273,
				"end":	4.0001490116119385,
				"seconds":	1.0000660419464111,
				"bytes":	14417920,
				"bits_per_second":	115335743.00304131,
				"retransmits":	0,
				"omitted":	false
			}
		}, {
			"streams":	[{
					"socket":	6,
					"start":	4.0001490116119385,
					"end":	5.000216007232666,
					"seconds":	1.0000669956207275,
					"bytes":	11796480,
					"bits_per_second":	94365517.92355144,
					"retransmits":	0,
					"snd_cwnd":	3149400,
					"rtt":	251546,
					"rttvar":	793,
					"pmtu":	1500,
					"omitted":	false
				}],
			"sum":	{
				"start":	4.0001490116119385,
				"end":	5.000216007232666,
				"seconds":	1.0000669956207275,
				"bytes":	11796480,
				"bits_per_second":	94365517.92355144,
				"retransmits":	0,
				"omitted":	false
			}
		}, {
			"streams":	[{
					"socket":	6,
					"start":	5.000216007232666,
					"end":	6.0001609325408936,
					"seconds":	0.99994492530822754,
					"bytes":	11796480,
					"bits_per_second":	94377037.786266476,
					"retransmits":	0,
					"snd_cwnd":	3743080,
					"rtt":	299518,
					"rttvar":	312,
					"pmtu":	1500,
					"omitted":	false
				}],
			"sum":	{
				"start":	5.000216007232666,
				"end":	6.0001609325408936,
				"seconds":	0.99994492530822754,
				"bytes":	11796480,
				"bits_per_second":	94377037.786266476,
				"retransmits":	0,
				"omitted":	false
			}
		}, {
			"streams":	[{
					"socket":	6,
					"start":	6.0001609325408936,
					"end":	7.0001330375671387,
					"seconds":	0.99997210502624512,
					"bytes":	11796480,
					"bits_per_second":	94374472.57343556,
					"retransmits":	0,
					"snd_cwnd":	4336760,
					"rtt":	347483,
					"rttvar":	566,
					"pmtu":	1500,
					"omitted":	false
				}],
			"sum":	{
				"start":	6.0001609325408936,
				"end":	7.0001330375671387,
				"seconds":	0.99997210502624512,
				"bytes":	11796480,
				"bits_per_second":	94374472.57343556,
				"retransmits":	0,
				"omitted":	false
			}
		}, {
			"streams":	[{
					"socket":	6,
					"start":	7.0001330375671387,
					"end":	8.0001850128173828,
					"seconds":	1.0000519752502441,
					"bytes":	11796480,
					"bits_per_second":	94366935.254925355,
					"retransmits":	0,
					"snd_cwnd":	4928992,
					"rtt":	394546,
					"rttvar":	706,
					"pmtu":	1500,
					"omitted":	false
				}],
			"sum":	{
				"start":	7.0001330375671387,
				"end":	8.0001850128173828,
				"seconds":	1.0000519752502441,
				"bytes":	11796480,
				"bits_per_second":	94366935.254925355,
				"retransmits":	0,
				"omitted":	false
			}
		}, {
			"streams":	[{
					"socket":	6,
					"start":	8.0001850128173828,
					"end":	9.0001609325408936,
					"seconds":	0.99997591972351074,
					"bytes":	11796480,
					"bits_per_second":	94374112.55472374,
					"retransmits":	0,
					"snd_cwnd":	3673576,
					"rtt":	433979,
					"rttvar":	1650,
					"pmtu":	1500,
					"omitted":	false
				}],
			"sum":	{
				"start":	8.0001850128173828,
				"end":	9.0001609325408936,
				"seconds":	0.99997591972351074,
				"bytes":	11796480,
				"bits_per_second":	94374112.55472374,
				"retransmits":	0,
				"omitted":	false
			}
		}, {
			"streams":	[{
					"socket":	6,
					"start":	9.0001609325408936,
					"end":	10.000200986862183,
					"seconds":	1.0000400543212891,
					"bytes":	11796480,
					"bits_per_second":	94368060.15139927,
					"retransmits":	0,
					"snd_cwnd":	2645496,
					"rtt":	223335,
					"rttvar":	2677,
					"pmtu":	1500,
					"omitted":	false
				}],
			"sum":	{
				"start":	9.0001609325408936,
				"end":	10.000200986862183,
				"seconds":	1.0000400543212891,
				"bytes":	11796480,
				"bits_per_second":	94368060.15139927,
				"retransmits":	0,
				"omitted":	false
			}
		}, {
			"streams":	[{
					"socket":	6,
					"start":	10.000200986862183,
					"end":	11.000170946121216,
					"seconds":	0.9999699592590332,
					"bytes":	11796480,
					"bits_per_second":	94374675.085168064,
					"retransmits":	0,
					"snd_cwnd":	2781608,
					"rtt":	237750,
					"rttvar":	409,
					"pmtu":	1500,
					"omitted":	false
				}],
			"sum":	{
				"start":	10.000200986862183,
				"end":	11.000170946121216,
				"seconds":	0.9999699592590332,
				"bytes":	11796480,
				"bits_per_second":	94374675.085168064,
				"retransmits":	0,
				"omitted":	false
			}
		}, {
			"streams":	[{
					"socket":	6,
					"start":	11.000170946121216,
					"end":	12.000042915344238,
					"seconds":	0.99987196922302246,
					"bytes":	11796480,
					"bits_per_second":	94383924.047129944,
					"retransmits":	0,
					"snd_cwnd":	2885864,
					"rtt":	270655,
					"rttvar":	1041,
					"pmtu":	1500,
					"omitted":	false
				}],
			"sum":	{
				"start":	11.000170946121216,
				"end":	12.000042915344238,
				"seconds":	0.99987196922302246,
				"bytes":	11796480,
				"bits_per_second":	94383924.047129944,
				"retransmits":	0,
				"omitted":	false
			}
		}, {
			"streams":	[{
					"socket":	6,
					"start":	12.000042915344238,
					"end":	13.000143051147461,
					"seconds":	1.0001001358032227,
					"bytes":	9175040,
					"bits_per_second":	73392970.735924467,
					"retransmits":	0,
					"snd_cwnd":	2965504,
					"rtt":	315292,
					"rttvar":	796,
					"pmtu":	1500,
					"omitted":	false
				}],