{
	"start":	{
		"connected":	[{
				"socket":	6,
				"local_host":	"192.168.4.2",
				"local_port":	39786,
				"remote_host":	"192.168.32.1",
				"remote_port":	5001
			}],
		"version":	"iperf 3.6",
		"system_info":	"Linux ba-thesis 4.19.0-23-amd64 #1 SMP Debian 4.19.269-1 (2022-12-20) x86_64",
		"timestamp":	{
			"time":	"Sun, 04 Jun 2023 19:34:40 GMT",
			"timesecs":	1685907280
		},
		"connecting_to":	{
			"host":	"h2",
			"port":	5001
		},
		"cookie":	"g6y4c3tby2avga7d57xlz5e3djw2eh2ztqlx",
		"tcp_mss_default":	1448,
		"sock_bufsize":	0,
		"sndbuf_actual":	87380,
		"rcvbuf_actual":	87380,
		"test_start":	{
			"protocol":	"TCP",
			"num_streams":	1,
			"blksize":	131072,
			"omit":	0,
			"duration":	0,
			"bytes":	14493922,
			"blocks":	0,
			"reverse":	0,
			"tos":	0
		}
	},
	"intervals":	[{
			"streams":	[{
					"socket":	6,
					"start":	0,
					"end":	1.0004079341888428,
					"seconds":	1.0004079341888428,
					"bytes":	79640,
					"bits_per_second":	636860.20294970344,
					"retransmits":	0,
					"snd_cwnd":	14480,
					"rtt":	553643,
					"rttvar":	210671,
					"pmtu":	1500,
					"omitted":	false
				}],
			"sum":	{
				"start":	0,
				"end":	1.0004079341888428,
				"seconds":	1.0004079341888428,
				"bytes":	79640,
				"bits_per_second":	636860.20294970344,
				"retransmits":	0,
				"omitted":	false
			}
		}, {
			"streams":	[{
					"socket":	6,
					"start":	1.0004079341888428,
					"end":	2.0000920295715332,
					"seconds":	0.99968409538269043,
					"bytes":	282360,
					"bits_per_second":	2259593.8161197565,
					"retransmits":	0,
					"snd_cwnd":	57920,
					"rtt":	620078,
					"rttvar":	19921,
					"pmtu":	1500,
					"omitted":	false
				}],
			"sum":	{
				"start":	1.0004079341888428,
				"end":	2.0000920295715332,
				"seconds":	0.99968409538269043,
				"bytes":	282360,
				"bits_per_second":	2259593.8161197565,
				"retransmits":	0,
				"omitted":	false
			}
		}, {
			"streams":	[{
					"socket":	6,
					"start":	2.0000920295715332,
					"end":	3.0011019706726074,
					"seconds":	1.0010099411010742,
					"bytes":	0,
					"bits_per_second":	0,
					"retransmits":	0,
					"snd_cwnd":	68056,
					"rtt":	624795,
					"rttvar":	1736,
					"pmtu":	1500,
					"omitted":	false
				}],
			"sum":	{
				"start":	2.0000920295715332,
				"end":	3.0011019706726074,
				"seconds":	1.0010099411010742,
				"bytes":	0,
				"bits_per_second":	0,
				"retransmits":	0,
				"omitted":	false
			}
		}, {
			"streams":	[{
					"socket":	6,
					"start":	3.0011019706726074,
					"end":	4.000917911529541,
					"seconds":	0.99981594085693359,
					"bytes":	173760,
					"bits_per_second":	1390335.9040350711,
					"retransmits":	0,
					"snd_cwnd":	73848,
					"rtt":	668557,
					"rttvar":	2014,
					"pmtu":	1500,
					"omitted":	false
				}],
			"sum":	{
				"start":	3.0011019706726074,
				"end":	4.000917911529541,
				"seconds":	0.99981594085693359,
				"bytes":	173760,
				"bits_per_second":	1390335.9040350711,
				"retransmits":	0,
				"omitted":	false
			}
		}, {
			"streams":	[{
					"socket":	6,
					"start":	4.000917911529541,
					"end":	5.0004689693450928,
					"seconds":	0.99955105781555176,
					"bytes":	195480,
					"bits_per_second":	1564542.3890778145,
					"retransmits":	0,
					"snd_cwnd":	78192,
					"rtt":	660393,
					"rttvar":	502,
					"pmtu":	1500,
					"omitted":	false
				}],
			"sum":	{
				"start":	4.000917911529541,
				"end":	5.0004689693450928,
				"seconds":	0.99955105781555176,
				"bytes":	195480,
				"bits_per_second":	1564542.3890778145,
				"retransmits":	0,
				"omitted":	false
			}
		}, {
			"streams":	[{
					"socket":	6,
					"start":	5.0004689693450928,
					"end":	6.000108003616333,
					"seconds":	0.99963903427124023,
					"bytes":	195480,
					"bits_per_second":	1564404.6964813406,
					"retransmits":	0,
					"snd_cwnd":	95568,
					"rtt":	676183,
					"rttvar":	962,
					"pmtu":	1500,
					"omitted":	false
				}],
			"sum":	{
				"start":	5.0004689693450928,
				"end":	6.000108003616333,
				"seconds":	0.99963903427124023,
				"bytes":	195480,
				"bits_per_second":	1564404.6964813406,
				"retransmits":	0,
				"omitted":	false
			}
		}, {
			"streams":	[{
					"socket":	6,
					"start":	6.000108003616333,
					"end":	7.0003869533538818,
					"seconds":	1.0002789497375488,
					"bytes":	260640,
					"bits_per_second":	2084538.5185273464,
					"retransmits":	0,
					"snd_cwnd":	114392,
					"rtt":	715101,
					"rttvar":	918,
					"pmtu":	1500,
					"omitted":	false
				}],
			"sum":	{
				"start":	6.000108003616333,
				"end":	7.0003869533538818,
				"seconds":	1.0002789497375488,
				"bytes":	260640,
				"bits_per_second":	2084538.5185273464,
				"retransmits":	0,
				"omitted":	false
			}
		}, {
			"streams":	[{
					"socket":	6,
					"start":	7.0003869533538818,
					"end":	8.0000858306884766,
					"seconds":	0.99969887733459473,
					"bytes":	325800,
					"bits_per_second":	2607185.0825212537,
					"retransmits":	0,
					"snd_cwnd":	172312,
					"rtt":	692635,
					"rttvar":	524,
					"pmtu":	1500,
					"omitted":	false
				}],
			"sum":	{
				"start":	7.0003869533538818,
				"end":	8.0000858306884766,
				"seconds":	0.99969887733459473,
				"bytes":	325800,
				"bits_per_second":	2607185.0825212537,
				"retransmits":	0,
				"omitted":	false
			}
		}, {
			"streams":	[{
					"socket":	6,
					"start":	8.0000858306884766,
					"end":	9.0003390312194824,
					"seconds":	1.0002532005310059,
					"bytes":	390960,
					"bits_per_second":	3126888.2702295817,
					"retransmits":	0,
					"snd_cwnd":	215752,
					"rtt":	691834,
					"rttvar":	165,
					"pmtu":	1500,
					"omitted":	false
				}],
			"sum":	{
				"start":	8.0000858306884766,
				"end":	9.0003390312194824,
				"seconds":	1.0002532005310059,
				"bytes":	390960,
				"bits_per_second":	3126888.2702295817,
				"retransmits":	0,
				"omitted":	false
			}
		}, {
			"streams":	[{
					"socket":	6,
					"start":	9.0003390312194824,
					"end":	10.000653982162476,
					"seconds":	1.0003149509429932,
					"bytes":	521280,
					"bits_per_second":	4168926.9925124384,
					"retransmits":	0,
					"snd_cwnd":	306976,
					"rtt":	698146,
					"rttvar":	500,
					"pmtu":	1500,
					"omitted":	false
				}],
			"sum":	{
				"start":	9.0003390312194824,
				"end":	10.000653982162476,
				"seconds":	1.0003149509429932,
				"bytes":	521280,
				"bits_per_second":	4168926.9925124384,
				"retransmits":	0,
				"omitted":	false
			}
		}, {
			"streams":	[{
					"socket":	6,
					"start":	10.000653982162476,
					"end":	11.000247955322266,
					"seconds":	0.99959397315979,
					"bytes":	1498680,
					"bits_per_second":	11994310.011794588,
					"retransmits":	0,
					"snd_cwnd":	412680,
					"rtt":	707163,
					"rttvar":	11020,
					"pmtu":	1500,
					"omitted":	false
				}],
			"sum":	{
				"start":	10.000653982162476,
				"end":	11.000247955322266,
				"seconds":	0.99959397315979,
				"bytes":	1498680,
				"bits_per_second":	11994310.011794588,
				"retransmits":	0,
				"omitted":	false
			}
		}, {
			"streams":	[{
					"socket":	6,
					"start":	11.000247955322266,
					"end":	12.000537872314453,
					"seconds":	1.0002899169921875,
					"bytes":	1042560,
					"bits_per_second":	8338062.653954695,
					"retransmits":	0,
					"snd_cwnd":	584992,
					"rtt":	498570,
					"rttvar":	1200,
					"pmtu":	1500,
					"omitted":	false
				}],
			"sum":	{
				"start":	11.000247955322266,
				"end":	12.000537872314453,
				"seconds":	1.0002899169921875,
				"bytes":	1042560,
				"bits_per_second":	8338062.653954695,
				"retransmits":	0,
				"omitted":	false
			}
		}, {
			"streams":	[{
					"socket":	6,
					"start":	12.000537872314453,
					"end":	13.000377893447876,
					"seconds":	0.99984002113342285,
					"bytes":	2548760,
					"bits_per_second":	20393342.503819481,
					"retransmits":	0,
					"snd_cwnd":	739928,
					"rtt":	362598,
					"rttvar":	1162,
					"pmtu":	1500,
					"omitted":	false
				}],
			"sum":	{
				"start":	12.000537872314453,
				"end":	13.000377893447876,