{
	"start":	{
		"connected":	[{
				"socket":	6,
				"local_host":	"192.168.11.1",
				"local_port":	43810,
				"remote_host":	"192.168.30.1",
				"remote_port":	5004
			}],
		"version":	"iperf 3.6",
		"system_info":	"Linux ba-thesis 4.19.0-23-amd64 #1 SMP Debian 4.19.269-1 (2022-12-20) x86_64",
		"timestamp":	{
			"time":	"Sun, 04 Jun 2023 19:34:24 GMT",
			"timesecs":	1685907264
		},
		"connecting_to":	{
			"host":	"h0",
			"port":	5004
		},
		"cookie":	"za4v2vkdd6tnu53gh6b77jifon2flfywq7s5",
		"tcp_mss_default":	1448,
		"sock_bufsize":	0,
		"sndbuf_actual":	87380,
		"rcvbuf_actual":	87380,
		"test_start":	{
			"protocol":	"TCP",
			"num_streams":	1,
			"blksize":	131072,
			"omit":	0,
			"duration":	0,
			"bytes":	33952317,
			"blocks":	0,
			"reverse":	0,
			"tos":	0
		}
	},
	"intervals":	[{
			"streams":	[{
					"socket":	6,
					"start":	0,
					"end":	1.0000479221343994,
					"seconds":	1.0000479221343994,
					"bytes":	12038672,
					"bits_per_second":	96304760.870306268,
					"retransmits":	0,
					"snd_cwnd":	629880,
					"rtt":	50708,
					"rttvar":	4203,
					"pmtu":	1500,
					"omitted":	false
				}],
			"sum":	{
				"start":	0,
				"end":	1.0000479221343994,
				"seconds":	1.0000479221343994,
				"bytes":	12038672,
				"bits_per_second":	96304760.870306268,
				"retransmits":	0,
				"omitted":	false
			}
		}, {
			"streams":	[{
					"socket":	6,
					"start":	1.0000479221343994,
					"end":	2.0000979900360107,
					"seconds":	1.0000500679016113,
					"bytes":	13107200,
					"bits_per_second":	104852350.26284333,
					"retransmits":	0,
					"snd_cwnd":	1187360,
					"rtt":	96683,
					"rttvar":	3410,
					"pmtu":	1500,
					"omitted":	false
				}],
			"sum":	{
				"start":	1.0000479221343994,
				"end":	2.0000979900360107,
				"seconds":	1.0000500679016113,
				"bytes":	13107200,
				"bits_per_second":	104852350.26284333,
				"retransmits":	0,
				"omitted":	false
			}
		}, {
			"streams":	[{
					"socket":	6,
					"start":	2.0000979900360107,
					"end":	2.6428468227386475,
					"seconds":	0.64274883270263672,
					"bytes":	9175040,
					"bits_per_second":	114197515.83424212,
					"retransmits":	0,
					"snd_cwnd":	1572528,
					"rtt":	139589,
					"rttvar":	1384,
					"pmtu":	1500,
					"omitted":	false
				}],
			"sum":	{
				"start":	2.0000979900360107,
				"end":	2.6428468227386475,
				"seconds":	0.64274883270263672,
				"bytes":	9175040,
				"bits_per_second":	114197515.83424212,
				"retransmits":	0,
				"omitted":	false
			}
		}],
	"end":	{
		"streams":	[{
				"sender":	{
					"socket":	6,
					"start":	0,
					"end":	2.6428468227386475,
					"seconds":	2.6428468227386475,
					"bytes":	34320912,
					"bits_per_second":	103890733.90015087,
					"retransmits":	0,
					"max_snd_cwnd":	1572528,
					"max_rtt":	139589,
					"min_rtt":	50708,
					"mean_rtt":	95660
				},
				"receiver":	{
					"socket":	6,
					"start":	0,
					"end":	2.7993450164794922,
					"seconds":	2.6428468227386475,
					"bytes":	28862984,
					"bits_per_second":	82484963.6756776
				}
			}],
		"sum_sent":	{
			"start":	0,
			"end":	2.6428468227386475,
			"seconds":	2.6428468227386475,
			"bytes":	34320912,
			"bits_per_second":	103890733.90015087,
			"retransmits":	0
		},
		"sum_received":	{
			"start":	0,
			"end":	2.7993450164794922,
			"seconds":	2.7993450164794922,
			"bytes":	28862984,
			"bits_per_second":	82484963.6756776
		},
		"cpu_utilization_percent":	{
			"host_total":	1.7342763644341743,
			"host_user":	0.22848012810558452,
			"host_system":	1.5057962363285897,
			"remote_total":	1.4634863203555339,
			"remote_user":	0.25823844489376041,
			"remote_system":	1.2052478754617735
		},
		"sender_tcp_congestion":	"cubic",
		"receiver_tcp_congestion":	"cubic"
	}
}
