{
	"start":	{
		"connected":	[{
				"socket":	6,
				"local_host":	"192.168.32.1",
				"local_port":	57982,
				"remote_host":	"192.168.58.1",
				"remote_port":	5012
			}],
		"version":	"iperf 3.6",
		"system_info":	"Linux ba-thesis 4.19.0-23-amd64 #1 SMP Debian 4.19.269-1 (2022-12-20) x86_64",
		"timestamp":	{
			"time":	"Mon, 05 Jun 2023 11:40:52 GMT",
			"timesecs":	1685965252
		},
		"connecting_to":	{
			"host":	"h18",
			"port":	5012
		},
		"cookie":	"yku24dd3ei4zc6wrqmdqq2fn24u3sei7h7dz",
		"tcp_mss_default":	1448,
		"sock_bufsize":	0,
		"sndbuf_actual":	87380,
		"rcvbuf_actual":	87380,
		"test_start":	{
			"protocol":	"TCP",
			"num_streams":	1,
			"blksize":	131072,
			"omit":	0,
			"duration":	0,
			"bytes":	106592982,
			"blocks":	0,
			"reverse":	0,
			"tos":	0
		}
	},
	"intervals":	[{
			"streams":	[{
					"socket":	6,
					"start":	0,
					"end":	1.0000550746917725,
					"seconds":	1.0000550746917725,
					"bytes":	15639472,
					"bits_per_second":	125108885.66668391,
					"retransmits":	0,
					"snd_cwnd":	1358224,
					"rtt":	114371,
					"rttvar":	335,
					"pmtu":	1500,
					"omitted":	false
				}],
			"sum":	{
				"start":	0,
				"end":	1.0000550746917725,
				"seconds":	1.0000550746917725,
				"bytes":	15639472,
				"bits_per_second":	125108885.66668391,
				"retransmits":	0,
				"omitted":	false
			}
		}, {
			"streams":	[{
					"socket":	6,
					"start":	1.0000550746917725,
					"end":	2.0000519752502441,
					"seconds":	0.99999690055847168,
					"bytes":	14417920,
					"bits_per_second":	115343717.50110805,
					"retransmits":	0,
					"snd_cwnd":	1917152,
					"rtt":	162502,
					"rttvar":	701,
					"pmtu":	1500,
					"omitted":	false
				}],
			"sum":	{
				"start":	1.0000550746917725,
				"end":	2.0000519752502441,
				"seconds":	0.99999690055847168,
				"bytes":	14417920,
				"bits_per_second":	115343717.50110805,
				"retransmits":	0,
				"omitted":	false
			}
		}, {
			"streams":	[{
					"socket":	6,
					"start":	2.0000519752502441,
					"end":	3.0001230239868164,
					"seconds":	1.0000710487365723,
					"bytes":	13107200,
					"bits_per_second":	104850150.52927548,
					"retransmits":	0,
					"snd_cwnd":	2473184,
					"rtt":	209731,
					"rttvar":	372,
					"pmtu":	1500,
					"omitted":	false
				}],
			"sum":	{
				"start":	2.0000519752502441,
				"end":	3.0001230239868164,
				"seconds":	1.0000710487365723,
				"bytes":	13107200,
				"bits_per_second":	104850150.52927548,
				"retransmits":	0,
				"omitted":	false
			}
		}, {
			"streams":	[{
					"socket":	6,
					"start":	3.0001230239868164,
					"end":	4.0000600814819336,
					"seconds":	0.99993705749511719,
					"bytes":	11796480,
					"bits_per_second":	94377780.373902008,
					"retransmits":	0,
					"snd_cwnd":	3030664,
					"rtt":	257433,
					"rttvar":	513,
					"pmtu":	1500,
					"omitted":	false
				}],
			"sum":	{
				"start":	3.0001230239868164,
				"end":	4.0000600814819336,
				"seconds":	0.99993705749511719,
				"bytes":	11796480,
				"bits_per_second":	94377780.373902008,
				"retransmits":	0,
				"omitted":	false
			}
		}, {
			"streams":	[{
					"socket":	6,
					"start":	4.0000600814819336,
					"end":	5.0001001358032227,
					"seconds":	1.0000400543212891,
					"bytes":	11796480,
					"bits_per_second":	94368060.15139927,
					"retransmits":	0,
					"snd_cwnd":	3593936,
					"rtt":	304873,
					"rttvar":	215,
					"pmtu":	1500,
					"omitted":	false
				}],
			"sum":	{
				"start":	4.0000600814819336,
				"end":	5.0001001358032227,
				"seconds":	1.0000400543212891,
				"bytes":	11796480,
				"bits_per_second":	94368060.15139927,
				"retransmits":	0,
				"omitted":	false
			}
		}, {
			"streams":	[{
					"socket":	6,
					"start":	5.0001001358032227,
					"end":	6.00007700920105,
					"seconds":	0.99997687339782715,
					"bytes":	10485760,
					"bits_per_second":	83888020.044866651,
					"retransmits":	0,
					"snd_cwnd":	4139832,
					"rtt":	351317,
					"rttvar":	276,
					"pmtu":	1500,
					"omitted":	false
				}],
			"sum":	{
				"start":	5.0001001358032227,
				"end":	6.00007700920105,
				"seconds":	0.99997687339782715,
				"bytes":	10485760,
				"bits_per_second":	83888020.044866651,
				"retransmits":	0,
				"omitted":	false
			}
		}, {
			"streams":	[{
					"socket":	6,
					"start":	6.00007700920105,
					"end":	7.0001161098480225,
					"seconds":	1.0000391006469727,
					"bytes":	10485760,
					"bits_per_second":	83882800.1282451,
					"retransmits":	0,
					"snd_cwnd":	4697312,
					"rtt":	398019,
					"rttvar":	609,
					"pmtu":	1500,
					"omitted":	false
				}],
			"sum":	{
				"start":	6.00007700920105,
				"end":	7.0001161098480225,
				"seconds":	1.0000391006469727,
				"bytes":	10485760,
				"bits_per_second":	83882800.1282451,
				"retransmits":	0,
				"omitted":	false
			}
		}, {
			"streams":	[{
					"socket":	6,
					"start":	7.0001161098480225,
					"end":	8.0000731945037842,
					"seconds":	0.99995708465576172,
					"bytes":	11796480,
					"bits_per_second":	94375890.17381461,
					"retransmits":	0,
					"snd_cwnd":	5256240,
					"rtt":	447056,
					"rttvar":	1070,
					"pmtu":	1500,
					"omitted":	false
				}],
			"sum":	{
				"start":	7.0001161098480225,
				"end":	8.0000731945037842,
				"seconds":	0.99995708465576172,
				"bytes":	11796480,
				"bits_per_second":	94375890.17381461,
				"retransmits":	0,
				"omitted":	false
			}
		}, {
			"streams":	[{
					"socket":	6,
					"start":	8.0000731945037842,
					"end":	8.64469313621521,
					"seconds":	0.64461994171142578,
					"bytes":	7864320,
					"bits_per_second":	97599462.767108575,
					"retransmits":	0,
					"snd_cwnd":	5622584,
					"rtt":	480069,
					"rttvar":	136,
					"pmtu":	1500,
					"omitted":	false
				}],
			"sum":	{
				"start":	8.0000731945037842,
				"end":	8.64469313621521,
				"seconds":	0.64461994171142578,
				"bytes":	7864320,
				"bits_per_second":	97599462.767108575,
				"retransmits":	0,
				"omitted":	false
			}
		}],
	"end":	{
		"streams":	[{
				"sender":	{
					"socket":	6,
					"start":	0,
					"end":	8.64469313621521,
					"seconds":	8.64469313621521,
					"bytes":	107389872,
					"bits_per_second":	99381084.14755559,
					"retransmits":	0,
					"max_snd_cwnd":	5622584,
					"max_rtt":	480069,
					"min_rtt":	114371,
					"mean_rtt":	302819
				},
				"receiver":	{
					"socket":	6,
					"start":	0,
					"end":	9.183351993560791,
					"seconds":	8.64469313621521,
					"bytes":	101165968,
					"bits_per_second":	88129883.790525153
				}
			}],
		"sum_sent":	{
			"start":	0,
			"end":	8.64469313621521,
			"seconds":	8.64469313621521,
			"bytes":	107389872,
			"bits_per_second":	99381084.14755559,
			"retransmits":	0
		},
		"sum_received":	{
			"start":	0,
			"end":	9.183351993560791,
			"seconds":	9.183351993560791,
			"bytes":	101165968,
			"bits_per_second":	88129883.790525153
		},
		"cpu_utilization_percent":	{
			"host_total":	0.74590791750588636,
			"host_user":	0.062715951320529914,
			"host_system":	0.68319196618535649,
			"remote_total":	1.3417000698178427,
			"remote_user":	0.14690615006452537,
			"remote_system":	1.1948046116128563
		},
		"sender_tcp_congestion":	"cubic",
		"receiver_tcp_congestion":	"cubic"
	}
}
