{
	"start":	{
		"connected":	[{
				"socket":	6,
				"local_host":	"192.168.12.1",
				"local_port":	44250,
				"remote_host":	"192.168.12.2",
				"remote_port":	5003
			}],
		"version":	"iperf 3.6",
		"system_info":	"Linux ba-thesis 4.19.0-23-amd64 #1 SMP Debian 4.19.269-1 (2022-12-20) x86_64",
		"timestamp":	{
			"time":	"Sun, 11 Jun 2023 21:19:18 GMT",
			"timesecs":	1686518358
		},
		"connecting_to":	{
			"host":	"h9",
			"port":	5003
		},
		"cookie":	"rr7vihei6hy5q64nnyyqpsuwkc2xruwntuzb",
		"tcp_mss_default":	1448,
		"sock_bufsize":	0,
		"sndbuf_actual":	87380,
		"rcvbuf_actual":	87380,
		"test_start":	{
			"protocol":	"TCP",
			"num_streams":	1,
			"blksize":	131072,
			"omit":	0,
			"duration":	0,
			"bytes":	105035283,
			"blocks":	0,
			"reverse":	0,
			"tos":	0
		}
	},
	"intervals":	[{
			"streams":	[{
					"socket":	6,
					"start":	0,
					"end":	1.0000739097595215,
					"seconds":	1.0000739097595215,
					"bytes":	15660960,
					"bits_per_second":	125278420.70205268,
					"retransmits":	0,
					"snd_cwnd":	793504,
					"rtt":	62401,
					"rttvar":	683,
					"pmtu":	1500,
					"omitted":	false
				}],
			"sum":	{
				"start":	0,
				"end":	1.0000739097595215,
				"seconds":	1.0000739097595215,
				"bytes":	15660960,
				"bits_per_second":	125278420.70205268,
				"retransmits":	0,
				"omitted":	false
			}
		}, {
			"streams":	[{
					"socket":	6,
					"start":	1.0000739097595215,
					"end":	2.0000858306884766,
					"seconds":	1.0000119209289551,
					"bytes":	14417920,
					"bits_per_second":	115341985.01639108,
					"retransmits":	0,
					"snd_cwnd":	1390080,
					"rtt":	110003,
					"rttvar":	519,
					"pmtu":	1500,
					"omitted":	false
				}],
			"sum":	{
				"start":	1.0000739097595215,
				"end":	2.0000858306884766,
				"seconds":	1.0000119209289551,
				"bytes":	14417920,
				"bits_per_second":	115341985.01639108,
				"retransmits":	0,
				"omitted":	false
			}
		}, {
			"streams":	[{
					"socket":	6,
					"start":	2.0000858306884766,
					"end":	3.0001029968261719,
					"seconds":	1.0000171661376953,
					"bytes":	13107200,
					"bits_per_second":	104855800.03089851,
					"retransmits":	0,
					"snd_cwnd":	1988104,
					"rtt":	157640,
					"rttvar":	583,
					"pmtu":	1500,
					"omitted":	false
				}],
			"sum":	{
				"start":	2.0000858306884766,
				"end":	3.0001029968261719,
				"seconds":	1.0000171661376953,
				"bytes":	13107200,
				"bits_per_second":	104855800.03089851,
				"retransmits":	0,
				"omitted":	false
			}
		}, {
			"streams":	[{
					"socket":	6,
					"start":	3.0001029968261719,
					"end":	4.0000829696655273,
					"seconds":	0.99997997283935547,
					"bytes":	14417920,
					"bits_per_second":	115345670.04626366,
					"retransmits":	0,
					"snd_cwnd":	2586128,
					"rtt":	205246,
					"rttvar":	659,
					"pmtu":	1500,
					"omitted":	false
				}],
			"sum":	{
				"start":	3.0001029968261719,
				"end":	4.0000829696655273,
				"seconds":	0.99997997283935547,
				"bytes":	14417920,
				"bits_per_second":	115345670.04626366,
				"retransmits":	0,
				"omitted":	false
			}
		}, {
			"streams":	[{
					"socket":	6,
					"start":	4.0000829696655273,
					"end":	5.00002384185791,
					"seconds":	0.99994087219238281,
					"bytes":	13107200,
					"bits_per_second":	104863800.36661409,
					"retransmits":	0,
					"snd_cwnd":	3184152,
					"rtt":	252701,
					"rttvar":	397,
					"pmtu":	1500,
					"omitted":	false
				}],
			"sum":	{
				"start":	4.0000829696655273,
				"end":	5.00002384185791,
				"seconds":	0.99994087219238281,
				"bytes":	13107200,
				"bits_per_second":	104863800.36661409,
				"retransmits":	0,
				"omitted":	false
			}
		}, {
			"streams":	[{
					"socket":	6,
					"start":	5.00002384185791,
					"end":	6.0000948905944824,
					"seconds":	1.0000710487365723,
					"bytes":	11796480,
					"bits_per_second":	94365135.476347938,
					"retransmits":	0,
					"snd_cwnd":	3780728,
					"rtt":	300444,
					"rttvar":	595,
					"pmtu":	1500,
					"omitted":	false
				}],
			"sum":	{
				"start":	5.00002384185791,
				"end":	6.0000948905944824,
				"seconds":	1.0000710487365723,
				"bytes":	11796480,
				"bits_per_second":	94365135.476347938,
				"retransmits":	0,
				"omitted":	false
			}
		}, {
			"streams":	[{
					"socket":	6,
					"start":	6.0000948905944824,
					"end":	7.0000889301300049,
					"seconds":	0.99999403953552246,
					"bytes":	11796480,
					"bits_per_second":	94372402.503352776,
					"retransmits":	0,
					"snd_cwnd":	4372960,
					"rtt":	353798,
					"rttvar":	635,
					"pmtu":	1500,
					"omitted":	false
				}],
			"sum":	{
				"start":	6.0000948905944824,
				"end":	7.0000889301300049,
				"seconds":	0.99999403953552246,
				"bytes":	11796480,
				"bits_per_second":	94372402.503352776,
				"retransmits":	0,
				"omitted":	false
			}
		}, {
			"streams":	[{
					"socket":	6,
					"start":	7.0000889301300049,
					"end":	7.930217981338501,
					"seconds":	0.93012905120849609,
					"bytes":	11796480,
					"bits_per_second":	101461017.56243905,
					"retransmits":	0,
					"snd_cwnd":	4928992,
					"rtt":	391695,
					"rttvar":	418,
					"pmtu":	1500,
					"omitted":	false
				}],
			"sum":	{
				"start":	7.0000889301300049,
				"end":	7.930217981338501,
				"seconds":	0.93012905120849609,
				"bytes":	11796480,
				"bits_per_second":	101461017.56243905,
				"retransmits":	0,
				"omitted":	false
			}
		}],
	"end":	{
		"streams":	[{
				"sender":	{
					"socket":	6,
					"start":	0,
					"end":	7.930217981338501,
					"seconds":	7.930217981338501,
					"bytes":	106100640,
					"bits_per_second":	107034273.45848753,
					"retransmits":	0,
					"max_snd_cwnd":	4928992,
					"max_rtt":	391695,
					"min_rtt":	62401,
					"mean_rtt":	229241
				},
				"receiver":	{
					"socket":	6,
					"start":	0,
					"end":	8.38037109375,
					"seconds":	7.930217981338501,
					"bytes":	99137320,
					"bits_per_second":	94637642.071898848
				}
			}],
		"sum_sent":	{
			"start":	0,
			"end":	7.930217981338501,
			"seconds":	7.930217981338501,
			"bytes":	106100640,
			"bits_per_second":	107034273.45848753,
			"retransmits":	0
		},
		"sum_received":	{
			"start":	0,
			"end":	8.38037109375,
			"seconds":	8.38037109375,
			"bytes":	99137320,
			"bits_per_second":	94637642.071898848
		},
		"cpu_utilization_percent":	{
			"host_total":	0.46682084967554016,
			"host_user":	0,
			"host_system":	0.46683326776581663,
			"remote_total":	1.2424733653901199,
			"remote_user":	0.26515050677788771,
			"remote_system":	0.97732285861223211
		},
		"sender_tcp_congestion":	"cubic",
		"receiver_tcp_congestion":	"cubic"
	}
}
