{
	"start":	{
		"connected":	[{
				"socket":	6,
				"local_host":	"192.168.8.1",
				"local_port":	57156,
				"remote_host":	"192.168.23.1",
				"remote_port":	5002
			}],
		"version":	"iperf 3.6",
		"system_info":	"Linux ba-thesis 4.19.0-23-amd64 #1 SMP Debian 4.19.269-1 (2022-12-20) x86_64",
		"timestamp":	{
			"time":	"Sun, 11 Jun 2023 18:22:25 GMT",
			"timesecs":	1686507745
		},
		"connecting_to":	{
			"host":	"h4",
			"port":	5002
		},
		"cookie":	"lola2ziouspkndxrbez5ioz3aax76zn2g4lf",
		"tcp_mss_default":	1448,
		"sock_bufsize":	0,
		"sndbuf_actual":	87380,
		"rcvbuf_actual":	87380,
		"test_start":	{
			"protocol":	"TCP",
			"num_streams":	1,
			"blksize":	131072,
			"omit":	0,
			"duration":	0,
			"bytes":	88361960,
			"blocks":	0,
			"reverse":	0,
			"tos":	0
		}
	},
	"intervals":	[{
			"streams":	[{
					"socket":	6,
					"start":	0,
					"end":	1.0001270771026611,
					"seconds":	1.0001270771026611,
					"bytes":	79640,
					"bits_per_second":	637039.046923635,
					"retransmits":	0,
					"snd_cwnd":	14480,
					"rtt":	702553,
					"rttvar":	265591,
					"pmtu":	1500,
					"omitted":	false
				}],
			"sum":	{
				"start":	0,
				"end":	1.0001270771026611,
				"seconds":	1.0001270771026611,
				"bytes":	79640,
				"bits_per_second":	637039.046923635,
				"retransmits":	0,
				"omitted":	false
			}
		}, {
			"streams":	[{
					"socket":	6,
					"start":	1.0001270771026611,
					"end":	2.0005300045013428,
					"seconds":	1.0004029273986816,
					"bytes":	65160,
					"bits_per_second":	521070.04660159192,
					"retransmits":	0,
					"snd_cwnd":	28960,
					"rtt":	702446,
					"rttvar":	63196,
					"pmtu":	1500,
					"omitted":	false
				}],
			"sum":	{
				"start":	1.0001270771026611,
				"end":	2.0005300045013428,
				"seconds":	1.0004029273986816,
				"bytes":	65160,
				"bits_per_second":	521070.04660159192,
				"retransmits":	0,
				"omitted":	false
			}
		}, {
			"streams":	[{
					"socket":	6,
					"start":	2.0005300045013428,
					"end":	3.000230073928833,
					"seconds":	0.99970006942749023,
					"bytes":	441640,
					"bits_per_second":	3534180.0086333421,
					"retransmits":	0,
					"snd_cwnd":	99912,
					"rtt":	702490,
					"rttvar":	1616,
					"pmtu":	1500,
					"omitted":	false
				}],
			"sum":	{
				"start":	2.0005300045013428,
				"end":	3.000230073928833,
				"seconds":	0.99970006942749023,
				"bytes":	441640,
				"bits_per_second":	3534180.0086333421,
				"retransmits":	0,
				"omitted":	false
			}
		}, {
			"streams":	[{
					"socket":	6,
					"start":	3.000230073928833,
					"end":	4.0005030632019043,
					"seconds":	1.0002729892730713,
					"bytes":	732688,
					"bits_per_second":	5859904.3089824235,
					"retransmits":	0,
					"snd_cwnd":	199824,
					"rtt":	703589,
					"rttvar":	896,
					"pmtu":	1500,
					"omitted":	false
				}],
			"sum":	{
				"start":	3.000230073928833,
				"end":	4.0005030632019043,
				"seconds":	1.0002729892730713,
				"bytes":	732688,
				"bits_per_second":	5859904.3089824235,
				"retransmits":	0,
				"omitted":	false
			}
		}, {
			"streams":	[{
					"socket":	6,
					"start":	4.0005030632019043,
					"end":	5.0000810623168945,
					"seconds":	0.99957799911499023,
					"bytes":	16104560,
					"bits_per_second":	128890872.06207988,
					"retransmits":	0,
					"snd_cwnd":	1281480,
					"rtt":	101211,
					"rttvar":	340,
					"pmtu":	1500,
					"omitted":	false
				}],
			"sum":	{
				"start":	4.0005030632019043,
				"end":	5.0000810623168945,
				"seconds":	0.99957799911499023,
				"bytes":	16104560,
				"bits_per_second":	128890872.06207988,
				"retransmits":	0,
				"omitted":	false
			}
		}, {
			"streams":	[{
					"socket":	6,
					"start":	5.0000810623168945,
					"end":	6.0000839233398438,
					"seconds":	1.0000028610229492,
					"bytes":	14417920,
					"bits_per_second":	115343030.00094414,
					"retransmits":	0,
					"snd_cwnd":	1878056,
					"rtt":	148955,
					"rttvar":	470,
					"pmtu":	1500,
					"omitted":	false
				}],
			"sum":	{
				"start":	5.0000810623168945,
				"end":	6.0000839233398438,
				"seconds":	1.0000028610229492,
				"bytes":	14417920,
				"bits_per_second":	115343030.00094414,
				"retransmits":	0,
				"omitted":	false
			}
		}, {
			"streams":	[{
					"socket":	6,
					"start":	6.0000839233398438,
					"end":	7.0000729560852051,
					"seconds":	0.99998903274536133,
					"bytes":	14417920,
					"bits_per_second":	115344625.01387373,
					"retransmits":	0,
					"snd_cwnd":	2476080,
					"rtt":	196622,
					"rttvar":	529,
					"pmtu":	1500,
					"omitted":	false
				}],
			"sum":	{
				"start":	6.0000839233398438,
				"end":	7.0000729560852051,
				"seconds":	0.99998903274536133,
				"bytes":	14417920,
				"bits_per_second":	115344625.01387373,
				"retransmits":	0,
				"omitted":	false
			}
		}, {
			"streams":	[{
					"socket":	6,
					"start":	7.0000729560852051,
					"end":	8.0000388622283936,
					"seconds":	0.99996590614318848,
					"bytes":	13107200,
					"bits_per_second":	104861175.1218897,
					"retransmits":	0,
					"snd_cwnd":	3074104,
					"rtt":	244062,
					"rttvar":	244,
					"pmtu":	1500,
					"omitted":	false
				}],
			"sum":	{
				"start":	7.0000729560852051,
				"end":	8.0000388622283936,
				"seconds":	0.99996590614318848,
				"bytes":	13107200,
				"bits_per_second":	104861175.1218897,
				"retransmits":	0,
				"omitted":	false
			}
		}, {
			"streams":	[{
					"socket":	6,
					"start":	8.0000388622283936,
					"end":	9.0000560283660889,
					"seconds":	1.0000171661376953,
					"bytes":	11796480,
					"bits_per_second":	94370220.027808666,
					"retransmits":	0,
					"snd_cwnd":	3654752,
					"rtt":	290457,
					"rttvar":	541,
					"pmtu":	1500,
					"omitted":	false
				}],
			"sum":	{
				"start":	8.0000388622283936,
				"end":	9.0000560283660889,
				"seconds":	1.0000171661376953,
				"bytes":	11796480,
				"bits_per_second":	94370220.027808666,
				"retransmits":	0,
				"omitted":	false
			}
		}, {
			"streams":	[{
					"socket":	6,
					"start":	9.0000560283660889,
					"end":	10.000078916549683,
					"seconds":	1.0000228881835938,
					"bytes":	11796480,
					"bits_per_second":	94369680.049437344,
					"retransmits":	0,
					"snd_cwnd":	4252776,
					"rtt":	338189,
					"rttvar":	513,
					"pmtu":	1500,
					"omitted":	false
				}],
			"sum":	{
				"start":	9.0000560283660889,
				"end":	10.000078916549683,
				"seconds":	1.0000228881835938,
				"bytes":	11796480,
				"bits_per_second":	94369680.049437344,
				"retransmits":	0,
				"omitted":	false
			}
		}, {
			"streams":	[{
					"socket":	6,
					"start":	10.000078916549683,
					"end":	10.514074087142944,
					"seconds":	0.51399517059326172,
					"bytes":	6553600,
					"bits_per_second":	102002514.80862322,
					"retransmits":	0,
					"snd_cwnd":	4559752,
					"rtt":	362515,
					"rttvar":	431,
					"pmtu":	1500,
					"omitted":	false
				}],
			"sum":	{
				"start":	10.000078916549683,
				"end":	10.514074087142944,
				"seconds":	0.51399517059326172,
				"bytes":	6553600,
				"bits_per_second":	102002514.80862322,
				"retransmits":	0,
				"omitted":	false
			}
		}],
	"end":	{
		"streams":	[{
				"sender":	{
					"socket":	6,
					"start":	0,
					"end":	10.514074087142944,
					"seconds":	10.514074087142944,
					"bytes":	89513288,
					"bits_per_second":	68109307.3973756,
					"retransmits":	0,
					"max_snd_cwnd":	4559752,
					"max_rtt":	703589,
					"min_rtt":	101211,
					"mean_rtt":	408462
				},
				"receiver":	{
					"socket":	6,
					"start":	0,
					"end":	11.576351881027222,
					"seconds":	10.514074087142944,
					"bytes":	82132008,
					"bits_per_second":	56758473.718898088
				}
			}],
		"sum_sent":	{
			"start":	0,
			"end":	10.514074087142944,
			"seconds":	10.514074087142944,
			"bytes":	89513288,
			"bits_per_second":	68109307.3973756,
			"retransmits":	0
		},
		"sum_received":	{
			"start":	0,
			"end":	11.576351881027222,
			"seconds":	11.576351881027222,
			"bytes":	82132008,
			"bits_per_second":	56758473.718898088
		},