{
	"start":	{
		"connected":	[{
				"socket":	6,
				"local_host":	"192.168.14.1",
				"local_port":	52134,
				"remote_host":	"192.168.24.1",
				"remote_port":	5008
			}],
		"version":	"iperf 3.6",
		"system_info":	"Linux ba-thesis 4.19.0-23-amd64 #1 SMP Debian 4.19.269-1 (2022-12-20) x86_64",
		"timestamp":	{
			"time":	"Sun, 11 Jun 2023 18:23:07 GMT",
			"timesecs":	1686507787
		},
		"connecting_to":	{
			"host":	"h5",
			"port":	5008
		},
		"cookie":	"hghvsnhtpg3mhkfffncycqrojk3hzsnouu3t",
		"tcp_mss_default":	1448,
		"sock_bufsize":	0,
		"sndbuf_actual":	87380,
		"rcvbuf_actual":	87380,
		"test_start":	{
			"protocol":	"TCP",
			"num_streams":	1,
			"blksize":	131072,
			"omit":	0,
			"duration":	0,
			"bytes":	147246290,
			"blocks":	0,
			"reverse":	0,
			"tos":	0
		}
	},
	"intervals":	[{
			"streams":	[{
					"socket":	6,
					"start":	0,
					"end":	1.0001580715179443,
					"seconds":	1.0001580715179443,
					"bytes":	16950192,
					"bits_per_second":	135580104.64705539,
					"retransmits":	0,
					"snd_cwnd":	1400216,
					"rtt":	110557,
					"rttvar":	403,
					"pmtu":	1500,
					"omitted":	false
				}],
			"sum":	{
				"start":	0,
				"end":	1.0001580715179443,
				"seconds":	1.0001580715179443,
				"bytes":	16950192,
				"bits_per_second":	135580104.64705539,
				"retransmits":	0,
				"omitted":	false
			}
		}, {
			"streams":	[{
					"socket":	6,
					"start":	1.0001580715179443,
					"end":	2.0000782012939453,
					"seconds":	0.999920129776001,
					"bytes":	14417920,
					"bits_per_second":	115352573.23586321,
					"retransmits":	0,
					"snd_cwnd":	1996792,
					"rtt":	158228,
					"rttvar":	307,
					"pmtu":	1500,
					"omitted":	false
				}],
			"sum":	{
				"start":	1.0001580715179443,
				"end":	2.0000782012939453,
				"seconds":	0.999920129776001,
				"bytes":	14417920,
				"bits_per_second":	115352573.23586321,
				"retransmits":	0,
				"omitted":	false
			}
		}, {
			"streams":	[{
					"socket":	6,
					"start":	2.0000782012939453,
					"end":	3.000042200088501,
					"seconds":	0.99996399879455566,
					"bytes":	14417920,
					"bits_per_second":	115347512.64950038,
					"retransmits":	0,
					"snd_cwnd":	2594816,
					"rtt":	205879,
					"rttvar":	306,
					"pmtu":	1500,
					"omitted":	false
				}],
			"sum":	{
				"start":	2.0000782012939453,
				"end":	3.000042200088501,
				"seconds":	0.99996399879455566,
				"bytes":	14417920,
				"bits_per_second":	115347512.64950038,
				"retransmits":	0,
				"omitted":	false
			}
		}, {
			"streams":	[{
					"socket":	6,
					"start":	3.000042200088501,
					"end":	4.0001411437988281,
					"seconds":	1.0000989437103271,
					"bytes":	11796480,
					"bits_per_second":	94362503.423795491,
					"retransmits":	0,
					"snd_cwnd":	3192840,
					"rtt":	253581,
					"rttvar":	555,
					"pmtu":	1500,
					"omitted":	false
				}],
			"sum":	{
				"start":	3.000042200088501,
				"end":	4.0001411437988281,
				"seconds":	1.0000989437103271,
				"bytes":	11796480,
				"bits_per_second":	94362503.423795491,
				"retransmits":	0,
				"omitted":	false
			}
		}, {
			"streams":	[{
					"socket":	6,
					"start":	4.0001411437988281,
					"end":	5.0000650882720947,
					"seconds":	0.9999239444732666,
					"bytes":	13107200,
					"bits_per_second":	104865575.60658896,
					"retransmits":	0,
					"snd_cwnd":	3790864,
					"rtt":	301212,
					"rttvar":	495,
					"pmtu":	1500,
					"omitted":	false
				}],
			"sum":	{
				"start":	4.0001411437988281,
				"end":	5.0000650882720947,
				"seconds":	0.9999239444732666,
				"bytes":	13107200,
				"bits_per_second":	104865575.60658896,
				"retransmits":	0,
				"omitted":	false
			}
		}, {
			"streams":	[{
					"socket":	6,
					"start":	5.0000650882720947,
					"end":	6.0000710487365723,
					"seconds":	1.0000059604644775,
					"bytes":	11796480,
					"bits_per_second":	94371277.503352746,
					"retransmits":	0,
					"snd_cwnd":	4387440,
					"rtt":	348777,
					"rttvar":	304,
					"pmtu":	1500,
					"omitted":	false
				}],
			"sum":	{
				"start":	5.0000650882720947,
				"end":	6.0000710487365723,
				"seconds":	1.0000059604644775,
				"bytes":	11796480,
				"bits_per_second":	94371277.503352746,
				"retransmits":	0,
				"omitted":	false
			}
		}, {
			"streams":	[{
					"socket":	6,
					"start":	6.0000710487365723,
					"end":	7.0000841617584229,
					"seconds":	1.0000131130218506,
					"bytes":	11796480,
					"bits_per_second":	94370602.516227156,
					"retransmits":	0,
					"snd_cwnd":	4985464,
					"rtt":	396531,
					"rttvar":	485,
					"pmtu":	1500,
					"omitted":	false
				}],
			"sum":	{
				"start":	6.0000710487365723,
				"end":	7.0000841617584229,
				"seconds":	1.0000131130218506,
				"bytes":	11796480,
				"bits_per_second":	94370602.516227156,
				"retransmits":	0,
				"omitted":	false
			}
		}, {
			"streams":	[{
					"socket":	6,
					"start":	7.0000841617584229,
					"end":	8.00003719329834,
					"seconds":	0.999953031539917,
					"bytes":	11796480,
					"bits_per_second":	94376272.708197474,
					"retransmits":	0,
					"snd_cwnd":	5583488,
					"rtt":	444079,
					"rttvar":	638,
					"pmtu":	1500,
					"omitted":	false
				}],
			"sum":	{
				"start":	7.0000841617584229,
				"end":	8.00003719329834,
				"seconds":	0.999953031539917,
				"bytes":	11796480,
				"bits_per_second":	94376272.708197474,
				"retransmits":	0,
				"omitted":	false
			}
		}, {
			"streams":	[{
					"socket":	6,
					"start":	8.00003719329834,
					"end":	9.00008511543274,
					"seconds":	1.0000479221343994,
					"bytes":	11796480,
					"bits_per_second":	94367317.716717467,
					"retransmits":	0,
					"snd_cwnd":	6181512,
					"rtt":	491691,
					"rttvar":	644,
					"pmtu":	1500,
					"omitted":	false
				}],
			"sum":	{
				"start":	8.00003719329834,
				"end":	9.00008511543274,
				"seconds":	1.0000479221343994,
				"bytes":	11796480,
				"bits_per_second":	94367317.716717467,
				"retransmits":	0,
				"omitted":	false
			}
		}, {
			"streams":	[{
					"socket":	6,
					"start":	9.00008511543274,
					"end":	10.00007700920105,
					"seconds":	0.99999189376831055,
					"bytes":	11796480,
					"bits_per_second":	94372605.006201312,
					"retransmits":	0,
					"snd_cwnd":	6778088,
					"rtt":	539287,
					"rttvar":	471,
					"pmtu":	1500,
					"omitted":	false
				}],
			"sum":	{
				"start":	9.00008511543274,
				"end":	10.00007700920105,
				"seconds":	0.99999189376831055,
				"bytes":	11796480,
				"bits_per_second":	94372605.006201312,
				"retransmits":	0,
				"omitted":	false
			}
		}, {
			"streams":	[{
					"socket":	6,
					"start":	10.00007700920105,
					"end":	11.000095129013062,
					"seconds":	1.0000181198120117,
					"bytes":	11796480,
					"bits_per_second":	94370130.030984312,
					"retransmits":	0,
					"snd_cwnd":	7376112,
					"rtt":	586938,
					"rttvar":	519,
					"pmtu":	1500,
					"omitted":	false
				}],
			"sum":	{
				"start":	10.00007700920105,
				"end":	11.000095129013062,
				"seconds":	1.0000181198120117,
				"bytes":	11796480,
				"bits_per_second":	94370130.030984312,
				"retransmits":	0,
				"omitted":	false
			}
		}, {
			"streams":	[{
					"socket":	6,
					"start":	11.000095129013062,
					"end":	11.492510080337524,
					"seconds":	0.49241495132446289,
					"bytes":	6553600,
					"bits_per_second":	106472802.78346692,
					"retransmits":	0,
					"snd_cwnd":	7671504,
					"rtt":	610796,
					"rttvar":	645,
					"pmtu":	1500,
					"omitted":	false
				}],
			"sum":	{
				"start":	11.000095129013062,
				"end":	11.492510080337524,
				"seconds":	0.49241495132446289,
				"bytes":	6553600,
				"bits_per_second":	106472802.78346692,
				"retransmits":	0,
				"omitted":	false
			}
		}],
	"end":	{
		"streams":	[{
				"sender":	{
					"socket":	6,
					"start":	0,
					"end":	11.492510080337524,
					"seconds":	11.492510080337524,
					"bytes":	148022192,
					"bits_per_second":	103039068.72581327,
					"retransmits":	0,
					"max_snd_cwnd":	7671504,
					"max_rtt":	610796,
					"min_rtt":	110557,
					"mean_rtt":	370629
				},