{
	"start":	{
		"connected":	[{
				"socket":	6,
				"local_host":	"192.168.11.1",
				"local_port":	52796,
				"remote_host":	"192.168.20.1",
				"remote_port":	5003
			}],
		"version":	"iperf 3.6",
		"system_info":	"Linux ba-thesis 4.19.0-23-amd64 #1 SMP Debian 4.19.269-1 (2022-12-20) x86_64",
		"timestamp":	{
			"time":	"Fri, 09 Jun 2023 21:13:14 GMT",
			"timesecs":	1686345194
		},
		"connecting_to":	{
			"host":	"h2",
			"port":	5003
		},
		"cookie":	"icvprbpqorfv4fe3fq7ue576lnjepczyio4o",
		"tcp_mss_default":	1448,
		"sock_bufsize":	0,
		"sndbuf_actual":	87380,
		"rcvbuf_actual":	87380,
		"test_start":	{
			"protocol":	"TCP",
			"num_streams":	1,
			"blksize":	131072,
			"omit":	0,
			"duration":	0,
			"bytes":	286123179,
			"blocks":	0,
			"reverse":	0,
			"tos":	0
		}
	},
	"intervals":	[{
			"streams":	[{
					"socket":	6,
					"start":	0,
					"end":	1.0000720024108887,
					"seconds":	1.0000720024108887,
					"bytes":	3517192,
					"bits_per_second":	28135510.175435785,
					"retransmits":	0,
					"snd_cwnd":	234576,
					"rtt":	73740,
					"rttvar":	301,
					"pmtu":	1500,
					"omitted":	false
				}],
			"sum":	{
				"start":	0,
				"end":	1.0000720024108887,
				"seconds":	1.0000720024108887,
				"bytes":	3517192,
				"bits_per_second":	28135510.175435785,
				"retransmits":	0,
				"omitted":	false
			}
		}, {
			"streams":	[{
					"socket":	6,
					"start":	1.0000720024108887,
					"end":	2.000079870223999,
					"seconds":	1.0000078678131104,
					"bytes":	10034640,
					"bits_per_second":	80276488.399592116,
					"retransmits":	0,
					"snd_cwnd":	663184,
					"rtt":	53221,
					"rttvar":	277,
					"pmtu":	1500,
					"omitted":	false
				}],
			"sum":	{
				"start":	1.0000720024108887,
				"end":	2.000079870223999,
				"seconds":	1.0000078678131104,
				"bytes":	10034640,
				"bits_per_second":	80276488.399592116,
				"retransmits":	0,
				"omitted":	false
			}
		}, {
			"streams":	[{
					"socket":	6,
					"start":	2.000079870223999,
					"end":	3.0001049041748047,
					"seconds":	1.0000250339508057,
					"bytes":	13107200,
					"bits_per_second":	104854975.06571248,
					"retransmits":	0,
					"snd_cwnd":	1210528,
					"rtt":	104791,
					"rttvar":	412,
					"pmtu":	1500,
					"omitted":	false
				}],
			"sum":	{
				"start":	2.000079870223999,
				"end":	3.0001049041748047,
				"seconds":	1.0000250339508057,
				"bytes":	13107200,
				"bits_per_second":	104854975.06571248,
				"retransmits":	0,
				"omitted":	false
			}
		}, {
			"streams":	[{
					"socket":	6,
					"start":	3.0001049041748047,
					"end":	4.0001130104064941,
					"seconds":	1.0000081062316895,
					"bytes":	13107200,
					"bits_per_second":	104856750.00689024,
					"retransmits":	0,
					"snd_cwnd":	1754976,
					"rtt":	152204,
					"rttvar":	758,
					"pmtu":	1500,
					"omitted":	false
				}],
			"sum":	{
				"start":	3.0001049041748047,
				"end":	4.0001130104064941,
				"seconds":	1.0000081062316895,
				"bytes":	13107200,
				"bits_per_second":	104856750.00689024,
				"retransmits":	0,
				"omitted":	false
			}
		}, {
			"streams":	[{
					"socket":	6,
					"start":	4.0001130104064941,
					"end":	5.0000629425048828,
					"seconds":	0.99994993209838867,
					"bytes":	13107200,
					"bits_per_second":	104862850.26286964,
					"retransmits":	0,
					"snd_cwnd":	2303768,
					"rtt":	199986,
					"rttvar":	627,
					"pmtu":	1500,
					"omitted":	false
				}],
			"sum":	{
				"start":	4.0001130104064941,
				"end":	5.0000629425048828,
				"seconds":	0.99994993209838867,
				"bytes":	13107200,
				"bits_per_second":	104862850.26286964,
				"retransmits":	0,
				"omitted":	false
			}
		}, {
			"streams":	[{
					"socket":	6,
					"start":	5.0000629425048828,
					"end":	6.000093936920166,
					"seconds":	1.0000309944152832,
					"bytes":	13107200,
					"bits_per_second":	104854350.10072872,
					"retransmits":	0,
					"snd_cwnd":	2852560,
					"rtt":	247617,
					"rttvar":	605,
					"pmtu":	1500,
					"omitted":	false
				}],
			"sum":	{
				"start":	5.0000629425048828,
				"end":	6.000093936920166,
				"seconds":	1.0000309944152832,
				"bytes":	13107200,
				"bits_per_second":	104854350.10072872,
				"retransmits":	0,
				"omitted":	false
			}
		}, {
			"streams":	[{
					"socket":	6,
					"start":	6.000093936920166,
					"end":	7.0000898838043213,
					"seconds":	0.99999594688415527,
					"bytes":	10485760,
					"bits_per_second":	83886420.001378059,
					"retransmits":	0,
					"snd_cwnd":	3397008,
					"rtt":	295176,
					"rttvar":	590,
					"pmtu":	1500,
					"omitted":	false
				}],
			"sum":	{
				"start":	6.000093936920166,
				"end":	7.0000898838043213,
				"seconds":	0.99999594688415527,
				"bytes":	10485760,
				"bits_per_second":	83886420.001378059,
				"retransmits":	0,
				"omitted":	false
			}
		}, {
			"streams":	[{
					"socket":	6,
					"start":	7.0000898838043213,
					"end":	8.0000698566436768,
					"seconds":	0.99997997283935547,
					"bytes":	11796480,
					"bits_per_second":	94373730.0378521,
					"retransmits":	0,
					"snd_cwnd":	3941456,
					"rtt":	342860,
					"rttvar":	652,
					"pmtu":	1500,
					"omitted":	false
				}],
			"sum":	{
				"start":	7.0000898838043213,
				"end":	8.0000698566436768,
				"seconds":	0.99997997283935547,
				"bytes":	11796480,
				"bits_per_second":	94373730.0378521,
				"retransmits":	0,
				"omitted":	false
			}
		}, {
			"streams":	[{
					"socket":	6,
					"start":	8.0000698566436768,
					"end":	9.0000748634338379,
					"seconds":	1.0000050067901611,
					"bytes":	10485760,
					"bits_per_second":	83885660.002102837,
					"retransmits":	0,
					"snd_cwnd":	4483008,
					"rtt":	390263,
					"rttvar":	312,
					"pmtu":	1500,
					"omitted":	false
				}],
			"sum":	{
				"start":	8.0000698566436768,
				"end":	9.0000748634338379,
				"seconds":	1.0000050067901611,
				"bytes":	10485760,
				"bits_per_second":	83885660.002102837,
				"retransmits":	0,
				"omitted":	false
			}
		}, {
			"streams":	[{
					"socket":	6,
					"start":	9.0000748634338379,
					"end":	10.000092029571533,
					"seconds":	1.0000171661376953,
					"bytes":	10485760,
					"bits_per_second":	83884640.024718821,
					"retransmits":	0,
					"snd_cwnd":	5031800,
					"rtt":	442721,
					"rttvar":	190,
					"pmtu":	1500,
					"omitted":	false
				}],
			"sum":	{
				"start":	9.0000748634338379,
				"end":	10.000092029571533,
				"seconds":	1.0000171661376953,
				"bytes":	10485760,
				"bits_per_second":	83884640.024718821,
				"retransmits":	0,
				"omitted":	false
			}
		}, {
			"streams":	[{
					"socket":	6,
					"start":	10.000092029571533,
					"end":	11.000072956085205,
					"seconds":	0.99998092651367188,
					"bytes":	11796480,
					"bits_per_second":	94373640.034332931,
					"retransmits":	0,
					"snd_cwnd":	5580592,
					"rtt":	485279,
					"rttvar":	176,
					"pmtu":	1500,
					"omitted":	false
				}],
			"sum":	{
				"start":	10.000092029571533,
				"end":	11.000072956085205,
				"seconds":	0.99998092651367188,
				"bytes":	11796480,
				"bits_per_second":	94373640.034332931,
				"retransmits":	0,
				"omitted":	false
			}
		}, {
			"streams":	[{
					"socket":	6,
					"start":	11.000072956085205,
					"end":	12.0000479221344,
					"seconds":	0.99997496604919434,
					"bytes":	10485760,
					"bits_per_second":	83888180.052572608,
					"retransmits":	0,
					"snd_cwnd":	6125040,
					"rtt":	532919,
					"rttvar":	312,
					"pmtu":	1500,
					"omitted":	false
				}],
			"sum":	{
				"start":	11.000072956085205,
				"end":	12.0000479221344,
				"seconds":	0.99997496604919434,
				"bytes":	10485760,
				"bits_per_second":	83888180.052572608,
				"retransmits":	0,
				"omitted":	false
			}
		}, {
			"streams":	[{
					"socket":	6,
					"start":	12.0000479221344,
					"end":	13.000090837478638,
					"seconds":	1.0000429153442383,
					"bytes":	10485760,
					"bits_per_second":	83882480.154488608,
					"retransmits":	0,
					"snd_cwnd":	6663696,
					"rtt":	583663,
					"rttvar":	551,
					"pmtu":	1500,