{
	"start":	{
		"connected":	[{
				"socket":	6,
				"local_host":	"192.168.16.1",
				"local_port":	38780,
				"remote_host":	"192.168.26.1",
				"remote_port":	5005
			}],
		"version":	"iperf 3.6",
		"system_info":	"Linux ba-thesis 4.19.0-23-amd64 #1 SMP Debian 4.19.269-1 (2022-12-20) x86_64",
		"timestamp":	{
			"time":	"Fri, 09 Jun 2023 16:07:10 GMT",
			"timesecs":	1686326830
		},
		"connecting_to":	{
			"host":	"h7",
			"port":	5005
		},
		"cookie":	"phakvtmsklwpgh6fxdt6xj3k6bakwaqat4na",
		"tcp_mss_default":	1448,
		"sock_bufsize":	0,
		"sndbuf_actual":	87380,
		"rcvbuf_actual":	87380,
		"test_start":	{
			"protocol":	"TCP",
			"num_streams":	1,
			"blksize":	131072,
			"omit":	0,
			"duration":	0,
			"bytes":	1366390,
			"blocks":	0,
			"reverse":	0,
			"tos":	0
		}
	},
	"intervals":	[{
			"streams":	[{
					"socket":	6,
					"start":	0,
					"end":	0.10582208633422852,
					"seconds":	0.10582208633422852,
					"bytes":	1823032,
					"bits_per_second":	137818639.80584431,
					"retransmits":	0,
					"snd_cwnd":	267880,
					"rtt":	21824,
					"rttvar":	786,
					"pmtu":	1500,
					"omitted":	false
				}],
			"sum":	{
				"start":	0,
				"end":	0.10582208633422852,
				"seconds":	0.10582208633422852,
				"bytes":	1823032,
				"bits_per_second":	137818639.80584431,
				"retransmits":	0,
				"omitted":	false
			}
		}],
	"end":	{
		"streams":	[{
				"sender":	{
					"socket":	6,
					"start":	0,
					"end":	0.10582208633422852,
					"seconds":	0.10582208633422852,
					"bytes":	1823032,
					"bits_per_second":	137818639.80584431,
					"retransmits":	0,
					"max_snd_cwnd":	267880,
					"max_rtt":	21824,
					"min_rtt":	21824,
					"mean_rtt":	21824
				},
				"receiver":	{
					"socket":	6,
					"start":	0,
					"end":	0.15294504165649414,
					"seconds":	0.10582208633422852,
					"bytes":	519832,
					"bits_per_second":	27190525.138697237
				}
			}],
		"sum_sent":	{
			"start":	0,
			"end":	0.10582208633422852,
			"seconds":	0.10582208633422852,
			"bytes":	1823032,
			"bits_per_second":	137818639.80584431,
			"retransmits":	0
		},
		"sum_received":	{
			"start":	0,
			"end":	0.15294504165649414,
			"seconds":	0.15294504165649414,
			"bytes":	519832,
			"bits_per_second":	27190525.138697237
		},
		"cpu_utilization_percent":	{
			"host_total":	15.2602961166832,
			"host_user":	0.32587530768948159,
			"host_system":	14.934053418567911,
			"remote_total":	0.0016677449236476008,
			"remote_user":	0.0016687213551017271,
			"remote_system":	0
		},
		"sender_tcp_congestion":	"cubic",
		"receiver_tcp_congestion":	"cubic"
	}
}
