{
	"start":	{
		"connected":	[{
				"socket":	6,
				"local_host":	"192.168.0.2",
				"local_port":	46924,
				"remote_host":	"192.168.0.1",
				"remote_port":	5005
			}],
		"version":	"iperf 3.6",
		"system_info":	"Linux ba-thesis 4.19.0-23-amd64 #1 SMP Debian 4.19.269-1 (2022-12-20) x86_64",
		"timestamp":	{
			"time":	"Sun, 04 Jun 2023 19:51:38 GMT",
			"timesecs":	1685908298
		},
		"connecting_to":	{
			"host":	"h0",
			"port":	5005
		},
		"cookie":	"il6obeh2u2uvdzafr3m6dqrzjwhkvugn2e5h",
		"tcp_mss_default":	1448,
		"sock_bufsize":	0,
		"sndbuf_actual":	87380,
		"rcvbuf_actual":	87380,
		"test_start":	{
			"protocol":	"TCP",
			"num_streams":	1,
			"blksize":	131072,
			"omit":	0,
			"duration":	0,
			"bytes":	276341783,
			"blocks":	0,
			"reverse":	0,
			"tos":	0
		}
	},
	"intervals":	[{
			"streams":	[{
					"socket":	6,
					"start":	0,
					"end":	1.0001230239868164,
					"seconds":	1.0001230239868164,
					"bytes":	14763200,
					"bits_per_second":	118091071.96551938,
					"retransmits":	0,
					"snd_cwnd":	818120,
					"rtt":	64258,
					"rttvar":	258,
					"pmtu":	1500,
					"omitted":	false
				}],
			"sum":	{
				"start":	0,
				"end":	1.0001230239868164,
				"seconds":	1.0001230239868164,
				"bytes":	14763200,
				"bits_per_second":	118091071.96551938,
				"retransmits":	0,
				"omitted":	false
			}
		}, {
			"streams":	[{
					"socket":	6,
					"start":	1.0001230239868164,
					"end":	2.0001251697540283,
					"seconds":	1.0000021457672119,
					"bytes":	14417920,
					"bits_per_second":	115343112.50053108,
					"retransmits":	0,
					"snd_cwnd":	1416144,
					"rtt":	111992,
					"rttvar":	350,
					"pmtu":	1500,
					"omitted":	false
				}],
			"sum":	{
				"start":	1.0001230239868164,
				"end":	2.0001251697540283,
				"seconds":	1.0000021457672119,
				"bytes":	14417920,
				"bits_per_second":	115343112.50053108,
				"retransmits":	0,
				"omitted":	false
			}
		}, {
			"streams":	[{
					"socket":	6,
					"start":	2.0001251697540283,
					"end":	3.0001001358032227,
					"seconds":	0.99997496604919434,
					"bytes":	14417920,
					"bits_per_second":	115346247.57228734,
					"retransmits":	0,
					"snd_cwnd":	2014168,
					"rtt":	159618,
					"rttvar":	538,
					"pmtu":	1500,
					"omitted":	false
				}],
			"sum":	{
				"start":	2.0001251697540283,
				"end":	3.0001001358032227,
				"seconds":	0.99997496604919434,
				"bytes":	14417920,
				"bits_per_second":	115346247.57228734,
				"retransmits":	0,
				"omitted":	false
			}
		}, {
			"streams":	[{
					"socket":	6,
					"start":	3.0001001358032227,
					"end":	4.0000801086425781,
					"seconds":	0.99997997283935547,
					"bytes":	14417920,
					"bits_per_second":	115345670.04626366,
					"retransmits":	0,
					"snd_cwnd":	2612192,
					"rtt":	207345,
					"rttvar":	538,
					"pmtu":	1500,
					"omitted":	false
				}],
			"sum":	{
				"start":	3.0001001358032227,
				"end":	4.0000801086425781,
				"seconds":	0.99997997283935547,
				"bytes":	14417920,
				"bits_per_second":	115345670.04626366,
				"retransmits":	0,
				"omitted":	false
			}
		}, {
			"streams":	[{
					"socket":	6,
					"start":	4.0000801086425781,
					"end":	5.0000791549682617,
					"seconds":	0.99999904632568359,
					"bytes":	13107200,
					"bits_per_second":	104857700.00009537,
					"retransmits":	0,
					"snd_cwnd":	3210216,
					"rtt":	254837,
					"rttvar":	283,
					"pmtu":	1500,
					"omitted":	false
				}],
			"sum":	{
				"start":	4.0000801086425781,
				"end":	5.0000791549682617,
				"seconds":	0.99999904632568359,
				"bytes":	13107200,
				"bits_per_second":	104857700.00009537,
				"retransmits":	0,
				"omitted":	false
			}
		}, {
			"streams":	[{
					"socket":	6,
					"start":	5.0000791549682617,
					"end":	6.0000820159912109,
					"seconds":	1.0000028610229492,
					"bytes":	11796480,
					"bits_per_second":	94371570.000772476,
					"retransmits":	0,
					"snd_cwnd":	3806792,
					"rtt":	302509,
					"rttvar":	478,
					"pmtu":	1500,
					"omitted":	false
				}],
			"sum":	{
				"start":	5.0000791549682617,
				"end":	6.0000820159912109,
				"seconds":	1.0000028610229492,
				"bytes":	11796480,
				"bits_per_second":	94371570.000772476,
				"retransmits":	0,
				"omitted":	false
			}
		}, {
			"streams":	[{
					"socket":	6,
					"start":	6.0000820159912109,
					"end":	7.0000841617584229,
					"seconds":	1.0000021457672119,
					"bytes":	11796480,
					"bits_per_second":	94371637.500434518,
					"retransmits":	0,
					"snd_cwnd":	4404816,
					"rtt":	350028,
					"rttvar":	393,
					"pmtu":	1500,
					"omitted":	false
				}],
			"sum":	{
				"start":	6.0000820159912109,
				"end":	7.0000841617584229,
				"seconds":	1.0000021457672119,
				"bytes":	11796480,
				"bits_per_second":	94371637.500434518,
				"retransmits":	0,
				"omitted":	false
			}
		}, {
			"streams":	[{
					"socket":	6,
					"start":	7.0000841617584229,
					"end":	8.00007700920105,
					"seconds":	0.999992847442627,
					"bytes":	11796480,
					"bits_per_second":	94372515.004828,
					"retransmits":	0,
					"snd_cwnd":	5002840,
					"rtt":	397826,
					"rttvar":	549,
					"pmtu":	1500,
					"omitted":	false
				}],
			"sum":	{
				"start":	7.0000841617584229,
				"end":	8.00007700920105,
				"seconds":	0.999992847442627,
				"bytes":	11796480,
				"bits_per_second":	94372515.004828,
				"retransmits":	0,
				"omitted":	false
			}
		}, {
			"streams":	[{
					"socket":	6,
					"start":	8.00007700920105,
					"end":	9.000089168548584,
					"seconds":	1.0000121593475342,
					"bytes":	11796480,
					"bits_per_second":	94370692.513952687,
					"retransmits":	0,
					"snd_cwnd":	5600864,
					"rtt":	445446,
					"rttvar":	502,
					"pmtu":	1500,
					"omitted":	false
				}],
			"sum":	{
				"start":	8.00007700920105,
				"end":	9.000089168548584,
				"seconds":	1.0000121593475342,
				"bytes":	11796480,
				"bits_per_second":	94370692.513952687,
				"retransmits":	0,
				"omitted":	false
			}
		}, {
			"streams":	[{
					"socket":	6,
					"start":	9.000089168548584,
					"end":	10.000091075897217,
					"seconds":	1.0000019073486328,
					"bytes":	11796480,
					"bits_per_second":	94371660.000343323,
					"retransmits":	0,
					"snd_cwnd":	6197440,
					"rtt":	493053,
					"rttvar":	576,
					"pmtu":	1500,
					"omitted":	false
				}],
			"sum":	{
				"start":	9.000089168548584,
				"end":	10.000091075897217,
				"seconds":	1.0000019073486328,
				"bytes":	11796480,
				"bits_per_second":	94371660.000343323,
				"retransmits":	0,
				"omitted":	false
			}
		}, {
			"streams":	[{
					"socket":	6,
					"start":	10.000091075897217,
					"end":	11.000105142593384,
					"seconds":	1.000014066696167,
					"bytes":	11796480,
					"bits_per_second":	94370512.518673271,
					"retransmits":	0,
					"snd_cwnd":	6795464,
					"rtt":	540571,
					"rttvar":	297,
					"pmtu":	1500,
					"omitted":	false
				}],
			"sum":	{
				"start":	10.000091075897217,
				"end":	11.000105142593384,
				"seconds":	1.000014066696167,
				"bytes":	11796480,
				"bits_per_second":	94370512.518673271,
				"retransmits":	0,
				"omitted":	false
			}
		}, {
			"streams":	[{
					"socket":	6,
					"start":	11.000105142593384,
					"end":	12.000127077102661,
					"seconds":	1.0000219345092773,
					"bytes":	11796480,
					"bits_per_second":	94369770.045403436,
					"retransmits":	0,
					"snd_cwnd":	7393488,
					"rtt":	588271,
					"rttvar":	569,
					"pmtu":	1500,
					"omitted":	false
				}],
			"sum":	{
				"start":	11.000105142593384,
				"end":	12.000127077102661,
				"seconds":	1.0000219345092773,
				"bytes":	11796480,
				"bits_per_second":	94369770.045403436,
				"retransmits":	0,
				"omitted":	false
			}
		}, {
			"streams":	[{
					"socket":	6,
					"start":	12.000127077102661,
					"end":	13.000120162963867,
					"seconds":	0.999993085861206,
					"bytes":	11796480,
					"bits_per_second":	94372492.5045115,
					"retransmits":	0,
					"snd_cwnd":	7991512,
					"rtt":	635847,
					"rttvar":	702,
					"pmtu":	1500,
					"omitted":	false
				}],