{
	"start":	{
		"connected":	[{
				"socket":	6,
				"local_host":	"192.168.18.2",
				"local_port":	52496,
				"remote_host":	"192.168.31.1",
				"remote_port":	5008
			}],
		"version":	"iperf 3.6",
		"system_info":	"Linux ba-thesis 4.19.0-23-amd64 #1 SMP Debian 4.19.269-1 (2022-12-20) x86_64",
		"timestamp":	{
			"time":	"Sun, 04 Jun 2023 19:51:39 GMT",
			"timesecs":	1685908299
		},
		"connecting_to":	{
			"host":	"h1",
			"port":	5008
		},
		"cookie":	"t67gf3xlofu47fhkc6fen4ju3v5wvtuzyhby",
		"tcp_mss_default":	1448,
		"sock_bufsize":	0,
		"sndbuf_actual":	87380,
		"rcvbuf_actual":	87380,
		"test_start":	{
			"protocol":	"TCP",
			"num_streams":	1,
			"blksize":	131072,
			"omit":	0,
			"duration":	0,
			"bytes":	179798829,
			"blocks":	0,
			"reverse":	0,
			"tos":	0
		}
	},
	"intervals":	[{
			"streams":	[{
					"socket":	6,
					"start":	0,
					"end":	1.0000729560852051,
					"seconds":	1.0000729560852051,
					"bytes":	16107176,
					"bits_per_second":	128848007.75376782,
					"retransmits":	0,
					"snd_cwnd":	1336504,
					"rtt":	105713,
					"rttvar":	355,
					"pmtu":	1500,
					"omitted":	false
				}],
			"sum":	{
				"start":	0,
				"end":	1.0000729560852051,
				"seconds":	1.0000729560852051,
				"bytes":	16107176,
				"bits_per_second":	128848007.75376782,
				"retransmits":	0,
				"omitted":	false
			}
		}, {
			"streams":	[{
					"socket":	6,
					"start":	1.0000729560852051,
					"end":	2.0000851154327393,
					"seconds":	1.0000121593475342,
					"bytes":	14417920,
					"bits_per_second":	115341957.51705328,
					"retransmits":	0,
					"snd_cwnd":	1934528,
					"rtt":	153337,
					"rttvar":	524,
					"pmtu":	1500,
					"omitted":	false
				}],
			"sum":	{
				"start":	1.0000729560852051,
				"end":	2.0000851154327393,
				"seconds":	1.0000121593475342,
				"bytes":	14417920,
				"bits_per_second":	115341957.51705328,
				"retransmits":	0,
				"omitted":	false
			}
		}, {
			"streams":	[{
					"socket":	6,
					"start":	2.0000851154327393,
					"end":	3.0000460147857666,
					"seconds":	0.99996089935302734,
					"bytes":	14417920,
					"bits_per_second":	115347870.17635082,
					"retransmits":	0,
					"snd_cwnd":	2531104,
					"rtt":	200842,
					"rttvar":	592,
					"pmtu":	1500,
					"omitted":	false
				}],
			"sum":	{
				"start":	2.0000851154327393,
				"end":	3.0000460147857666,
				"seconds":	0.99996089935302734,
				"bytes":	14417920,
				"bits_per_second":	115347870.17635082,
				"retransmits":	0,
				"omitted":	false
			}
		}, {
			"streams":	[{
					"socket":	6,
					"start":	3.0000460147857666,
					"end":	4.0000391006469727,
					"seconds":	0.999993085861206,
					"bytes":	13107200,
					"bits_per_second":	104858325.00501278,
					"retransmits":	0,
					"snd_cwnd":	3129128,
					"rtt":	248410,
					"rttvar":	320,
					"pmtu":	1500,
					"omitted":	false
				}],
			"sum":	{
				"start":	3.0000460147857666,
				"end":	4.0000391006469727,
				"seconds":	0.999993085861206,
				"bytes":	13107200,
				"bits_per_second":	104858325.00501278,
				"retransmits":	0,
				"omitted":	false
			}
		}, {
			"streams":	[{
					"socket":	6,
					"start":	4.0000391006469727,
					"end":	5.0000720024108887,
					"seconds":	1.000032901763916,
					"bytes":	11796480,
					"bits_per_second":	94368735.102156609,
					"retransmits":	0,
					"snd_cwnd":	3727152,
					"rtt":	296172,
					"rttvar":	530,
					"pmtu":	1500,
					"omitted":	false
				}],
			"sum":	{
				"start":	4.0000391006469727,
				"end":	5.0000720024108887,
				"seconds":	1.000032901763916,
				"bytes":	11796480,
				"bits_per_second":	94368735.102156609,
				"retransmits":	0,
				"omitted":	false
			}
		}, {
			"streams":	[{
					"socket":	6,
					"start":	5.0000720024108887,
					"end":	6.000075101852417,
					"seconds":	1.0000030994415283,
					"bytes":	11796480,
					"bits_per_second":	94371547.500906587,
					"retransmits":	0,
					"snd_cwnd":	4325176,
					"rtt":	343664,
					"rttvar":	468,
					"pmtu":	1500,
					"omitted":	false
				}],
			"sum":	{
				"start":	5.0000720024108887,
				"end":	6.000075101852417,
				"seconds":	1.0000030994415283,
				"bytes":	11796480,
				"bits_per_second":	94371547.500906587,
				"retransmits":	0,
				"omitted":	false
			}
		}, {
			"streams":	[{
					"socket":	6,
					"start":	6.000075101852417,
					"end":	7.00006103515625,
					"seconds":	0.999985933303833,
					"bytes":	11796480,
					"bits_per_second":	94373167.5186738,
					"retransmits":	0,
					"snd_cwnd":	4921752,
					"rtt":	391225,
					"rttvar":	234,
					"pmtu":	1500,
					"omitted":	false
				}],
			"sum":	{
				"start":	6.000075101852417,
				"end":	7.00006103515625,
				"seconds":	0.999985933303833,
				"bytes":	11796480,
				"bits_per_second":	94373167.5186738,
				"retransmits":	0,
				"omitted":	false
			}
		}, {
			"streams":	[{
					"socket":	6,
					"start":	7.00006103515625,
					"end":	8.0000491142272949,
					"seconds":	0.99998807907104492,
					"bytes":	11796480,
					"bits_per_second":	94372965.013411209,
					"retransmits":	0,
					"snd_cwnd":	5519776,
					"rtt":	439088,
					"rttvar":	600,
					"pmtu":	1500,
					"omitted":	false
				}],
			"sum":	{
				"start":	7.00006103515625,
				"end":	8.0000491142272949,
				"seconds":	0.99998807907104492,
				"bytes":	11796480,
				"bits_per_second":	94372965.013411209,
				"retransmits":	0,
				"omitted":	false
			}
		}, {
			"streams":	[{
					"socket":	6,
					"start":	8.0000491142272949,
					"end":	9.0000720024108887,
					"seconds":	1.0000228881835938,
					"bytes":	11796480,
					"bits_per_second":	94369680.049437344,
					"retransmits":	0,
					"snd_cwnd":	6117800,
					"rtt":	486673,
					"rttvar":	523,
					"pmtu":	1500,
					"omitted":	false
				}],
			"sum":	{
				"start":	8.0000491142272949,
				"end":	9.0000720024108887,
				"seconds":	1.0000228881835938,
				"bytes":	11796480,
				"bits_per_second":	94369680.049437344,
				"retransmits":	0,
				"omitted":	false
			}
		}, {
			"streams":	[{
					"socket":	6,
					"start":	9.0000720024108887,
					"end":	10.000044107437134,
					"seconds":	0.99997210502624512,
					"bytes":	11796480,
					"bits_per_second":	94374472.57343556,
					"retransmits":	0,
					"snd_cwnd":	6715824,
					"rtt":	534108,
					"rttvar":	253,
					"pmtu":	1500,
					"omitted":	false
				}],
			"sum":	{
				"start":	9.0000720024108887,
				"end":	10.000044107437134,
				"seconds":	0.99997210502624512,
				"bytes":	11796480,
				"bits_per_second":	94374472.57343556,
				"retransmits":	0,
				"omitted":	false
			}
		}, {
			"streams":	[{
					"socket":	6,
					"start":	10.000044107437134,
					"end":	11.000075101852417,
					"seconds":	1.0000309944152832,
					"bytes":	11796480,
					"bits_per_second":	94368915.090655848,
					"retransmits":	0,
					"snd_cwnd":	7313848,
					"rtt":	581985,
					"rttvar":	362,
					"pmtu":	1500,
					"omitted":	false
				}],
			"sum":	{
				"start":	10.000044107437134,
				"end":	11.000075101852417,
				"seconds":	1.0000309944152832,
				"bytes":	11796480,
				"bits_per_second":	94368915.090655848,
				"retransmits":	0,
				"omitted":	false
			}
		}, {
			"streams":	[{
					"socket":	6,
					"start":	11.000075101852417,
					"end":	12.000040054321289,
					"seconds":	0.99996495246887207,
					"bytes":	11796480,
					"bits_per_second":	94375147.615923777,
					"retransmits":	0,
					"snd_cwnd":	7911872,
					"rtt":	629391,
					"rttvar":	394,
					"pmtu":	1500,
					"omitted":	false
				}],
			"sum":	{
				"start":	11.000075101852417,
				"end":	12.000040054321289,
				"seconds":	0.99996495246887207,
				"bytes":	11796480,
				"bits_per_second":	94375147.615923777,
				"retransmits":	0,
				"omitted":	false
			}
		}, {
			"streams":	[{
					"socket":	6,
					"start":	12.000040054321289,
					"end":	13.000082015991211,
					"seconds":	1.0000419616699219,
					"bytes":	11796480,
					"bits_per_second":	94367880.166161239,
					"retransmits":	0,
					"snd_cwnd":	8508448,
					"rtt":	677122,
					"rttvar":	679,
					"pmtu":	1500,
					"omitted":	false
				}],