{
	"start":	{
		"connected":	[{
				"socket":	6,
				"local_host":	"192.168.19.1",
				"local_port":	57418,
				"remote_host":	"192.168.24.1",
				"remote_port":	5007
			}],
		"version":	"iperf 3.6",
		"system_info":	"Linux ba-thesis 4.19.0-23-amd64 #1 SMP Debian 4.19.269-1 (2022-12-20) x86_64",
		"timestamp":	{
			"time":	"Mon, 12 Jun 2023 15:01:23 GMT",
			"timesecs":	1686582083
		},
		"connecting_to":	{
			"host":	"h4",
			"port":	5007
		},
		"cookie":	"cjkh7qmbc5f5ukparpwjjjb7jnit547sd2zc",
		"tcp_mss_default":	1448,
		"sock_bufsize":	0,
		"sndbuf_actual":	87380,
		"rcvbuf_actual":	87380,
		"test_start":	{
			"protocol":	"TCP",
			"num_streams":	1,
			"blksize":	131072,
			"omit":	0,
			"duration":	0,
			"bytes":	140624896,
			"blocks":	0,
			"reverse":	0,
			"tos":	0
		}
	},
	"intervals":	[{
			"streams":	[{
					"socket":	6,
					"start":	0,
					"end":	1.0000789165496826,
					"seconds":	1.0000789165496826,
					"bytes":	16950192,
					"bits_per_second":	135590835.63908279,
					"retransmits":	0,
					"snd_cwnd":	1400216,
					"rtt":	110553,
					"rttvar":	421,
					"pmtu":	1500,
					"omitted":	false
				}],
			"sum":	{
				"start":	0,
				"end":	1.0000789165496826,
				"seconds":	1.0000789165496826,
				"bytes":	16950192,
				"bits_per_second":	135590835.63908279,
				"retransmits":	0,
				"omitted":	false
			}
		}, {
			"streams":	[{
					"socket":	6,
					"start":	1.0000789165496826,
					"end":	2.0000760555267334,
					"seconds":	0.99999713897705078,
					"bytes":	14417920,
					"bits_per_second":	115343690.00094414,
					"retransmits":	0,
					"snd_cwnd":	1996792,
					"rtt":	158187,
					"rttvar":	318,
					"pmtu":	1500,
					"omitted":	false
				}],
			"sum":	{
				"start":	1.0000789165496826,
				"end":	2.0000760555267334,
				"seconds":	0.99999713897705078,
				"bytes":	14417920,
				"bits_per_second":	115343690.00094414,
				"retransmits":	0,
				"omitted":	false
			}
		}, {
			"streams":	[{
					"socket":	6,
					"start":	2.0000760555267334,
					"end":	3.0000908374786377,
					"seconds":	1.0000147819519043,
					"bytes":	14417920,
					"bits_per_second":	115341655.02520286,
					"retransmits":	0,
					"snd_cwnd":	2594816,
					"rtt":	205889,
					"rttvar":	300,
					"pmtu":	1500,
					"omitted":	false
				}],
			"sum":	{
				"start":	2.0000760555267334,
				"end":	3.0000908374786377,
				"seconds":	1.0000147819519043,
				"bytes":	14417920,
				"bits_per_second":	115341655.02520286,
				"retransmits":	0,
				"omitted":	false
			}
		}, {
			"streams":	[{
					"socket":	6,
					"start":	3.0000908374786377,
					"end":	4.00012993812561,
					"seconds":	1.0000391006469727,
					"bytes":	11796480,
					"bits_per_second":	94368150.14427574,
					"retransmits":	0,
					"snd_cwnd":	3192840,
					"rtt":	253627,
					"rttvar":	446,
					"pmtu":	1500,
					"omitted":	false
				}],
			"sum":	{
				"start":	3.0000908374786377,
				"end":	4.00012993812561,
				"seconds":	1.0000391006469727,
				"bytes":	11796480,
				"bits_per_second":	94368150.14427574,
				"retransmits":	0,
				"omitted":	false
			}
		}, {
			"streams":	[{
					"socket":	6,
					"start":	4.00012993812561,
					"end":	5.00008487701416,
					"seconds":	0.9999549388885498,
					"bytes":	13107200,
					"bits_per_second":	104862325.21292335,
					"retransmits":	0,
					"snd_cwnd":	3790864,
					"rtt":	301201,
					"rttvar":	506,
					"pmtu":	1500,
					"omitted":	false
				}],
			"sum":	{
				"start":	4.00012993812561,
				"end":	5.00008487701416,
				"seconds":	0.9999549388885498,
				"bytes":	13107200,
				"bits_per_second":	104862325.21292335,
				"retransmits":	0,
				"omitted":	false
			}
		}, {
			"streams":	[{
					"socket":	6,
					"start":	5.00008487701416,
					"end":	6.0000748634338379,
					"seconds":	0.99998998641967773,
					"bytes":	11796480,
					"bits_per_second":	94372785.009462923,
					"retransmits":	0,
					"snd_cwnd":	4387440,
					"rtt":	348977,
					"rttvar":	614,
					"pmtu":	1500,
					"omitted":	false
				}],
			"sum":	{
				"start":	5.00008487701416,
				"end":	6.0000748634338379,
				"seconds":	0.99998998641967773,
				"bytes":	11796480,
				"bits_per_second":	94372785.009462923,
				"retransmits":	0,
				"omitted":	false
			}
		}, {
			"streams":	[{
					"socket":	6,
					"start":	6.0000748634338379,
					"end":	7.0000720024108887,
					"seconds":	0.99999713897705078,
					"bytes":	11796480,
					"bits_per_second":	94372110.000772476,
					"retransmits":	0,
					"snd_cwnd":	4985464,
					"rtt":	396269,
					"rttvar":	537,
					"pmtu":	1500,
					"omitted":	false
				}],
			"sum":	{
				"start":	6.0000748634338379,
				"end":	7.0000720024108887,
				"seconds":	0.99999713897705078,
				"bytes":	11796480,
				"bits_per_second":	94372110.000772476,
				"retransmits":	0,
				"omitted":	false
			}
		}, {
			"streams":	[{
					"socket":	6,
					"start":	7.0000720024108887,
					"end":	8.0000598430633545,
					"seconds":	0.99998784065246582,
					"bytes":	11796480,
					"bits_per_second":	94372987.513953015,
					"retransmits":	0,
					"snd_cwnd":	5583488,
					"rtt":	444034,
					"rttvar":	634,
					"pmtu":	1500,
					"omitted":	false
				}],
			"sum":	{
				"start":	7.0000720024108887,
				"end":	8.0000598430633545,
				"seconds":	0.99998784065246582,
				"bytes":	11796480,
				"bits_per_second":	94372987.513953015,
				"retransmits":	0,
				"omitted":	false
			}
		}, {
			"streams":	[{
					"socket":	6,
					"start":	8.0000598430633545,
					"end":	9.0000360012054443,
					"seconds":	0.99997615814208984,
					"bytes":	11796480,
					"bits_per_second":	94374090.053645462,
					"retransmits":	0,
					"snd_cwnd":	6180064,
					"rtt":	491543,
					"rttvar":	331,
					"pmtu":	1500,
					"omitted":	false
				}],
			"sum":	{
				"start":	8.0000598430633545,
				"end":	9.0000360012054443,
				"seconds":	0.99997615814208984,
				"bytes":	11796480,
				"bits_per_second":	94374090.053645462,
				"retransmits":	0,
				"omitted":	false
			}
		}, {
			"streams":	[{
					"socket":	6,
					"start":	9.0000360012054443,
					"end":	10.000072956085205,
					"seconds":	1.0000369548797607,
					"bytes":	11796480,
					"bits_per_second":	94368352.628875375,
					"retransmits":	0,
					"snd_cwnd":	6778088,
					"rtt":	539314,
					"rttvar":	466,
					"pmtu":	1500,
					"omitted":	false
				}],
			"sum":	{
				"start":	9.0000360012054443,
				"end":	10.000072956085205,
				"seconds":	1.0000369548797607,
				"bytes":	11796480,
				"bits_per_second":	94368352.628875375,
				"retransmits":	0,
				"omitted":	false
			}
		}, {
			"streams":	[{
					"socket":	6,
					"start":	10.000072956085205,
					"end":	10.943078994750977,
					"seconds":	0.94300603866577148,
					"bytes":	11796480,
					"bits_per_second":	100075541.54533692,
					"retransmits":	0,
					"snd_cwnd":	7342808,
					"rtt":	584223,
					"rttvar":	436,
					"pmtu":	1500,
					"omitted":	false
				}],
			"sum":	{
				"start":	10.000072956085205,
				"end":	10.943078994750977,
				"seconds":	0.94300603866577148,
				"bytes":	11796480,
				"bits_per_second":	100075541.54533692,
				"retransmits":	0,
				"omitted":	false
			}
		}],
	"end":	{
		"streams":	[{
				"sender":	{
					"socket":	6,
					"start":	0,
					"end":	10.943078994750977,
					"seconds":	10.943078994750977,
					"bytes":	141468592,
					"bits_per_second":	103421417.00182019,
					"retransmits":	0,
					"max_snd_cwnd":	7342808,
					"max_rtt":	584223,
					"min_rtt":	110553,
					"mean_rtt":	348528
				},
				"receiver":	{
					"socket":	6,
					"start":	0,
					"end":	11.578383922576904,
					"seconds":	10.943078994750977,
					"bytes":	137095192,
					"bits_per_second":	94724923.904225051
				}
			}],
		"sum_sent":	{
			"start":	0,
			"end":	10.943078994750977,
			"seconds":	10.943078994750977,
			"bytes":	141468592,
			"bits_per_second":	103421417.00182019,
			"retransmits":	0
		},
		"sum_received":	{
			"start":	0,
			"end":	11.578383922576904,
			"seconds":	11.578383922576904,
			"bytes":	137095192,
			"bits_per_second":	94724923.904225051
		},