{
	"start":	{
		"connected":	[{
				"socket":	6,
				"local_host":	"192.168.22.2",
				"local_port":	54566,
				"remote_host":	"192.168.57.1",
				"remote_port":	5006
			}],
		"version":	"iperf 3.6",
		"system_info":	"Linux ba-thesis 4.19.0-23-amd64 #1 SMP Debian 4.19.269-1 (2022-12-20) x86_64",
		"timestamp":	{
			"time":	"Mon, 05 Jun 2023 13:42:33 GMT",
			"timesecs":	1685972553
		},
		"connecting_to":	{
			"host":	"h17",
			"port":	5006
		},
		"cookie":	"2zhtg2brimmuoy7npbtxzqjp3zz5lnlek6tt",
		"tcp_mss_default":	1448,
		"sock_bufsize":	0,
		"sndbuf_actual":	87380,
		"rcvbuf_actual":	87380,
		"test_start":	{
			"protocol":	"TCP",
			"num_streams":	1,
			"blksize":	131072,
			"omit":	0,
			"duration":	0,
			"bytes":	6741829,
			"blocks":	0,
			"reverse":	0,
			"tos":	0
		}
	},
	"intervals":	[{
			"streams":	[{
					"socket":	6,
					"start":	0,
					"end":	0.32499003410339355,
					"seconds":	0.32499003410339355,
					"bytes":	6932136,
					"bits_per_second":	170642426.47624287,
					"retransmits":	0,
					"snd_cwnd":	931064,
					"rtt":	77617,
					"rttvar":	3705,
					"pmtu":	1500,
					"omitted":	false
				}],
			"sum":	{
				"start":	0,
				"end":	0.32499003410339355,
				"seconds":	0.32499003410339355,
				"bytes":	6932136,
				"bits_per_second":	170642426.47624287,
				"retransmits":	0,
				"omitted":	false
			}
		}],
	"end":	{
		"streams":	[{
				"sender":	{
					"socket":	6,
					"start":	0,
					"end":	0.32499003410339355,
					"seconds":	0.32499003410339355,
					"bytes":	6932136,
					"bits_per_second":	170642426.47624287,
					"retransmits":	0,
					"max_snd_cwnd":	931064,
					"max_rtt":	77617,
					"min_rtt":	77617,
					"mean_rtt":	77617
				},
				"receiver":	{
					"socket":	6,
					"start":	0,
					"end":	0.41965913772583008,
					"seconds":	0.32499003410339355,
					"bytes":	2981432,
					"bits_per_second":	56835307.171561055
				}
			}],
		"sum_sent":	{
			"start":	0,
			"end":	0.32499003410339355,
			"seconds":	0.32499003410339355,
			"bytes":	6932136,
			"bits_per_second":	170642426.47624287,
			"retransmits":	0
		},
		"sum_received":	{
			"start":	0,
			"end":	0.41965913772583008,
			"seconds":	0.41965913772583008,
			"bytes":	2981432,
			"bits_per_second":	56835307.171561055
		},
		"cpu_utilization_percent":	{
			"host_total":	8.0794287877560773,
			"host_user":	3.0999677930316176,
			"host_system":	4.9794609947244606,
			"remote_total":	0.78837776054146491,
			"remote_user":	0.788535089968833,
			"remote_system":	0
		},
		"sender_tcp_congestion":	"cubic",
		"receiver_tcp_congestion":	"cubic"
	}
}
