{
	"start":	{
		"connected":	[{
				"socket":	6,
				"local_host":	"192.168.16.2",
				"local_port":	48170,
				"remote_host":	"192.168.22.1",
				"remote_port":	5009
			}],
		"version":	"iperf 3.6",
		"system_info":	"Linux ba-thesis 4.19.0-23-amd64 #1 SMP Debian 4.19.269-1 (2022-12-20) x86_64",
		"timestamp":	{
			"time":	"Wed, 31 May 2023 15:04:12 GMT",
			"timesecs":	1685545452
		},
		"connecting_to":	{
			"host":	"h2",
			"port":	5009
		},
		"cookie":	"jrvqtmqayeibnhmhy3zhrdtn3kytktqw3kj6",
		"tcp_mss_default":	1448,
		"sock_bufsize":	0,
		"sndbuf_actual":	87380,
		"rcvbuf_actual":	87380,
		"test_start":	{
			"protocol":	"TCP",
			"num_streams":	1,
			"blksize":	131072,
			"omit":	0,
			"duration":	0,
			"bytes":	214041600,
			"blocks":	0,
			"reverse":	0,
			"tos":	0
		}
	},
	"intervals":	[{
			"streams":	[{
					"socket":	6,
					"start":	0,
					"end":	1.0000669956207275,
					"seconds":	1.0000669956207275,
					"bytes":	16950192,
					"bits_per_second":	135592451.89951903,
					"retransmits":	0,
					"snd_cwnd":	1400216,
					"rtt":	110568,
					"rttvar":	389,
					"pmtu":	1500,
					"omitted":	false
				}],
			"sum":	{
				"start":	0,
				"end":	1.0000669956207275,
				"seconds":	1.0000669956207275,
				"bytes":	16950192,
				"bits_per_second":	135592451.89951903,
				"retransmits":	0,
				"omitted":	false
			}
		}, {
			"streams":	[{
					"socket":	6,
					"start":	1.0000669956207275,
					"end":	2.00007700920105,
					"seconds":	1.0000100135803223,
					"bytes":	14417920,
					"bits_per_second":	115342205.01156557,
					"retransmits":	0,
					"snd_cwnd":	1989552,
					"rtt":	157771,
					"rttvar":	485,
					"pmtu":	1500,
					"omitted":	false
				}],
			"sum":	{
				"start":	1.0000669956207275,
				"end":	2.00007700920105,
				"seconds":	1.0000100135803223,
				"bytes":	14417920,
				"bits_per_second":	115342205.01156557,
				"retransmits":	0,
				"omitted":	false
			}
		}, {
			"streams":	[{
					"socket":	6,
					"start":	2.00007700920105,
					"end":	3.0000748634338379,
					"seconds":	0.99999785423278809,
					"bytes":	14417920,
					"bits_per_second":	115343607.50053108,
					"retransmits":	0,
					"snd_cwnd":	2587576,
					"rtt":	205370,
					"rttvar":	520,
					"pmtu":	1500,
					"omitted":	false
				}],
			"sum":	{
				"start":	2.00007700920105,
				"end":	3.0000748634338379,
				"seconds":	0.99999785423278809,
				"bytes":	14417920,
				"bits_per_second":	115343607.50053108,
				"retransmits":	0,
				"omitted":	false
			}
		}, {
			"streams":	[{
					"socket":	6,
					"start":	3.0000748634338379,
					"end":	4.00008487701416,
					"seconds":	1.0000100135803223,
					"bytes":	11796480,
					"bits_per_second":	94370895.009462744,
					"retransmits":	0,
					"snd_cwnd":	3185600,
					"rtt":	252915,
					"rttvar":	521,
					"pmtu":	1500,
					"omitted":	false
				}],
			"sum":	{
				"start":	3.0000748634338379,
				"end":	4.00008487701416,
				"seconds":	1.0000100135803223,
				"bytes":	11796480,
				"bits_per_second":	94370895.009462744,
				"retransmits":	0,
				"omitted":	false
			}
		}, {
			"streams":	[{
					"socket":	6,
					"start":	4.00008487701416,
					"end":	5.0001049041748047,
					"seconds":	1.0000200271606445,
					"bytes":	11796480,
					"bits_per_second":	94369950.037850574,
					"retransmits":	0,
					"snd_cwnd":	3774936,
					"rtt":	299909,
					"rttvar":	270,
					"pmtu":	1500,
					"omitted":	false
				}],
			"sum":	{
				"start":	4.00008487701416,
				"end":	5.0001049041748047,
				"seconds":	1.0000200271606445,
				"bytes":	11796480,
				"bits_per_second":	94369950.037850574,
				"retransmits":	0,
				"omitted":	false
			}
		}, {
			"streams":	[{
					"socket":	6,
					"start":	5.0001049041748047,
					"end":	6.0000479221343994,
					"seconds":	0.99994301795959473,
					"bytes":	11796480,
					"bits_per_second":	94377217.806438386,
					"retransmits":	0,
					"snd_cwnd":	4372960,
					"rtt":	347566,
					"rttvar":	357,
					"pmtu":	1500,
					"omitted":	false
				}],
			"sum":	{
				"start":	5.0001049041748047,
				"end":	6.0000479221343994,
				"seconds":	0.99994301795959473,
				"bytes":	11796480,
				"bits_per_second":	94377217.806438386,
				"retransmits":	0,
				"omitted":	false
			}
		}, {
			"streams":	[{
					"socket":	6,
					"start":	6.0000479221343994,
					"end":	7.0001428127288818,
					"seconds":	1.0000948905944824,
					"bytes":	11796480,
					"bits_per_second":	94362885.849664643,
					"retransmits":	0,
					"snd_cwnd":	4970984,
					"rtt":	395109,
					"rttvar":	467,
					"pmtu":	1500,
					"omitted":	false
				}],
			"sum":	{
				"start":	6.0000479221343994,
				"end":	7.0001428127288818,
				"seconds":	1.0000948905944824,
				"bytes":	11796480,
				"bits_per_second":	94362885.849664643,
				"retransmits":	0,
				"omitted":	false
			}
		}, {
			"streams":	[{
					"socket":	6,
					"start":	7.0001428127288818,
					"end":	8.0000708103179932,
					"seconds":	0.99992799758911133,
					"bytes":	13107200,
					"bits_per_second":	104865150.54365735,
					"retransmits":	0,
					"snd_cwnd":	5569008,
					"rtt":	443072,
					"rttvar":	580,
					"pmtu":	1500,
					"omitted":	false
				}],
			"sum":	{
				"start":	7.0001428127288818,
				"end":	8.0000708103179932,
				"seconds":	0.99992799758911133,
				"bytes":	13107200,
				"bits_per_second":	104865150.54365735,
				"retransmits":	0,
				"omitted":	false
			}
		}, {
			"streams":	[{
					"socket":	6,
					"start":	8.0000708103179932,
					"end":	9.0000598430633545,
					"seconds":	0.99998903274536133,
					"bytes":	11796480,
					"bits_per_second":	94372875.011351228,
					"retransmits":	0,
					"snd_cwnd":	6165584,
					"rtt":	490525,
					"rttvar":	385,
					"pmtu":	1500,
					"omitted":	false
				}],
			"sum":	{
				"start":	8.0000708103179932,
				"end":	9.0000598430633545,
				"seconds":	0.99998903274536133,
				"bytes":	11796480,
				"bits_per_second":	94372875.011351228,
				"retransmits":	0,
				"omitted":	false
			}
		}, {
			"streams":	[{
					"socket":	6,
					"start":	9.0000598430633545,
					"end":	10.000036954879761,
					"seconds":	0.99997711181640625,
					"bytes":	11796480,
					"bits_per_second":	94374000.049439609,
					"retransmits":	0,
					"snd_cwnd":	6763608,
					"rtt":	538371,
					"rttvar":	510,
					"pmtu":	1500,
					"omitted":	false
				}],
			"sum":	{
				"start":	9.0000598430633545,
				"end":	10.000036954879761,
				"seconds":	0.99997711181640625,
				"bytes":	11796480,
				"bits_per_second":	94374000.049439609,
				"retransmits":	0,
				"omitted":	false
			}
		}, {
			"streams":	[{
					"socket":	6,
					"start":	10.000036954879761,
					"end":	11.000041007995605,
					"seconds":	1.0000040531158447,
					"bytes":	11796480,
					"bits_per_second":	94371457.501550317,
					"retransmits":	0,
					"snd_cwnd":	7361632,
					"rtt":	585895,
					"rttvar":	683,
					"pmtu":	1500,
					"omitted":	false
				}],
			"sum":	{
				"start":	10.000036954879761,
				"end":	11.000041007995605,
				"seconds":	1.0000040531158447,
				"bytes":	11796480,
				"bits_per_second":	94371457.501550317,
				"retransmits":	0,
				"omitted":	false
			}
		}, {
			"streams":	[{
					"socket":	6,
					"start":	11.000041007995605,
					"end":	12.000074863433838,
					"seconds":	1.0000338554382324,
					"bytes":	11796480,
					"bits_per_second":	94368645.108164459,
					"retransmits":	0,
					"snd_cwnd":	7952416,
					"rtt":	643328,
					"rttvar":	633,
					"pmtu":	1500,
					"omitted":	false
				}],
			"sum":	{
				"start":	11.000041007995605,
				"end":	12.000074863433838,
				"seconds":	1.0000338554382324,
				"bytes":	11796480,
				"bits_per_second":	94368645.108164459,
				"retransmits":	0,
				"omitted":	false
			}
		}, {
			"streams":	[{
					"socket":	6,
					"start":	12.000074863433838,
					"end":	13.000078916549683,
					"seconds":	1.0000040531158447,
					"bytes":	11796480,
					"bits_per_second":	94371457.501550317,
					"retransmits":	0,
					"snd_cwnd":	8550440,
					"rtt":	680363,
					"rttvar":	211,
					"pmtu":	1500,