{
	"start":	{
		"connected":	[{
				"socket":	6,
				"local_host":	"192.168.32.2",
				"local_port":	44642,
				"remote_host":	"192.168.45.1",
				"remote_port":	5019
			}],
		"version":	"iperf 3.6",
		"system_info":	"Linux ba-thesis 4.19.0-23-amd64 #1 SMP Debian 4.19.269-1 (2022-12-20) x86_64",
		"timestamp":	{
			"time":	"Mon, 05 Jun 2023 19:19:07 GMT",
			"timesecs":	1685992747
		},
		"connecting_to":	{
			"host":	"h5",
			"port":	5019
		},
		"cookie":	"frqnspzknvwgabla46hh33okpigltg67ncqt",
		"tcp_mss_default":	1448,
		"sock_bufsize":	0,
		"sndbuf_actual":	87380,
		"rcvbuf_actual":	87380,
		"test_start":	{
			"protocol":	"TCP",
			"num_streams":	1,
			"blksize":	131072,
			"omit":	0,
			"duration":	0,
			"bytes":	22875823,
			"blocks":	0,
			"reverse":	0,
			"tos":	0
		}
	},
	"intervals":	[{
			"streams":	[{
					"socket":	6,
					"start":	0,
					"end":	1.000075101852417,
					"seconds":	1.000075101852417,
					"bytes":	362000,
					"bits_per_second":	2895782.5213684486,
					"retransmits":	0,
					"snd_cwnd":	57920,
					"rtt":	258578,
					"rttvar":	24119,
					"pmtu":	1500,
					"omitted":	false
				}],
			"sum":	{
				"start":	0,
				"end":	1.000075101852417,
				"seconds":	1.000075101852417,
				"bytes":	362000,
				"bits_per_second":	2895782.5213684486,
				"retransmits":	0,
				"omitted":	false
			}
		}, {
			"streams":	[{
					"socket":	6,
					"start":	1.000075101852417,
					"end":	2.0000779628753662,
					"seconds":	1.0000028610229492,
					"bytes":	369240,
					"bits_per_second":	2953911.5487912688,
					"retransmits":	0,
					"snd_cwnd":	78192,
					"rtt":	347325,
					"rttvar":	4414,
					"pmtu":	1500,
					"omitted":	false
				}],
			"sum":	{
				"start":	1.000075101852417,
				"end":	2.0000779628753662,
				"seconds":	1.0000028610229492,
				"bytes":	369240,
				"bits_per_second":	2953911.5487912688,
				"retransmits":	0,
				"omitted":	false
			}
		}, {
			"streams":	[{
					"socket":	6,
					"start":	2.0000779628753662,
					"end":	3.0004680156707764,
					"seconds":	1.0003900527954102,
					"bytes":	195480,
					"bits_per_second":	1563230.2576681268,
					"retransmits":	0,
					"snd_cwnd":	88328,
					"rtt":	364115,
					"rttvar":	3203,
					"pmtu":	1500,
					"omitted":	false
				}],
			"sum":	{
				"start":	2.0000779628753662,
				"end":	3.0004680156707764,
				"seconds":	1.0003900527954102,
				"bytes":	195480,
				"bits_per_second":	1563230.2576681268,
				"retransmits":	0,
				"omitted":	false
			}
		}, {
			"streams":	[{
					"socket":	6,
					"start":	3.0004680156707764,
					"end":	4.0005989074707031,
					"seconds":	1.0001308917999268,
					"bytes":	195480,
					"bits_per_second":	1563635.3329568403,
					"retransmits":	0,
					"snd_cwnd":	99912,
					"rtt":	408400,
					"rttvar":	4246,
					"pmtu":	1500,
					"omitted":	false
				}],
			"sum":	{
				"start":	3.0004680156707764,
				"end":	4.0005989074707031,
				"seconds":	1.0001308917999268,
				"bytes":	195480,
				"bits_per_second":	1563635.3329568403,
				"retransmits":	0,
				"omitted":	false
			}
		}, {
			"streams":	[{
					"socket":	6,
					"start":	4.0005989074707031,
					"end":	5.00075101852417,
					"seconds":	1.0001521110534668,
					"bytes":	260640,
					"bits_per_second":	2084802.8784378902,
					"retransmits":	0,
					"snd_cwnd":	110048,
					"rtt":	456574,
					"rttvar":	15795,
					"pmtu":	1500,
					"omitted":	false
				}],
			"sum":	{
				"start":	4.0005989074707031,
				"end":	5.00075101852417,
				"seconds":	1.0001521110534668,
				"bytes":	260640,
				"bits_per_second":	2084802.8784378902,
				"retransmits":	0,
				"omitted":	false
			}
		}, {
			"streams":	[{
					"socket":	6,
					"start":	5.00075101852417,
					"end":	6.0008430480957031,
					"seconds":	1.0000920295715332,
					"bytes":	260640,
					"bits_per_second":	2084928.1249579827,
					"retransmits":	0,
					"snd_cwnd":	127424,
					"rtt":	499134,
					"rttvar":	5410,
					"pmtu":	1500,
					"omitted":	false
				}],
			"sum":	{
				"start":	5.00075101852417,
				"end":	6.0008430480957031,
				"seconds":	1.0000920295715332,
				"bytes":	260640,
				"bits_per_second":	2084928.1249579827,
				"retransmits":	0,
				"omitted":	false
			}
		}, {
			"streams":	[{
					"socket":	6,
					"start":	6.0008430480957031,
					"end":	7.000236988067627,
					"seconds":	0.99939393997192383,
					"bytes":	586440,
					"bits_per_second":	4694365.06702432,
					"retransmits":	0,
					"snd_cwnd":	172312,
					"rtt":	552107,
					"rttvar":	6308,
					"pmtu":	1500,
					"omitted":	false
				}],
			"sum":	{
				"start":	6.0008430480957031,
				"end":	7.000236988067627,
				"seconds":	0.99939393997192383,
				"bytes":	586440,
				"bits_per_second":	4694365.06702432,
				"retransmits":	0,
				"omitted":	false
			}
		}, {
			"streams":	[{
					"socket":	6,
					"start":	7.000236988067627,
					"end":	8.0007040500640869,
					"seconds":	1.00046706199646,
					"bytes":	456120,
					"bits_per_second":	3647256.5050951289,
					"retransmits":	0,
					"snd_cwnd":	243264,
					"rtt":	617829,
					"rttvar":	3814,
					"pmtu":	1500,
					"omitted":	false
				}],
			"sum":	{
				"start":	7.000236988067627,
				"end":	8.0007040500640869,
				"seconds":	1.00046706199646,
				"bytes":	456120,
				"bits_per_second":	3647256.5050951289,
				"retransmits":	0,
				"omitted":	false
			}
		}, {
			"streams":	[{
					"socket":	6,
					"start":	8.0007040500640869,
					"end":	9.0000779628753662,
					"seconds":	0.9993739128112793,
					"bytes":	4430880,
					"bits_per_second":	35469246.841040745,
					"retransmits":	0,
					"snd_cwnd":	459016,
					"rtt":	35672,
					"rttvar":	490,
					"pmtu":	1500,
					"omitted":	false
				}],
			"sum":	{
				"start":	8.0007040500640869,
				"end":	9.0000779628753662,
				"seconds":	0.9993739128112793,
				"bytes":	4430880,
				"bits_per_second":	35469246.841040745,
				"retransmits":	0,
				"omitted":	false
			}
		}, {
			"streams":	[{
					"socket":	6,
					"start":	9.0000779628753662,
					"end":	10.000071048736572,
					"seconds":	0.999993085861206,
					"bytes":	13605920,
					"bits_per_second":	108848112.59095791,
					"retransmits":	0,
					"snd_cwnd":	1033872,
					"rtt":	81608,
					"rttvar":	405,
					"pmtu":	1500,
					"omitted":	false
				}],
			"sum":	{
				"start":	9.0000779628753662,
				"end":	10.000071048736572,
				"seconds":	0.999993085861206,
				"bytes":	13605920,
				"bits_per_second":	108848112.59095791,
				"retransmits":	0,
				"omitted":	false
			}
		}, {
			"streams":	[{
					"socket":	6,
					"start":	10.000071048736572,
					"end":	10.130302906036377,
					"seconds":	0.13023185729980469,
					"bytes":	2621440,
					"bits_per_second":	161032180.87201044,
					"retransmits":	0,
					"snd_cwnd":	1112064,
					"rtt":	87788,
					"rttvar":	453,
					"pmtu":	1500,
					"omitted":	false
				}],
			"sum":	{
				"start":	10.000071048736572,
				"end":	10.130302906036377,
				"seconds":	0.13023185729980469,
				"bytes":	2621440,
				"bits_per_second":	161032180.87201044,
				"retransmits":	0,
				"omitted":	false
			}
		}],
	"end":	{
		"streams":	[{
				"sender":	{
					"socket":	6,
					"start":	0,
					"end":	10.130302906036377,
					"seconds":	10.130302906036377,
					"bytes":	23344280,
					"bits_per_second":	18435207.883933868,
					"retransmits":	0,
					"max_snd_cwnd":	1112064,
					"max_rtt":	617829,
					"min_rtt":	35672,
					"mean_rtt":	337193
				},
				"receiver":	{
					"socket":	6,
					"start":	0,
					"end":	10.2239830493927,
					"seconds":	10.130302906036377,
					"bytes":	18874680,
					"bits_per_second":	14768944.673570167
				}
			}],
		"sum_sent":	{
			"start":	0,
			"end":	10.130302906036377,
			"seconds":	10.130302906036377,
			"bytes":	23344280,
			"bits_per_second":	18435207.883933868,
			"retransmits":	0
		},
		"sum_received":	{
			"start":	0,
			"end":	10.2239830493927,
			"seconds":	10.2239830493927,
			"bytes":	18874680,
			"bits_per_second":	14768944.673570167
		},
		"cpu_utilization_percent":	{
			"host_total":	4.1330155821528463,