{
	"start":	{
		"connected":	[{
				"socket":	6,
				"local_host":	"192.168.4.1",
				"local_port":	42620,
				"remote_host":	"192.168.40.1",
				"remote_port":	5001
			}],
		"version":	"iperf 3.6",
		"system_info":	"Linux ba-thesis 4.19.0-23-amd64 #1 SMP Debian 4.19.269-1 (2022-12-20) x86_64",
		"timestamp":	{
			"time":	"Mon, 05 Jun 2023 10:03:35 GMT",
			"timesecs":	1685959415
		},
		"connecting_to":	{
			"host":	"h2",
			"port":	5001
		},
		"cookie":	"xl3zpury3lpldqwdhevfz6k444g2vhaewrse",
		"tcp_mss_default":	1448,
		"sock_bufsize":	0,
		"sndbuf_actual":	87380,
		"rcvbuf_actual":	87380,
		"test_start":	{
			"protocol":	"TCP",
			"num_streams":	1,
			"blksize":	131072,
			"omit":	0,
			"duration":	0,
			"bytes":	14493922,
			"blocks":	0,
			"reverse":	0,
			"tos":	0
		}
	},
	"intervals":	[{
			"streams":	[{
					"socket":	6,
					"start":	0,
					"end":	1.0001158714294434,
					"seconds":	1.0001158714294434,
					"bytes":	2539792,
					"bits_per_second":	20315981.958129965,
					"retransmits":	0,
					"snd_cwnd":	186792,
					"rtt":	147143,
					"rttvar":	1934,
					"pmtu":	1500,
					"omitted":	false
				}],
			"sum":	{
				"start":	0,
				"end":	1.0001158714294434,
				"seconds":	1.0001158714294434,
				"bytes":	2539792,
				"bits_per_second":	20315981.958129965,
				"retransmits":	0,
				"omitted":	false
			}
		}, {
			"streams":	[{
					"socket":	6,
					"start":	1.0001158714294434,
					"end":	2.0003819465637207,
					"seconds":	1.0002660751342773,
					"bytes":	912240,
					"bits_per_second":	7295978.7214819966,
					"retransmits":	0,
					"snd_cwnd":	236024,
					"rtt":	252091,
					"rttvar":	2116,
					"pmtu":	1500,
					"omitted":	false
				}],
			"sum":	{
				"start":	1.0001158714294434,
				"end":	2.0003819465637207,
				"seconds":	1.0002660751342773,
				"bytes":	912240,
				"bits_per_second":	7295978.7214819966,
				"retransmits":	0,
				"omitted":	false
			}
		}, {
			"streams":	[{
					"socket":	6,
					"start":	2.0003819465637207,
					"end":	3.0002589225769043,
					"seconds":	0.99987697601318359,
					"bytes":	1107720,
					"bits_per_second":	8862850.3431837764,
					"retransmits":	0,
					"snd_cwnd":	278016,
					"rtt":	347849,
					"rttvar":	3324,
					"pmtu":	1500,
					"omitted":	false
				}],
			"sum":	{
				"start":	2.0003819465637207,
				"end":	3.0002589225769043,
				"seconds":	0.99987697601318359,
				"bytes":	1107720,
				"bits_per_second":	8862850.3431837764,
				"retransmits":	0,
				"omitted":	false
			}
		}, {
			"streams":	[{
					"socket":	6,
					"start":	3.0002589225769043,
					"end":	4.0006709098815918,
					"seconds":	1.0004119873046875,
					"bytes":	586440,
					"bits_per_second":	4689587.9493006729,
					"retransmits":	0,
					"snd_cwnd":	311320,
					"rtt":	452117,
					"rttvar":	3262,
					"pmtu":	1500,
					"omitted":	false
				}],
			"sum":	{
				"start":	3.0002589225769043,
				"end":	4.0006709098815918,
				"seconds":	1.0004119873046875,
				"bytes":	586440,
				"bits_per_second":	4689587.9493006729,
				"retransmits":	0,
				"omitted":	false
			}
		}, {
			"streams":	[{
					"socket":	6,
					"start":	4.0006709098815918,
					"end":	5.0000507831573486,
					"seconds":	0.99937987327575684,
					"bytes":	1368360,
					"bits_per_second":	10953672.665148269,
					"retransmits":	0,
					"snd_cwnd":	341728,
					"rtt":	549280,
					"rttvar":	1875,
					"pmtu":	1500,
					"omitted":	false
				}],
			"sum":	{
				"start":	4.0006709098815918,
				"end":	5.0000507831573486,
				"seconds":	0.99937987327575684,
				"bytes":	1368360,
				"bits_per_second":	10953672.665148269,
				"retransmits":	0,
				"omitted":	false
			}
		}, {
			"streams":	[{
					"socket":	6,
					"start":	5.0000507831573486,
					"end":	6.001093864440918,
					"seconds":	1.0010430812835693,
					"bytes":	0,
					"bits_per_second":	0,
					"retransmits":	0,
					"snd_cwnd":	369240,
					"rtt":	641438,
					"rttvar":	3853,
					"pmtu":	1500,
					"omitted":	false
				}],
			"sum":	{
				"start":	5.0000507831573486,
				"end":	6.001093864440918,
				"seconds":	1.0010430812835693,
				"bytes":	0,
				"bits_per_second":	0,
				"retransmits":	0,
				"omitted":	false
			}
		}, {
			"streams":	[{
					"socket":	6,
					"start":	6.001093864440918,
					"end":	7.0009839534759521,
					"seconds":	0.99989008903503418,
					"bytes":	781920,
					"bits_per_second":	6256047.6082294928,
					"retransmits":	0,
					"snd_cwnd":	393856,
					"rtt":	759500,
					"rttvar":	18843,
					"pmtu":	1500,
					"omitted":	false
				}],
			"sum":	{
				"start":	6.001093864440918,
				"end":	7.0009839534759521,
				"seconds":	0.99989008903503418,
				"bytes":	781920,
				"bits_per_second":	6256047.6082294928,
				"retransmits":	0,
				"omitted":	false
			}
		}, {
			"streams":	[{
					"socket":	6,
					"start":	7.0009839534759521,
					"end":	8.0003459453582764,
					"seconds":	0.99936199188232422,
					"bytes":	847080,
					"bits_per_second":	6780966.3115524566,
					"retransmits":	0,
					"snd_cwnd":	417024,
					"rtt":	815439,
					"rttvar":	3696,
					"pmtu":	1500,
					"omitted":	false
				}],
			"sum":	{
				"start":	7.0009839534759521,
				"end":	8.0003459453582764,
				"seconds":	0.99936199188232422,
				"bytes":	847080,
				"bits_per_second":	6780966.3115524566,
				"retransmits":	0,
				"omitted":	false
			}
		}, {
			"streams":	[{
					"socket":	6,
					"start":	8.0003459453582764,
					"end":	9.00003695487976,
					"seconds":	0.99969100952148438,
					"bytes":	912240,
					"bits_per_second":	7300175.6847780878,
					"retransmits":	0,
					"snd_cwnd":	459016,
					"rtt":	903678,
					"rttvar":	4185,
					"pmtu":	1500,
					"omitted":	false
				}],
			"sum":	{
				"start":	8.0003459453582764,
				"end":	9.00003695487976,
				"seconds":	0.99969100952148438,
				"bytes":	912240,
				"bits_per_second":	7300175.6847780878,
				"retransmits":	0,
				"omitted":	false
			}
		}, {
			"streams":	[{
					"socket":	6,
					"start":	9.00003695487976,
					"end":	10.001003980636597,
					"seconds":	1.0009670257568359,
					"bytes":	0,
					"bits_per_second":	0,
					"retransmits":	0,
					"snd_cwnd":	561824,
					"rtt":	1017557,
					"rttvar":	3066,
					"pmtu":	1500,
					"omitted":	false
				}],
			"sum":	{
				"start":	9.00003695487976,
				"end":	10.001003980636597,
				"seconds":	1.0009670257568359,
				"bytes":	0,
				"bits_per_second":	0,
				"retransmits":	0,
				"omitted":	false
			}
		}, {
			"streams":	[{
					"socket":	6,
					"start":	10.001003980636597,
					"end":	11.000960826873779,
					"seconds":	0.99995684623718262,
					"bytes":	1172880,
					"bits_per_second":	9383444.93095696,
					"retransmits":	0,
					"snd_cwnd":	693592,
					"rtt":	1073310,
					"rttvar":	4712,
					"pmtu":	1500,
					"omitted":	false
				}],
			"sum":	{
				"start":	10.001003980636597,
				"end":	11.000960826873779,
				"seconds":	0.99995684623718262,
				"bytes":	1172880,
				"bits_per_second":	9383444.93095696,
				"retransmits":	0,
				"omitted":	false
			}
		}, {
			"streams":	[{
					"socket":	6,
					"start":	11.000960826873779,
					"end":	12.014102935791016,
					"seconds":	1.0131421089172363,
					"bytes":	1310720,
					"bits_per_second":	10349742.556062866,
					"retransmits":	0,
					"snd_cwnd":	874592,
					"rtt":	1183192,
					"rttvar":	3699,
					"pmtu":	1500,
					"omitted":	false
				}],
			"sum":	{
				"start":	11.000960826873779,
				"end":	12.014102935791016,
				"seconds":	1.0131421089172363,
				"bytes":	1310720,
				"bits_per_second":	10349742.556062866,
				"retransmits":	0,
				"omitted":	false
			}
		}, {
			"streams":	[{
					"socket":	6,
					"start":	12.014102935791016,
					"end":	13.000695943832397,
					"seconds":	0.98659300804138184,
					"bytes":	1310720,
					"bits_per_second":	10628252.901180284,
					"retransmits":	0,
					"snd_cwnd":	1090344,
					"rtt":	1298763,
					"rttvar":	2359,
					"pmtu":	1500,
					"omitted":	false
				}],
			"sum":	{
				"start":	12.014102935791016,
				"end":	13.000695943832397,