{
	"start":	{
		"connected":	[{
				"socket":	6,
				"local_host":	"192.168.12.1",
				"local_port":	42946,
				"remote_host":	"192.168.12.2",
				"remote_port":	5003
			}],
		"version":	"iperf 3.6",
		"system_info":	"Linux ba-thesis 4.19.0-23-amd64 #1 SMP Debian 4.19.269-1 (2022-12-20) x86_64",
		"timestamp":	{
			"time":	"Mon, 12 Jun 2023 06:52:51 GMT",
			"timesecs":	1686552771
		},
		"connecting_to":	{
			"host":	"h9",
			"port":	5003
		},
		"cookie":	"njslkoccglrso57azseijhssqwcfbm6bw5vd",
		"tcp_mss_default":	1448,
		"sock_bufsize":	0,
		"sndbuf_actual":	87380,
		"rcvbuf_actual":	87380,
		"test_start":	{
			"protocol":	"TCP",
			"num_streams":	1,
			"blksize":	131072,
			"omit":	0,
			"duration":	0,
			"bytes":	105035283,
			"blocks":	0,
			"reverse":	0,
			"tos":	0
		}
	},
	"intervals":	[{
			"streams":	[{
					"socket":	6,
					"start":	0,
					"end":	1.0000410079956055,
					"seconds":	1.0000410079956055,
					"bytes":	15284480,
					"bits_per_second":	122270825.91850805,
					"retransmits":	0,
					"snd_cwnd":	797848,
					"rtt":	62875,
					"rttvar":	566,
					"pmtu":	1500,
					"omitted":	false
				}],
			"sum":	{
				"start":	0,
				"end":	1.0000410079956055,
				"seconds":	1.0000410079956055,
				"bytes":	15284480,
				"bits_per_second":	122270825.91850805,
				"retransmits":	0,
				"omitted":	false
			}
		}, {
			"streams":	[{
					"socket":	6,
					"start":	1.0000410079956055,
					"end":	2.0000870227813721,
					"seconds":	1.0000460147857666,
					"bytes":	14417920,
					"bits_per_second":	115338052.74421224,
					"retransmits":	0,
					"snd_cwnd":	1395872,
					"rtt":	110639,
					"rttvar":	422,
					"pmtu":	1500,
					"omitted":	false
				}],
			"sum":	{
				"start":	1.0000410079956055,
				"end":	2.0000870227813721,
				"seconds":	1.0000460147857666,
				"bytes":	14417920,
				"bits_per_second":	115338052.74421224,
				"retransmits":	0,
				"omitted":	false
			}
		}, {
			"streams":	[{
					"socket":	6,
					"start":	2.0000870227813721,
					"end":	3.00007700920105,
					"seconds":	0.99998998641967773,
					"bytes":	14417920,
					"bits_per_second":	115344515.0115658,
					"retransmits":	0,
					"snd_cwnd":	1993896,
					"rtt":	157934,
					"rttvar":	250,
					"pmtu":	1500,
					"omitted":	false
				}],
			"sum":	{
				"start":	2.0000870227813721,
				"end":	3.00007700920105,
				"seconds":	0.99998998641967773,
				"bytes":	14417920,
				"bits_per_second":	115344515.0115658,
				"retransmits":	0,
				"omitted":	false
			}
		}, {
			"streams":	[{
					"socket":	6,
					"start":	3.00007700920105,
					"end":	4.0000669956207275,
					"seconds":	0.99998998641967773,
					"bytes":	14417920,
					"bits_per_second":	115344515.0115658,
					"retransmits":	0,
					"snd_cwnd":	2591920,
					"rtt":	205740,
					"rttvar":	394,
					"pmtu":	1500,
					"omitted":	false
				}],
			"sum":	{
				"start":	3.00007700920105,
				"end":	4.0000669956207275,
				"seconds":	0.99998998641967773,
				"bytes":	14417920,
				"bits_per_second":	115344515.0115658,
				"retransmits":	0,
				"omitted":	false
			}
		}, {
			"streams":	[{
					"socket":	6,
					"start":	4.0000669956207275,
					"end":	5.0001120567321777,
					"seconds":	1.0000450611114502,
					"bytes":	11796480,
					"bits_per_second":	94367587.691613749,
					"retransmits":	0,
					"snd_cwnd":	3188496,
					"rtt":	252992,
					"rttvar":	243,
					"pmtu":	1500,
					"omitted":	false
				}],
			"sum":	{
				"start":	4.0000669956207275,
				"end":	5.0001120567321777,
				"seconds":	1.0000450611114502,
				"bytes":	11796480,
				"bits_per_second":	94367587.691613749,
				"retransmits":	0,
				"omitted":	false
			}
		}, {
			"streams":	[{
					"socket":	6,
					"start":	5.0001120567321777,
					"end":	6.0001280307769775,
					"seconds":	1.0000159740447998,
					"bytes":	11796480,
					"bits_per_second":	94370332.524080485,
					"retransmits":	0,
					"snd_cwnd":	3786520,
					"rtt":	301038,
					"rttvar":	679,
					"pmtu":	1500,
					"omitted":	false
				}],
			"sum":	{
				"start":	5.0001120567321777,
				"end":	6.0001280307769775,
				"seconds":	1.0000159740447998,
				"bytes":	11796480,
				"bits_per_second":	94370332.524080485,
				"retransmits":	0,
				"omitted":	false
			}
		}, {
			"streams":	[{
					"socket":	6,
					"start":	6.0001280307769775,
					"end":	7.0000841617584229,
					"seconds":	0.99995613098144531,
					"bytes":	11796480,
					"bits_per_second":	94375980.181625709,
					"retransmits":	0,
					"snd_cwnd":	4384544,
					"rtt":	348563,
					"rttvar":	444,
					"pmtu":	1500,
					"omitted":	false
				}],
			"sum":	{
				"start":	6.0001280307769775,
				"end":	7.0000841617584229,
				"seconds":	0.99995613098144531,
				"bytes":	11796480,
				"bits_per_second":	94375980.181625709,
				"retransmits":	0,
				"omitted":	false
			}
		}, {
			"streams":	[{
					"socket":	6,
					"start":	7.0000841617584229,
					"end":	7.8882031440734863,
					"seconds":	0.88811898231506348,
					"bytes":	11796480,
					"bits_per_second":	106260356.86569893,
					"retransmits":	0,
					"snd_cwnd":	4915960,
					"rtt":	390838,
					"rttvar":	471,
					"pmtu":	1500,
					"omitted":	false
				}],
			"sum":	{
				"start":	7.0000841617584229,
				"end":	7.8882031440734863,
				"seconds":	0.88811898231506348,
				"bytes":	11796480,
				"bits_per_second":	106260356.86569893,
				"retransmits":	0,
				"omitted":	false
			}
		}],
	"end":	{
		"streams":	[{
				"sender":	{
					"socket":	6,
					"start":	0,
					"end":	7.8882031440734863,
					"seconds":	7.8882031440734863,
					"bytes":	105724160,
					"bits_per_second":	107222553.0392756,
					"retransmits":	0,
					"max_snd_cwnd":	4915960,
					"max_rtt":	390838,
					"min_rtt":	62875,
					"mean_rtt":	228827
				},
				"receiver":	{
					"socket":	6,
					"start":	0,
					"end":	8.3295700550079346,
					"seconds":	7.8882031440734863,
					"bytes":	98746360,
					"bits_per_second":	94839334.417392984
				}
			}],
		"sum_sent":	{
			"start":	0,
			"end":	7.8882031440734863,
			"seconds":	7.8882031440734863,
			"bytes":	105724160,
			"bits_per_second":	107222553.0392756,
			"retransmits":	0
		},
		"sum_received":	{
			"start":	0,
			"end":	8.3295700550079346,
			"seconds":	8.3295700550079346,
			"bytes":	98746360,
			"bits_per_second":	94839334.417392984
		},
		"cpu_utilization_percent":	{
			"host_total":	0.71545018666061544,
			"host_user":	0.09708423998754806,
			"host_system":	0.6183534647702662,
			"remote_total":	1.1008771316389663,
			"remote_user":	0.14441463594449944,
			"remote_system":	0.95645064288455672
		},
		"sender_tcp_congestion":	"cubic",
		"receiver_tcp_congestion":	"cubic"
	}
}
