{
	"start":	{
		"connected":	[{
				"socket":	6,
				"local_host":	"192.168.14.2",
				"local_port":	48394,
				"remote_host":	"192.168.14.1",
				"remote_port":	5008
			}],
		"version":	"iperf 3.6",
		"system_info":	"Linux ba-thesis 4.19.0-23-amd64 #1 SMP Debian 4.19.269-1 (2022-12-20) x86_64",
		"timestamp":	{
			"time":	"Sun, 11 Jun 2023 13:15:48 GMT",
			"timesecs":	1686489348
		},
		"connecting_to":	{
			"host":	"h4",
			"port":	5008
		},
		"cookie":	"hajjzeaqib4kudqykwysjcdrcpgxxlxaxdnu",
		"tcp_mss_default":	1448,
		"sock_bufsize":	0,
		"sndbuf_actual":	87380,
		"rcvbuf_actual":	87380,
		"test_start":	{
			"protocol":	"TCP",
			"num_streams":	1,
			"blksize":	131072,
			"omit":	0,
			"duration":	0,
			"bytes":	66387538,
			"blocks":	0,
			"reverse":	0,
			"tos":	0
		}
	},
	"intervals":	[{
			"streams":	[{
					"socket":	6,
					"start":	0,
					"end":	1.0000820159912109,
					"seconds":	1.0000820159912109,
					"bytes":	15284480,
					"bits_per_second":	122265812.24821725,
					"retransmits":	0,
					"snd_cwnd":	797848,
					"rtt":	62858,
					"rttvar":	593,
					"pmtu":	1500,
					"omitted":	false
				}],
			"sum":	{
				"start":	0,
				"end":	1.0000820159912109,
				"seconds":	1.0000820159912109,
				"bytes":	15284480,
				"bits_per_second":	122265812.24821725,
				"retransmits":	0,
				"omitted":	false
			}
		}, {
			"streams":	[{
					"socket":	6,
					"start":	1.0000820159912109,
					"end":	2.0000829696655273,
					"seconds":	1.0000009536743164,
					"bytes":	14417920,
					"bits_per_second":	115343250.0001049,
					"retransmits":	0,
					"snd_cwnd":	1395872,
					"rtt":	110493,
					"rttvar":	508,
					"pmtu":	1500,
					"omitted":	false
				}],
			"sum":	{
				"start":	1.0000820159912109,
				"end":	2.0000829696655273,
				"seconds":	1.0000009536743164,
				"bytes":	14417920,
				"bits_per_second":	115343250.0001049,
				"retransmits":	0,
				"omitted":	false
			}
		}, {
			"streams":	[{
					"socket":	6,
					"start":	2.0000829696655273,
					"end":	3.0000810623168945,
					"seconds":	0.99999809265136719,
					"bytes":	14417920,
					"bits_per_second":	115343580.00041962,
					"retransmits":	0,
					"snd_cwnd":	1993896,
					"rtt":	157935,
					"rttvar":	239,
					"pmtu":	1500,
					"omitted":	false
				}],
			"sum":	{
				"start":	2.0000829696655273,
				"end":	3.0000810623168945,
				"seconds":	0.99999809265136719,
				"bytes":	14417920,
				"bits_per_second":	115343580.00041962,
				"retransmits":	0,
				"omitted":	false
			}
		}, {
			"streams":	[{
					"socket":	6,
					"start":	3.0000810623168945,
					"end":	4.0000760555267334,
					"seconds":	0.99999499320983887,
					"bytes":	14417920,
					"bits_per_second":	115343937.50289144,
					"retransmits":	0,
					"snd_cwnd":	2591920,
					"rtt":	205742,
					"rttvar":	403,
					"pmtu":	1500,
					"omitted":	false
				}],
			"sum":	{
				"start":	3.0000810623168945,
				"end":	4.0000760555267334,
				"seconds":	0.99999499320983887,
				"bytes":	14417920,
				"bits_per_second":	115343937.50289144,
				"retransmits":	0,
				"omitted":	false
			}
		}, {
			"streams":	[{
					"socket":	6,
					"start":	4.0000760555267334,
					"end":	4.5868241786956787,
					"seconds":	0.58674812316894531,
					"bytes":	7864320,
					"bits_per_second":	107225839.36052011,
					"retransmits":	0,
					"snd_cwnd":	2942336,
					"rtt":	233550,
					"rttvar":	598,
					"pmtu":	1500,
					"omitted":	false
				}],
			"sum":	{
				"start":	4.0000760555267334,
				"end":	4.5868241786956787,
				"seconds":	0.58674812316894531,
				"bytes":	7864320,
				"bits_per_second":	107225839.36052011,
				"retransmits":	0,
				"omitted":	false
			}
		}],
	"end":	{
		"streams":	[{
				"sender":	{
					"socket":	6,
					"start":	0,
					"end":	4.5868241786956787,
					"seconds":	4.5868241786956787,
					"bytes":	66402560,
					"bits_per_second":	115814441.38786659,
					"retransmits":	0,
					"max_snd_cwnd":	2942336,
					"max_rtt":	233550,
					"min_rtt":	62858,
					"mean_rtt":	154115
				},
				"receiver":	{
					"socket":	6,
					"start":	0,
					"end":	4.862584114074707,
					"seconds":	4.5868241786956787,
					"bytes":	57300256,
					"bits_per_second":	94271284.001681179
				}
			}],
		"sum_sent":	{
			"start":	0,
			"end":	4.5868241786956787,
			"seconds":	4.5868241786956787,
			"bytes":	66402560,
			"bits_per_second":	115814441.38786659,
			"retransmits":	0
		},
		"sum_received":	{
			"start":	0,
			"end":	4.862584114074707,
			"seconds":	4.862584114074707,
			"bytes":	57300256,
			"bits_per_second":	94271284.001681179
		},
		"cpu_utilization_percent":	{
			"host_total":	1.1198845546388574,
			"host_user":	0.084086894887559258,
			"host_system":	1.0357551916225671,
			"remote_total":	0.25424420512639534,
			"remote_user":	0.055498711274481007,
			"remote_system":	0.19874549385191431
		},
		"sender_tcp_congestion":	"cubic",
		"receiver_tcp_congestion":	"cubic"
	}
}
