{
	"start":	{
		"connected":	[{
				"socket":	6,
				"local_host":	"192.168.6.1",
				"local_port":	42720,
				"remote_host":	"192.168.6.2",
				"remote_port":	5008
			}],
		"version":	"iperf 3.6",
		"system_info":	"Linux ba-thesis 4.19.0-23-amd64 #1 SMP Debian 4.19.269-1 (2022-12-20) x86_64",
		"timestamp":	{
			"time":	"Mon, 12 Jun 2023 15:08:26 GMT",
			"timesecs":	1686582506
		},
		"connecting_to":	{
			"host":	"h1",
			"port":	5008
		},
		"cookie":	"pdlsdxspadt4ziznc3w5f5uwlthjqdwfpmbd",
		"tcp_mss_default":	1448,
		"sock_bufsize":	0,
		"sndbuf_actual":	87380,
		"rcvbuf_actual":	87380,
		"test_start":	{
			"protocol":	"TCP",
			"num_streams":	1,
			"blksize":	131072,
			"omit":	0,
			"duration":	0,
			"bytes":	73016320,
			"blocks":	0,
			"reverse":	0,
			"tos":	0
		}
	},
	"intervals":	[{
			"streams":	[{
					"socket":	6,
					"start":	0,
					"end":	1.0000898838043213,
					"seconds":	1.0000898838043213,
					"bytes":	15284480,
					"bits_per_second":	122264850.37011395,
					"retransmits":	0,
					"snd_cwnd":	797848,
					"rtt":	62881,
					"rttvar":	542,
					"pmtu":	1500,
					"omitted":	false
				}],
			"sum":	{
				"start":	0,
				"end":	1.0000898838043213,
				"seconds":	1.0000898838043213,
				"bytes":	15284480,
				"bits_per_second":	122264850.37011395,
				"retransmits":	0,
				"omitted":	false
			}
		}, {
			"streams":	[{
					"socket":	6,
					"start":	1.0000898838043213,
					"end":	2.0000810623168945,
					"seconds":	0.99999117851257324,
					"bytes":	14417920,
					"bits_per_second":	115344377.50897594,
					"retransmits":	0,
					"snd_cwnd":	1395872,
					"rtt":	110581,
					"rttvar":	531,
					"pmtu":	1500,
					"omitted":	false
				}],
			"sum":	{
				"start":	1.0000898838043213,
				"end":	2.0000810623168945,
				"seconds":	0.99999117851257324,
				"bytes":	14417920,
				"bits_per_second":	115344377.50897594,
				"retransmits":	0,
				"omitted":	false
			}
		}, {
			"streams":	[{
					"socket":	6,
					"start":	2.0000810623168945,
					"end":	3.0000960826873779,
					"seconds":	1.0000150203704834,
					"bytes":	14417920,
					"bits_per_second":	115341627.5260224,
					"retransmits":	0,
					"snd_cwnd":	1993896,
					"rtt":	158100,
					"rttvar":	520,
					"pmtu":	1500,
					"omitted":	false
				}],
			"sum":	{
				"start":	2.0000810623168945,
				"end":	3.0000960826873779,
				"seconds":	1.0000150203704834,
				"bytes":	14417920,
				"bits_per_second":	115341627.5260224,
				"retransmits":	0,
				"omitted":	false
			}
		}, {
			"streams":	[{
					"socket":	6,
					"start":	3.0000960826873779,
					"end":	4.0000760555267334,
					"seconds":	0.99997997283935547,
					"bytes":	14417920,
					"bits_per_second":	115345670.04626366,
					"retransmits":	0,
					"snd_cwnd":	2591920,
					"rtt":	205740,
					"rttvar":	394,
					"pmtu":	1500,
					"omitted":	false
				}],
			"sum":	{
				"start":	3.0000960826873779,
				"end":	4.0000760555267334,
				"seconds":	0.99997997283935547,
				"bytes":	14417920,
				"bits_per_second":	115345670.04626366,
				"retransmits":	0,
				"omitted":	false
			}
		}, {
			"streams":	[{
					"socket":	6,
					"start":	4.0000760555267334,
					"end":	5.0001239776611328,
					"seconds":	1.0000479221343994,
					"bytes":	11796480,
					"bits_per_second":	94367317.716717467,
					"retransmits":	0,
					"snd_cwnd":	3188496,
					"rtt":	253008,
					"rttvar":	240,
					"pmtu":	1500,
					"omitted":	false
				}],
			"sum":	{
				"start":	4.0000760555267334,
				"end":	5.0001239776611328,
				"seconds":	1.0000479221343994,
				"bytes":	11796480,
				"bits_per_second":	94367317.716717467,
				"retransmits":	0,
				"omitted":	false
			}
		}, {
			"streams":	[{
					"socket":	6,
					"start":	5.0001239776611328,
					"end":	5.2464699745178223,
					"seconds":	0.24634599685668945,
					"bytes":	3932160,
					"bits_per_second":	127695519.31586741,
					"retransmits":	0,
					"snd_cwnd":	3336192,
					"rtt":	265033,
					"rttvar":	491,
					"pmtu":	1500,
					"omitted":	false
				}],
			"sum":	{
				"start":	5.0001239776611328,
				"end":	5.2464699745178223,
				"seconds":	0.24634599685668945,
				"bytes":	3932160,
				"bits_per_second":	127695519.31586741,
				"retransmits":	0,
				"omitted":	false
			}
		}],
	"end":	{
		"streams":	[{
				"sender":	{
					"socket":	6,
					"start":	0,
					"end":	5.2464699745178223,
					"seconds":	5.2464699745178223,
					"bytes":	74266880,
					"bits_per_second":	113244723.19211245,
					"retransmits":	0,
					"max_snd_cwnd":	3336192,
					"max_rtt":	265033,
					"min_rtt":	62881,
					"mean_rtt":	175890
				},
				"receiver":	{
					"socket":	6,
					"start":	0,
					"end":	5.5550730228424072,
					"seconds":	5.2464699745178223,
					"bytes":	65579920,
					"bits_per_second":	94443287.755658284
				}
			}],
		"sum_sent":	{
			"start":	0,
			"end":	5.2464699745178223,
			"seconds":	5.2464699745178223,
			"bytes":	74266880,
			"bits_per_second":	113244723.19211245,
			"retransmits":	0
		},
		"sum_received":	{
			"start":	0,
			"end":	5.5550730228424072,
			"seconds":	5.5550730228424072,
			"bytes":	65579920,
			"bits_per_second":	94443287.755658284
		},
		"cpu_utilization_percent":	{
			"host_total":	0.99162827765219375,
			"host_user":	0.030295356449913043,
			"host_system":	0.9613143008233932,
			"remote_total":	0.3849865651313395,
			"remote_user":	0.024853943501313643,
			"remote_system":	0.36012188790361632
		},
		"sender_tcp_congestion":	"cubic",
		"receiver_tcp_congestion":	"cubic"
	}
}
