{
	"start":	{
		"connected":	[{
				"socket":	6,
				"local_host":	"192.168.10.1",
				"local_port":	57522,
				"remote_host":	"192.168.10.2",
				"remote_port":	5004
			}],
		"version":	"iperf 3.6",
		"system_info":	"Linux ba-thesis 4.19.0-23-amd64 #1 SMP Debian 4.19.269-1 (2022-12-20) x86_64",
		"timestamp":	{
			"time":	"Sat, 10 Jun 2023 22:43:38 GMT",
			"timesecs":	1686437018
		},
		"connecting_to":	{
			"host":	"h5",
			"port":	5004
		},
		"cookie":	"buues4ourgth4ueti6htmatgkyoxmrvb5s4w",
		"tcp_mss_default":	1448,
		"sock_bufsize":	0,
		"sndbuf_actual":	87380,
		"rcvbuf_actual":	87380,
		"test_start":	{
			"protocol":	"TCP",
			"num_streams":	1,
			"blksize":	131072,
			"omit":	0,
			"duration":	0,
			"bytes":	24634037,
			"blocks":	0,
			"reverse":	0,
			"tos":	0
		}
	},
	"intervals":	[{
			"streams":	[{
					"socket":	6,
					"start":	0,
					"end":	1.0000879764556885,
					"seconds":	1.0000879764556885,
					"bytes":	16088960,
					"bits_per_second":	128700357.39871022,
					"retransmits":	0,
					"snd_cwnd":	964368,
					"rtt":	76042,
					"rttvar":	460,
					"pmtu":	1500,
					"omitted":	false
				}],
			"sum":	{
				"start":	0,
				"end":	1.0000879764556885,
				"seconds":	1.0000879764556885,
				"bytes":	16088960,
				"bits_per_second":	128700357.39871022,
				"retransmits":	0,
				"omitted":	false
			}
		}, {
			"streams":	[{
					"socket":	6,
					"start":	1.0000879764556885,
					"end":	1.6140108108520508,
					"seconds":	0.6139228343963623,
					"bytes":	9175040,
					"bits_per_second":	119559520.9814449,
					"retransmits":	0,
					"snd_cwnd":	1332160,
					"rtt":	105246,
					"rttvar":	534,
					"pmtu":	1500,
					"omitted":	false
				}],
			"sum":	{
				"start":	1.0000879764556885,
				"end":	1.6140108108520508,
				"seconds":	0.6139228343963623,
				"bytes":	9175040,
				"bits_per_second":	119559520.9814449,
				"retransmits":	0,
				"omitted":	false
			}
		}],
	"end":	{
		"streams":	[{
				"sender":	{
					"socket":	6,
					"start":	0,
					"end":	1.6140108108520508,
					"seconds":	1.6140108108520508,
					"bytes":	25264000,
					"bits_per_second":	125223448.71612307,
					"retransmits":	0,
					"max_snd_cwnd":	1332160,
					"max_rtt":	105246,
					"min_rtt":	76042,
					"mean_rtt":	90644
				},
				"receiver":	{
					"socket":	6,
					"start":	0,
					"end":	1.7564351558685303,
					"seconds":	1.6140108108520508,
					"bytes":	20156160,
					"bits_per_second":	91804857.9597376
				}
			}],
		"sum_sent":	{
			"start":	0,
			"end":	1.6140108108520508,
			"seconds":	1.6140108108520508,
			"bytes":	25264000,
			"bits_per_second":	125223448.71612307,
			"retransmits":	0
		},
		"sum_received":	{
			"start":	0,
			"end":	1.7564351558685303,
			"seconds":	1.7564351558685303,
			"bytes":	20156160,
			"bits_per_second":	91804857.9597376
		},
		"cpu_utilization_percent":	{
			"host_total":	2.4874579654077538,
			"host_user":	0.65436702220416365,
			"host_system":	1.8330333911347947,
			"remote_total":	0.056695334771363383,
			"remote_user":	0,
			"remote_system":	0.056695334771363383
		},
		"sender_tcp_congestion":	"cubic",
		"receiver_tcp_congestion":	"cubic"
	}
}
