{
	"start":	{
		"connected":	[{
				"socket":	6,
				"local_host":	"192.168.8.2",
				"local_port":	56254,
				"remote_host":	"192.168.20.1",
				"remote_port":	5007
			}],
		"version":	"iperf 3.6",
		"system_info":	"Linux ba-thesis 4.19.0-23-amd64 #1 SMP Debian 4.19.269-1 (2022-12-20) x86_64",
		"timestamp":	{
			"time":	"Wed, 31 May 2023 15:20:23 GMT",
			"timesecs":	1685546423
		},
		"connecting_to":	{
			"host":	"h0",
			"port":	5007
		},
		"cookie":	"j45myk7735j3c4xmw76xluj3lerjh2v5ubor",
		"tcp_mss_default":	1448,
		"sock_bufsize":	0,
		"sndbuf_actual":	87380,
		"rcvbuf_actual":	87380,
		"test_start":	{
			"protocol":	"TCP",
			"num_streams":	1,
			"blksize":	131072,
			"omit":	0,
			"duration":	0,
			"bytes":	210240512,
			"blocks":	0,
			"reverse":	0,
			"tos":	0
		}
	},
	"intervals":	[{
			"streams":	[{
					"socket":	6,
					"start":	0,
					"end":	1.0001099109649658,
					"seconds":	1.0001099109649658,
					"bytes":	144800,
					"bits_per_second":	1158272.6931306045,
					"retransmits":	0,
					"snd_cwnd":	28960,
					"rtt":	398696,
					"rttvar":	64930,
					"pmtu":	1500,
					"omitted":	false
				}],
			"sum":	{
				"start":	0,
				"end":	1.0001099109649658,
				"seconds":	1.0001099109649658,
				"bytes":	144800,
				"bits_per_second":	1158272.6931306045,
				"retransmits":	0,
				"omitted":	false
			}
		}, {
			"streams":	[{
					"socket":	6,
					"start":	1.0001099109649658,
					"end":	2.0002579689025879,
					"seconds":	1.0001480579376221,
					"bytes":	312768,
					"bits_per_second":	2501773.592561488,
					"retransmits":	0,
					"snd_cwnd":	68056,
					"rtt":	467135,
					"rttvar":	7890,
					"pmtu":	1500,
					"omitted":	false
				}],
			"sum":	{
				"start":	1.0001099109649658,
				"end":	2.0002579689025879,
				"seconds":	1.0001480579376221,
				"bytes":	312768,
				"bits_per_second":	2501773.592561488,
				"retransmits":	0,
				"omitted":	false
			}
		}, {
			"streams":	[{
					"socket":	6,
					"start":	2.0002579689025879,
					"end":	3.000201940536499,
					"seconds":	0.99994397163391113,
					"bytes":	204168,
					"bits_per_second":	1633435.5187232257,
					"retransmits":	0,
					"snd_cwnd":	73848,
					"rtt":	518186,
					"rttvar":	2303,
					"pmtu":	1500,
					"omitted":	false
				}],
			"sum":	{
				"start":	2.0002579689025879,
				"end":	3.000201940536499,
				"seconds":	0.99994397163391113,
				"bytes":	204168,
				"bits_per_second":	1633435.5187232257,
				"retransmits":	0,
				"omitted":	false
			}
		}, {
			"streams":	[{
					"socket":	6,
					"start":	3.000201940536499,
					"end":	4.0000758171081543,
					"seconds":	0.99987387657165527,
					"bytes":	2019960,
					"bits_per_second":	16161718.371328933,
					"retransmits":	0,
					"snd_cwnd":	163624,
					"rtt":	20235,
					"rttvar":	261,
					"pmtu":	1500,
					"omitted":	false
				}],
			"sum":	{
				"start":	3.000201940536499,
				"end":	4.0000758171081543,
				"seconds":	0.99987387657165527,
				"bytes":	2019960,
				"bits_per_second":	16161718.371328933,
				"retransmits":	0,
				"omitted":	false
			}
		}, {
			"streams":	[{
					"socket":	6,
					"start":	4.0000758171081543,
					"end":	5.0000979900360107,
					"seconds":	1.0000221729278564,
					"bytes":	13886600,
					"bits_per_second":	111090336.80197655,
					"retransmits":	0,
					"snd_cwnd":	741376,
					"rtt":	58253,
					"rttvar":	501,
					"pmtu":	1500,
					"omitted":	false
				}],
			"sum":	{
				"start":	4.0000758171081543,
				"end":	5.0000979900360107,
				"seconds":	1.0000221729278564,
				"bytes":	13886600,
				"bits_per_second":	111090336.80197655,
				"retransmits":	0,
				"omitted":	false
			}
		}, {
			"streams":	[{
					"socket":	6,
					"start":	5.0000979900360107,
					"end":	6.0000457763671875,
					"seconds":	0.99994778633117676,
					"bytes":	14417920,
					"bits_per_second":	115349382.81447324,
					"retransmits":	0,
					"snd_cwnd":	1337952,
					"rtt":	105796,
					"rttvar":	572,
					"pmtu":	1500,
					"omitted":	false
				}],
			"sum":	{
				"start":	5.0000979900360107,
				"end":	6.0000457763671875,
				"seconds":	0.99994778633117676,
				"bytes":	14417920,
				"bits_per_second":	115349382.81447324,
				"retransmits":	0,
				"omitted":	false
			}
		}, {
			"streams":	[{
					"socket":	6,
					"start":	6.0000457763671875,
					"end":	7.0000917911529541,
					"seconds":	1.0000460147857666,
					"bytes":	14417920,
					"bits_per_second":	115338052.74421224,
					"retransmits":	0,
					"snd_cwnd":	1935976,
					"rtt":	153509,
					"rttvar":	414,
					"pmtu":	1500,
					"omitted":	false
				}],
			"sum":	{
				"start":	6.0000457763671875,
				"end":	7.0000917911529541,
				"seconds":	1.0000460147857666,
				"bytes":	14417920,
				"bits_per_second":	115338052.74421224,
				"retransmits":	0,
				"omitted":	false
			}
		}, {
			"streams":	[{
					"socket":	6,
					"start":	7.0000917911529541,
					"end":	8.0000698566436768,
					"seconds":	0.99997806549072266,
					"bytes":	14417920,
					"bits_per_second":	115345890.05549553,
					"retransmits":	0,
					"snd_cwnd":	2534000,
					"rtt":	201186,
					"rttvar":	619,
					"pmtu":	1500,
					"omitted":	false
				}],
			"sum":	{
				"start":	7.0000917911529541,
				"end":	8.0000698566436768,
				"seconds":	0.99997806549072266,
				"bytes":	14417920,
				"bits_per_second":	115345890.05549553,
				"retransmits":	0,
				"omitted":	false
			}
		}, {
			"streams":	[{
					"socket":	6,
					"start":	8.0000698566436768,
					"end":	9.0000720024108887,
					"seconds":	1.0000021457672119,
					"bytes":	13107200,
					"bits_per_second":	104857375.0004828,
					"retransmits":	0,
					"snd_cwnd":	3130576,
					"rtt":	248568,
					"rttvar":	294,
					"pmtu":	1500,
					"omitted":	false
				}],
			"sum":	{
				"start":	8.0000698566436768,
				"end":	9.0000720024108887,
				"seconds":	1.0000021457672119,
				"bytes":	13107200,
				"bits_per_second":	104857375.0004828,
				"retransmits":	0,
				"omitted":	false
			}
		}, {
			"streams":	[{
					"socket":	6,
					"start":	9.0000720024108887,
					"end":	10.000085830688477,
					"seconds":	1.0000138282775879,
					"bytes":	11796480,
					"bits_per_second":	94370535.018045649,
					"retransmits":	0,
					"snd_cwnd":	3728600,
					"rtt":	296280,
					"rttvar":	467,
					"pmtu":	1500,
					"omitted":	false
				}],
			"sum":	{
				"start":	9.0000720024108887,
				"end":	10.000085830688477,
				"seconds":	1.0000138282775879,
				"bytes":	11796480,
				"bits_per_second":	94370535.018045649,
				"retransmits":	0,
				"omitted":	false
			}
		}, {
			"streams":	[{
					"socket":	6,
					"start":	10.000085830688477,
					"end":	11.000131845474243,
					"seconds":	1.0000460147857666,
					"bytes":	11796480,
					"bits_per_second":	94367497.699810013,
					"retransmits":	0,
					"snd_cwnd":	4325176,
					"rtt":	343983,
					"rttvar":	483,
					"pmtu":	1500,
					"omitted":	false
				}],
			"sum":	{
				"start":	10.000085830688477,
				"end":	11.000131845474243,
				"seconds":	1.0000460147857666,
				"bytes":	11796480,
				"bits_per_second":	94367497.699810013,
				"retransmits":	0,
				"omitted":	false
			}
		}, {
			"streams":	[{
					"socket":	6,
					"start":	11.000131845474243,
					"end":	12.000087976455688,
					"seconds":	0.99995613098144531,
					"bytes":	11796480,
					"bits_per_second":	94375980.181625709,
					"retransmits":	0,
					"snd_cwnd":	4921752,
					"rtt":	391219,
					"rttvar":	230,
					"pmtu":	1500,
					"omitted":	false
				}],
			"sum":	{
				"start":	11.000131845474243,
				"end":	12.000087976455688,
				"seconds":	0.99995613098144531,
				"bytes":	11796480,
				"bits_per_second":	94375980.181625709,
				"retransmits":	0,
				"omitted":	false
			}
		}, {
			"streams":	[{
					"socket":	6,
					"start":	12.000087976455688,
					"end":	13.000149965286255,
					"seconds":	1.0000619888305664,
					"bytes":	11796480,
					"bits_per_second":	94365990.362612188,
					"retransmits":	0,
					"snd_cwnd":	5515432,
					"rtt":	443865,
					"rttvar":	446,
					"pmtu":	1500,
					"omitted":	false
				}],