{
	"start":	{
		"connected":	[{
				"socket":	6,
				"local_host":	"192.168.9.1",
				"local_port":	39594,
				"remote_host":	"192.168.9.2",
				"remote_port":	5008
			}],
		"version":	"iperf 3.6",
		"system_info":	"Linux ba-thesis 4.19.0-23-amd64 #1 SMP Debian 4.19.269-1 (2022-12-20) x86_64",
		"timestamp":	{
			"time":	"Wed, 31 May 2023 15:20:36 GMT",
			"timesecs":	1685546436
		},
		"connecting_to":	{
			"host":	"h2",
			"port":	5008
		},
		"cookie":	"u7rah5olhfmmqxbcqexumhxmsgwhq57wbaq6",
		"tcp_mss_default":	1448,
		"sock_bufsize":	0,
		"sndbuf_actual":	87380,
		"rcvbuf_actual":	87380,
		"test_start":	{
			"protocol":	"TCP",
			"num_streams":	1,
			"blksize":	131072,
			"omit":	0,
			"duration":	0,
			"bytes":	82543616,
			"blocks":	0,
			"reverse":	0,
			"tos":	0
		}
	},
	"intervals":	[{
			"streams":	[{
					"socket":	6,
					"start":	0,
					"end":	1.0001609325408936,
					"seconds":	1.0001609325408936,
					"bytes":	15284480,
					"bits_per_second":	122256165.00472589,
					"retransmits":	0,
					"snd_cwnd":	799296,
					"rtt":	62878,
					"rttvar":	428,
					"pmtu":	1500,
					"omitted":	false
				}],
			"sum":	{
				"start":	0,
				"end":	1.0001609325408936,
				"seconds":	1.0001609325408936,
				"bytes":	15284480,
				"bits_per_second":	122256165.00472589,
				"retransmits":	0,
				"omitted":	false
			}
		}, {
			"streams":	[{
					"socket":	6,
					"start":	1.0001609325408936,
					"end":	2.0000569820404053,
					"seconds":	0.99989604949951172,
					"bytes":	14417920,
					"bits_per_second":	115355351.24649608,
					"retransmits":	0,
					"snd_cwnd":	1395872,
					"rtt":	110576,
					"rttvar":	553,
					"pmtu":	1500,
					"omitted":	false
				}],
			"sum":	{
				"start":	1.0001609325408936,
				"end":	2.0000569820404053,
				"seconds":	0.99989604949951172,
				"bytes":	14417920,
				"bits_per_second":	115355351.24649608,
				"retransmits":	0,
				"omitted":	false
			}
		}, {
			"streams":	[{
					"socket":	6,
					"start":	2.0000569820404053,
					"end":	3.0000970363616943,
					"seconds":	1.0000400543212891,
					"bytes":	14417920,
					"bits_per_second":	115338740.18504356,
					"retransmits":	0,
					"snd_cwnd":	1993896,
					"rtt":	158128,
					"rttvar":	482,
					"pmtu":	1500,
					"omitted":	false
				}],
			"sum":	{
				"start":	2.0000569820404053,
				"end":	3.0000970363616943,
				"seconds":	1.0000400543212891,
				"bytes":	14417920,
				"bits_per_second":	115338740.18504356,
				"retransmits":	0,
				"omitted":	false
			}
		}, {
			"streams":	[{
					"socket":	6,
					"start":	3.0000970363616943,
					"end":	4.0000679492950439,
					"seconds":	0.99997091293334961,
					"bytes":	14417920,
					"bits_per_second":	115346715.09758994,
					"retransmits":	0,
					"snd_cwnd":	2591920,
					"rtt":	205733,
					"rttvar":	400,
					"pmtu":	1500,
					"omitted":	false
				}],
			"sum":	{
				"start":	3.0000970363616943,
				"end":	4.0000679492950439,
				"seconds":	0.99997091293334961,
				"bytes":	14417920,
				"bits_per_second":	115346715.09758994,
				"retransmits":	0,
				"omitted":	false
			}
		}, {
			"streams":	[{
					"socket":	6,
					"start":	4.0000679492950439,
					"end":	5.0001139640808105,
					"seconds":	1.0000460147857666,
					"bytes":	11796480,
					"bits_per_second":	94367497.699810013,
					"retransmits":	0,
					"snd_cwnd":	3188496,
					"rtt":	253000,
					"rttvar":	238,
					"pmtu":	1500,
					"omitted":	false
				}],
			"sum":	{
				"start":	4.0000679492950439,
				"end":	5.0001139640808105,
				"seconds":	1.0000460147857666,
				"bytes":	11796480,
				"bits_per_second":	94367497.699810013,
				"retransmits":	0,
				"omitted":	false
			}
		}, {
			"streams":	[{
					"socket":	6,
					"start":	5.0001139640808105,
					"end":	6.000140905380249,
					"seconds":	1.0000269412994385,
					"bytes":	11796480,
					"bits_per_second":	94369297.5684964,
					"retransmits":	0,
					"snd_cwnd":	3786520,
					"rtt":	301061,
					"rttvar":	674,
					"pmtu":	1500,
					"omitted":	false
				}],
			"sum":	{
				"start":	5.0001139640808105,
				"end":	6.000140905380249,
				"seconds":	1.0000269412994385,
				"bytes":	11796480,
				"bits_per_second":	94369297.5684964,
				"retransmits":	0,
				"omitted":	false
			}
		}, {
			"streams":	[{
					"socket":	6,
					"start":	6.000140905380249,
					"end":	6.0161631107330322,
					"seconds":	0.016022205352783203,
					"bytes":	1310720,
					"bits_per_second":	654451729.2794857,
					"retransmits":	0,
					"snd_cwnd":	3796656,
					"rtt":	301664,
					"rttvar":	352,
					"pmtu":	1500,
					"omitted":	false
				}],
			"sum":	{
				"start":	6.000140905380249,
				"end":	6.0161631107330322,
				"seconds":	0.016022205352783203,
				"bytes":	1310720,
				"bits_per_second":	654451729.2794857,
				"retransmits":	0,
				"omitted":	false
			}
		}],
	"end":	{
		"streams":	[{
				"sender":	{
					"socket":	6,
					"start":	0,
					"end":	6.0161631107330322,
					"seconds":	6.0161631107330322,
					"bytes":	83441920,
					"bits_per_second":	110956991.64291191,
					"retransmits":	0,
					"max_snd_cwnd":	3796656,
					"max_rtt":	301664,
					"min_rtt":	62878,
					"mean_rtt":	199005
				},
				"receiver":	{
					"socket":	6,
					"start":	0,
					"end":	6.3643879890441895,
					"seconds":	6.0161631107330322,
					"bytes":	75252560,
					"bits_per_second":	94592045.776645377
				}
			}],
		"sum_sent":	{
			"start":	0,
			"end":	6.0161631107330322,
			"seconds":	6.0161631107330322,
			"bytes":	83441920,
			"bits_per_second":	110956991.64291191,
			"retransmits":	0
		},
		"sum_received":	{
			"start":	0,
			"end":	6.3643879890441895,
			"seconds":	6.3643879890441895,
			"bytes":	75252560,
			"bits_per_second":	94592045.776645377
		},
		"cpu_utilization_percent":	{
			"host_total":	0.90471762485363783,
			"host_user":	0.37105555003672286,
			"host_system":	0.53362950465671866,
			"remote_total":	0.32367874895824111,
			"remote_user":	0.034364538935764855,
			"remote_system":	0.28931032394999684
		},
		"sender_tcp_congestion":	"cubic",
		"receiver_tcp_congestion":	"cubic"
	}
}
