{
	"start":	{
		"connected":	[{
				"socket":	6,
				"local_host":	"192.168.37.1",
				"local_port":	56204,
				"remote_host":	"192.168.42.1",
				"remote_port":	5019
			}],
		"version":	"iperf 3.6",
		"system_info":	"Linux ba-thesis 4.19.0-23-amd64 #1 SMP Debian 4.19.269-1 (2022-12-20) x86_64",
		"timestamp":	{
			"time":	"Sun, 04 Jun 2023 14:06:33 GMT",
			"timesecs":	1685887593
		},
		"connecting_to":	{
			"host":	"h4",
			"port":	5019
		},
		"cookie":	"o2kbxm2mfavahretsx5uvuj2zcg3al2mdmnq",
		"tcp_mss_default":	1448,
		"sock_bufsize":	0,
		"sndbuf_actual":	87380,
		"rcvbuf_actual":	87380,
		"test_start":	{
			"protocol":	"TCP",
			"num_streams":	1,
			"blksize":	131072,
			"omit":	0,
			"duration":	0,
			"bytes":	25340267,
			"blocks":	0,
			"reverse":	0,
			"tos":	0
		}
	},
	"intervals":	[{
			"streams":	[{
					"socket":	6,
					"start":	0,
					"end":	1.0000541210174561,
					"seconds":	1.0000541210174561,
					"bytes":	6917096,
					"bits_per_second":	55333773.279890411,
					"retransmits":	0,
					"snd_cwnd":	566168,
					"rtt":	150274,
					"rttvar":	348,
					"pmtu":	1500,
					"omitted":	false
				}],
			"sum":	{
				"start":	0,
				"end":	1.0000541210174561,
				"seconds":	1.0000541210174561,
				"bytes":	6917096,
				"bits_per_second":	55333773.279890411,
				"retransmits":	0,
				"omitted":	false
			}
		}, {
			"streams":	[{
					"socket":	6,
					"start":	1.0000541210174561,
					"end":	2.0001580715179443,
					"seconds":	1.0001039505004883,
					"bytes":	3859480,
					"bits_per_second":	30872630.774579592,
					"retransmits":	0,
					"snd_cwnd":	765992,
					"rtt":	172751,
					"rttvar":	432,
					"pmtu":	1500,
					"omitted":	false
				}],
			"sum":	{
				"start":	1.0000541210174561,
				"end":	2.0001580715179443,
				"seconds":	1.0001039505004883,
				"bytes":	3859480,
				"bits_per_second":	30872630.774579592,
				"retransmits":	0,
				"omitted":	false
			}
		}, {
			"streams":	[{
					"socket":	6,
					"start":	2.0001580715179443,
					"end":	3.0001111030578613,
					"seconds":	0.999953031539917,
					"bytes":	5242880,
					"bits_per_second":	41945010.09253221,
					"retransmits":	0,
					"snd_cwnd":	975952,
					"rtt":	209080,
					"rttvar":	653,
					"pmtu":	1500,
					"omitted":	false
				}],
			"sum":	{
				"start":	2.0001580715179443,
				"end":	3.0001111030578613,
				"seconds":	0.999953031539917,
				"bytes":	5242880,
				"bits_per_second":	41945010.09253221,
				"retransmits":	0,
				"omitted":	false
			}
		}, {
			"streams":	[{
					"socket":	6,
					"start":	3.0001111030578613,
					"end":	4.0001699924468994,
					"seconds":	1.0000588893890381,
					"bytes":	5242880,
					"bits_per_second":	41940570.145448223,
					"retransmits":	0,
					"snd_cwnd":	1200392,
					"rtt":	250240,
					"rttvar":	492,
					"pmtu":	1500,
					"omitted":	false
				}],
			"sum":	{
				"start":	3.0001111030578613,
				"end":	4.0001699924468994,
				"seconds":	1.0000588893890381,
				"bytes":	5242880,
				"bits_per_second":	41940570.145448223,
				"retransmits":	0,
				"omitted":	false
			}
		}, {
			"streams":	[{
					"socket":	6,
					"start":	4.0001699924468994,
					"end":	4.82519793510437,
					"seconds":	0.8250279426574707,
					"bytes":	5242880,
					"bits_per_second":	50838326.596428521,
					"retransmits":	0,
					"snd_cwnd":	1388632,
					"rtt":	282498,
					"rttvar":	391,
					"pmtu":	1500,
					"omitted":	false
				}],
			"sum":	{
				"start":	4.0001699924468994,
				"end":	4.82519793510437,
				"seconds":	0.8250279426574707,
				"bytes":	5242880,
				"bits_per_second":	50838326.596428521,
				"retransmits":	0,
				"omitted":	false
			}
		}],
	"end":	{
		"streams":	[{
				"sender":	{
					"socket":	6,
					"start":	0,
					"end":	4.82519793510437,
					"seconds":	4.82519793510437,
					"bytes":	26505216,
					"bits_per_second":	43944669.390109383,
					"retransmits":	0,
					"max_snd_cwnd":	1388632,
					"max_rtt":	282498,
					"min_rtt":	150274,
					"mean_rtt":	212968
				},
				"receiver":	{
					"socket":	6,
					"start":	0,
					"end":	5.2310910224914551,
					"seconds":	4.82519793510437,
					"bytes":	21499904,
					"bits_per_second":	32880183.361458793
				}
			}],
		"sum_sent":	{
			"start":	0,
			"end":	4.82519793510437,
			"seconds":	4.82519793510437,
			"bytes":	26505216,
			"bits_per_second":	43944669.390109383,
			"retransmits":	0
		},
		"sum_received":	{
			"start":	0,
			"end":	5.2310910224914551,
			"seconds":	5.2310910224914551,
			"bytes":	21499904,
			"bits_per_second":	32880183.361458793
		},
		"cpu_utilization_percent":	{
			"host_total":	1.0219985211411398,
			"host_user":	0.07816542205957859,
			"host_system":	0.94383309908156121,
			"remote_total":	0.59560624561182718,
			"remote_user":	0.10267408627950608,
			"remote_system":	0.49299250007650347
		},
		"sender_tcp_congestion":	"cubic",
		"receiver_tcp_congestion":	"cubic"
	}
}
