{
	"start":	{
		"connected":	[{
				"socket":	6,
				"local_host":	"192.168.23.2",
				"local_port":	43504,
				"remote_host":	"192.168.40.1",
				"remote_port":	5006
			}],
		"version":	"iperf 3.6",
		"system_info":	"Linux ba-thesis 4.19.0-23-amd64 #1 SMP Debian 4.19.269-1 (2022-12-20) x86_64",
		"timestamp":	{
			"time":	"Sun, 04 Jun 2023 14:06:27 GMT",
			"timesecs":	1685887587
		},
		"connecting_to":	{
			"host":	"h2",
			"port":	5006
		},
		"cookie":	"33zfmfinyabjaadxujoqyco53y6zn757fi6i",
		"tcp_mss_default":	1448,
		"sock_bufsize":	0,
		"sndbuf_actual":	87380,
		"rcvbuf_actual":	87380,
		"test_start":	{
			"protocol":	"TCP",
			"num_streams":	1,
			"blksize":	131072,
			"omit":	0,
			"duration":	0,
			"bytes":	123347760,
			"blocks":	0,
			"reverse":	0,
			"tos":	0
		}
	},
	"intervals":	[{
			"streams":	[{
					"socket":	6,
					"start":	0,
					"end":	1.0000669956207275,
					"seconds":	1.0000669956207275,
					"bytes":	8285456,
					"bits_per_second":	66279207.583346628,
					"retransmits":	0,
					"snd_cwnd":	632776,
					"rtt":	113320,
					"rttvar":	844,
					"pmtu":	1500,
					"omitted":	false
				}],
			"sum":	{
				"start":	0,
				"end":	1.0000669956207275,
				"seconds":	1.0000669956207275,
				"bytes":	8285456,
				"bits_per_second":	66279207.583346628,
				"retransmits":	0,
				"omitted":	false
			}
		}, {
			"streams":	[{
					"socket":	6,
					"start":	1.0000669956207275,
					"end":	2.0001099109649658,
					"seconds":	1.0000429153442383,
					"bytes":	6553600,
					"bits_per_second":	52426550.096555382,
					"retransmits":	0,
					"snd_cwnd":	926720,
					"rtt":	147934,
					"rttvar":	760,
					"pmtu":	1500,
					"omitted":	false
				}],
			"sum":	{
				"start":	1.0000669956207275,
				"end":	2.0001099109649658,
				"seconds":	1.0000429153442383,
				"bytes":	6553600,
				"bits_per_second":	52426550.096555382,
				"retransmits":	0,
				"omitted":	false
			}
		}, {
			"streams":	[{
					"socket":	6,
					"start":	2.0001099109649658,
					"end":	3.0001809597015381,
					"seconds":	1.0000710487365723,
					"bytes":	6553600,
					"bits_per_second":	52425075.264637738,
					"retransmits":	0,
					"snd_cwnd":	1196048,
					"rtt":	191032,
					"rttvar":	844,
					"pmtu":	1500,
					"omitted":	false
				}],
			"sum":	{
				"start":	2.0001099109649658,
				"end":	3.0001809597015381,
				"seconds":	1.0000710487365723,
				"bytes":	6553600,
				"bits_per_second":	52425075.264637738,
				"retransmits":	0,
				"omitted":	false
			}
		}, {
			"streams":	[{
					"socket":	6,
					"start":	3.0001809597015381,
					"end":	4.0000998973846436,
					"seconds":	0.99991893768310547,
					"bytes":	7864320,
					"bits_per_second":	62919660.413451329,
					"retransmits":	0,
					"snd_cwnd":	1513160,
					"rtt":	223079,
					"rttvar":	1149,
					"pmtu":	1500,
					"omitted":	false
				}],
			"sum":	{
				"start":	3.0001809597015381,
				"end":	4.0000998973846436,
				"seconds":	0.99991893768310547,
				"bytes":	7864320,
				"bits_per_second":	62919660.413451329,
				"retransmits":	0,
				"omitted":	false
			}
		}, {
			"streams":	[{
					"socket":	6,
					"start":	4.0000998973846436,
					"end":	5.0000569820404053,
					"seconds":	0.99995708465576172,
					"bytes":	7864320,
					"bits_per_second":	62917260.1158764,
					"retransmits":	0,
					"snd_cwnd":	1378496,
					"rtt":	264810,
					"rttvar":	997,
					"pmtu":	1500,
					"omitted":	false
				}],
			"sum":	{
				"start":	4.0000998973846436,
				"end":	5.0000569820404053,
				"seconds":	0.99995708465576172,
				"bytes":	7864320,
				"bits_per_second":	62917260.1158764,
				"retransmits":	0,
				"omitted":	false
			}
		}, {
			"streams":	[{
					"socket":	6,
					"start":	5.0000569820404053,
					"end":	6.0000441074371338,
					"seconds":	0.99998712539672852,
					"bytes":	5242880,
					"bits_per_second":	41943580.006952375,
					"retransmits":	0,
					"snd_cwnd":	1343744,
					"rtt":	243578,
					"rttvar":	2465,
					"pmtu":	1500,
					"omitted":	false
				}],
			"sum":	{
				"start":	5.0000569820404053,
				"end":	6.0000441074371338,
				"seconds":	0.99998712539672852,
				"bytes":	5242880,
				"bits_per_second":	41943580.006952375,
				"retransmits":	0,
				"omitted":	false
			}
		}, {
			"streams":	[{
					"socket":	6,
					"start":	6.0000441074371338,
					"end":	7.000338077545166,
					"seconds":	1.0002939701080322,
					"bytes":	5242880,
					"bits_per_second":	41930713.623586208,
					"retransmits":	0,
					"snd_cwnd":	1469720,
					"rtt":	282323,
					"rttvar":	169,
					"pmtu":	1500,
					"omitted":	false
				}],
			"sum":	{
				"start":	6.0000441074371338,
				"end":	7.000338077545166,
				"seconds":	1.0002939701080322,
				"bytes":	5242880,
				"bits_per_second":	41930713.623586208,
				"retransmits":	0,
				"omitted":	false
			}
		}, {
			"streams":	[{
					"socket":	6,
					"start":	7.000338077545166,
					"end":	8.0001499652862549,
					"seconds":	0.99981188774108887,
					"bytes":	3932160,
					"bits_per_second":	31463198.613363728,
					"retransmits":	0,
					"snd_cwnd":	735584,
					"rtt":	226294,
					"rttvar":	2883,
					"pmtu":	1500,
					"omitted":	false
				}],
			"sum":	{
				"start":	7.000338077545166,
				"end":	8.0001499652862549,
				"seconds":	0.99981188774108887,
				"bytes":	3932160,
				"bits_per_second":	31463198.613363728,
				"retransmits":	0,
				"omitted":	false
			}
		}, {
			"streams":	[{
					"socket":	6,
					"start":	8.0001499652862549,
					"end":	9.0001220703125,
					"seconds":	0.99997210502624512,
					"bytes":	5242880,
					"bits_per_second":	41944210.032638028,
					"retransmits":	0,
					"snd_cwnd":	797848,
					"rtt":	108929,
					"rttvar":	560,
					"pmtu":	1500,
					"omitted":	false
				}],
			"sum":	{
				"start":	8.0001499652862549,
				"end":	9.0001220703125,
				"seconds":	0.99997210502624512,
				"bytes":	5242880,
				"bits_per_second":	41944210.032638028,
				"retransmits":	0,
				"omitted":	false
			}
		}, {
			"streams":	[{
					"socket":	6,
					"start":	9.0001220703125,
					"end":	10.000432014465332,
					"seconds":	1.000309944152832,
					"bytes":	3932160,
					"bits_per_second":	31447533.021019142,
					"retransmits":	0,
					"snd_cwnd":	836944,
					"rtt":	303677,
					"rttvar":	4790,
					"pmtu":	1500,
					"omitted":	false
				}],
			"sum":	{
				"start":	9.0001220703125,
				"end":	10.000432014465332,
				"seconds":	1.000309944152832,
				"bytes":	3932160,
				"bits_per_second":	31447533.021019142,
				"retransmits":	0,
				"omitted":	false
			}
		}, {
			"streams":	[{
					"socket":	6,
					"start":	10.000432014465332,
					"end":	11.000154972076416,
					"seconds":	0.999722957611084,
					"bytes":	3932160,
					"bits_per_second":	31465997.415093504,
					"retransmits":	0,
					"snd_cwnd":	867352,
					"rtt":	197323,
					"rttvar":	3787,
					"pmtu":	1500,
					"omitted":	false
				}],
			"sum":	{
				"start":	10.000432014465332,
				"end":	11.000154972076416,
				"seconds":	0.999722957611084,
				"bytes":	3932160,
				"bits_per_second":	31465997.415093504,
				"retransmits":	0,
				"omitted":	false
			}
		}, {
			"streams":	[{
					"socket":	6,
					"start":	11.000154972076416,
					"end":	12.000117063522339,
					"seconds":	0.99996209144592285,
					"bytes":	5242880,
					"bits_per_second":	41944630.060276888,
					"retransmits":	0,
					"snd_cwnd":	884728,
					"rtt":	174797,
					"rttvar":	24065,
					"pmtu":	1500,
					"omitted":	false
				}],
			"sum":	{
				"start":	11.000154972076416,
				"end":	12.000117063522339,
				"seconds":	0.99996209144592285,
				"bytes":	5242880,
				"bits_per_second":	41944630.060276888,
				"retransmits":	0,
				"omitted":	false
			}
		}, {
			"streams":	[{
					"socket":	6,
					"start":	12.000117063522339,
					"end":	13.0003080368042,
					"seconds":	1.0001909732818604,
					"bytes":	3932160,
					"bits_per_second":	31451273.647052933,
					"retransmits":	0,
					"snd_cwnd":	459016,
					"rtt":	214106,
					"rttvar":	882,
					"pmtu":	1500,
					"omitted":	false
				}],