{
	"start":	{
		"connected":	[{
				"socket":	6,
				"local_host":	"192.168.17.1",
				"local_port":	35520,
				"remote_host":	"192.168.17.2",
				"remote_port":	5007
			}],
		"version":	"iperf 3.6",
		"system_info":	"Linux ba-thesis 4.19.0-23-amd64 #1 SMP Debian 4.19.269-1 (2022-12-20) x86_64",
		"timestamp":	{
			"time":	"Sat, 10 Jun 2023 19:12:39 GMT",
			"timesecs":	1686424359
		},
		"connecting_to":	{
			"host":	"h6",
			"port":	5007
		},
		"cookie":	"vy6owz3wumop4ztiqyns4ml6nh7q45o2pyer",
		"tcp_mss_default":	1448,
		"sock_bufsize":	0,
		"sndbuf_actual":	87380,
		"rcvbuf_actual":	87380,
		"test_start":	{
			"protocol":	"TCP",
			"num_streams":	1,
			"blksize":	131072,
			"omit":	0,
			"duration":	0,
			"bytes":	3368513,
			"blocks":	0,
			"reverse":	0,
			"tos":	0
		}
	},
	"intervals":	[{
			"streams":	[{
					"socket":	6,
					"start":	0,
					"end":	1.0002129077911377,
					"seconds":	1.0002129077911377,
					"bytes":	3040800,
					"bits_per_second":	24321221.822384026,
					"retransmits":	0,
					"snd_cwnd":	256296,
					"rtt":	173484,
					"rttvar":	1937,
					"pmtu":	1500,
					"omitted":	false
				}],
			"sum":	{
				"start":	0,
				"end":	1.0002129077911377,
				"seconds":	1.0002129077911377,
				"bytes":	3040800,
				"bits_per_second":	24321221.822384026,
				"retransmits":	0,
				"omitted":	false
			}
		}, {
			"streams":	[{
					"socket":	6,
					"start":	1.0002129077911377,
					"end":	1.1101109981536865,
					"seconds":	0.10989809036254883,
					"bytes":	521280,
					"bits_per_second":	37946428.243134774,
					"retransmits":	0,
					"snd_cwnd":	263536,
					"rtt":	186022,
					"rttvar":	1910,
					"pmtu":	1500,
					"omitted":	false
				}],
			"sum":	{
				"start":	1.0002129077911377,
				"end":	1.1101109981536865,
				"seconds":	0.10989809036254883,
				"bytes":	521280,
				"bits_per_second":	37946428.243134774,
				"retransmits":	0,
				"omitted":	false
			}
		}],
	"end":	{
		"streams":	[{
				"sender":	{
					"socket":	6,
					"start":	0,
					"end":	1.1101109981536865,
					"seconds":	1.1101109981536865,
					"bytes":	3562080,
					"bits_per_second":	25670081.683178544,
					"retransmits":	0,
					"max_snd_cwnd":	263536,
					"max_rtt":	186022,
					"min_rtt":	173484,
					"mean_rtt":	179753
				},
				"receiver":	{
					"socket":	6,
					"start":	0,
					"end":	1.3487420082092285,
					"seconds":	1.1101109981536865,
					"bytes":	2381960,
					"bits_per_second":	14128484.086664496
				}
			}],
		"sum_sent":	{
			"start":	0,
			"end":	1.1101109981536865,
			"seconds":	1.1101109981536865,
			"bytes":	3562080,
			"bits_per_second":	25670081.683178544,
			"retransmits":	0
		},
		"sum_received":	{
			"start":	0,
			"end":	1.3487420082092285,
			"seconds":	1.3487420082092285,
			"bytes":	2381960,
			"bits_per_second":	14128484.086664496
		},
		"cpu_utilization_percent":	{
			"host_total":	3.2367978263106174,
			"host_user":	0.13966310730971104,
			"host_system":	3.0972967411671588,
			"remote_total":	0.021684498953868744,
			"remote_user":	0,
			"remote_system":	0.021687079827345759
		},
		"sender_tcp_congestion":	"cubic",
		"receiver_tcp_congestion":	"cubic"
	}
}
