{
	"start":	{
		"connected":	[{
				"socket":	6,
				"local_host":	"192.168.2.1",
				"local_port":	53508,
				"remote_host":	"192.168.20.1",
				"remote_port":	5000
			}],
		"version":	"iperf 3.6",
		"system_info":	"Linux ba-thesis 4.19.0-23-amd64 #1 SMP Debian 4.19.269-1 (2022-12-20) x86_64",
		"timestamp":	{
			"time":	"Sun, 11 Jun 2023 04:30:44 GMT",
			"timesecs":	1686457844
		},
		"connecting_to":	{
			"host":	"h5",
			"port":	5000
		},
		"cookie":	"zt77f6hf3azdugnbjqalmtp56md45obf2zzs",
		"tcp_mss_default":	1448,
		"sock_bufsize":	0,
		"sndbuf_actual":	87380,
		"rcvbuf_actual":	87380,
		"test_start":	{
			"protocol":	"TCP",
			"num_streams":	1,
			"blksize":	131072,
			"omit":	0,
			"duration":	0,
			"bytes":	186188931,
			"blocks":	0,
			"reverse":	0,
			"tos":	0
		}
	},
	"intervals":	[{
			"streams":	[{
					"socket":	6,
					"start":	0,
					"end":	1.0001029968261719,
					"seconds":	1.0001029968261719,
					"bytes":	144800,
					"bits_per_second":	1158280.7007640051,
					"retransmits":	0,
					"snd_cwnd":	28960,
					"rtt":	502510,
					"rttvar":	117370,
					"pmtu":	1500,
					"omitted":	false
				}],
			"sum":	{
				"start":	0,
				"end":	1.0001029968261719,
				"seconds":	1.0001029968261719,
				"bytes":	144800,
				"bits_per_second":	1158280.7007640051,
				"retransmits":	0,
				"omitted":	false
			}
		}, {
			"streams":	[{
					"socket":	6,
					"start":	1.0001029968261719,
					"end":	2.0002100467681885,
					"seconds":	1.0001070499420166,
					"bytes":	421368,
					"bits_per_second":	3370583.1792660975,
					"retransmits":	0,
					"snd_cwnd":	99912,
					"rtt":	393165,
					"rttvar":	13948,
					"pmtu":	1500,
					"omitted":	false
				}],
			"sum":	{
				"start":	1.0001029968261719,
				"end":	2.0002100467681885,
				"seconds":	1.0001070499420166,
				"bytes":	421368,
				"bits_per_second":	3370583.1792660975,
				"retransmits":	0,
				"omitted":	false
			}
		}, {
			"streams":	[{
					"socket":	6,
					"start":	2.0002100467681885,
					"end":	3.0001661777496338,
					"seconds":	0.99995613098144531,
					"bytes":	3331848,
					"bits_per_second":	26655953.370513003,
					"retransmits":	0,
					"snd_cwnd":	799296,
					"rtt":	325175,
					"rttvar":	2716,
					"pmtu":	1500,
					"omitted":	false
				}],
			"sum":	{
				"start":	2.0002100467681885,
				"end":	3.0001661777496338,
				"seconds":	0.99995613098144531,
				"bytes":	3331848,
				"bits_per_second":	26655953.370513003,
				"retransmits":	0,
				"omitted":	false
			}
		}, {
			"streams":	[{
					"socket":	6,
					"start":	3.0001661777496338,
					"end":	4.0001211166381836,
					"seconds":	0.9999549388885498,
					"bytes":	11796480,
					"bits_per_second":	94376092.691631,
					"retransmits":	0,
					"snd_cwnd":	2942336,
					"rtt":	489664,
					"rttvar":	3389,
					"pmtu":	1500,
					"omitted":	false
				}],
			"sum":	{
				"start":	3.0001661777496338,
				"end":	4.0001211166381836,
				"seconds":	0.9999549388885498,
				"bytes":	11796480,
				"bits_per_second":	94376092.691631,
				"retransmits":	0,
				"omitted":	false
			}
		}, {
			"streams":	[{
					"socket":	6,
					"start":	4.0001211166381836,
					"end":	5.0002391338348389,
					"seconds":	1.0001180171966553,
					"bytes":	9175040,
					"bits_per_second":	73391658.522203326,
					"retransmits":	0,
					"snd_cwnd":	3392664,
					"rtt":	303105,
					"rttvar":	590,
					"pmtu":	1500,
					"omitted":	false
				}],
			"sum":	{
				"start":	4.0001211166381836,
				"end":	5.0002391338348389,
				"seconds":	1.0001180171966553,
				"bytes":	9175040,
				"bits_per_second":	73391658.522203326,
				"retransmits":	0,
				"omitted":	false
			}
		}, {
			"streams":	[{
					"socket":	6,
					"start":	5.0002391338348389,
					"end":	6.0000841617584229,
					"seconds":	0.999845027923584,
					"bytes":	11796480,
					"bits_per_second":	94386467.266817912,
					"retransmits":	0,
					"snd_cwnd":	3976208,
					"rtt":	316264,
					"rttvar":	484,
					"pmtu":	1500,
					"omitted":	false
				}],
			"sum":	{
				"start":	5.0002391338348389,
				"end":	6.0000841617584229,
				"seconds":	0.999845027923584,
				"bytes":	11796480,
				"bits_per_second":	94386467.266817912,
				"retransmits":	0,
				"omitted":	false
			}
		}, {
			"streams":	[{
					"socket":	6,
					"start":	6.0000841617584229,
					"end":	7.0000810623168945,
					"seconds":	0.99999690055847168,
					"bytes":	11796480,
					"bits_per_second":	94372132.500906587,
					"retransmits":	0,
					"snd_cwnd":	4574232,
					"rtt":	364267,
					"rttvar":	695,
					"pmtu":	1500,
					"omitted":	false
				}],
			"sum":	{
				"start":	6.0000841617584229,
				"end":	7.0000810623168945,
				"seconds":	0.99999690055847168,
				"bytes":	11796480,
				"bits_per_second":	94372132.500906587,
				"retransmits":	0,
				"omitted":	false
			}
		}, {
			"streams":	[{
					"socket":	6,
					"start":	7.0000810623168945,
					"end":	8.0001490116119385,
					"seconds":	1.0000679492950439,
					"bytes":	11796480,
					"bits_per_second":	94365427.935695246,
					"retransmits":	0,
					"snd_cwnd":	5172256,
					"rtt":	411358,
					"rttvar":	629,
					"pmtu":	1500,
					"omitted":	false
				}],
			"sum":	{
				"start":	7.0000810623168945,
				"end":	8.0001490116119385,
				"seconds":	1.0000679492950439,
				"bytes":	11796480,
				"bits_per_second":	94365427.935695246,
				"retransmits":	0,
				"omitted":	false
			}
		}, {
			"streams":	[{
					"socket":	6,
					"start":	8.0001490116119385,
					"end":	9.0001020431518555,
					"seconds":	0.999953031539917,
					"bytes":	11796480,
					"bits_per_second":	94376272.708197474,
					"retransmits":	0,
					"snd_cwnd":	5767384,
					"rtt":	459873,
					"rttvar":	473,
					"pmtu":	1500,
					"omitted":	false
				}],
			"sum":	{
				"start":	8.0001490116119385,
				"end":	9.0001020431518555,
				"seconds":	0.999953031539917,
				"bytes":	11796480,
				"bits_per_second":	94376272.708197474,
				"retransmits":	0,
				"omitted":	false
			}
		}, {
			"streams":	[{
					"socket":	6,
					"start":	9.0001020431518555,
					"end":	10.00007700920105,
					"seconds":	0.99997496604919434,
					"bytes":	15728640,
					"bits_per_second":	125832270.07885891,
					"retransmits":	0,
					"snd_cwnd":	6517448,
					"rtt":	517802,
					"rttvar":	710,
					"pmtu":	1500,
					"omitted":	false
				}],
			"sum":	{
				"start":	9.0001020431518555,
				"end":	10.00007700920105,
				"seconds":	0.99997496604919434,
				"bytes":	15728640,
				"bits_per_second":	125832270.07885891,
				"retransmits":	0,
				"omitted":	false
			}
		}, {
			"streams":	[{
					"socket":	6,
					"start":	10.00007700920105,
					"end":	11.000067949295044,
					"seconds":	0.99999094009399414,
					"bytes":	11796480,
					"bits_per_second":	94372695.0077463,
					"retransmits":	0,
					"snd_cwnd":	7115472,
					"rtt":	565969,
					"rttvar":	560,
					"pmtu":	1500,
					"omitted":	false
				}],
			"sum":	{
				"start":	10.00007700920105,
				"end":	11.000067949295044,
				"seconds":	0.99999094009399414,
				"bytes":	11796480,
				"bits_per_second":	94372695.0077463,
				"retransmits":	0,
				"omitted":	false
			}
		}, {
			"streams":	[{
					"socket":	6,
					"start":	11.000067949295044,
					"end":	12.000097990036011,
					"seconds":	1.0000300407409668,
					"bytes":	11796480,
					"bits_per_second":	94369005.085162938,
					"retransmits":	0,
					"snd_cwnd":	7713496,
					"rtt":	613595,
					"rttvar":	284,
					"pmtu":	1500,
					"omitted":	false
				}],
			"sum":	{
				"start":	11.000067949295044,
				"end":	12.000097990036011,
				"seconds":	1.0000300407409668,
				"bytes":	11796480,
				"bits_per_second":	94369005.085162938,
				"retransmits":	0,
				"omitted":	false
			}
		}, {
			"streams":	[{
					"socket":	6,
					"start":	12.000097990036011,
					"end":	13.000098943710327,
					"seconds":	1.0000009536743164,
					"bytes":	11796480,
					"bits_per_second":	94371750.000085831,
					"retransmits":	0,
					"snd_cwnd":	8311520,
					"rtt":	661439,
					"rttvar":	470,
					"pmtu":	1500,
					"omitted":	false
				}],