{
	"start":	{
		"connected":	[{
				"socket":	6,
				"local_host":	"192.168.12.2",
				"local_port":	44414,
				"remote_host":	"192.168.12.1",
				"remote_port":	5008
			}],
		"version":	"iperf 3.6",
		"system_info":	"Linux ba-thesis 4.19.0-23-amd64 #1 SMP Debian 4.19.269-1 (2022-12-20) x86_64",
		"timestamp":	{
			"time":	"Sun, 11 Jun 2023 04:30:27 GMT",
			"timesecs":	1686457827
		},
		"connecting_to":	{
			"host":	"h4",
			"port":	5008
		},
		"cookie":	"qqzfivxqqo77ro6wbw4cgzvngzuruzqxeuc5",
		"tcp_mss_default":	1448,
		"sock_bufsize":	0,
		"sndbuf_actual":	87380,
		"rcvbuf_actual":	87380,
		"test_start":	{
			"protocol":	"TCP",
			"num_streams":	1,
			"blksize":	131072,
			"omit":	0,
			"duration":	0,
			"bytes":	66387538,
			"blocks":	0,
			"reverse":	0,
			"tos":	0
		}
	},
	"intervals":	[{
			"streams":	[{
					"socket":	6,
					"start":	0,
					"end":	1.0000500679016113,
					"seconds":	1.0000500679016113,
					"bytes":	11346528,
					"bits_per_second":	90767679.452755675,
					"retransmits":	0,
					"snd_cwnd":	651600,
					"rtt":	70762,
					"rttvar":	559,
					"pmtu":	1500,
					"omitted":	false
				}],
			"sum":	{
				"start":	0,
				"end":	1.0000500679016113,
				"seconds":	1.0000500679016113,
				"bytes":	11346528,
				"bits_per_second":	90767679.452755675,
				"retransmits":	0,
				"omitted":	false
			}
		}, {
			"streams":	[{
					"socket":	6,
					"start":	1.0000500679016113,
					"end":	2.0001180171966553,
					"seconds":	1.0000679492950439,
					"bytes":	10485760,
					"bits_per_second":	83880380.387284666,
					"retransmits":	0,
					"snd_cwnd":	1087448,
					"rtt":	118249,
					"rttvar":	494,
					"pmtu":	1500,
					"omitted":	false
				}],
			"sum":	{
				"start":	1.0000500679016113,
				"end":	2.0001180171966553,
				"seconds":	1.0000679492950439,
				"bytes":	10485760,
				"bits_per_second":	83880380.387284666,
				"retransmits":	0,
				"omitted":	false
			}
		}, {
			"streams":	[{
					"socket":	6,
					"start":	2.0001180171966553,
					"end":	3.000046968460083,
					"seconds":	0.99992895126342773,
					"bytes":	10485760,
					"bits_per_second":	83892040.423480555,
					"retransmits":	0,
					"snd_cwnd":	1524744,
					"rtt":	165664,
					"rttvar":	378,
					"pmtu":	1500,
					"omitted":	false
				}],
			"sum":	{
				"start":	2.0001180171966553,
				"end":	3.000046968460083,
				"seconds":	0.99992895126342773,
				"bytes":	10485760,
				"bits_per_second":	83892040.423480555,
				"retransmits":	0,
				"omitted":	false
			}
		}, {
			"streams":	[{
					"socket":	6,
					"start":	3.000046968460083,
					"end":	4.0001108646392822,
					"seconds":	1.0000638961791992,
					"bytes":	10485760,
					"bits_per_second":	83880720.342461646,
					"retransmits":	0,
					"snd_cwnd":	1960592,
					"rtt":	213184,
					"rttvar":	375,
					"pmtu":	1500,
					"omitted":	false
				}],
			"sum":	{
				"start":	3.000046968460083,
				"end":	4.0001108646392822,
				"seconds":	1.0000638961791992,
				"bytes":	10485760,
				"bits_per_second":	83880720.342461646,
				"retransmits":	0,
				"omitted":	false
			}
		}, {
			"streams":	[{
					"socket":	6,
					"start":	4.0001108646392822,
					"end":	5.0001120567321777,
					"seconds":	1.0000011920928955,
					"bytes":	10485760,
					"bits_per_second":	83885980.000119209,
					"retransmits":	0,
					"snd_cwnd":	2396440,
					"rtt":	260897,
					"rttvar":	500,
					"pmtu":	1500,
					"omitted":	false
				}],
			"sum":	{
				"start":	4.0001108646392822,
				"end":	5.0001120567321777,
				"seconds":	1.0000011920928955,
				"bytes":	10485760,
				"bits_per_second":	83885980.000119209,
				"retransmits":	0,
				"omitted":	false
			}
		}, {
			"streams":	[{
					"socket":	6,
					"start":	5.0001120567321777,
					"end":	6.0000860691070557,
					"seconds":	0.99997401237487793,
					"bytes":	11796480,
					"bits_per_second":	94374292.5637363,
					"retransmits":	0,
					"snd_cwnd":	2891656,
					"rtt":	272520,
					"rttvar":	173,
					"pmtu":	1500,
					"omitted":	false
				}],
			"sum":	{
				"start":	5.0001120567321777,
				"end":	6.0000860691070557,
				"seconds":	0.99997401237487793,
				"bytes":	11796480,
				"bits_per_second":	94374292.5637363,
				"retransmits":	0,
				"omitted":	false
			}
		}, {
			"streams":	[{
					"socket":	6,
					"start":	6.0000860691070557,
					"end":	6.1116008758544922,
					"seconds":	0.11151480674743652,
					"bytes":	1310720,
					"bits_per_second":	94030203.7535571,
					"retransmits":	0,
					"snd_cwnd":	2943784,
					"rtt":	275338,
					"rttvar":	705,
					"pmtu":	1500,
					"omitted":	false
				}],
			"sum":	{
				"start":	6.0000860691070557,
				"end":	6.1116008758544922,
				"seconds":	0.11151480674743652,
				"bytes":	1310720,
				"bits_per_second":	94030203.7535571,
				"retransmits":	0,
				"omitted":	false
			}
		}],
	"end":	{
		"streams":	[{
				"sender":	{
					"socket":	6,
					"start":	0,
					"end":	6.1116008758544922,
					"seconds":	6.1116008758544922,
					"bytes":	66396768,
					"bits_per_second":	86912439.930189982,
					"retransmits":	0,
					"max_snd_cwnd":	2943784,
					"max_rtt":	275338,
					"min_rtt":	70762,
					"mean_rtt":	196659
				},
				"receiver":	{
					"socket":	6,
					"start":	0,
					"end":	6.4440209865570068,
					"seconds":	6.1116008758544922,
					"bytes":	57349488,
					"bits_per_second":	71197146.154102042
				}
			}],
		"sum_sent":	{
			"start":	0,
			"end":	6.1116008758544922,
			"seconds":	6.1116008758544922,
			"bytes":	66396768,
			"bits_per_second":	86912439.930189982,
			"retransmits":	0
		},
		"sum_received":	{
			"start":	0,
			"end":	6.4440209865570068,
			"seconds":	6.4440209865570068,
			"bytes":	57349488,
			"bits_per_second":	71197146.154102042
		},
		"cpu_utilization_percent":	{
			"host_total":	0.607844052225263,
			"host_user":	0,
			"host_system":	0.60782801666223285,
			"remote_total":	1.1054341018924256,
			"remote_user":	0.13720598118536076,
			"remote_system":	0.96824338786865238
		},
		"sender_tcp_congestion":	"cubic",
		"receiver_tcp_congestion":	"cubic"
	}
}
