{
	"start":	{
		"connected":	[{
				"socket":	6,
				"local_host":	"192.168.35.1",
				"local_port":	49316,
				"remote_host":	"192.168.46.1",
				"remote_port":	5014
			}],
		"version":	"iperf 3.6",
		"system_info":	"Linux ba-thesis 4.19.0-23-amd64 #1 SMP Debian 4.19.269-1 (2022-12-20) x86_64",
		"timestamp":	{
			"time":	"Sun, 04 Jun 2023 13:42:08 GMT",
			"timesecs":	1685886128
		},
		"connecting_to":	{
			"host":	"h8",
			"port":	5014
		},
		"cookie":	"envxg3sukrr5pdzoiuvo5j6m6hslpb7bked2",
		"tcp_mss_default":	1448,
		"sock_bufsize":	0,
		"sndbuf_actual":	87380,
		"rcvbuf_actual":	87380,
		"test_start":	{
			"protocol":	"TCP",
			"num_streams":	1,
			"blksize":	131072,
			"omit":	0,
			"duration":	0,
			"bytes":	130331307,
			"blocks":	0,
			"reverse":	0,
			"tos":	0
		}
	},
	"intervals":	[{
			"streams":	[{
					"socket":	6,
					"start":	0,
					"end":	1.0000739097595215,
					"seconds":	1.0000739097595215,
					"bytes":	16950192,
					"bits_per_second":	135591514.46377283,
					"retransmits":	0,
					"snd_cwnd":	1346640,
					"rtt":	106856,
					"rttvar":	411,
					"pmtu":	1500,
					"omitted":	false
				}],
			"sum":	{
				"start":	0,
				"end":	1.0000739097595215,
				"seconds":	1.0000739097595215,
				"bytes":	16950192,
				"bits_per_second":	135591514.46377283,
				"retransmits":	0,
				"omitted":	false
			}
		}, {
			"streams":	[{
					"socket":	6,
					"start":	1.0000739097595215,
					"end":	2.0001089572906494,
					"seconds":	1.0000350475311279,
					"bytes":	13107200,
					"bits_per_second":	104853925.12879516,
					"retransmits":	0,
					"snd_cwnd":	1933080,
					"rtt":	153558,
					"rttvar":	575,
					"pmtu":	1500,
					"omitted":	false
				}],
			"sum":	{
				"start":	1.0000739097595215,
				"end":	2.0001089572906494,
				"seconds":	1.0000350475311279,
				"bytes":	13107200,
				"bits_per_second":	104853925.12879516,
				"retransmits":	0,
				"omitted":	false
			}
		}, {
			"streams":	[{
					"socket":	6,
					"start":	2.0001089572906494,
					"end":	3.0000720024108887,
					"seconds":	0.99996304512023926,
					"bytes":	14417920,
					"bits_per_second":	115347622.657526,
					"retransmits":	0,
					"snd_cwnd":	2516624,
					"rtt":	199919,
					"rttvar":	517,
					"pmtu":	1500,
					"omitted":	false
				}],
			"sum":	{
				"start":	2.0001089572906494,
				"end":	3.0000720024108887,
				"seconds":	0.99996304512023926,
				"bytes":	14417920,
				"bits_per_second":	115347622.657526,
				"retransmits":	0,
				"omitted":	false
			}
		}, {
			"streams":	[{
					"socket":	6,
					"start":	3.0000720024108887,
					"end":	4.0000760555267334,
					"seconds":	1.0000040531158447,
					"bytes":	13107200,
					"bits_per_second":	104857175.00172257,
					"retransmits":	0,
					"snd_cwnd":	3111752,
					"rtt":	247699,
					"rttvar":	382,
					"pmtu":	1500,
					"omitted":	false
				}],
			"sum":	{
				"start":	3.0000720024108887,
				"end":	4.0000760555267334,
				"seconds":	1.0000040531158447,
				"bytes":	13107200,
				"bits_per_second":	104857175.00172257,
				"retransmits":	0,
				"omitted":	false
			}
		}, {
			"streams":	[{
					"socket":	6,
					"start":	4.0000760555267334,
					"end":	5.0000350475311279,
					"seconds":	0.99995899200439453,
					"bytes":	11796480,
					"bits_per_second":	94375710.158707455,
					"retransmits":	0,
					"snd_cwnd":	3708328,
					"rtt":	295197,
					"rttvar":	295,
					"pmtu":	1500,
					"omitted":	false
				}],
			"sum":	{
				"start":	4.0000760555267334,
				"end":	5.0000350475311279,
				"seconds":	0.99995899200439453,
				"bytes":	11796480,
				"bits_per_second":	94375710.158707455,
				"retransmits":	0,
				"omitted":	false
			}
		}, {
			"streams":	[{
					"socket":	6,
					"start":	5.0000350475311279,
					"end":	6.0000400543212891,
					"seconds":	1.0000050067901611,
					"bytes":	11796480,
					"bits_per_second":	94371367.5023657,
					"retransmits":	0,
					"snd_cwnd":	4296216,
					"rtt":	342382,
					"rttvar":	300,
					"pmtu":	1500,
					"omitted":	false
				}],
			"sum":	{
				"start":	5.0000350475311279,
				"end":	6.0000400543212891,
				"seconds":	1.0000050067901611,
				"bytes":	11796480,
				"bits_per_second":	94371367.5023657,
				"retransmits":	0,
				"omitted":	false
			}
		}, {
			"streams":	[{
					"socket":	6,
					"start":	6.0000400543212891,
					"end":	7.0000429153442383,
					"seconds":	1.0000028610229492,
					"bytes":	11796480,
					"bits_per_second":	94371570.000772476,
					"retransmits":	0,
					"snd_cwnd":	4892792,
					"rtt":	389844,
					"rttvar":	542,
					"pmtu":	1500,
					"omitted":	false
				}],
			"sum":	{
				"start":	6.0000400543212891,
				"end":	7.0000429153442383,
				"seconds":	1.0000028610229492,
				"bytes":	11796480,
				"bits_per_second":	94371570.000772476,
				"retransmits":	0,
				"omitted":	false
			}
		}, {
			"streams":	[{
					"socket":	6,
					"start":	7.0000429153442383,
					"end":	8.0000720024108887,
					"seconds":	1.0000290870666504,
					"bytes":	11796480,
					"bits_per_second":	94369095.079841673,
					"retransmits":	0,
					"snd_cwnd":	5489368,
					"rtt":	437648,
					"rttvar":	678,
					"pmtu":	1500,
					"omitted":	false
				}],
			"sum":	{
				"start":	7.0000429153442383,
				"end":	8.0000720024108887,
				"seconds":	1.0000290870666504,
				"bytes":	11796480,
				"bits_per_second":	94369095.079841673,
				"retransmits":	0,
				"omitted":	false
			}
		}, {
			"streams":	[{
					"socket":	6,
					"start":	8.0000720024108887,
					"end":	9.0000720024108887,
					"seconds":	1,
					"bytes":	11796480,
					"bits_per_second":	94371840,
					"retransmits":	0,
					"snd_cwnd":	6085944,
					"rtt":	485122,
					"rttvar":	327,
					"pmtu":	1500,
					"omitted":	false
				}],
			"sum":	{
				"start":	8.0000720024108887,
				"end":	9.0000720024108887,
				"seconds":	1,
				"bytes":	11796480,
				"bits_per_second":	94371840,
				"retransmits":	0,
				"omitted":	false
			}
		}, {
			"streams":	[{
					"socket":	6,
					"start":	9.0000720024108887,
					"end":	10.000065088272095,
					"seconds":	0.999993085861206,
					"bytes":	11796480,
					"bits_per_second":	94372492.5045115,
					"retransmits":	0,
					"snd_cwnd":	6681072,
					"rtt":	532918,
					"rttvar":	577,
					"pmtu":	1500,
					"omitted":	false
				}],
			"sum":	{
				"start":	9.0000720024108887,
				"end":	10.000065088272095,
				"seconds":	0.999993085861206,
				"bytes":	11796480,
				"bits_per_second":	94372492.5045115,
				"retransmits":	0,
				"omitted":	false
			}
		}, {
			"streams":	[{
					"socket":	6,
					"start":	10.000065088272095,
					"end":	10.162355899810791,
					"seconds":	0.16229081153869629,
					"bytes":	2621440,
					"bits_per_second":	129221856.74695203,
					"retransmits":	0,
					"snd_cwnd":	6779536,
					"rtt":	540570,
					"rttvar":	495,
					"pmtu":	1500,
					"omitted":	false
				}],
			"sum":	{
				"start":	10.000065088272095,
				"end":	10.162355899810791,
				"seconds":	0.16229081153869629,
				"bytes":	2621440,
				"bits_per_second":	129221856.74695203,
				"retransmits":	0,
				"omitted":	false
			}
		}],
	"end":	{
		"streams":	[{
				"sender":	{
					"socket":	6,
					"start":	0,
					"end":	10.162355899810791,
					"seconds":	10.162355899810791,
					"bytes":	130982832,
					"bits_per_second":	103112178.5470542,
					"retransmits":	0,
					"max_snd_cwnd":	6779536,
					"max_rtt":	540570,
					"min_rtt":	106856,
					"mean_rtt":	339246
				},
				"receiver":	{
					"socket":	6,
					"start":	0,
					"end":	10.750415086746216,
					"seconds":	10.162355899810791,
					"bytes":	126010752,
					"bits_per_second":	93771822.563654453
				}
			}],
		"sum_sent":	{
			"start":	0,
			"end":	10.162355899810791,
			"seconds":	10.162355899810791,
			"bytes":	130982832,
			"bits_per_second":	103112178.5470542,
			"retransmits":	0
		},
		"sum_received":	{
			"start":	0,
			"end":	10.750415086746216,
			"seconds":	10.750415086746216,
			"bytes":	126010752,
			"bits_per_second":	93771822.563654453
		},