{
	"start":	{
		"connected":	[{
				"socket":	6,
				"local_host":	"192.168.0.2",
				"local_port":	58504,
				"remote_host":	"192.168.0.1",
				"remote_port":	5005
			}],
		"version":	"iperf 3.6",
		"system_info":	"Linux ba-thesis 4.19.0-23-amd64 #1 SMP Debian 4.19.269-1 (2022-12-20) x86_64",
		"timestamp":	{
			"time":	"Sun, 04 Jun 2023 13:42:33 GMT",
			"timesecs":	1685886153
		},
		"connecting_to":	{
			"host":	"h0",
			"port":	5005
		},
		"cookie":	"4mqoay4enhvtpv3cwiwrdi4b3orxfznyd54c",
		"tcp_mss_default":	1448,
		"sock_bufsize":	0,
		"sndbuf_actual":	87380,
		"rcvbuf_actual":	87380,
		"test_start":	{
			"protocol":	"TCP",
			"num_streams":	1,
			"blksize":	131072,
			"omit":	0,
			"duration":	0,
			"bytes":	276341783,
			"blocks":	0,
			"reverse":	0,
			"tos":	0
		}
	},
	"intervals":	[{
			"streams":	[{
					"socket":	6,
					"start":	0,
					"end":	1.0000910758972168,
					"seconds":	1.0000910758972168,
					"bytes":	15660960,
					"bits_per_second":	125276270.35127778,
					"retransmits":	0,
					"snd_cwnd":	792056,
					"rtt":	62326,
					"rttvar":	687,
					"pmtu":	1500,
					"omitted":	false
				}],
			"sum":	{
				"start":	0,
				"end":	1.0000910758972168,
				"seconds":	1.0000910758972168,
				"bytes":	15660960,
				"bits_per_second":	125276270.35127778,
				"retransmits":	0,
				"omitted":	false
			}
		}, {
			"streams":	[{
					"socket":	6,
					"start":	1.0000910758972168,
					"end":	2.0000510215759277,
					"seconds":	0.99995994567871094,
					"bytes":	14417920,
					"bits_per_second":	115347980.18505837,
					"retransmits":	0,
					"snd_cwnd":	1390080,
					"rtt":	109942,
					"rttvar":	405,
					"pmtu":	1500,
					"omitted":	false
				}],
			"sum":	{
				"start":	1.0000910758972168,
				"end":	2.0000510215759277,
				"seconds":	0.99995994567871094,
				"bytes":	14417920,
				"bits_per_second":	115347980.18505837,
				"retransmits":	0,
				"omitted":	false
			}
		}, {
			"streams":	[{
					"socket":	6,
					"start":	2.0000510215759277,
					"end":	3.0000941753387451,
					"seconds":	1.0000431537628174,
					"bytes":	13107200,
					"bits_per_second":	104853075.19526236,
					"retransmits":	0,
					"snd_cwnd":	1988104,
					"rtt":	157632,
					"rttvar":	593,
					"pmtu":	1500,
					"omitted":	false
				}],
			"sum":	{
				"start":	2.0000510215759277,
				"end":	3.0000941753387451,
				"seconds":	1.0000431537628174,
				"bytes":	13107200,
				"bits_per_second":	104853075.19526236,
				"retransmits":	0,
				"omitted":	false
			}
		}, {
			"streams":	[{
					"socket":	6,
					"start":	3.0000941753387451,
					"end":	4.0001001358032227,
					"seconds":	1.0000059604644775,
					"bytes":	14417920,
					"bits_per_second":	115342672.50409779,
					"retransmits":	0,
					"snd_cwnd":	2586128,
					"rtt":	205215,
					"rttvar":	655,
					"pmtu":	1500,
					"omitted":	false
				}],
			"sum":	{
				"start":	3.0000941753387451,
				"end":	4.0001001358032227,
				"seconds":	1.0000059604644775,
				"bytes":	14417920,
				"bits_per_second":	115342672.50409779,
				"retransmits":	0,
				"omitted":	false
			}
		}, {
			"streams":	[{
					"socket":	6,
					"start":	4.0001001358032227,
					"end":	5.00007700920105,
					"seconds":	0.99997687339782715,
					"bytes":	13107200,
					"bits_per_second":	104860025.05608331,
					"retransmits":	0,
					"snd_cwnd":	3184152,
					"rtt":	252702,
					"rttvar":	390,
					"pmtu":	1500,
					"omitted":	false
				}],
			"sum":	{
				"start":	4.0001001358032227,
				"end":	5.00007700920105,
				"seconds":	0.99997687339782715,
				"bytes":	13107200,
				"bits_per_second":	104860025.05608331,
				"retransmits":	0,
				"omitted":	false
			}
		}, {
			"streams":	[{
					"socket":	6,
					"start":	5.00007700920105,
					"end":	6.0000731945037842,
					"seconds":	0.99999618530273438,
					"bytes":	11796480,
					"bits_per_second":	94372200.001373291,
					"retransmits":	0,
					"snd_cwnd":	3780728,
					"rtt":	300577,
					"rttvar":	582,
					"pmtu":	1500,
					"omitted":	false
				}],
			"sum":	{
				"start":	5.00007700920105,
				"end":	6.0000731945037842,
				"seconds":	0.99999618530273438,
				"bytes":	11796480,
				"bits_per_second":	94372200.001373291,
				"retransmits":	0,
				"omitted":	false
			}
		}, {
			"streams":	[{
					"socket":	6,
					"start":	6.0000731945037842,
					"end":	7.0000970363616943,
					"seconds":	1.0000238418579102,
					"bytes":	11796480,
					"bits_per_second":	94369590.0536429,
					"retransmits":	0,
					"snd_cwnd":	4378752,
					"rtt":	347925,
					"rttvar":	575,
					"pmtu":	1500,
					"omitted":	false
				}],
			"sum":	{
				"start":	6.0000731945037842,
				"end":	7.0000970363616943,
				"seconds":	1.0000238418579102,
				"bytes":	11796480,
				"bits_per_second":	94369590.0536429,
				"retransmits":	0,
				"omitted":	false
			}
		}, {
			"streams":	[{
					"socket":	6,
					"start":	7.0000970363616943,
					"end":	8.0000622272491455,
					"seconds":	0.99996519088745117,
					"bytes":	11796480,
					"bits_per_second":	94375125.114351913,
					"retransmits":	0,
					"snd_cwnd":	4976776,
					"rtt":	395524,
					"rttvar":	327,
					"pmtu":	1500,
					"omitted":	false
				}],
			"sum":	{
				"start":	7.0000970363616943,
				"end":	8.0000622272491455,
				"seconds":	0.99996519088745117,
				"bytes":	11796480,
				"bits_per_second":	94375125.114351913,
				"retransmits":	0,
				"omitted":	false
			}
		}, {
			"streams":	[{
					"socket":	6,
					"start":	8.0000622272491455,
					"end":	9.0001001358032227,
					"seconds":	1.0000379085540771,
					"bytes":	11796480,
					"bits_per_second":	94368262.635612711,
					"retransmits":	0,
					"snd_cwnd":	5564664,
					"rtt":	442607,
					"rttvar":	423,
					"pmtu":	1500,
					"omitted":	false
				}],
			"sum":	{
				"start":	8.0000622272491455,
				"end":	9.0001001358032227,
				"seconds":	1.0000379085540771,
				"bytes":	11796480,
				"bits_per_second":	94368262.635612711,
				"retransmits":	0,
				"omitted":	false
			}
		}, {
			"streams":	[{
					"socket":	6,
					"start":	9.0001001358032227,
					"end":	10.000035047531128,
					"seconds":	0.99993491172790527,
					"bytes":	11796480,
					"bits_per_second":	94377982.899830729,
					"retransmits":	0,
					"snd_cwnd":	6162688,
					"rtt":	490247,
					"rttvar":	515,
					"pmtu":	1500,
					"omitted":	false
				}],
			"sum":	{
				"start":	9.0001001358032227,
				"end":	10.000035047531128,
				"seconds":	0.99993491172790527,
				"bytes":	11796480,
				"bits_per_second":	94377982.899830729,
				"retransmits":	0,
				"omitted":	false
			}
		}, {
			"streams":	[{
					"socket":	6,
					"start":	10.000035047531128,
					"end":	11.000104188919067,
					"seconds":	1.0000691413879395,
					"bytes":	11796480,
					"bits_per_second":	94365315.451116368,
					"retransmits":	0,
					"snd_cwnd":	6759264,
					"rtt":	537716,
					"rttvar":	501,
					"pmtu":	1500,
					"omitted":	false
				}],
			"sum":	{
				"start":	10.000035047531128,
				"end":	11.000104188919067,
				"seconds":	1.0000691413879395,
				"bytes":	11796480,
				"bits_per_second":	94365315.451116368,
				"retransmits":	0,
				"omitted":	false
			}
		}, {
			"streams":	[{
					"socket":	6,
					"start":	11.000104188919067,
					"end":	12.000060081481934,
					"seconds":	0.99995589256286621,
					"bytes":	11796480,
					"bits_per_second":	94376002.6836053,
					"retransmits":	0,
					"snd_cwnd":	7338464,
					"rtt":	583770,
					"rttvar":	383,
					"pmtu":	1500,
					"omitted":	false
				}],
			"sum":	{
				"start":	11.000104188919067,
				"end":	12.000060081481934,
				"seconds":	0.99995589256286621,
				"bytes":	11796480,
				"bits_per_second":	94376002.6836053,
				"retransmits":	0,
				"omitted":	false
			}
		}, {
			"streams":	[{
					"socket":	6,
					"start":	12.000060081481934,
					"end":	13.0001060962677,
					"seconds":	1.0000460147857666,
					"bytes":	11796480,
					"bits_per_second":	94367497.699810013,
					"retransmits":	0,
					"snd_cwnd":	7936488,
					"rtt":	631376,
					"rttvar":	414,
					"pmtu":	1500,