{
	"start":	{
		"connected":	[{
				"socket":	6,
				"local_host":	"192.168.12.2",
				"local_port":	43278,
				"remote_host":	"192.168.18.1",
				"remote_port":	5008
			}],
		"version":	"iperf 3.6",
		"system_info":	"Linux ba-thesis 4.19.0-23-amd64 #1 SMP Debian 4.19.269-1 (2022-12-20) x86_64",
		"timestamp":	{
			"time":	"Mon, 12 Jun 2023 03:33:01 GMT",
			"timesecs":	1686540781
		},
		"connecting_to":	{
			"host":	"h3",
			"port":	5008
		},
		"cookie":	"wkikmvwgzuxmenaomyzbauhqxlj6pd2zjhxx",
		"tcp_mss_default":	1448,
		"sock_bufsize":	0,
		"sndbuf_actual":	87380,
		"rcvbuf_actual":	87380,
		"test_start":	{
			"protocol":	"TCP",
			"num_streams":	1,
			"blksize":	131072,
			"omit":	0,
			"duration":	0,
			"bytes":	5354699,
			"blocks":	0,
			"reverse":	0,
			"tos":	0
		}
	},
	"intervals":	[{
			"streams":	[{
					"socket":	6,
					"start":	0,
					"end":	0.22325992584228516,
					"seconds":	0.22325992584228516,
					"bytes":	5621416,
					"bits_per_second":	201430363.42208838,
					"retransmits":	0,
					"snd_cwnd":	873144,
					"rtt":	37381,
					"rttvar":	2512,
					"pmtu":	1500,
					"omitted":	false
				}],
			"sum":	{
				"start":	0,
				"end":	0.22325992584228516,
				"seconds":	0.22325992584228516,
				"bytes":	5621416,
				"bits_per_second":	201430363.42208838,
				"retransmits":	0,
				"omitted":	false
			}
		}],
	"end":	{
		"streams":	[{
				"sender":	{
					"socket":	6,
					"start":	0,
					"end":	0.22325992584228516,
					"seconds":	0.22325992584228516,
					"bytes":	5621416,
					"bits_per_second":	201430363.42208838,
					"retransmits":	0,
					"max_snd_cwnd":	873144,
					"max_rtt":	37381,
					"min_rtt":	37381,
					"mean_rtt":	37381
				},
				"receiver":	{
					"socket":	6,
					"start":	0,
					"end":	0.30918002128601074,
					"seconds":	0.22325992584228516,
					"bytes":	1769456,
					"bits_per_second":	45784484.84840858
				}
			}],
		"sum_sent":	{
			"start":	0,
			"end":	0.22325992584228516,
			"seconds":	0.22325992584228516,
			"bytes":	5621416,
			"bits_per_second":	201430363.42208838,
			"retransmits":	0
		},
		"sum_received":	{
			"start":	0,
			"end":	0.30918002128601074,
			"seconds":	0.30918002128601074,
			"bytes":	1769456,
			"bits_per_second":	45784484.84840858
		},
		"cpu_utilization_percent":	{
			"host_total":	9.8946053992600937,
			"host_user":	1.1054318755765953,
			"host_system":	8.78940649141281,
			"remote_total":	0.0017192443351258331,
			"remote_user":	0,
			"remote_system":	0.001720042498698315
		},
		"sender_tcp_congestion":	"cubic",
		"receiver_tcp_congestion":	"cubic"
	}
}
