{
	"start":	{
		"connected":	[{
				"socket":	6,
				"local_host":	"192.168.9.2",
				"local_port":	43828,
				"remote_host":	"192.168.19.1",
				"remote_port":	5008
			}],
		"version":	"iperf 3.6",
		"system_info":	"Linux ba-thesis 4.19.0-23-amd64 #1 SMP Debian 4.19.269-1 (2022-12-20) x86_64",
		"timestamp":	{
			"time":	"Fri, 09 Jun 2023 15:41:14 GMT",
			"timesecs":	1686325274
		},
		"connecting_to":	{
			"host":	"h0",
			"port":	5008
		},
		"cookie":	"27fukeuktximwwjp4kecwbyjegzyhsyey6f5",
		"tcp_mss_default":	1448,
		"sock_bufsize":	0,
		"sndbuf_actual":	87380,
		"rcvbuf_actual":	87380,
		"test_start":	{
			"protocol":	"TCP",
			"num_streams":	1,
			"blksize":	131072,
			"omit":	0,
			"duration":	0,
			"bytes":	56698110,
			"blocks":	0,
			"reverse":	0,
			"tos":	0
		}
	},
	"intervals":	[{
			"streams":	[{
					"socket":	6,
					"start":	0,
					"end":	1.0000629425048828,
					"seconds":	1.0000629425048828,
					"bytes":	13263632,
					"bits_per_second":	106102377.65057665,
					"retransmits":	0,
					"snd_cwnd":	865904,
					"rtt":	79839,
					"rttvar":	1430,
					"pmtu":	1500,
					"omitted":	false
				}],
			"sum":	{
				"start":	0,
				"end":	1.0000629425048828,
				"seconds":	1.0000629425048828,
				"bytes":	13263632,
				"bits_per_second":	106102377.65057665,
				"retransmits":	0,
				"omitted":	false
			}
		}, {
			"streams":	[{
					"socket":	6,
					"start":	1.0000629425048828,
					"end":	2.0000689029693604,
					"seconds":	1.0000059604644775,
					"bytes":	10485760,
					"bits_per_second":	83885580.002980217,
					"retransmits":	0,
					"snd_cwnd":	1343744,
					"rtt":	119903,
					"rttvar":	3890,
					"pmtu":	1500,
					"omitted":	false
				}],
			"sum":	{
				"start":	1.0000629425048828,
				"end":	2.0000689029693604,
				"seconds":	1.0000059604644775,
				"bytes":	10485760,
				"bits_per_second":	83885580.002980217,
				"retransmits":	0,
				"omitted":	false
			}
		}, {
			"streams":	[{
					"socket":	6,
					"start":	2.0000689029693604,
					"end":	3.0000929832458496,
					"seconds":	1.0000240802764893,
					"bytes":	13107200,
					"bits_per_second":	104855075.06080124,
					"retransmits":	0,
					"snd_cwnd":	1891088,
					"rtt":	166574,
					"rttvar":	293,
					"pmtu":	1500,
					"omitted":	false
				}],
			"sum":	{
				"start":	2.0000689029693604,
				"end":	3.0000929832458496,
				"seconds":	1.0000240802764893,
				"bytes":	13107200,
				"bits_per_second":	104855075.06080124,
				"retransmits":	0,
				"omitted":	false
			}
		}, {
			"streams":	[{
					"socket":	6,
					"start":	3.0000929832458496,
					"end":	4.0001559257507324,
					"seconds":	1.0000629425048828,
					"bytes":	13107200,
					"bits_per_second":	104851000.41539438,
					"retransmits":	0,
					"snd_cwnd":	2413816,
					"rtt":	207913,
					"rttvar":	20,
					"pmtu":	1500,
					"omitted":	false
				}],
			"sum":	{
				"start":	3.0000929832458496,
				"end":	4.0001559257507324,
				"seconds":	1.0000629425048828,
				"bytes":	13107200,
				"bits_per_second":	104851000.41539438,
				"retransmits":	0,
				"omitted":	false
			}
		}, {
			"streams":	[{
					"socket":	6,
					"start":	4.0001559257507324,
					"end":	4.5683178901672363,
					"seconds":	0.56816196441650391,
					"bytes":	7864320,
					"bits_per_second":	110733494.91920418,
					"retransmits":	0,
					"snd_cwnd":	2728032,
					"rtt":	241556,
					"rttvar":	606,
					"pmtu":	1500,
					"omitted":	false
				}],
			"sum":	{
				"start":	4.0001559257507324,
				"end":	4.5683178901672363,
				"seconds":	0.56816196441650391,
				"bytes":	7864320,
				"bits_per_second":	110733494.91920418,
				"retransmits":	0,
				"omitted":	false
			}
		}],
	"end":	{
		"streams":	[{
				"sender":	{
					"socket":	6,
					"start":	0,
					"end":	4.5683178901672363,
					"seconds":	4.5683178901672363,
					"bytes":	57828112,
					"bits_per_second":	101268105.04928857,
					"retransmits":	0,
					"max_snd_cwnd":	2728032,
					"max_rtt":	241556,
					"min_rtt":	79839,
					"mean_rtt":	163157
				},
				"receiver":	{
					"socket":	6,
					"start":	0,
					"end":	4.719883918762207,
					"seconds":	4.5683178901672363,
					"bytes":	48868552,
					"bits_per_second":	82830091.317696333
				}
			}],
		"sum_sent":	{
			"start":	0,
			"end":	4.5683178901672363,
			"seconds":	4.5683178901672363,
			"bytes":	57828112,
			"bits_per_second":	101268105.04928857,
			"retransmits":	0
		},
		"sum_received":	{
			"start":	0,
			"end":	4.719883918762207,
			"seconds":	4.719883918762207,
			"bytes":	48868552,
			"bits_per_second":	82830091.317696333
		},
		"cpu_utilization_percent":	{
			"host_total":	0.30003284876996672,
			"host_user":	0.071802552486736379,
			"host_system":	0.22825142089414138,
			"remote_total":	1.0773646114189814,
			"remote_user":	0.12751352710429004,
			"remote_system":	0.94983064290284391
		},
		"sender_tcp_congestion":	"cubic",
		"receiver_tcp_congestion":	"cubic"
	}
}
