{
	"start":	{
		"connected":	[{
				"socket":	6,
				"local_host":	"192.168.26.1",
				"local_port":	33222,
				"remote_host":	"192.168.34.1",
				"remote_port":	5013
			}],
		"version":	"iperf 3.6",
		"system_info":	"Linux ba-thesis 4.19.0-23-amd64 #1 SMP Debian 4.19.269-1 (2022-12-20) x86_64",
		"timestamp":	{
			"time":	"Mon, 05 Jun 2023 16:29:07 GMT",
			"timesecs":	1685982547
		},
		"connecting_to":	{
			"host":	"h4",
			"port":	5013
		},
		"cookie":	"wmqljoapl3enmouz4gt3ifdlvityv4nr4kt7",
		"tcp_mss_default":	1448,
		"sock_bufsize":	0,
		"sndbuf_actual":	87380,
		"rcvbuf_actual":	87380,
		"test_start":	{
			"protocol":	"TCP",
			"num_streams":	1,
			"blksize":	131072,
			"omit":	0,
			"duration":	0,
			"bytes":	121354897,
			"blocks":	0,
			"reverse":	0,
			"tos":	0
		}
	},
	"intervals":	[{
			"streams":	[{
					"socket":	6,
					"start":	0,
					"end":	1.0001821517944336,
					"seconds":	1.0001821517944336,
					"bytes":	144800,
					"bits_per_second":	1158189.0337892019,
					"retransmits":	0,
					"snd_cwnd":	30408,
					"rtt":	377748,
					"rttvar":	237927,
					"pmtu":	1500,
					"omitted":	false
				}],
			"sum":	{
				"start":	0,
				"end":	1.0001821517944336,
				"seconds":	1.0001821517944336,
				"bytes":	144800,
				"bits_per_second":	1158189.0337892019,
				"retransmits":	0,
				"omitted":	false
			}
		}, {
			"streams":	[{
					"socket":	6,
					"start":	1.0001821517944336,
					"end":	2.0007791519165039,
					"seconds":	1.0005970001220703,
					"bytes":	217200,
					"bits_per_second":	1736563.2715149228,
					"retransmits":	0,
					"snd_cwnd":	69504,
					"rtt":	437002,
					"rttvar":	10199,
					"pmtu":	1500,
					"omitted":	false
				}],
			"sum":	{
				"start":	1.0001821517944336,
				"end":	2.0007791519165039,
				"seconds":	1.0005970001220703,
				"bytes":	217200,
				"bits_per_second":	1736563.2715149228,
				"retransmits":	0,
				"omitted":	false
			}
		}, {
			"streams":	[{
					"socket":	6,
					"start":	2.0007791519165039,
					"end":	3.0002691745758057,
					"seconds":	0.99949002265930176,
					"bytes":	369240,
					"bits_per_second":	2955427.2009045444,
					"retransmits":	0,
					"snd_cwnd":	79640,
					"rtt":	336822,
					"rttvar":	3610,
					"pmtu":	1500,
					"omitted":	false
				}],
			"sum":	{
				"start":	2.0007791519165039,
				"end":	3.0002691745758057,
				"seconds":	0.99949002265930176,
				"bytes":	369240,
				"bits_per_second":	2955427.2009045444,
				"retransmits":	0,
				"omitted":	false
			}
		}, {
			"streams":	[{
					"socket":	6,
					"start":	3.0002691745758057,
					"end":	4.0001289844512939,
					"seconds":	0.99985980987548828,
					"bytes":	390960,
					"bits_per_second":	3128118.5313263941,
					"retransmits":	0,
					"snd_cwnd":	97016,
					"rtt":	229308,
					"rttvar":	1124,
					"pmtu":	1500,
					"omitted":	false
				}],
			"sum":	{
				"start":	3.0002691745758057,
				"end":	4.0001289844512939,
				"seconds":	0.99985980987548828,
				"bytes":	390960,
				"bits_per_second":	3128118.5313263941,
				"retransmits":	0,
				"omitted":	false
			}
		}, {
			"streams":	[{
					"socket":	6,
					"start":	4.0001289844512939,
					"end":	5.0001900196075439,
					"seconds":	1.00006103515625,
					"bytes":	521280,
					"bits_per_second":	4169985.4842844065,
					"retransmits":	0,
					"snd_cwnd":	123080,
					"rtt":	211374,
					"rttvar":	1550,
					"pmtu":	1500,
					"omitted":	false
				}],
			"sum":	{
				"start":	4.0001289844512939,
				"end":	5.0001900196075439,
				"seconds":	1.00006103515625,
				"bytes":	521280,
				"bits_per_second":	4169985.4842844065,
				"retransmits":	0,
				"omitted":	false
			}
		}, {
			"streams":	[{
					"socket":	6,
					"start":	5.0001900196075439,
					"end":	6.000046968460083,
					"seconds":	0.99985694885253906,
					"bytes":	912240,
					"bits_per_second":	7298964.1251933854,
					"retransmits":	0,
					"snd_cwnd":	150592,
					"rtt":	238756,
					"rttvar":	2982,
					"pmtu":	1500,
					"omitted":	false
				}],
			"sum":	{
				"start":	5.0001900196075439,
				"end":	6.000046968460083,
				"seconds":	0.99985694885253906,
				"bytes":	912240,
				"bits_per_second":	7298964.1251933854,
				"retransmits":	0,
				"omitted":	false
			}
		}, {
			"streams":	[{
					"socket":	6,
					"start":	6.000046968460083,
					"end":	7.000615119934082,
					"seconds":	1.000568151473999,
					"bytes":	325800,
					"bits_per_second":	2604920.0108561823,
					"retransmits":	0,
					"snd_cwnd":	172312,
					"rtt":	264537,
					"rttvar":	917,
					"pmtu":	1500,
					"omitted":	false
				}],
			"sum":	{
				"start":	6.000046968460083,
				"end":	7.000615119934082,
				"seconds":	1.000568151473999,
				"bytes":	325800,
				"bits_per_second":	2604920.0108561823,
				"retransmits":	0,
				"omitted":	false
			}
		}, {
			"streams":	[{
					"socket":	6,
					"start":	7.000615119934082,
					"end":	8.0000510215759277,
					"seconds":	0.9994359016418457,
					"bytes":	847080,
					"bits_per_second":	6780464.8490888942,
					"retransmits":	0,
					"snd_cwnd":	207064,
					"rtt":	340925,
					"rttvar":	1246,
					"pmtu":	1500,
					"omitted":	false
				}],
			"sum":	{
				"start":	7.000615119934082,
				"end":	8.0000510215759277,
				"seconds":	0.9994359016418457,
				"bytes":	847080,
				"bits_per_second":	6780464.8490888942,
				"retransmits":	0,
				"omitted":	false
			}
		}, {
			"streams":	[{
					"socket":	6,
					"start":	8.0000510215759277,
					"end":	9.0001330375671387,
					"seconds":	1.0000820159912109,
					"bytes":	1042560,
					"bits_per_second":	8339796.0033642873,
					"retransmits":	0,
					"snd_cwnd":	285256,
					"rtt":	349938,
					"rttvar":	843,
					"pmtu":	1500,
					"omitted":	false
				}],
			"sum":	{
				"start":	8.0000510215759277,
				"end":	9.0001330375671387,
				"seconds":	1.0000820159912109,
				"bytes":	1042560,
				"bits_per_second":	8339796.0033642873,
				"retransmits":	0,
				"omitted":	false
			}
		}, {
			"streams":	[{
					"socket":	6,
					"start":	9.0001330375671387,
					"end":	10.000604152679443,
					"seconds":	1.0004711151123047,
					"bytes":	651600,
					"bits_per_second":	5210345.3275758531,
					"retransmits":	0,
					"snd_cwnd":	363448,
					"rtt":	388622,
					"rttvar":	15067,
					"pmtu":	1500,
					"omitted":	false
				}],
			"sum":	{
				"start":	9.0001330375671387,
				"end":	10.000604152679443,
				"seconds":	1.0004711151123047,
				"bytes":	651600,
				"bits_per_second":	5210345.3275758531,
				"retransmits":	0,
				"omitted":	false
			}
		}, {
			"streams":	[{
					"socket":	6,
					"start":	10.000604152679443,
					"end":	11.000447034835815,
					"seconds":	0.99984288215637207,
					"bytes":	1694160,
					"bits_per_second":	13555409.796756759,
					"retransmits":	0,
					"snd_cwnd":	498112,
					"rtt":	296195,
					"rttvar":	18090,
					"pmtu":	1500,
					"omitted":	false
				}],
			"sum":	{
				"start":	10.000604152679443,
				"end":	11.000447034835815,
				"seconds":	0.99984288215637207,
				"bytes":	1694160,
				"bits_per_second":	13555409.796756759,
				"retransmits":	0,
				"omitted":	false
			}
		}, {
			"streams":	[{
					"socket":	6,
					"start":	11.000447034835815,
					"end":	12.000616073608398,
					"seconds":	1.000169038772583,
					"bytes":	2215440,
					"bits_per_second":	17720524.544281509,
					"retransmits":	0,
					"snd_cwnd":	657392,
					"rtt":	366966,
					"rttvar":	7301,
					"pmtu":	1500,
					"omitted":	false
				}],
			"sum":	{
				"start":	11.000447034835815,
				"end":	12.000616073608398,
				"seconds":	1.000169038772583,
				"bytes":	2215440,
				"bits_per_second":	17720524.544281509,
				"retransmits":	0,
				"omitted":	false
			}
		}, {
			"streams":	[{
					"socket":	6,
					"start":	12.000616073608398,
					"end":	13.000121116638184,
					"seconds":	0.99950504302978516,
					"bytes":	3932160,
					"bits_per_second":	31472857.710296292,
					"retransmits":	0,
					"snd_cwnd":	861560,
					"rtt":	341259,
					"rttvar":	1602,
					"pmtu":	1500,
					"omitted":	false
				}],