{
	"start":	{
		"connected":	[{
				"socket":	6,
				"local_host":	"192.168.19.1",
				"local_port":	39228,
				"remote_host":	"192.168.42.1",
				"remote_port":	5008
			}],
		"version":	"iperf 3.6",
		"system_info":	"Linux ba-thesis 4.19.0-23-amd64 #1 SMP Debian 4.19.269-1 (2022-12-20) x86_64",
		"timestamp":	{
			"time":	"Mon, 05 Jun 2023 16:29:39 GMT",
			"timesecs":	1685982579
		},
		"connecting_to":	{
			"host":	"h12",
			"port":	5008
		},
		"cookie":	"r5724wuiqgpq7krtutvt4fzcnxt37gwggeu3",
		"tcp_mss_default":	1448,
		"sock_bufsize":	0,
		"sndbuf_actual":	87380,
		"rcvbuf_actual":	87380,
		"test_start":	{
			"protocol":	"TCP",
			"num_streams":	1,
			"blksize":	131072,
			"omit":	0,
			"duration":	0,
			"bytes":	146790037,
			"blocks":	0,
			"reverse":	0,
			"tos":	0
		}
	},
	"intervals":	[{
			"streams":	[{
					"socket":	6,
					"start":	0,
					"end":	1.0001769065856934,
					"seconds":	1.0001769065856934,
					"bytes":	579200,
					"bits_per_second":	4632780.43063175,
					"retransmits":	0,
					"snd_cwnd":	99912,
					"rtt":	220174,
					"rttvar":	832,
					"pmtu":	1500,
					"omitted":	false
				}],
			"sum":	{
				"start":	0,
				"end":	1.0001769065856934,
				"seconds":	1.0001769065856934,
				"bytes":	579200,
				"bits_per_second":	4632780.43063175,
				"retransmits":	0,
				"omitted":	false
			}
		}, {
			"streams":	[{
					"socket":	6,
					"start":	1.0001769065856934,
					"end":	2.0000829696655273,
					"seconds":	0.999906063079834,
					"bytes":	6287776,
					"bits_per_second":	50306933.678412743,
					"retransmits":	0,
					"snd_cwnd":	822464,
					"rtt":	73812,
					"rttvar":	247,
					"pmtu":	1500,
					"omitted":	false
				}],
			"sum":	{
				"start":	1.0001769065856934,
				"end":	2.0000829696655273,
				"seconds":	0.999906063079834,
				"bytes":	6287776,
				"bits_per_second":	50306933.678412743,
				"retransmits":	0,
				"omitted":	false
			}
		}, {
			"streams":	[{
					"socket":	6,
					"start":	2.0000829696655273,
					"end":	3.0001518726348877,
					"seconds":	1.0000689029693604,
					"bytes":	10485760,
					"bits_per_second":	83880300.39823173,
					"retransmits":	0,
					"snd_cwnd":	1293064,
					"rtt":	166680,
					"rttvar":	10021,
					"pmtu":	1500,
					"omitted":	false
				}],
			"sum":	{
				"start":	2.0000829696655273,
				"end":	3.0001518726348877,
				"seconds":	1.0000689029693604,
				"bytes":	10485760,
				"bits_per_second":	83880300.39823173,
				"retransmits":	0,
				"omitted":	false
			}
		}, {
			"streams":	[{
					"socket":	6,
					"start":	3.0001518726348877,
					"end":	4.0000598430633545,
					"seconds":	0.9999079704284668,
					"bytes":	9175040,
					"bits_per_second":	73407075.621716976,
					"retransmits":	0,
					"snd_cwnd":	1673888,
					"rtt":	226761,
					"rttvar":	1344,
					"pmtu":	1500,
					"omitted":	false
				}],
			"sum":	{
				"start":	3.0001518726348877,
				"end":	4.0000598430633545,
				"seconds":	0.9999079704284668,
				"bytes":	9175040,
				"bits_per_second":	73407075.621716976,
				"retransmits":	0,
				"omitted":	false
			}
		}, {
			"streams":	[{
					"socket":	6,
					"start":	4.0000598430633545,
					"end":	5.0000498294830322,
					"seconds":	0.99998998641967773,
					"bytes":	9175040,
					"bits_per_second":	73401055.007360056,
					"retransmits":	0,
					"snd_cwnd":	2027200,
					"rtt":	270432,
					"rttvar":	742,
					"pmtu":	1500,
					"omitted":	false
				}],
			"sum":	{
				"start":	4.0000598430633545,
				"end":	5.0000498294830322,
				"seconds":	0.99998998641967773,
				"bytes":	9175040,
				"bits_per_second":	73401055.007360056,
				"retransmits":	0,
				"omitted":	false
			}
		}, {
			"streams":	[{
					"socket":	6,
					"start":	5.0000498294830322,
					"end":	6.0000739097595215,
					"seconds":	1.0000240802764893,
					"bytes":	9175040,
					"bits_per_second":	73398552.542560861,
					"retransmits":	0,
					"snd_cwnd":	2418160,
					"rtt":	303217,
					"rttvar":	598,
					"pmtu":	1500,
					"omitted":	false
				}],
			"sum":	{
				"start":	5.0000498294830322,
				"end":	6.0000739097595215,
				"seconds":	1.0000240802764893,
				"bytes":	9175040,
				"bits_per_second":	73398552.542560861,
				"retransmits":	0,
				"omitted":	false
			}
		}, {
			"streams":	[{
					"socket":	6,
					"start":	6.0000739097595215,
					"end":	7.0000369548797607,
					"seconds":	0.99996304512023926,
					"bytes":	9175040,
					"bits_per_second":	73403032.600243822,
					"retransmits":	0,
					"snd_cwnd":	2809120,
					"rtt":	334562,
					"rttvar":	221,
					"pmtu":	1500,
					"omitted":	false
				}],
			"sum":	{
				"start":	6.0000739097595215,
				"end":	7.0000369548797607,
				"seconds":	0.99996304512023926,
				"bytes":	9175040,
				"bits_per_second":	73403032.600243822,
				"retransmits":	0,
				"omitted":	false
			}
		}, {
			"streams":	[{
					"socket":	6,
					"start":	7.0000369548797607,
					"end":	8.0001718997955322,
					"seconds":	1.0001349449157715,
					"bytes":	7864320,
					"bits_per_second":	62906071.14552775,
					"retransmits":	0,
					"snd_cwnd":	3221800,
					"rtt":	358586,
					"rttvar":	1019,
					"pmtu":	1500,
					"omitted":	false
				}],
			"sum":	{
				"start":	7.0000369548797607,
				"end":	8.0001718997955322,
				"seconds":	1.0001349449157715,
				"bytes":	7864320,
				"bits_per_second":	62906071.14552775,
				"retransmits":	0,
				"omitted":	false
			}
		}, {
			"streams":	[{
					"socket":	6,
					"start":	8.0001718997955322,
					"end":	9.0000839233398438,
					"seconds":	0.99991202354431152,
					"bytes":	9175040,
					"bits_per_second":	73406778.068157941,
					"retransmits":	0,
					"snd_cwnd":	3673576,
					"rtt":	400880,
					"rttvar":	1272,
					"pmtu":	1500,
					"omitted":	false
				}],
			"sum":	{
				"start":	8.0001718997955322,
				"end":	9.0000839233398438,
				"seconds":	0.99991202354431152,
				"bytes":	9175040,
				"bits_per_second":	73406778.068157941,
				"retransmits":	0,
				"omitted":	false
			}
		}, {
			"streams":	[{
					"socket":	6,
					"start":	9.0000839233398438,
					"end":	10.000108957290649,
					"seconds":	1.0000250339508057,
					"bytes":	9175040,
					"bits_per_second":	73398482.545998737,
					"retransmits":	0,
					"snd_cwnd":	4163000,
					"rtt":	398995,
					"rttvar":	572,
					"pmtu":	1500,
					"omitted":	false
				}],
			"sum":	{
				"start":	9.0000839233398438,
				"end":	10.000108957290649,
				"seconds":	1.0000250339508057,
				"bytes":	9175040,
				"bits_per_second":	73398482.545998737,
				"retransmits":	0,
				"omitted":	false
			}
		}, {
			"streams":	[{
					"socket":	6,
					"start":	10.000108957290649,
					"end":	11.0000638961792,
					"seconds":	0.9999549388885498,
					"bytes":	13107200,
					"bits_per_second":	104862325.21292335,
					"retransmits":	0,
					"snd_cwnd":	4761024,
					"rtt":	378564,
					"rttvar":	638,
					"pmtu":	1500,
					"omitted":	false
				}],
			"sum":	{
				"start":	10.000108957290649,
				"end":	11.0000638961792,
				"seconds":	0.9999549388885498,
				"bytes":	13107200,
				"bits_per_second":	104862325.21292335,
				"retransmits":	0,
				"omitted":	false
			}
		}, {
			"streams":	[{
					"socket":	6,
					"start":	11.0000638961792,
					"end":	12.000078916549683,
					"seconds":	1.0000150203704834,
					"bytes":	11796480,
					"bits_per_second":	94370422.521291062,
					"retransmits":	0,
					"snd_cwnd":	5357600,
					"rtt":	426050,
					"rttvar":	396,
					"pmtu":	1500,
					"omitted":	false
				}],
			"sum":	{
				"start":	11.0000638961792,
				"end":	12.000078916549683,
				"seconds":	1.0000150203704834,
				"bytes":	11796480,
				"bits_per_second":	94370422.521291062,
				"retransmits":	0,
				"omitted":	false
			}
		}, {
			"streams":	[{
					"socket":	6,
					"start":	12.000078916549683,
					"end":	13.000070810317993,
					"seconds":	0.99999189376831055,
					"bytes":	11796480,
					"bits_per_second":	94372605.006201312,
					"retransmits":	0,
					"snd_cwnd":	5955624,
					"rtt":	473743,
					"rttvar":	633,
					"pmtu":	1500,
					"omitted":	false
				}],