{
	"start":	{
		"connected":	[{
				"socket":	6,
				"local_host":	"192.168.6.1",
				"local_port":	45040,
				"remote_host":	"192.168.6.2",
				"remote_port":	5001
			}],
		"version":	"iperf 3.6",
		"system_info":	"Linux ba-thesis 4.19.0-23-amd64 #1 SMP Debian 4.19.269-1 (2022-12-20) x86_64",
		"timestamp":	{
			"time":	"Tue, 13 Jun 2023 12:12:12 GMT",
			"timesecs":	1686658332
		},
		"connecting_to":	{
			"host":	"h2",
			"port":	5001
		},
		"cookie":	"ozz5fte4mg25i6344tkbtu2ty2lj7tdmihg6",
		"tcp_mss_default":	1448,
		"sock_bufsize":	0,
		"sndbuf_actual":	87380,
		"rcvbuf_actual":	87380,
		"test_start":	{
			"protocol":	"TCP",
			"num_streams":	1,
			"blksize":	131072,
			"omit":	0,
			"duration":	0,
			"bytes":	93375488,
			"blocks":	0,
			"reverse":	0,
			"tos":	0
		}
	},
	"intervals":	[{
			"streams":	[{
					"socket":	6,
					"start":	0,
					"end":	1.0000879764556885,
					"seconds":	1.0000879764556885,
					"bytes":	15284480,
					"bits_per_second":	122265083.5512947,
					"retransmits":	0,
					"snd_cwnd":	797848,
					"rtt":	62878,
					"rttvar":	567,
					"pmtu":	1500,
					"omitted":	false
				}],
			"sum":	{
				"start":	0,
				"end":	1.0000879764556885,
				"seconds":	1.0000879764556885,
				"bytes":	15284480,
				"bits_per_second":	122265083.5512947,
				"retransmits":	0,
				"omitted":	false
			}
		}, {
			"streams":	[{
					"socket":	6,
					"start":	1.0000879764556885,
					"end":	2.0000779628753662,
					"seconds":	0.99998998641967773,
					"bytes":	14417920,
					"bits_per_second":	115344515.0115658,
					"retransmits":	0,
					"snd_cwnd":	1395872,
					"rtt":	110589,
					"rttvar":	551,
					"pmtu":	1500,
					"omitted":	false
				}],
			"sum":	{
				"start":	1.0000879764556885,
				"end":	2.0000779628753662,
				"seconds":	0.99998998641967773,
				"bytes":	14417920,
				"bits_per_second":	115344515.0115658,
				"retransmits":	0,
				"omitted":	false
			}
		}, {
			"streams":	[{
					"socket":	6,
					"start":	2.0000779628753662,
					"end":	3.0000979900360107,
					"seconds":	1.0000200271606445,
					"bytes":	11796480,
					"bits_per_second":	94369950.037850574,
					"retransmits":	0,
					"snd_cwnd":	1879504,
					"rtt":	148668,
					"rttvar":	473,
					"pmtu":	1500,
					"omitted":	false
				}],
			"sum":	{
				"start":	2.0000779628753662,
				"end":	3.0000979900360107,
				"seconds":	1.0000200271606445,
				"bytes":	11796480,
				"bits_per_second":	94369950.037850574,
				"retransmits":	0,
				"omitted":	false
			}
		}, {
			"streams":	[{
					"socket":	6,
					"start":	3.0000979900360107,
					"end":	4.0052599906921387,
					"seconds":	1.0051620006561279,
					"bytes":	14417920,
					"bits_per_second":	114751015.18432716,
					"retransmits":	0,
					"snd_cwnd":	2478976,
					"rtt":	196610,
					"rttvar":	594,
					"pmtu":	1500,
					"omitted":	false
				}],
			"sum":	{
				"start":	3.0000979900360107,
				"end":	4.0052599906921387,
				"seconds":	1.0051620006561279,
				"bytes":	14417920,
				"bits_per_second":	114751015.18432716,
				"retransmits":	0,
				"omitted":	false
			}
		}, {
			"streams":	[{
					"socket":	6,
					"start":	4.0052599906921387,
					"end":	5.00034499168396,
					"seconds":	0.99508500099182129,
					"bytes":	13107200,
					"bits_per_second":	105375520.57913275,
					"retransmits":	0,
					"snd_cwnd":	3074104,
					"rtt":	244048,
					"rttvar":	257,
					"pmtu":	1500,
					"omitted":	false
				}],
			"sum":	{
				"start":	4.0052599906921387,
				"end":	5.00034499168396,
				"seconds":	0.99508500099182129,
				"bytes":	13107200,
				"bits_per_second":	105375520.57913275,
				"retransmits":	0,
				"omitted":	false
			}
		}, {
			"streams":	[{
					"socket":	6,
					"start":	5.00034499168396,
					"end":	6.0001170635223389,
					"seconds":	0.99977207183837891,
					"bytes":	7864320,
					"bits_per_second":	62928903.269234985,
					"retransmits":	0,
					"snd_cwnd":	3517192,
					"rtt":	279088,
					"rttvar":	264,
					"pmtu":	1500,
					"omitted":	false
				}],
			"sum":	{
				"start":	5.00034499168396,
				"end":	6.0001170635223389,
				"seconds":	0.99977207183837891,
				"bytes":	7864320,
				"bits_per_second":	62928903.269234985,
				"retransmits":	0,
				"omitted":	false
			}
		}, {
			"streams":	[{
					"socket":	6,
					"start":	6.0001170635223389,
					"end":	7.00012993812561,
					"seconds":	1.0000128746032715,
					"bytes":	11796480,
					"bits_per_second":	94370625.015642434,
					"retransmits":	0,
					"snd_cwnd":	4115216,
					"rtt":	327087,
					"rttvar":	506,
					"pmtu":	1500,
					"omitted":	false
				}],
			"sum":	{
				"start":	6.0001170635223389,
				"end":	7.00012993812561,
				"seconds":	1.0000128746032715,
				"bytes":	11796480,
				"bits_per_second":	94370625.015642434,
				"retransmits":	0,
				"omitted":	false
			}
		}, {
			"streams":	[{
					"socket":	6,
					"start":	7.00012993812561,
					"end":	7.348707914352417,
					"seconds":	0.34857797622680664,
					"bytes":	5242880,
					"bits_per_second":	120326133.20558506,
					"retransmits":	0,
					"snd_cwnd":	4323728,
					"rtt":	343545,
					"rttvar":	451,
					"pmtu":	1500,
					"omitted":	false
				}],
			"sum":	{
				"start":	7.00012993812561,
				"end":	7.348707914352417,
				"seconds":	0.34857797622680664,
				"bytes":	5242880,
				"bits_per_second":	120326133.20558506,
				"retransmits":	0,
				"omitted":	false
			}
		}],
	"end":	{
		"streams":	[{
				"sender":	{
					"socket":	6,
					"start":	0,
					"end":	7.348707914352417,
					"seconds":	7.348707914352417,
					"bytes":	93927680,
					"bits_per_second":	102252184.84087986,
					"retransmits":	0,
					"max_snd_cwnd":	4323728,
					"max_rtt":	343545,
					"min_rtt":	62878,
					"mean_rtt":	214064
				},
				"receiver":	{
					"socket":	6,
					"start":	0,
					"end":	7.744027853012085,
					"seconds":	7.348707914352417,
					"bytes":	86300800,
					"bits_per_second":	89153398.348310739
				}
			}],
		"sum_sent":	{
			"start":	0,
			"end":	7.348707914352417,
			"seconds":	7.348707914352417,
			"bytes":	93927680,
			"bits_per_second":	102252184.84087986,
			"retransmits":	0
		},
		"sum_received":	{
			"start":	0,
			"end":	7.744027853012085,
			"seconds":	7.744027853012085,
			"bytes":	86300800,
			"bits_per_second":	89153398.348310739
		},
		"cpu_utilization_percent":	{
			"host_total":	0.80670170191463053,
			"host_user":	0.27891203969412787,
			"host_system":	0.52780304058004279,
			"remote_total":	1.1795666802225613,
			"remote_user":	0.1010831465575672,
			"remote_system":	1.078470793162529
		},
		"sender_tcp_congestion":	"cubic",
		"receiver_tcp_congestion":	"cubic"
	}
}
