{
	"start":	{
		"connected":	[{
				"socket":	6,
				"local_host":	"192.168.9.2",
				"local_port":	46534,
				"remote_host":	"192.168.25.1",
				"remote_port":	5008
			}],
		"version":	"iperf 3.6",
		"system_info":	"Linux ba-thesis 4.19.0-23-amd64 #1 SMP Debian 4.19.269-1 (2022-12-20) x86_64",
		"timestamp":	{
			"time":	"Sun, 11 Jun 2023 01:32:46 GMT",
			"timesecs":	1686447166
		},
		"connecting_to":	{
			"host":	"h5",
			"port":	5008
		},
		"cookie":	"fgpuhlvn7iw2kxfql55j3nf657ne64oq5mgx",
		"tcp_mss_default":	1448,
		"sock_bufsize":	0,
		"sndbuf_actual":	87380,
		"rcvbuf_actual":	87380,
		"test_start":	{
			"protocol":	"TCP",
			"num_streams":	1,
			"blksize":	131072,
			"omit":	0,
			"duration":	0,
			"bytes":	118466397,
			"blocks":	0,
			"reverse":	0,
			"tos":	0
		}
	},
	"intervals":	[{
			"streams":	[{
					"socket":	6,
					"start":	0,
					"end":	1.0000920295715332,
					"seconds":	1.0000920295715332,
					"bytes":	5928112,
					"bits_per_second":	47420531.90876656,
					"retransmits":	0,
					"snd_cwnd":	412680,
					"rtt":	92089,
					"rttvar":	283,
					"pmtu":	1500,
					"omitted":	false
				}],
			"sum":	{
				"start":	0,
				"end":	1.0000920295715332,
				"seconds":	1.0000920295715332,
				"bytes":	5928112,
				"bits_per_second":	47420531.90876656,
				"retransmits":	0,
				"omitted":	false
			}
		}, {
			"streams":	[{
					"socket":	6,
					"start":	1.0000920295715332,
					"end":	2.000068187713623,
					"seconds":	0.99997615814208984,
					"bytes":	5343120,
					"bits_per_second":	42745979.143560968,
					"retransmits":	0,
					"snd_cwnd":	624088,
					"rtt":	141385,
					"rttvar":	134,
					"pmtu":	1500,
					"omitted":	false
				}],
			"sum":	{
				"start":	1.0000920295715332,
				"end":	2.000068187713623,
				"seconds":	0.99997615814208984,
				"bytes":	5343120,
				"bits_per_second":	42745979.143560968,
				"retransmits":	0,
				"omitted":	false
			}
		}, {
			"streams":	[{
					"socket":	6,
					"start":	2.000068187713623,
					"end":	3.0002801418304443,
					"seconds":	1.0002119541168213,
					"bytes":	3932160,
					"bits_per_second":	31450613.9129046,
					"retransmits":	0,
					"snd_cwnd":	828256,
					"rtt":	189053,
					"rttvar":	86,
					"pmtu":	1500,
					"omitted":	false
				}],
			"sum":	{
				"start":	2.000068187713623,
				"end":	3.0002801418304443,
				"seconds":	1.0002119541168213,
				"bytes":	3932160,
				"bits_per_second":	31450613.9129046,
				"retransmits":	0,
				"omitted":	false
			}
		}, {
			"streams":	[{
					"socket":	6,
					"start":	3.0002801418304443,
					"end":	4.0000870227813721,
					"seconds":	0.99980688095092773,
					"bytes":	7864320,
					"bits_per_second":	62926712.346849665,
					"retransmits":	0,
					"snd_cwnd":	1130888,
					"rtt":	89324,
					"rttvar":	432,
					"pmtu":	1500,
					"omitted":	false
				}],
			"sum":	{
				"start":	3.0002801418304443,
				"end":	4.0000870227813721,
				"seconds":	0.99980688095092773,
				"bytes":	7864320,
				"bits_per_second":	62926712.346849665,
				"retransmits":	0,
				"omitted":	false
			}
		}, {
			"streams":	[{
					"socket":	6,
					"start":	4.0000870227813721,
					"end":	5.0000519752502441,
					"seconds":	0.99996495246887207,
					"bytes":	14417920,
					"bits_per_second":	115347402.64168461,
					"retransmits":	0,
					"snd_cwnd":	1727464,
					"rtt":	137445,
					"rttvar":	608,
					"pmtu":	1500,
					"omitted":	false
				}],
			"sum":	{
				"start":	4.0000870227813721,
				"end":	5.0000519752502441,
				"seconds":	0.99996495246887207,
				"bytes":	14417920,
				"bits_per_second":	115347402.64168461,
				"retransmits":	0,
				"omitted":	false
			}
		}, {
			"streams":	[{
					"socket":	6,
					"start":	5.0000519752502441,
					"end":	6.000068187713623,
					"seconds":	1.0000162124633789,
					"bytes":	14417920,
					"bits_per_second":	115341490.03031681,
					"retransmits":	0,
					"snd_cwnd":	2321144,
					"rtt":	185121,
					"rttvar":	363,
					"pmtu":	1500,
					"omitted":	false
				}],
			"sum":	{
				"start":	5.0000519752502441,
				"end":	6.000068187713623,
				"seconds":	1.0000162124633789,
				"bytes":	14417920,
				"bits_per_second":	115341490.03031681,
				"retransmits":	0,
				"omitted":	false
			}
		}, {
			"streams":	[{
					"socket":	6,
					"start":	6.000068187713623,
					"end":	7.0001029968261719,
					"seconds":	1.0000348091125488,
					"bytes":	13107200,
					"bits_per_second":	104853950.12704884,
					"retransmits":	0,
					"snd_cwnd":	2916272,
					"rtt":	232822,
					"rttvar":	435,
					"pmtu":	1500,
					"omitted":	false
				}],
			"sum":	{
				"start":	6.000068187713623,
				"end":	7.0001029968261719,
				"seconds":	1.0000348091125488,
				"bytes":	13107200,
				"bits_per_second":	104853950.12704884,
				"retransmits":	0,
				"omitted":	false
			}
		}, {
			"streams":	[{
					"socket":	6,
					"start":	7.0001029968261719,
					"end":	8.0001189708709717,
					"seconds":	1.0000159740447998,
					"bytes":	11796480,
					"bits_per_second":	94370332.524080485,
					"retransmits":	0,
					"snd_cwnd":	3511400,
					"rtt":	279938,
					"rttvar":	400,
					"pmtu":	1500,
					"omitted":	false
				}],
			"sum":	{
				"start":	7.0001029968261719,
				"end":	8.0001189708709717,
				"seconds":	1.0000159740447998,
				"bytes":	11796480,
				"bits_per_second":	94370332.524080485,
				"retransmits":	0,
				"omitted":	false
			}
		}, {
			"streams":	[{
					"socket":	6,
					"start":	8.0001189708709717,
					"end":	9.0001130104064941,
					"seconds":	0.99999403953552246,
					"bytes":	11796480,
					"bits_per_second":	94372402.503352776,
					"retransmits":	0,
					"snd_cwnd":	4105080,
					"rtt":	328102,
					"rttvar":	552,
					"pmtu":	1500,
					"omitted":	false
				}],
			"sum":	{
				"start":	8.0001189708709717,
				"end":	9.0001130104064941,
				"seconds":	0.99999403953552246,
				"bytes":	11796480,
				"bits_per_second":	94372402.503352776,
				"retransmits":	0,
				"omitted":	false
			}
		}, {
			"streams":	[{
					"socket":	6,
					"start":	9.0001130104064941,
					"end":	10.000056982040405,
					"seconds":	0.99994397163391113,
					"bytes":	11796480,
					"bits_per_second":	94377127.796266586,
					"retransmits":	0,
					"snd_cwnd":	4697312,
					"rtt":	377197,
					"rttvar":	683,
					"pmtu":	1500,
					"omitted":	false
				}],
			"sum":	{
				"start":	9.0001130104064941,
				"end":	10.000056982040405,
				"seconds":	0.99994397163391113,
				"bytes":	11796480,
				"bits_per_second":	94377127.796266586,
				"retransmits":	0,
				"omitted":	false
			}
		}, {
			"streams":	[{
					"socket":	6,
					"start":	10.000056982040405,
					"end":	11.000115156173706,
					"seconds":	1.0000581741333008,
					"bytes":	11796480,
					"bits_per_second":	94366350.31935741,
					"retransmits":	0,
					"snd_cwnd":	5288096,
					"rtt":	424255,
					"rttvar":	326,
					"pmtu":	1500,
					"omitted":	false
				}],
			"sum":	{
				"start":	10.000056982040405,
				"end":	11.000115156173706,
				"seconds":	1.0000581741333008,
				"bytes":	11796480,
				"bits_per_second":	94366350.31935741,
				"retransmits":	0,
				"omitted":	false
			}
		}, {
			"streams":	[{
					"socket":	6,
					"start":	11.000115156173706,
					"end":	11.471736192703247,
					"seconds":	0.471621036529541,
					"bytes":	6553600,
					"bits_per_second":	111167221.0082088,
					"retransmits":	0,
					"snd_cwnd":	5567560,
					"rtt":	447007,
					"rttvar":	537,
					"pmtu":	1500,
					"omitted":	false
				}],
			"sum":	{
				"start":	11.000115156173706,
				"end":	11.471736192703247,
				"seconds":	0.471621036529541,
				"bytes":	6553600,
				"bits_per_second":	111167221.0082088,
				"retransmits":	0,
				"omitted":	false
			}
		}],
	"end":	{
		"streams":	[{
				"sender":	{
					"socket":	6,
					"start":	0,
					"end":	11.471736192703247,
					"seconds":	11.471736192703247,
					"bytes":	118750272,
					"bits_per_second":	82812414.79421936,
					"retransmits":	0,
					"max_snd_cwnd":	5567560,
					"max_rtt":	447007,
					"min_rtt":	89324,
					"mean_rtt":	243644
				},