{
	"start":	{
		"connected":	[{
				"socket":	6,
				"local_host":	"192.168.7.1",
				"local_port":	57198,
				"remote_host":	"192.168.7.2",
				"remote_port":	5001
			}],
		"version":	"iperf 3.6",
		"system_info":	"Linux ba-thesis 4.19.0-23-amd64 #1 SMP Debian 4.19.269-1 (2022-12-20) x86_64",
		"timestamp":	{
			"time":	"Fri, 09 Jun 2023 15:17:00 GMT",
			"timesecs":	1686323820
		},
		"connecting_to":	{
			"host":	"h3",
			"port":	5001
		},
		"cookie":	"gydpcnw2nmcvihpz4awdqbbqf57eadvt4pla",
		"tcp_mss_default":	1448,
		"sock_bufsize":	0,
		"sndbuf_actual":	87380,
		"rcvbuf_actual":	87380,
		"test_start":	{
			"protocol":	"TCP",
			"num_streams":	1,
			"blksize":	131072,
			"omit":	0,
			"duration":	0,
			"bytes":	182344856,
			"blocks":	0,
			"reverse":	0,
			"tos":	0
		}
	},
	"intervals":	[{
			"streams":	[{
					"socket":	6,
					"start":	0,
					"end":	1.0000560283660889,
					"seconds":	1.0000560283660889,
					"bytes":	13914112,
					"bits_per_second":	111306659.6697239,
					"retransmits":	0,
					"snd_cwnd":	752960,
					"rtt":	60547,
					"rttvar":	1621,
					"pmtu":	1500,
					"omitted":	false
				}],
			"sum":	{
				"start":	0,
				"end":	1.0000560283660889,
				"seconds":	1.0000560283660889,
				"bytes":	13914112,
				"bits_per_second":	111306659.6697239,
				"retransmits":	0,
				"omitted":	false
			}
		}, {
			"streams":	[{
					"socket":	6,
					"start":	1.0000560283660889,
					"end":	2.0000290870666504,
					"seconds":	0.99997305870056152,
					"bytes":	14417920,
					"bits_per_second":	115346467.58372234,
					"retransmits":	0,
					"snd_cwnd":	1349536,
					"rtt":	106777,
					"rttvar":	400,
					"pmtu":	1500,
					"omitted":	false
				}],
			"sum":	{
				"start":	1.0000560283660889,
				"end":	2.0000290870666504,
				"seconds":	0.99997305870056152,
				"bytes":	14417920,
				"bits_per_second":	115346467.58372234,
				"retransmits":	0,
				"omitted":	false
			}
		}, {
			"streams":	[{
					"socket":	6,
					"start":	2.0000290870666504,
					"end":	3.000089168548584,
					"seconds":	1.0000600814819336,
					"bytes":	14417920,
					"bits_per_second":	115336430.41633965,
					"retransmits":	0,
					"snd_cwnd":	1941768,
					"rtt":	154578,
					"rttvar":	502,
					"pmtu":	1500,
					"omitted":	false
				}],
			"sum":	{
				"start":	2.0000290870666504,
				"end":	3.000089168548584,
				"seconds":	1.0000600814819336,
				"bytes":	14417920,
				"bits_per_second":	115336430.41633965,
				"retransmits":	0,
				"omitted":	false
			}
		}, {
			"streams":	[{
					"socket":	6,
					"start":	3.000089168548584,
					"end":	4.0000700950622559,
					"seconds":	0.99998092651367188,
					"bytes":	14417920,
					"bits_per_second":	115345560.04196247,
					"retransmits":	0,
					"snd_cwnd":	2536896,
					"rtt":	201931,
					"rttvar":	636,
					"pmtu":	1500,
					"omitted":	false
				}],
			"sum":	{
				"start":	3.000089168548584,
				"end":	4.0000700950622559,
				"seconds":	0.99998092651367188,
				"bytes":	14417920,
				"bits_per_second":	115345560.04196247,
				"retransmits":	0,
				"omitted":	false
			}
		}, {
			"streams":	[{
					"socket":	6,
					"start":	4.0000700950622559,
					"end":	5.0000641345977783,
					"seconds":	0.99999403953552246,
					"bytes":	13107200,
					"bits_per_second":	104858225.00372531,
					"retransmits":	0,
					"snd_cwnd":	3133472,
					"rtt":	249286,
					"rttvar":	490,
					"pmtu":	1500,
					"omitted":	false
				}],
			"sum":	{
				"start":	4.0000700950622559,
				"end":	5.0000641345977783,
				"seconds":	0.99999403953552246,
				"bytes":	13107200,
				"bits_per_second":	104858225.00372531,
				"retransmits":	0,
				"omitted":	false
			}
		}, {
			"streams":	[{
					"socket":	6,
					"start":	5.0000641345977783,
					"end":	6.00007700920105,
					"seconds":	1.0000128746032715,
					"bytes":	11796480,
					"bits_per_second":	94370625.015642434,
					"retransmits":	0,
					"snd_cwnd":	3728600,
					"rtt":	297310,
					"rttvar":	350,
					"pmtu":	1500,
					"omitted":	false
				}],
			"sum":	{
				"start":	5.0000641345977783,
				"end":	6.00007700920105,
				"seconds":	1.0000128746032715,
				"bytes":	11796480,
				"bits_per_second":	94370625.015642434,
				"retransmits":	0,
				"omitted":	false
			}
		}, {
			"streams":	[{
					"socket":	6,
					"start":	6.00007700920105,
					"end":	7.0000860691070557,
					"seconds":	1.0000090599060059,
					"bytes":	11796480,
					"bits_per_second":	94370985.007746145,
					"retransmits":	0,
					"snd_cwnd":	4323728,
					"rtt":	344869,
					"rttvar":	428,
					"pmtu":	1500,
					"omitted":	false
				}],
			"sum":	{
				"start":	6.00007700920105,
				"end":	7.0000860691070557,
				"seconds":	1.0000090599060059,
				"bytes":	11796480,
				"bits_per_second":	94370985.007746145,
				"retransmits":	0,
				"omitted":	false
			}
		}, {
			"streams":	[{
					"socket":	6,
					"start":	7.0000860691070557,
					"end":	8.0000901222229,
					"seconds":	1.0000040531158447,
					"bytes":	11796480,
					"bits_per_second":	94371457.501550317,
					"retransmits":	0,
					"snd_cwnd":	4918856,
					"rtt":	392140,
					"rttvar":	615,
					"pmtu":	1500,
					"omitted":	false
				}],
			"sum":	{
				"start":	7.0000860691070557,
				"end":	8.0000901222229,
				"seconds":	1.0000040531158447,
				"bytes":	11796480,
				"bits_per_second":	94371457.501550317,
				"retransmits":	0,
				"omitted":	false
			}
		}, {
			"streams":	[{
					"socket":	6,
					"start":	8.0000901222229,
					"end":	9.000075101852417,
					"seconds":	0.9999849796295166,
					"bytes":	11796480,
					"bits_per_second":	94373257.521291688,
					"retransmits":	0,
					"snd_cwnd":	5513984,
					"rtt":	440452,
					"rttvar":	1278,
					"pmtu":	1500,
					"omitted":	false
				}],
			"sum":	{
				"start":	8.0000901222229,
				"end":	9.000075101852417,
				"seconds":	0.9999849796295166,
				"bytes":	11796480,
				"bits_per_second":	94373257.521291688,
				"retransmits":	0,
				"omitted":	false
			}
		}, {
			"streams":	[{
					"socket":	6,
					"start":	9.000075101852417,
					"end":	10.000097036361694,
					"seconds":	1.0000219345092773,
					"bytes":	11796480,
					"bits_per_second":	94369770.045403436,
					"retransmits":	0,
					"snd_cwnd":	6110560,
					"rtt":	487738,
					"rttvar":	422,
					"pmtu":	1500,
					"omitted":	false
				}],
			"sum":	{
				"start":	9.000075101852417,
				"end":	10.000097036361694,
				"seconds":	1.0000219345092773,
				"bytes":	11796480,
				"bits_per_second":	94369770.045403436,
				"retransmits":	0,
				"omitted":	false
			}
		}, {
			"streams":	[{
					"socket":	6,
					"start":	10.000097036361694,
					"end":	11.000048160552979,
					"seconds":	0.99995112419128418,
					"bytes":	11796480,
					"bits_per_second":	94376452.72545068,
					"retransmits":	0,
					"snd_cwnd":	6705688,
					"rtt":	535507,
					"rttvar":	681,
					"pmtu":	1500,
					"omitted":	false
				}],
			"sum":	{
				"start":	10.000097036361694,
				"end":	11.000048160552979,
				"seconds":	0.99995112419128418,
				"bytes":	11796480,
				"bits_per_second":	94376452.72545068,
				"retransmits":	0,
				"omitted":	false
			}
		}, {
			"streams":	[{
					"socket":	6,
					"start":	11.000048160552979,
					"end":	12.000041007995605,
					"seconds":	0.999992847442627,
					"bytes":	11796480,
					"bits_per_second":	94372515.004828,
					"retransmits":	0,
					"snd_cwnd":	7300816,
					"rtt":	583172,
					"rttvar":	656,
					"pmtu":	1500,
					"omitted":	false
				}],
			"sum":	{
				"start":	11.000048160552979,
				"end":	12.000041007995605,
				"seconds":	0.999992847442627,
				"bytes":	11796480,
				"bits_per_second":	94372515.004828,
				"retransmits":	0,
				"omitted":	false
			}
		}, {
			"streams":	[{
					"socket":	6,
					"start":	12.000041007995605,
					"end":	13.000095129013062,
					"seconds":	1.0000541210174561,
					"bytes":	11796480,
					"bits_per_second":	94366732.776408136,
					"retransmits":	0,
					"snd_cwnd":	4992704,
					"rtt":	571759,
					"rttvar":	2820,
					"pmtu":	1500,
					"omitted":	false
				}],