{
	"start":	{
		"connected":	[{
				"socket":	6,
				"local_host":	"192.168.14.2",
				"local_port":	43404,
				"remote_host":	"192.168.26.1",
				"remote_port":	5004
			}],
		"version":	"iperf 3.6",
		"system_info":	"Linux ba-thesis 4.19.0-23-amd64 #1 SMP Debian 4.19.269-1 (2022-12-20) x86_64",
		"timestamp":	{
			"time":	"Wed, 31 May 2023 11:02:10 GMT",
			"timesecs":	1685530930
		},
		"connecting_to":	{
			"host":	"h7",
			"port":	5004
		},
		"cookie":	"vqxgfncq7d6pvxvsp77usoaw72hba5pcdeqg",
		"tcp_mss_default":	1448,
		"sock_bufsize":	0,
		"sndbuf_actual":	87380,
		"rcvbuf_actual":	87380,
		"test_start":	{
			"protocol":	"TCP",
			"num_streams":	1,
			"blksize":	131072,
			"omit":	0,
			"duration":	0,
			"bytes":	159435776,
			"blocks":	0,
			"reverse":	0,
			"tos":	0
		}
	},
	"intervals":	[{
			"streams":	[{
					"socket":	6,
					"start":	0,
					"end":	1.00003981590271,
					"seconds":	1.00003981590271,
					"bytes":	14328752,
					"bits_per_second":	114625452.08415173,
					"retransmits":	0,
					"snd_cwnd":	1287272,
					"rtt":	114250,
					"rttvar":	1570,
					"pmtu":	1500,
					"omitted":	false
				}],
			"sum":	{
				"start":	0,
				"end":	1.00003981590271,
				"seconds":	1.00003981590271,
				"bytes":	14328752,
				"bits_per_second":	114625452.08415173,
				"retransmits":	0,
				"omitted":	false
			}
		}, {
			"streams":	[{
					"socket":	6,
					"start":	1.00003981590271,
					"end":	2.0000519752502441,
					"seconds":	1.0000121593475342,
					"bytes":	11796480,
					"bits_per_second":	94370692.513952687,
					"retransmits":	0,
					"snd_cwnd":	1753528,
					"rtt":	148181,
					"rttvar":	1920,
					"pmtu":	1500,
					"omitted":	false
				}],
			"sum":	{
				"start":	1.00003981590271,
				"end":	2.0000519752502441,
				"seconds":	1.0000121593475342,
				"bytes":	11796480,
				"bits_per_second":	94370692.513952687,
				"retransmits":	0,
				"omitted":	false
			}
		}, {
			"streams":	[{
					"socket":	6,
					"start":	2.0000519752502441,
					"end":	3.0000967979431152,
					"seconds":	1.0000448226928711,
					"bytes":	10485760,
					"bits_per_second":	83882320.16852577,
					"retransmits":	0,
					"snd_cwnd":	2216888,
					"rtt":	239070,
					"rttvar":	3793,
					"pmtu":	1500,
					"omitted":	false
				}],
			"sum":	{
				"start":	2.0000519752502441,
				"end":	3.0000967979431152,
				"seconds":	1.0000448226928711,
				"bytes":	10485760,
				"bits_per_second":	83882320.16852577,
				"retransmits":	0,
				"omitted":	false
			}
		}, {
			"streams":	[{
					"socket":	6,
					"start":	3.0000967979431152,
					"end":	4.0000808238983154,
					"seconds":	0.9999840259552002,
					"bytes":	9175040,
					"bits_per_second":	73401492.518729866,
					"retransmits":	0,
					"snd_cwnd":	2606400,
					"rtt":	241272,
					"rttvar":	1805,
					"pmtu":	1500,
					"omitted":	false
				}],
			"sum":	{
				"start":	3.0000967979431152,
				"end":	4.0000808238983154,
				"seconds":	0.9999840259552002,
				"bytes":	9175040,
				"bits_per_second":	73401492.518729866,
				"retransmits":	0,
				"omitted":	false
			}
		}, {
			"streams":	[{
					"socket":	6,
					"start":	4.0000808238983154,
					"end":	5.0001199245452881,
					"seconds":	1.0000391006469727,
					"bytes":	10485760,
					"bits_per_second":	83882800.1282451,
					"retransmits":	0,
					"snd_cwnd":	3100168,
					"rtt":	293946,
					"rttvar":	3441,
					"pmtu":	1500,
					"omitted":	false
				}],
			"sum":	{
				"start":	4.0000808238983154,
				"end":	5.0001199245452881,
				"seconds":	1.0000391006469727,
				"bytes":	10485760,
				"bits_per_second":	83882800.1282451,
				"retransmits":	0,
				"omitted":	false
			}
		}, {
			"streams":	[{
					"socket":	6,
					"start":	5.0001199245452881,
					"end":	6.00007176399231,
					"seconds":	0.99995183944702148,
					"bytes":	10485760,
					"bits_per_second":	83890120.194578,
					"retransmits":	0,
					"snd_cwnd":	3609864,
					"rtt":	320287,
					"rttvar":	2871,
					"pmtu":	1500,
					"omitted":	false
				}],
			"sum":	{
				"start":	5.0001199245452881,
				"end":	6.00007176399231,
				"seconds":	0.99995183944702148,
				"bytes":	10485760,
				"bits_per_second":	83890120.194578,
				"retransmits":	0,
				"omitted":	false
			}
		}, {
			"streams":	[{
					"socket":	6,
					"start":	6.00007176399231,
					"end":	7.0001068115234375,
					"seconds":	1.0000350475311279,
					"bytes":	6553600,
					"bits_per_second":	52426962.564397581,
					"retransmits":	0,
					"snd_cwnd":	3961728,
					"rtt":	397126,
					"rttvar":	740,
					"pmtu":	1500,
					"omitted":	false
				}],
			"sum":	{
				"start":	6.00007176399231,
				"end":	7.0001068115234375,
				"seconds":	1.0000350475311279,
				"bytes":	6553600,
				"bits_per_second":	52426962.564397581,
				"retransmits":	0,
				"omitted":	false
			}
		}, {
			"streams":	[{
					"socket":	6,
					"start":	7.0001068115234375,
					"end":	8.0000548362731934,
					"seconds":	0.99994802474975586,
					"bytes":	10485760,
					"bits_per_second":	83890440.226623863,
					"retransmits":	0,
					"snd_cwnd":	4488800,
					"rtt":	381778,
					"rttvar":	2649,
					"pmtu":	1500,
					"omitted":	false
				}],
			"sum":	{
				"start":	7.0001068115234375,
				"end":	8.0000548362731934,
				"seconds":	0.99994802474975586,
				"bytes":	10485760,
				"bits_per_second":	83890440.226623863,
				"retransmits":	0,
				"omitted":	false
			}
		}, {
			"streams":	[{
					"socket":	6,
					"start":	8.0000548362731934,
					"end":	9.0002977848052979,
					"seconds":	1.0002429485321045,
					"bytes":	7864320,
					"bits_per_second":	62899278.712566353,
					"retransmits":	100,
					"snd_cwnd":	4123904,
					"rtt":	475140,
					"rttvar":	329,
					"pmtu":	1500,
					"omitted":	false
				}],
			"sum":	{
				"start":	8.0000548362731934,
				"end":	9.0002977848052979,
				"seconds":	1.0002429485321045,
				"bytes":	7864320,
				"bits_per_second":	62899278.712566353,
				"retransmits":	100,
				"omitted":	false
			}
		}, {
			"streams":	[{
					"socket":	6,
					"start":	9.0002977848052979,
					"end":	10.000142812728882,
					"seconds":	0.999845027923584,
					"bytes":	11796480,
					"bits_per_second":	94386467.266817912,
					"retransmits":	86,
					"snd_cwnd":	2415264,
					"rtt":	269044,
					"rttvar":	1078,
					"pmtu":	1500,
					"omitted":	false
				}],
			"sum":	{
				"start":	9.0002977848052979,
				"end":	10.000142812728882,
				"seconds":	0.999845027923584,
				"bytes":	11796480,
				"bits_per_second":	94386467.266817912,
				"retransmits":	86,
				"omitted":	false
			}
		}, {
			"streams":	[{
					"socket":	6,
					"start":	10.000142812728882,
					"end":	11.000048875808716,
					"seconds":	0.999906063079834,
					"bytes":	10485760,
					"bits_per_second":	83893960.740292475,
					"retransmits":	0,
					"snd_cwnd":	2547032,
					"rtt":	275402,
					"rttvar":	1129,
					"pmtu":	1500,
					"omitted":	false
				}],
			"sum":	{
				"start":	10.000142812728882,
				"end":	11.000048875808716,
				"seconds":	0.999906063079834,
				"bytes":	10485760,
				"bits_per_second":	83893960.740292475,
				"retransmits":	0,
				"omitted":	false
			}
		}, {
			"streams":	[{
					"socket":	6,
					"start":	11.000048875808716,
					"end":	12.000076770782471,
					"seconds":	1.0000278949737549,
					"bytes":	10485760,
					"bits_per_second":	83883740.065272421,
					"retransmits":	0,
					"snd_cwnd":	2659976,
					"rtt":	278020,
					"rttvar":	2138,
					"pmtu":	1500,
					"omitted":	false
				}],
			"sum":	{
				"start":	11.000048875808716,
				"end":	12.000076770782471,
				"seconds":	1.0000278949737549,
				"bytes":	10485760,
				"bits_per_second":	83883740.065272421,
				"retransmits":	0,
				"omitted":	false
			}
		}, {
			"streams":	[{
					"socket":	6,
					"start":	12.000076770782471,
					"end":	13.000094890594482,
					"seconds":	1.0000181198120117,
					"bytes":	9175040,
					"bits_per_second":	73398990.024098918,
					"retransmits":	0,
					"snd_cwnd":	2746856,
					"rtt":	281645,
					"rttvar":	2638,
					"pmtu":	1500,
					"omitted":	false
				}],