{
	"start":	{
		"connected":	[{
				"socket":	6,
				"local_host":	"192.168.0.1",
				"local_port":	46138,
				"remote_host":	"192.168.0.2",
				"remote_port":	5000
			}],
		"version":	"iperf 3.6",
		"system_info":	"Linux ba-thesis 4.19.0-23-amd64 #1 SMP Debian 4.19.269-1 (2022-12-20) x86_64",
		"timestamp":	{
			"time":	"Tue, 13 Jun 2023 12:36:28 GMT",
			"timesecs":	1686659788
		},
		"connecting_to":	{
			"host":	"h2",
			"port":	5000
		},
		"cookie":	"f66fqnmvdiwpyyck7q47g6qksfvzd4zi3t3n",
		"tcp_mss_default":	1448,
		"sock_bufsize":	0,
		"sndbuf_actual":	87380,
		"rcvbuf_actual":	87380,
		"test_start":	{
			"protocol":	"TCP",
			"num_streams":	1,
			"blksize":	131072,
			"omit":	0,
			"duration":	0,
			"bytes":	77669376,
			"blocks":	0,
			"reverse":	0,
			"tos":	0
		}
	},
	"intervals":	[{
			"streams":	[{
					"socket":	6,
					"start":	0,
					"end":	1.0000710487365723,
					"seconds":	1.0000710487365723,
					"bytes":	15224832,
					"bits_per_second":	121790002.97416155,
					"retransmits":	0,
					"snd_cwnd":	777576,
					"rtt":	61626,
					"rttvar":	557,
					"pmtu":	1500,
					"omitted":	false
				}],
			"sum":	{
				"start":	0,
				"end":	1.0000710487365723,
				"seconds":	1.0000710487365723,
				"bytes":	15224832,
				"bits_per_second":	121790002.97416155,
				"retransmits":	0,
				"omitted":	false
			}
		}, {
			"streams":	[{
					"socket":	6,
					"start":	1.0000710487365723,
					"end":	2.0000221729278564,
					"seconds":	0.99995112419128418,
					"bytes":	14417920,
					"bits_per_second":	115348997.77555084,
					"retransmits":	0,
					"snd_cwnd":	1372704,
					"rtt":	109230,
					"rttvar":	1099,
					"pmtu":	1500,
					"omitted":	false
				}],
			"sum":	{
				"start":	1.0000710487365723,
				"end":	2.0000221729278564,
				"seconds":	0.99995112419128418,
				"bytes":	14417920,
				"bits_per_second":	115348997.77555084,
				"retransmits":	0,
				"omitted":	false
			}
		}, {
			"streams":	[{
					"socket":	6,
					"start":	2.0000221729278564,
					"end":	3.000042200088501,
					"seconds":	1.0000200271606445,
					"bytes":	11796480,
					"bits_per_second":	94369950.037850574,
					"retransmits":	0,
					"snd_cwnd":	1882400,
					"rtt":	149764,
					"rttvar":	918,
					"pmtu":	1500,
					"omitted":	false
				}],
			"sum":	{
				"start":	2.0000221729278564,
				"end":	3.000042200088501,
				"seconds":	1.0000200271606445,
				"bytes":	11796480,
				"bits_per_second":	94369950.037850574,
				"retransmits":	0,
				"omitted":	false
			}
		}, {
			"streams":	[{
					"socket":	6,
					"start":	3.000042200088501,
					"end":	4.0000760555267334,
					"seconds":	1.0000338554382324,
					"bytes":	14417920,
					"bits_per_second":	115339455.13220102,
					"retransmits":	0,
					"snd_cwnd":	2478976,
					"rtt":	197631,
					"rttvar":	571,
					"pmtu":	1500,
					"omitted":	false
				}],
			"sum":	{
				"start":	3.000042200088501,
				"end":	4.0000760555267334,
				"seconds":	1.0000338554382324,
				"bytes":	14417920,
				"bits_per_second":	115339455.13220102,
				"retransmits":	0,
				"omitted":	false
			}
		}, {
			"streams":	[{
					"socket":	6,
					"start":	4.0000760555267334,
					"end":	5.00007700920105,
					"seconds":	1.0000009536743164,
					"bytes":	13107200,
					"bits_per_second":	104857500.00009537,
					"retransmits":	0,
					"snd_cwnd":	3074104,
					"rtt":	245052,
					"rttvar":	204,
					"pmtu":	1500,
					"omitted":	false
				}],
			"sum":	{
				"start":	4.0000760555267334,
				"end":	5.00007700920105,
				"seconds":	1.0000009536743164,
				"bytes":	13107200,
				"bits_per_second":	104857500.00009537,
				"retransmits":	0,
				"omitted":	false
			}
		}, {
			"streams":	[{
					"socket":	6,
					"start":	5.00007700920105,
					"end":	6.0001289844512939,
					"seconds":	1.0000519752502441,
					"bytes":	7864320,
					"bits_per_second":	62911290.169950232,
					"retransmits":	0,
					"snd_cwnd":	3504160,
					"rtt":	278970,
					"rttvar":	400,
					"pmtu":	1500,
					"omitted":	false
				}],
			"sum":	{
				"start":	5.00007700920105,
				"end":	6.0001289844512939,
				"seconds":	1.0000519752502441,
				"bytes":	7864320,
				"bits_per_second":	62911290.169950232,
				"retransmits":	0,
				"omitted":	false
			}
		}, {
			"streams":	[{
					"socket":	6,
					"start":	6.0001289844512939,
					"end":	6.0157520771026611,
					"seconds":	0.015623092651367188,
					"bytes":	1310720,
					"bits_per_second":	671170570.00122082,
					"retransmits":	0,
					"snd_cwnd":	3514296,
					"rtt":	280130,
					"rttvar":	585,
					"pmtu":	1500,
					"omitted":	false
				}],
			"sum":	{
				"start":	6.0001289844512939,
				"end":	6.0157520771026611,
				"seconds":	0.015623092651367188,
				"bytes":	1310720,
				"bits_per_second":	671170570.00122082,
				"retransmits":	0,
				"omitted":	false
			}
		}],
	"end":	{
		"streams":	[{
				"sender":	{
					"socket":	6,
					"start":	0,
					"end":	6.0157520771026611,
					"seconds":	6.0157520771026611,
					"bytes":	78139392,
					"bits_per_second":	103913048.27526592,
					"retransmits":	0,
					"max_snd_cwnd":	3514296,
					"max_rtt":	280130,
					"min_rtt":	61626,
					"mean_rtt":	188914
				},
				"receiver":	{
					"socket":	6,
					"start":	0,
					"end":	6.3351020812988281,
					"seconds":	6.0157520771026611,
					"bytes":	69647352,
					"bits_per_second":	87951039.912172452
				}
			}],
		"sum_sent":	{
			"start":	0,
			"end":	6.0157520771026611,
			"seconds":	6.0157520771026611,
			"bytes":	78139392,
			"bits_per_second":	103913048.27526592,
			"retransmits":	0
		},
		"sum_received":	{
			"start":	0,
			"end":	6.3351020812988281,
			"seconds":	6.3351020812988281,
			"bytes":	69647352,
			"bits_per_second":	87951039.912172452
		},
		"cpu_utilization_percent":	{
			"host_total":	0.77453605616013532,
			"host_user":	0.11666093026748452,
			"host_system":	0.65784254814055154,
			"remote_total":	1.1097948566192504,
			"remote_user":	0.15962558401684473,
			"remote_system":	0.95018478227827208
		},
		"sender_tcp_congestion":	"cubic",
		"receiver_tcp_congestion":	"cubic"
	}
}
