{
	"start":	{
		"connected":	[{
				"socket":	6,
				"local_host":	"192.168.10.2",
				"local_port":	47894,
				"remote_host":	"192.168.10.1",
				"remote_port":	5005
			}],
		"version":	"iperf 3.6",
		"system_info":	"Linux ba-thesis 4.19.0-23-amd64 #1 SMP Debian 4.19.269-1 (2022-12-20) x86_64",
		"timestamp":	{
			"time":	"Sat, 10 Jun 2023 17:28:23 GMT",
			"timesecs":	1686418103
		},
		"connecting_to":	{
			"host":	"h2",
			"port":	5005
		},
		"cookie":	"malyknfbqk2t7msefxfjy6ltv4r5asi2oeym",
		"tcp_mss_default":	1448,
		"sock_bufsize":	0,
		"sndbuf_actual":	87380,
		"rcvbuf_actual":	87380,
		"test_start":	{
			"protocol":	"TCP",
			"num_streams":	1,
			"blksize":	131072,
			"omit":	0,
			"duration":	0,
			"bytes":	43366234,
			"blocks":	0,
			"reverse":	0,
			"tos":	0
		}
	},
	"intervals":	[{
			"streams":	[{
					"socket":	6,
					"start":	0,
					"end":	1.0000979900360107,
					"seconds":	1.0000979900360107,
					"bytes":	15284480,
					"bits_per_second":	122263859.36001851,
					"retransmits":	0,
					"snd_cwnd":	797848,
					"rtt":	62877,
					"rttvar":	556,
					"pmtu":	1500,
					"omitted":	false
				}],
			"sum":	{
				"start":	0,
				"end":	1.0000979900360107,
				"seconds":	1.0000979900360107,
				"bytes":	15284480,
				"bits_per_second":	122263859.36001851,
				"retransmits":	0,
				"omitted":	false
			}
		}, {
			"streams":	[{
					"socket":	6,
					"start":	1.0000979900360107,
					"end":	2.0000729560852051,
					"seconds":	0.99997496604919434,
					"bytes":	14417920,
					"bits_per_second":	115346247.57228734,
					"retransmits":	0,
					"snd_cwnd":	1395872,
					"rtt":	110606,
					"rttvar":	416,
					"pmtu":	1500,
					"omitted":	false
				}],
			"sum":	{
				"start":	1.0000979900360107,
				"end":	2.0000729560852051,
				"seconds":	0.99997496604919434,
				"bytes":	14417920,
				"bits_per_second":	115346247.57228734,
				"retransmits":	0,
				"omitted":	false
			}
		}, {
			"streams":	[{
					"socket":	6,
					"start":	2.0000729560852051,
					"end":	2.9815621376037598,
					"seconds":	0.98148918151855469,
					"bytes":	14417920,
					"bits_per_second":	117518727.83920184,
					"retransmits":	0,
					"snd_cwnd":	1982312,
					"rtt":	156899,
					"rttvar":	147,
					"pmtu":	1500,
					"omitted":	false
				}],
			"sum":	{
				"start":	2.0000729560852051,
				"end":	2.9815621376037598,
				"seconds":	0.98148918151855469,
				"bytes":	14417920,
				"bits_per_second":	117518727.83920184,
				"retransmits":	0,
				"omitted":	false
			}
		}],
	"end":	{
		"streams":	[{
				"sender":	{
					"socket":	6,
					"start":	0,
					"end":	2.9815621376037598,
					"seconds":	2.9815621376037598,
					"bytes":	44120320,
					"bits_per_second":	118381755.50608216,
					"retransmits":	0,
					"max_snd_cwnd":	1982312,
					"max_rtt":	156899,
					"min_rtt":	62877,
					"mean_rtt":	110127
				},
				"receiver":	{
					"socket":	6,
					"start":	0,
					"end":	3.1777949333190918,
					"seconds":	2.9815621376037598,
					"bytes":	37155680,
					"bits_per_second":	93538269.8497596
				}
			}],
		"sum_sent":	{
			"start":	0,
			"end":	2.9815621376037598,
			"seconds":	2.9815621376037598,
			"bytes":	44120320,
			"bits_per_second":	118381755.50608216,
			"retransmits":	0
		},
		"sum_received":	{
			"start":	0,
			"end":	3.1777949333190918,
			"seconds":	3.1777949333190918,
			"bytes":	37155680,
			"bits_per_second":	93538269.8497596
		},
		"cpu_utilization_percent":	{
			"host_total":	1.5620538937401647,
			"host_user":	0.23873876918689443,
			"host_system":	1.3233473126035851,
			"remote_total":	0.045121061317140471,
			"remote_user":	0.004745818692191925,
			"remote_system":	0.04037524262494855
		},
		"sender_tcp_congestion":	"cubic",
		"receiver_tcp_congestion":	"cubic"
	}
}
