{
	"start":	{
		"connected":	[{
				"socket":	6,
				"local_host":	"192.168.2.2",
				"local_port":	38056,
				"remote_host":	"192.168.25.1",
				"remote_port":	5000
			}],
		"version":	"iperf 3.6",
		"system_info":	"Linux ba-thesis 4.19.0-23-amd64 #1 SMP Debian 4.19.269-1 (2022-12-20) x86_64",
		"timestamp":	{
			"time":	"Mon, 12 Jun 2023 05:48:17 GMT",
			"timesecs":	1686548897
		},
		"connecting_to":	{
			"host":	"h6",
			"port":	5000
		},
		"cookie":	"rwphe44hgv3fohuosvufp4ftpg2in5wkzt3m",
		"tcp_mss_default":	1448,
		"sock_bufsize":	0,
		"sndbuf_actual":	87380,
		"rcvbuf_actual":	87380,
		"test_start":	{
			"protocol":	"TCP",
			"num_streams":	1,
			"blksize":	131072,
			"omit":	0,
			"duration":	0,
			"bytes":	16430380,
			"blocks":	0,
			"reverse":	0,
			"tos":	0
		}
	},
	"intervals":	[{
			"streams":	[{
					"socket":	6,
					"start":	0,
					"end":	1.0002748966217041,
					"seconds":	1.0002748966217041,
					"bytes":	362000,
					"bits_per_second":	2895204.1181687717,
					"retransmits":	0,
					"snd_cwnd":	57920,
					"rtt":	280872,
					"rttvar":	37366,
					"pmtu":	1500,
					"omitted":	false
				}],
			"sum":	{
				"start":	0,
				"end":	1.0002748966217041,
				"seconds":	1.0002748966217041,
				"bytes":	362000,
				"bits_per_second":	2895204.1181687717,
				"retransmits":	0,
				"omitted":	false
			}
		}, {
			"streams":	[{
					"socket":	6,
					"start":	1.0002748966217041,
					"end":	2.0000429153442383,
					"seconds":	0.99976801872253418,
					"bytes":	369240,
					"bits_per_second":	2954605.4131381474,
					"retransmits":	0,
					"snd_cwnd":	78192,
					"rtt":	311560,
					"rttvar":	1850,
					"pmtu":	1500,
					"omitted":	false
				}],
			"sum":	{
				"start":	1.0002748966217041,
				"end":	2.0000429153442383,
				"seconds":	0.99976801872253418,
				"bytes":	369240,
				"bits_per_second":	2954605.4131381474,
				"retransmits":	0,
				"omitted":	false
			}
		}, {
			"streams":	[{
					"socket":	6,
					"start":	2.0000429153442383,
					"end":	3.0003550052642822,
					"seconds":	1.0003120899200439,
					"bytes":	195480,
					"bits_per_second":	1563352.0935701171,
					"retransmits":	0,
					"snd_cwnd":	89776,
					"rtt":	359639,
					"rttvar":	723,
					"pmtu":	1500,
					"omitted":	false
				}],
			"sum":	{
				"start":	2.0000429153442383,
				"end":	3.0003550052642822,
				"seconds":	1.0003120899200439,
				"bytes":	195480,
				"bits_per_second":	1563352.0935701171,
				"retransmits":	0,
				"omitted":	false
			}
		}, {
			"streams":	[{
					"socket":	6,
					"start":	3.0003550052642822,
					"end":	4.0002329349517822,
					"seconds":	0.9998779296875,
					"bytes":	260640,
					"bits_per_second":	2085374.5623245025,
					"retransmits":	0,
					"snd_cwnd":	99912,
					"rtt":	398213,
					"rttvar":	2517,
					"pmtu":	1500,
					"omitted":	false
				}],
			"sum":	{
				"start":	3.0003550052642822,
				"end":	4.0002329349517822,
				"seconds":	0.9998779296875,
				"bytes":	260640,
				"bits_per_second":	2085374.5623245025,
				"retransmits":	0,
				"omitted":	false
			}
		}, {
			"streams":	[{
					"socket":	6,
					"start":	4.0002329349517822,
					"end":	5.0001049041748047,
					"seconds":	0.99987196922302246,
					"bytes":	1824480,
					"bits_per_second":	14597708.956019731,
					"retransmits":	0,
					"snd_cwnd":	178104,
					"rtt":	47079,
					"rttvar":	739,
					"pmtu":	1500,
					"omitted":	false
				}],
			"sum":	{
				"start":	4.0002329349517822,
				"end":	5.0001049041748047,
				"seconds":	0.99987196922302246,
				"bytes":	1824480,
				"bits_per_second":	14597708.956019731,
				"retransmits":	0,
				"omitted":	false
			}
		}, {
			"streams":	[{
					"socket":	6,
					"start":	5.0001049041748047,
					"end":	6.0000498294830322,
					"seconds":	0.99994492530822754,
					"bytes":	4300560,
					"bits_per_second":	34406374.920493752,
					"retransmits":	0,
					"snd_cwnd":	350416,
					"rtt":	92709,
					"rttvar":	415,
					"pmtu":	1500,
					"omitted":	false
				}],
			"sum":	{
				"start":	5.0001049041748047,
				"end":	6.0000498294830322,
				"seconds":	0.99994492530822754,
				"bytes":	4300560,
				"bits_per_second":	34406374.920493752,
				"retransmits":	0,
				"omitted":	false
			}
		}, {
			"streams":	[{
					"socket":	6,
					"start":	6.0000498294830322,
					"end":	7.0001378059387207,
					"seconds":	1.0000879764556885,
					"bytes":	4561200,
					"bits_per_second":	36486390.056721941,
					"retransmits":	0,
					"snd_cwnd":	524176,
					"rtt":	140043,
					"rttvar":	442,
					"pmtu":	1500,
					"omitted":	false
				}],
			"sum":	{
				"start":	6.0000498294830322,
				"end":	7.0001378059387207,
				"seconds":	1.0000879764556885,
				"bytes":	4561200,
				"bits_per_second":	36486390.056721941,
				"retransmits":	0,
				"omitted":	false
			}
		}, {
			"streams":	[{
					"socket":	6,
					"start":	7.0001378059387207,
					"end":	8.00033187866211,
					"seconds":	1.0001940727233887,
					"bytes":	3714120,
					"bits_per_second":	29707194.643831234,
					"retransmits":	0,
					"snd_cwnd":	700832,
					"rtt":	187894,
					"rttvar":	331,
					"pmtu":	1500,
					"omitted":	false
				}],
			"sum":	{
				"start":	7.0001378059387207,
				"end":	8.00033187866211,
				"seconds":	1.0001940727233887,
				"bytes":	3714120,
				"bits_per_second":	29707194.643831234,
				"retransmits":	0,
				"omitted":	false
			}
		}, {
			"streams":	[{
					"socket":	6,
					"start":	8.00033187866211,
					"end":	8.0457539558410645,
					"seconds":	0.045422077178955078,
					"bytes":	1310720,
					"bits_per_second":	230851617.78682932,
					"retransmits":	0,
					"snd_cwnd":	712416,
					"rtt":	190396,
					"rttvar":	225,
					"pmtu":	1500,
					"omitted":	false
				}],
			"sum":	{
				"start":	8.00033187866211,
				"end":	8.0457539558410645,
				"seconds":	0.045422077178955078,
				"bytes":	1310720,
				"bits_per_second":	230851617.78682932,
				"retransmits":	0,
				"omitted":	false
			}
		}],
	"end":	{
		"streams":	[{
				"sender":	{
					"socket":	6,
					"start":	0,
					"end":	8.0457539558410645,
					"seconds":	8.0457539558410645,
					"bytes":	16898440,
					"bits_per_second":	16802343.290880334,
					"retransmits":	0,
					"max_snd_cwnd":	712416,
					"max_rtt":	398213,
					"min_rtt":	47079,
					"mean_rtt":	223156
				},
				"receiver":	{
					"socket":	6,
					"start":	0,
					"end":	8.2661819458007812,
					"seconds":	8.0457539558410645,
					"bytes":	13698080,
					"bits_per_second":	13256983.782660261
				}
			}],
		"sum_sent":	{
			"start":	0,
			"end":	8.0457539558410645,
			"seconds":	8.0457539558410645,
			"bytes":	16898440,
			"bits_per_second":	16802343.290880334,
			"retransmits":	0
		},
		"sum_received":	{
			"start":	0,
			"end":	8.2661819458007812,
			"seconds":	8.2661819458007812,
			"bytes":	13698080,
			"bits_per_second":	13256983.782660261
		},
		"cpu_utilization_percent":	{
			"host_total":	4.8633530558449456,
			"host_user":	0.62361824682232536,
			"host_system":	4.2397458124323562,
			"remote_total":	0.30173118640031538,
			"remote_user":	0,
			"remote_system":	0.30173944938603126
		},
		"sender_tcp_congestion":	"cubic",
		"receiver_tcp_congestion":	"cubic"
	}
}
