{
	"start":	{
		"connected":	[{
				"socket":	6,
				"local_host":	"192.168.6.1",
				"local_port":	52434,
				"remote_host":	"192.168.28.1",
				"remote_port":	5001
			}],
		"version":	"iperf 3.6",
		"system_info":	"Linux ba-thesis 4.19.0-23-amd64 #1 SMP Debian 4.19.269-1 (2022-12-20) x86_64",
		"timestamp":	{
			"time":	"Mon, 12 Jun 2023 05:49:06 GMT",
			"timesecs":	1686548946
		},
		"connecting_to":	{
			"host":	"h9",
			"port":	5001
		},
		"cookie":	"engpizeb5ann2fboarjug7zwfhomk6ntzokb",
		"tcp_mss_default":	1448,
		"sock_bufsize":	0,
		"sndbuf_actual":	87380,
		"rcvbuf_actual":	87380,
		"test_start":	{
			"protocol":	"TCP",
			"num_streams":	1,
			"blksize":	131072,
			"omit":	0,
			"duration":	0,
			"bytes":	293868401,
			"blocks":	0,
			"reverse":	0,
			"tos":	0
		}
	},
	"intervals":	[{
			"streams":	[{
					"socket":	6,
					"start":	0,
					"end":	1.0000779628753662,
					"seconds":	1.0000779628753662,
					"bytes":	16107176,
					"bits_per_second":	128847362.68912141,
					"retransmits":	0,
					"snd_cwnd":	1336504,
					"rtt":	105774,
					"rttvar":	331,
					"pmtu":	1500,
					"omitted":	false
				}],
			"sum":	{
				"start":	0,
				"end":	1.0000779628753662,
				"seconds":	1.0000779628753662,
				"bytes":	16107176,
				"bits_per_second":	128847362.68912141,
				"retransmits":	0,
				"omitted":	false
			}
		}, {
			"streams":	[{
					"socket":	6,
					"start":	1.0000779628753662,
					"end":	2.0000960826873779,
					"seconds":	1.0000181198120117,
					"bytes":	13107200,
					"bits_per_second":	104855700.03442702,
					"retransmits":	0,
					"snd_cwnd":	1908464,
					"rtt":	151232,
					"rttvar":	402,
					"pmtu":	1500,
					"omitted":	false
				}],
			"sum":	{
				"start":	1.0000779628753662,
				"end":	2.0000960826873779,
				"seconds":	1.0000181198120117,
				"bytes":	13107200,
				"bits_per_second":	104855700.03442702,
				"retransmits":	0,
				"omitted":	false
			}
		}, {
			"streams":	[{
					"socket":	6,
					"start":	2.0000960826873779,
					"end":	3.0000860691070557,
					"seconds":	0.99998998641967773,
					"bytes":	14417920,
					"bits_per_second":	115344515.0115658,
					"retransmits":	0,
					"snd_cwnd":	2506488,
					"rtt":	199002,
					"rttvar":	632,
					"pmtu":	1500,
					"omitted":	false
				}],
			"sum":	{
				"start":	2.0000960826873779,
				"end":	3.0000860691070557,
				"seconds":	0.99998998641967773,
				"bytes":	14417920,
				"bits_per_second":	115344515.0115658,
				"retransmits":	0,
				"omitted":	false
			}
		}, {
			"streams":	[{
					"socket":	6,
					"start":	3.0000860691070557,
					"end":	4.0000920295715332,
					"seconds":	1.0000059604644775,
					"bytes":	13107200,
					"bits_per_second":	104856975.00372528,
					"retransmits":	0,
					"snd_cwnd":	3104512,
					"rtt":	246615,
					"rttvar":	426,
					"pmtu":	1500,
					"omitted":	false
				}],
			"sum":	{
				"start":	3.0000860691070557,
				"end":	4.0000920295715332,
				"seconds":	1.0000059604644775,
				"bytes":	13107200,
				"bits_per_second":	104856975.00372528,
				"retransmits":	0,
				"omitted":	false
			}
		}, {
			"streams":	[{
					"socket":	6,
					"start":	4.0000920295715332,
					"end":	5.0001060962677,
					"seconds":	1.000014066696167,
					"bytes":	11796480,
					"bits_per_second":	94370512.518673271,
					"retransmits":	0,
					"snd_cwnd":	3702536,
					"rtt":	294124,
					"rttvar":	300,
					"pmtu":	1500,
					"omitted":	false
				}],
			"sum":	{
				"start":	4.0000920295715332,
				"end":	5.0001060962677,
				"seconds":	1.000014066696167,
				"bytes":	11796480,
				"bits_per_second":	94370512.518673271,
				"retransmits":	0,
				"omitted":	false
			}
		}, {
			"streams":	[{
					"socket":	6,
					"start":	5.0001060962677,
					"end":	6.0001029968261719,
					"seconds":	0.99999690055847168,
					"bytes":	11796480,
					"bits_per_second":	94372132.500906587,
					"retransmits":	0,
					"snd_cwnd":	4300560,
					"rtt":	341850,
					"rttvar":	554,
					"pmtu":	1500,
					"omitted":	false
				}],
			"sum":	{
				"start":	5.0001060962677,
				"end":	6.0001029968261719,
				"seconds":	0.99999690055847168,
				"bytes":	11796480,
				"bits_per_second":	94372132.500906587,
				"retransmits":	0,
				"omitted":	false
			}
		}, {
			"streams":	[{
					"socket":	6,
					"start":	6.0001029968261719,
					"end":	7.0001230239868164,
					"seconds":	1.0000200271606445,
					"bytes":	11796480,
					"bits_per_second":	94369950.037850574,
					"retransmits":	0,
					"snd_cwnd":	4897136,
					"rtt":	389320,
					"rttvar":	384,
					"pmtu":	1500,
					"omitted":	false
				}],
			"sum":	{
				"start":	6.0001029968261719,
				"end":	7.0001230239868164,
				"seconds":	1.0000200271606445,
				"bytes":	11796480,
				"bits_per_second":	94369950.037850574,
				"retransmits":	0,
				"omitted":	false
			}
		}, {
			"streams":	[{
					"socket":	6,
					"start":	7.0001230239868164,
					"end":	8.00012993812561,
					"seconds":	1.0000069141387939,
					"bytes":	11796480,
					"bits_per_second":	94371187.504511446,
					"retransmits":	0,
					"snd_cwnd":	5495160,
					"rtt":	436951,
					"rttvar":	370,
					"pmtu":	1500,
					"omitted":	false
				}],
			"sum":	{
				"start":	7.0001230239868164,
				"end":	8.00012993812561,
				"seconds":	1.0000069141387939,
				"bytes":	11796480,
				"bits_per_second":	94371187.504511446,
				"retransmits":	0,
				"omitted":	false
			}
		}, {
			"streams":	[{
					"socket":	6,
					"start":	8.00012993812561,
					"end":	9.0000660419464111,
					"seconds":	0.99993610382080078,
					"bytes":	13107200,
					"bits_per_second":	104864300.42813176,
					"retransmits":	0,
					"snd_cwnd":	6093184,
					"rtt":	484694,
					"rttvar":	644,
					"pmtu":	1500,
					"omitted":	false
				}],
			"sum":	{
				"start":	8.00012993812561,
				"end":	9.0000660419464111,
				"seconds":	0.99993610382080078,
				"bytes":	13107200,
				"bits_per_second":	104864300.42813176,
				"retransmits":	0,
				"omitted":	false
			}
		}, {
			"streams":	[{
					"socket":	6,
					"start":	9.0000660419464111,
					"end":	10.000076055526733,
					"seconds":	1.0000100135803223,
					"bytes":	11796480,
					"bits_per_second":	94370895.009462744,
					"retransmits":	0,
					"snd_cwnd":	6691208,
					"rtt":	532626,
					"rttvar":	709,
					"pmtu":	1500,
					"omitted":	false
				}],
			"sum":	{
				"start":	9.0000660419464111,
				"end":	10.000076055526733,
				"seconds":	1.0000100135803223,
				"bytes":	11796480,
				"bits_per_second":	94370895.009462744,
				"retransmits":	0,
				"omitted":	false
			}
		}, {
			"streams":	[{
					"socket":	6,
					"start":	10.000076055526733,
					"end":	11.000073909759521,
					"seconds":	0.99999785423278809,
					"bytes":	11796480,
					"bits_per_second":	94372042.500434518,
					"retransmits":	0,
					"snd_cwnd":	7287784,
					"rtt":	579798,
					"rttvar":	355,
					"pmtu":	1500,
					"omitted":	false
				}],
			"sum":	{
				"start":	10.000076055526733,
				"end":	11.000073909759521,
				"seconds":	0.99999785423278809,
				"bytes":	11796480,
				"bits_per_second":	94372042.500434518,
				"retransmits":	0,
				"omitted":	false
			}
		}, {
			"streams":	[{
					"socket":	6,
					"start":	11.000073909759521,
					"end":	12.000042915344238,
					"seconds":	0.9999690055847168,
					"bytes":	11796480,
					"bits_per_second":	94374765.090661481,
					"retransmits":	0,
					"snd_cwnd":	7885808,
					"rtt":	627465,
					"rttvar":	653,
					"pmtu":	1500,
					"omitted":	false
				}],
			"sum":	{
				"start":	11.000073909759521,
				"end":	12.000042915344238,
				"seconds":	0.9999690055847168,
				"bytes":	11796480,
				"bits_per_second":	94374765.090661481,
				"retransmits":	0,
				"omitted":	false
			}
		}, {
			"streams":	[{
					"socket":	6,
					"start":	12.000042915344238,
					"end":	13.000092029571533,
					"seconds":	1.0000491142272949,
					"bytes":	11796480,
					"bits_per_second":	94367205.227633268,
					"retransmits":	0,
					"snd_cwnd":	8483832,
					"rtt":	675005,
					"rttvar":	588,
					"pmtu":	1500,
					"omitted":	false
				}],