{
	"start":	{
		"connected":	[{
				"socket":	6,
				"local_host":	"192.168.11.1",
				"local_port":	43332,
				"remote_host":	"192.168.30.1",
				"remote_port":	5004
			}],
		"version":	"iperf 3.6",
		"system_info":	"Linux ba-thesis 4.19.0-23-amd64 #1 SMP Debian 4.19.269-1 (2022-12-20) x86_64",
		"timestamp":	{
			"time":	"Mon, 05 Jun 2023 16:04:56 GMT",
			"timesecs":	1685981096
		},
		"connecting_to":	{
			"host":	"h0",
			"port":	5004
		},
		"cookie":	"qhbmfflqjxvf4i5fadv7gmrfk2n3v6woyrtf",
		"tcp_mss_default":	1448,
		"sock_bufsize":	0,
		"sndbuf_actual":	87380,
		"rcvbuf_actual":	87380,
		"test_start":	{
			"protocol":	"TCP",
			"num_streams":	1,
			"blksize":	131072,
			"omit":	0,
			"duration":	0,
			"bytes":	33952317,
			"blocks":	0,
			"reverse":	0,
			"tos":	0
		}
	},
	"intervals":	[{
			"streams":	[{
					"socket":	6,
					"start":	0,
					"end":	1.000032901763916,
					"seconds":	1.000032901763916,
					"bytes":	15088112,
					"bits_per_second":	120700924.72667021,
					"retransmits":	0,
					"snd_cwnd":	960024,
					"rtt":	76363,
					"rttvar":	819,
					"pmtu":	1500,
					"omitted":	false
				}],
			"sum":	{
				"start":	0,
				"end":	1.000032901763916,
				"seconds":	1.000032901763916,
				"bytes":	15088112,
				"bits_per_second":	120700924.72667021,
				"retransmits":	0,
				"omitted":	false
			}
		}, {
			"streams":	[{
					"socket":	6,
					"start":	1.000032901763916,
					"end":	2.0000300407409668,
					"seconds":	0.99999713897705078,
					"bytes":	14417920,
					"bits_per_second":	115343690.00094414,
					"retransmits":	0,
					"snd_cwnd":	1553704,
					"rtt":	123706,
					"rttvar":	442,
					"pmtu":	1500,
					"omitted":	false
				}],
			"sum":	{
				"start":	1.000032901763916,
				"end":	2.0000300407409668,
				"seconds":	0.99999713897705078,
				"bytes":	14417920,
				"bits_per_second":	115343690.00094414,
				"retransmits":	0,
				"omitted":	false
			}
		}, {
			"streams":	[{
					"socket":	6,
					"start":	2.0000300407409668,
					"end":	2.3414788246154785,
					"seconds":	0.34144878387451172,
					"bytes":	5242880,
					"bits_per_second":	122838451.85817029,
					"retransmits":	0,
					"snd_cwnd":	1756424,
					"rtt":	140250,
					"rttvar":	1090,
					"pmtu":	1500,
					"omitted":	false
				}],
			"sum":	{
				"start":	2.0000300407409668,
				"end":	2.3414788246154785,
				"seconds":	0.34144878387451172,
				"bytes":	5242880,
				"bits_per_second":	122838451.85817029,
				"retransmits":	0,
				"omitted":	false
			}
		}],
	"end":	{
		"streams":	[{
				"sender":	{
					"socket":	6,
					"start":	0,
					"end":	2.3414788246154785,
					"seconds":	2.3414788246154785,
					"bytes":	34748912,
					"bits_per_second":	118724667.96519169,
					"retransmits":	0,
					"max_snd_cwnd":	1756424,
					"max_rtt":	140250,
					"min_rtt":	76363,
					"mean_rtt":	113439
				},
				"receiver":	{
					"socket":	6,
					"start":	0,
					"end":	2.50887393951416,
					"seconds":	2.3414788246154785,
					"bytes":	28422792,
					"bits_per_second":	90631231.971755534
				}
			}],
		"sum_sent":	{
			"start":	0,
			"end":	2.3414788246154785,
			"seconds":	2.3414788246154785,
			"bytes":	34748912,
			"bits_per_second":	118724667.96519169,
			"retransmits":	0
		},
		"sum_received":	{
			"start":	0,
			"end":	2.50887393951416,
			"seconds":	2.50887393951416,
			"bytes":	28422792,
			"bits_per_second":	90631231.971755534
		},
		"cpu_utilization_percent":	{
			"host_total":	1.7380918517881094,
			"host_user":	0.2383561829386692,
			"host_system":	1.4996958299420464,
			"remote_total":	0.078089930914316222,
			"remote_user":	0,
			"remote_system":	0.078101895419267237
		},
		"sender_tcp_congestion":	"cubic",
		"receiver_tcp_congestion":	"cubic"
	}
}
