{
	"start":	{
		"connected":	[{
				"socket":	6,
				"local_host":	"192.168.12.1",
				"local_port":	49646,
				"remote_host":	"192.168.39.1",
				"remote_port":	5008
			}],
		"version":	"iperf 3.6",
		"system_info":	"Linux ba-thesis 4.19.0-23-amd64 #1 SMP Debian 4.19.269-1 (2022-12-20) x86_64",
		"timestamp":	{
			"time":	"Mon, 05 Jun 2023 16:05:40 GMT",
			"timesecs":	1685981140
		},
		"connecting_to":	{
			"host":	"h9",
			"port":	5008
		},
		"cookie":	"5snck46vjnsjm4hwhzxlg5bw33vlwicb2kdn",
		"tcp_mss_default":	1448,
		"sock_bufsize":	0,
		"sndbuf_actual":	87380,
		"rcvbuf_actual":	87380,
		"test_start":	{
			"protocol":	"TCP",
			"num_streams":	1,
			"blksize":	131072,
			"omit":	0,
			"duration":	0,
			"bytes":	93642948,
			"blocks":	0,
			"reverse":	0,
			"tos":	0
		}
	},
	"intervals":	[{
			"streams":	[{
					"socket":	6,
					"start":	0,
					"end":	1.0000820159912109,
					"seconds":	1.0000820159912109,
					"bytes":	16950192,
					"bits_per_second":	135590415.41768083,
					"retransmits":	0,
					"snd_cwnd":	1398768,
					"rtt":	110735,
					"rttvar":	444,
					"pmtu":	1500,
					"omitted":	false
				}],
			"sum":	{
				"start":	0,
				"end":	1.0000820159912109,
				"seconds":	1.0000820159912109,
				"bytes":	16950192,
				"bits_per_second":	135590415.41768083,
				"retransmits":	0,
				"omitted":	false
			}
		}, {
			"streams":	[{
					"socket":	6,
					"start":	1.0000820159912109,
					"end":	2.0000779628753662,
					"seconds":	0.99999594688415527,
					"bytes":	14417920,
					"bits_per_second":	115343827.50189485,
					"retransmits":	0,
					"snd_cwnd":	1996792,
					"rtt":	158256,
					"rttvar":	316,
					"pmtu":	1500,
					"omitted":	false
				}],
			"sum":	{
				"start":	1.0000820159912109,
				"end":	2.0000779628753662,
				"seconds":	0.99999594688415527,
				"bytes":	14417920,
				"bits_per_second":	115343827.50189485,
				"retransmits":	0,
				"omitted":	false
			}
		}, {
			"streams":	[{
					"socket":	6,
					"start":	2.0000779628753662,
					"end":	3.0000789165496826,
					"seconds":	1.0000009536743164,
					"bytes":	14417920,
					"bits_per_second":	115343250.0001049,
					"retransmits":	0,
					"snd_cwnd":	2594816,
					"rtt":	206002,
					"rttvar":	495,
					"pmtu":	1500,
					"omitted":	false
				}],
			"sum":	{
				"start":	2.0000779628753662,
				"end":	3.0000789165496826,
				"seconds":	1.0000009536743164,
				"bytes":	14417920,
				"bits_per_second":	115343250.0001049,
				"retransmits":	0,
				"omitted":	false
			}
		}, {
			"streams":	[{
					"socket":	6,
					"start":	3.0000789165496826,
					"end":	4.0001368522644043,
					"seconds":	1.0000579357147217,
					"bytes":	11796480,
					"bits_per_second":	94366372.816745162,
					"retransmits":	0,
					"snd_cwnd":	3192840,
					"rtt":	253717,
					"rttvar":	566,
					"pmtu":	1500,
					"omitted":	false
				}],
			"sum":	{
				"start":	3.0000789165496826,
				"end":	4.0001368522644043,
				"seconds":	1.0000579357147217,
				"bytes":	11796480,
				"bits_per_second":	94366372.816745162,
				"retransmits":	0,
				"omitted":	false
			}
		}, {
			"streams":	[{
					"socket":	6,
					"start":	4.0001368522644043,
					"end":	5.0001020431518555,
					"seconds":	0.99996519088745117,
					"bytes":	11796480,
					"bits_per_second":	94375125.114351913,
					"retransmits":	0,
					"snd_cwnd":	3789416,
					"rtt":	301107,
					"rttvar":	268,
					"pmtu":	1500,
					"omitted":	false
				}],
			"sum":	{
				"start":	4.0001368522644043,
				"end":	5.0001020431518555,
				"seconds":	0.99996519088745117,
				"bytes":	11796480,
				"bits_per_second":	94375125.114351913,
				"retransmits":	0,
				"omitted":	false
			}
		}, {
			"streams":	[{
					"socket":	6,
					"start":	5.0001020431518555,
					"end":	6.000079870223999,
					"seconds":	0.99997782707214355,
					"bytes":	13107200,
					"bits_per_second":	104859925.0515532,
					"retransmits":	0,
					"snd_cwnd":	4387440,
					"rtt":	349308,
					"rttvar":	626,
					"pmtu":	1500,
					"omitted":	false
				}],
			"sum":	{
				"start":	5.0001020431518555,
				"end":	6.000079870223999,
				"seconds":	0.99997782707214355,
				"bytes":	13107200,
				"bits_per_second":	104859925.0515532,
				"retransmits":	0,
				"omitted":	false
			}
		}, {
			"streams":	[{
					"socket":	6,
					"start":	6.000079870223999,
					"end":	6.9849128723144531,
					"seconds":	0.9848330020904541,
					"bytes":	11796480,
					"bits_per_second":	95825220.9254582,
					"retransmits":	0,
					"snd_cwnd":	4973880,
					"rtt":	396076,
					"rttvar":	410,
					"pmtu":	1500,
					"omitted":	false
				}],
			"sum":	{
				"start":	6.000079870223999,
				"end":	6.9849128723144531,
				"seconds":	0.9848330020904541,
				"bytes":	11796480,
				"bits_per_second":	95825220.9254582,
				"retransmits":	0,
				"omitted":	false
			}
		}],
	"end":	{
		"streams":	[{
				"sender":	{
					"socket":	6,
					"start":	0,
					"end":	6.9849128723144531,
					"seconds":	6.9849128723144531,
					"bytes":	94282672,
					"bits_per_second":	107984364.27025542,
					"retransmits":	0,
					"max_snd_cwnd":	4973880,
					"max_rtt":	396076,
					"min_rtt":	110735,
					"mean_rtt":	253600
				},
				"receiver":	{
					"socket":	6,
					"start":	0,
					"end":	7.43093204498291,
					"seconds":	6.9849128723144531,
					"bytes":	87356392,
					"bits_per_second":	94046228.894239232
				}
			}],
		"sum_sent":	{
			"start":	0,
			"end":	6.9849128723144531,
			"seconds":	6.9849128723144531,
			"bytes":	94282672,
			"bits_per_second":	107984364.27025542,
			"retransmits":	0
		},
		"sum_received":	{
			"start":	0,
			"end":	7.43093204498291,
			"seconds":	7.43093204498291,
			"bytes":	87356392,
			"bits_per_second":	94046228.894239232
		},
		"cpu_utilization_percent":	{
			"host_total":	0.78539461131603217,
			"host_user":	0.23545754218690057,
			"host_system":	0.54992308293713943,
			"remote_total":	0.10941868641551816,
			"remote_user":	0.0024604453902436225,
			"remote_system":	0.10695603533689244
		},
		"sender_tcp_congestion":	"cubic",
		"receiver_tcp_congestion":	"cubic"
	}
}
