{
	"start":	{
		"connected":	[{
				"socket":	6,
				"local_host":	"192.168.12.1",
				"local_port":	47566,
				"remote_host":	"192.168.27.1",
				"remote_port":	5003
			}],
		"version":	"iperf 3.6",
		"system_info":	"Linux ba-thesis 4.19.0-23-amd64 #1 SMP Debian 4.19.269-1 (2022-12-20) x86_64",
		"timestamp":	{
			"time":	"Tue, 13 Jun 2023 03:52:50 GMT",
			"timesecs":	1686628370
		},
		"connecting_to":	{
			"host":	"h8",
			"port":	5003
		},
		"cookie":	"57ki5qgowiojx6ojy3clzlxu42qyck5cedzd",
		"tcp_mss_default":	1448,
		"sock_bufsize":	0,
		"sndbuf_actual":	87380,
		"rcvbuf_actual":	87380,
		"test_start":	{
			"protocol":	"TCP",
			"num_streams":	1,
			"blksize":	131072,
			"omit":	0,
			"duration":	0,
			"bytes":	364260352,
			"blocks":	0,
			"reverse":	0,
			"tos":	0
		}
	},
	"intervals":	[{
			"streams":	[{
					"socket":	6,
					"start":	0,
					"end":	1.0000650882720947,
					"seconds":	1.0000650882720947,
					"bytes":	18533136,
					"bits_per_second":	148255438.30969179,
					"retransmits":	0,
					"snd_cwnd":	1982312,
					"rtt":	158564,
					"rttvar":	275,
					"pmtu":	1500,
					"omitted":	false
				}],
			"sum":	{
				"start":	0,
				"end":	1.0000650882720947,
				"seconds":	1.0000650882720947,
				"bytes":	18533136,
				"bits_per_second":	148255438.30969179,
				"retransmits":	0,
				"omitted":	false
			}
		}, {
			"streams":	[{
					"socket":	6,
					"start":	1.0000650882720947,
					"end":	2.0000529289245605,
					"seconds":	0.99998784065246582,
					"bytes":	14417920,
					"bits_per_second":	115344762.51705369,
					"retransmits":	0,
					"snd_cwnd":	2573096,
					"rtt":	206503,
					"rttvar":	659,
					"pmtu":	1500,
					"omitted":	false
				}],
			"sum":	{
				"start":	1.0000650882720947,
				"end":	2.0000529289245605,
				"seconds":	0.99998784065246582,
				"bytes":	14417920,
				"bits_per_second":	115344762.51705369,
				"retransmits":	0,
				"omitted":	false
			}
		}, {
			"streams":	[{
					"socket":	6,
					"start":	2.0000529289245605,
					"end":	3.0001270771026611,
					"seconds":	1.0000741481781006,
					"bytes":	11796480,
					"bits_per_second":	94364843.0188134,
					"retransmits":	0,
					"snd_cwnd":	3165328,
					"rtt":	253892,
					"rttvar":	564,
					"pmtu":	1500,
					"omitted":	false
				}],
			"sum":	{
				"start":	2.0000529289245605,
				"end":	3.0001270771026611,
				"seconds":	1.0000741481781006,
				"bytes":	11796480,
				"bits_per_second":	94364843.0188134,
				"retransmits":	0,
				"omitted":	false
			}
		}, {
			"streams":	[{
					"socket":	6,
					"start":	3.0001270771026611,
					"end":	4.0000560283660889,
					"seconds":	0.99992895126342773,
					"bytes":	11796480,
					"bits_per_second":	94378545.476415634,
					"retransmits":	0,
					"snd_cwnd":	3757560,
					"rtt":	301004,
					"rttvar":	760,
					"pmtu":	1500,
					"omitted":	false
				}],
			"sum":	{
				"start":	3.0001270771026611,
				"end":	4.0000560283660889,
				"seconds":	0.99992895126342773,
				"bytes":	11796480,
				"bits_per_second":	94378545.476415634,
				"retransmits":	0,
				"omitted":	false
			}
		}, {
			"streams":	[{
					"socket":	6,
					"start":	4.0000560283660889,
					"end":	5.000108003616333,
					"seconds":	1.0000519752502441,
					"bytes":	11796480,
					"bits_per_second":	94366935.254925355,
					"retransmits":	0,
					"snd_cwnd":	4348344,
					"rtt":	349256,
					"rttvar":	392,
					"pmtu":	1500,
					"omitted":	false
				}],
			"sum":	{
				"start":	4.0000560283660889,
				"end":	5.000108003616333,
				"seconds":	1.0000519752502441,
				"bytes":	11796480,
				"bits_per_second":	94366935.254925355,
				"retransmits":	0,
				"omitted":	false
			}
		}, {
			"streams":	[{
					"socket":	6,
					"start":	5.000108003616333,
					"end":	6.0000588893890381,
					"seconds":	0.99995088577270508,
					"bytes":	11796480,
					"bits_per_second":	94376475.227655619,
					"retransmits":	0,
					"snd_cwnd":	4940576,
					"rtt":	397000,
					"rttvar":	495,
					"pmtu":	1500,
					"omitted":	false
				}],
			"sum":	{
				"start":	5.000108003616333,
				"end":	6.0000588893890381,
				"seconds":	0.99995088577270508,
				"bytes":	11796480,
				"bits_per_second":	94376475.227655619,
				"retransmits":	0,
				"omitted":	false
			}
		}, {
			"streams":	[{
					"socket":	6,
					"start":	6.0000588893890381,
					"end":	7.00004506111145,
					"seconds":	0.99998617172241211,
					"bytes":	11796480,
					"bits_per_second":	94373145.018046156,
					"retransmits":	0,
					"snd_cwnd":	5532808,
					"rtt":	444408,
					"rttvar":	554,
					"pmtu":	1500,
					"omitted":	false
				}],
			"sum":	{
				"start":	6.0000588893890381,
				"end":	7.00004506111145,
				"seconds":	0.99998617172241211,
				"bytes":	11796480,
				"bits_per_second":	94373145.018046156,
				"retransmits":	0,
				"omitted":	false
			}
		}, {
			"streams":	[{
					"socket":	6,
					"start":	7.00004506111145,
					"end":	8.0000660419464111,
					"seconds":	1.0000209808349609,
					"bytes":	11796480,
					"bits_per_second":	94369860.041541189,
					"retransmits":	0,
					"snd_cwnd":	6125040,
					"rtt":	491761,
					"rttvar":	343,
					"pmtu":	1500,
					"omitted":	false
				}],
			"sum":	{
				"start":	7.00004506111145,
				"end":	8.0000660419464111,
				"seconds":	1.0000209808349609,
				"bytes":	11796480,
				"bits_per_second":	94369860.041541189,
				"retransmits":	0,
				"omitted":	false
			}
		}, {
			"streams":	[{
					"socket":	6,
					"start":	8.0000660419464111,
					"end":	9.0001060962677,
					"seconds":	1.0000400543212891,
					"bytes":	11796480,
					"bits_per_second":	94368060.15139927,
					"retransmits":	0,
					"snd_cwnd":	6717272,
					"rtt":	539762,
					"rttvar":	729,
					"pmtu":	1500,
					"omitted":	false
				}],
			"sum":	{
				"start":	8.0000660419464111,
				"end":	9.0001060962677,
				"seconds":	1.0000400543212891,
				"bytes":	11796480,
				"bits_per_second":	94368060.15139927,
				"retransmits":	0,
				"omitted":	false
			}
		}, {
			"streams":	[{
					"socket":	6,
					"start":	9.0001060962677,
					"end":	10.000098943710327,
					"seconds":	0.999992847442627,
					"bytes":	11796480,
					"bits_per_second":	94372515.004828,
					"retransmits":	0,
					"snd_cwnd":	7308056,
					"rtt":	587524,
					"rttvar":	818,
					"pmtu":	1500,
					"omitted":	false
				}],
			"sum":	{
				"start":	9.0001060962677,
				"end":	10.000098943710327,
				"seconds":	0.999992847442627,
				"bytes":	11796480,
				"bits_per_second":	94372515.004828,
				"retransmits":	0,
				"omitted":	false
			}
		}, {
			"streams":	[{
					"socket":	6,
					"start":	10.000098943710327,
					"end":	11.000036001205444,
					"seconds":	0.99993705749511719,
					"bytes":	11796480,
					"bits_per_second":	94377780.373902008,
					"retransmits":	0,
					"snd_cwnd":	5625480,
					"rtt":	649362,
					"rttvar":	898,
					"pmtu":	1500,
					"omitted":	false
				}],
			"sum":	{
				"start":	10.000098943710327,
				"end":	11.000036001205444,
				"seconds":	0.99993705749511719,
				"bytes":	11796480,
				"bits_per_second":	94377780.373902008,
				"retransmits":	0,
				"omitted":	false
			}
		}, {
			"streams":	[{
					"socket":	6,
					"start":	11.000036001205444,
					"end":	12.00008487701416,
					"seconds":	1.0000488758087158,
					"bytes":	13107200,
					"bits_per_second":	104852475.25047627,
					"retransmits":	0,
					"snd_cwnd":	3763352,
					"rtt":	310801,
					"rttvar":	214,
					"pmtu":	1500,
					"omitted":	false
				}],
			"sum":	{
				"start":	11.000036001205444,
				"end":	12.00008487701416,
				"seconds":	1.0000488758087158,
				"bytes":	13107200,
				"bits_per_second":	104852475.25047627,
				"retransmits":	0,
				"omitted":	false
			}
		}, {
			"streams":	[{
					"socket":	6,
					"start":	12.00008487701416,
					"end":	13.000072956085205,
					"seconds":	0.99998807907104492,
					"bytes":	11796480,
					"bits_per_second":	94372965.013411209,
					"retransmits":	0,
					"snd_cwnd":	3938560,
					"rtt":	323760,
					"rttvar":	4,
					"pmtu":	1500,
					"omitted":	false
				}],