{
	"start":	{
		"connected":	[{
				"socket":	6,
				"local_host":	"192.168.17.2",
				"local_port":	42796,
				"remote_host":	"192.168.17.1",
				"remote_port":	5007
			}],
		"version":	"iperf 3.6",
		"system_info":	"Linux ba-thesis 4.19.0-23-amd64 #1 SMP Debian 4.19.269-1 (2022-12-20) x86_64",
		"timestamp":	{
			"time":	"Tue, 13 Jun 2023 03:53:15 GMT",
			"timesecs":	1686628395
		},
		"connecting_to":	{
			"host":	"h5",
			"port":	5007
		},
		"cookie":	"2cmh3vx3muut3a2pjm5lvtzmn75xlmdcbhiv",
		"tcp_mss_default":	1448,
		"sock_bufsize":	0,
		"sndbuf_actual":	87380,
		"rcvbuf_actual":	87380,
		"test_start":	{
			"protocol":	"TCP",
			"num_streams":	1,
			"blksize":	131072,
			"omit":	0,
			"duration":	0,
			"bytes":	94798848,
			"blocks":	0,
			"reverse":	0,
			"tos":	0
		}
	},
	"intervals":	[{
			"streams":	[{
					"socket":	6,
					"start":	0,
					"end":	1.0000989437103271,
					"seconds":	1.0000989437103271,
					"bytes":	15284480,
					"bits_per_second":	122263742.77165169,
					"retransmits":	0,
					"snd_cwnd":	797848,
					"rtt":	62876,
					"rttvar":	564,
					"pmtu":	1500,
					"omitted":	false
				}],
			"sum":	{
				"start":	0,
				"end":	1.0000989437103271,
				"seconds":	1.0000989437103271,
				"bytes":	15284480,
				"bits_per_second":	122263742.77165169,
				"retransmits":	0,
				"omitted":	false
			}
		}, {
			"streams":	[{
					"socket":	6,
					"start":	1.0000989437103271,
					"end":	2.0000889301300049,
					"seconds":	0.99998998641967773,
					"bytes":	14417920,
					"bits_per_second":	115344515.0115658,
					"retransmits":	0,
					"snd_cwnd":	1395872,
					"rtt":	110595,
					"rttvar":	548,
					"pmtu":	1500,
					"omitted":	false
				}],
			"sum":	{
				"start":	1.0000989437103271,
				"end":	2.0000889301300049,
				"seconds":	0.99998998641967773,
				"bytes":	14417920,
				"bits_per_second":	115344515.0115658,
				"retransmits":	0,
				"omitted":	false
			}
		}, {
			"streams":	[{
					"socket":	6,
					"start":	2.0000889301300049,
					"end":	3.0000269412994385,
					"seconds":	0.99993801116943359,
					"bytes":	14417920,
					"bits_per_second":	115350510.44324762,
					"retransmits":	0,
					"snd_cwnd":	1993896,
					"rtt":	157934,
					"rttvar":	261,
					"pmtu":	1500,
					"omitted":	false
				}],
			"sum":	{
				"start":	2.0000889301300049,
				"end":	3.0000269412994385,
				"seconds":	0.99993801116943359,
				"bytes":	14417920,
				"bits_per_second":	115350510.44324762,
				"retransmits":	0,
				"omitted":	false
			}
		}, {
			"streams":	[{
					"socket":	6,
					"start":	3.0000269412994385,
					"end":	4.0000660419464111,
					"seconds":	1.0000391006469727,
					"bytes":	14417920,
					"bits_per_second":	115338850.17633702,
					"retransmits":	0,
					"snd_cwnd":	2591920,
					"rtt":	205746,
					"rttvar":	406,
					"pmtu":	1500,
					"omitted":	false
				}],
			"sum":	{
				"start":	3.0000269412994385,
				"end":	4.0000660419464111,
				"seconds":	1.0000391006469727,
				"bytes":	14417920,
				"bits_per_second":	115338850.17633702,
				"retransmits":	0,
				"omitted":	false
			}
		}, {
			"streams":	[{
					"socket":	6,
					"start":	4.0000660419464111,
					"end":	5.0001208782196045,
					"seconds":	1.0000548362731934,
					"bytes":	11796480,
					"bits_per_second":	94366665.283762157,
					"retransmits":	0,
					"snd_cwnd":	3187048,
					"rtt":	257138,
					"rttvar":	364,
					"pmtu":	1500,
					"omitted":	false
				}],
			"sum":	{
				"start":	4.0000660419464111,
				"end":	5.0001208782196045,
				"seconds":	1.0000548362731934,
				"bytes":	11796480,
				"bits_per_second":	94366665.283762157,
				"retransmits":	0,
				"omitted":	false
			}
		}, {
			"streams":	[{
					"socket":	6,
					"start":	5.0001208782196045,
					"end":	6.0001170635223389,
					"seconds":	0.99999618530273438,
					"bytes":	11796480,
					"bits_per_second":	94372200.001373291,
					"retransmits":	0,
					"snd_cwnd":	3785072,
					"rtt":	300609,
					"rttvar":	501,
					"pmtu":	1500,
					"omitted":	false
				}],
			"sum":	{
				"start":	5.0001208782196045,
				"end":	6.0001170635223389,
				"seconds":	0.99999618530273438,
				"bytes":	11796480,
				"bits_per_second":	94372200.001373291,
				"retransmits":	0,
				"omitted":	false
			}
		}, {
			"streams":	[{
					"socket":	6,
					"start":	6.0001170635223389,
					"end":	7.0000970363616943,
					"seconds":	0.99997997283935547,
					"bytes":	11796480,
					"bits_per_second":	94373730.0378521,
					"retransmits":	0,
					"snd_cwnd":	4381648,
					"rtt":	348364,
					"rttvar":	637,
					"pmtu":	1500,
					"omitted":	false
				}],
			"sum":	{
				"start":	6.0001170635223389,
				"end":	7.0000970363616943,
				"seconds":	0.99997997283935547,
				"bytes":	11796480,
				"bits_per_second":	94373730.0378521,
				"retransmits":	0,
				"omitted":	false
			}
		}, {
			"streams":	[{
					"socket":	6,
					"start":	7.0000970363616943,
					"end":	7.0112090110778809,
					"seconds":	0.011111974716186523,
					"bytes":	1310720,
					"bits_per_second":	943645055.7006458,
					"retransmits":	0,
					"snd_cwnd":	4388888,
					"rtt":	348867,
					"rttvar":	405,
					"pmtu":	1500,
					"omitted":	false
				}],
			"sum":	{
				"start":	7.0000970363616943,
				"end":	7.0112090110778809,
				"seconds":	0.011111974716186523,
				"bytes":	1310720,
				"bits_per_second":	943645055.7006458,
				"retransmits":	0,
				"omitted":	false
			}
		}],
	"end":	{
		"streams":	[{
				"sender":	{
					"socket":	6,
					"start":	0,
					"end":	7.0112090110778809,
					"seconds":	7.0112090110778809,
					"bytes":	95238400,
					"bits_per_second":	108669874.02545953,
					"retransmits":	0,
					"max_snd_cwnd":	4388888,
					"max_rtt":	348867,
					"min_rtt":	62876,
					"mean_rtt":	224016
				},
				"receiver":	{
					"socket":	6,
					"start":	0,
					"end":	7.4096629619598389,
					"seconds":	7.0112090110778809,
					"bytes":	87692328,
					"bits_per_second":	94678884.532481447
				}
			}],
		"sum_sent":	{
			"start":	0,
			"end":	7.0112090110778809,
			"seconds":	7.0112090110778809,
			"bytes":	95238400,
			"bits_per_second":	108669874.02545953,
			"retransmits":	0
		},
		"sum_received":	{
			"start":	0,
			"end":	7.4096629619598389,
			"seconds":	7.4096629619598389,
			"bytes":	87692328,
			"bits_per_second":	94678884.532481447
		},
		"cpu_utilization_percent":	{
			"host_total":	0.78441477168222584,
			"host_user":	0.102296075150395,
			"host_system":	0.68210467760965043,
			"remote_total":	0.12917881611817611,
			"remote_user":	0.019186571325431532,
			"remote_system":	0.1099937680200648
		},
		"sender_tcp_congestion":	"cubic",
		"receiver_tcp_congestion":	"cubic"
	}
}
