{
	"start":	{
		"connected":	[{
				"socket":	6,
				"local_host":	"192.168.13.1",
				"local_port":	56990,
				"remote_host":	"192.168.13.2",
				"remote_port":	5004
			}],
		"version":	"iperf 3.6",
		"system_info":	"Linux ba-thesis 4.19.0-23-amd64 #1 SMP Debian 4.19.269-1 (2022-12-20) x86_64",
		"timestamp":	{
			"time":	"Sun, 11 Jun 2023 01:16:51 GMT",
			"timesecs":	1686446211
		},
		"connecting_to":	{
			"host":	"h5",
			"port":	5004
		},
		"cookie":	"d3pdoxvumemg5f4soicqgmz7cpzromoflvut",
		"tcp_mss_default":	1448,
		"sock_bufsize":	0,
		"sndbuf_actual":	87380,
		"rcvbuf_actual":	87380,
		"test_start":	{
			"protocol":	"TCP",
			"num_streams":	1,
			"blksize":	131072,
			"omit":	0,
			"duration":	0,
			"bytes":	24634037,
			"blocks":	0,
			"reverse":	0,
			"tos":	0
		}
	},
	"intervals":	[{
			"streams":	[{
					"socket":	6,
					"start":	0,
					"end":	1.0000810623168945,
					"seconds":	1.0000810623168945,
					"bytes":	15284480,
					"bits_per_second":	122265928.84053093,
					"retransmits":	0,
					"snd_cwnd":	797848,
					"rtt":	62885,
					"rttvar":	568,
					"pmtu":	1500,
					"omitted":	false
				}],
			"sum":	{
				"start":	0,
				"end":	1.0000810623168945,
				"seconds":	1.0000810623168945,
				"bytes":	15284480,
				"bits_per_second":	122265928.84053093,
				"retransmits":	0,
				"omitted":	false
			}
		}, {
			"streams":	[{
					"socket":	6,
					"start":	1.0000810623168945,
					"end":	1.6937911510467529,
					"seconds":	0.6937100887298584,
					"bytes":	10485760,
					"bits_per_second":	120923828.79077107,
					"retransmits":	0,
					"snd_cwnd":	1213424,
					"rtt":	95755,
					"rttvar":	284,
					"pmtu":	1500,
					"omitted":	false
				}],
			"sum":	{
				"start":	1.0000810623168945,
				"end":	1.6937911510467529,
				"seconds":	0.6937100887298584,
				"bytes":	10485760,
				"bits_per_second":	120923828.79077107,
				"retransmits":	0,
				"omitted":	false
			}
		}],
	"end":	{
		"streams":	[{
				"sender":	{
					"socket":	6,
					"start":	0,
					"end":	1.6937911510467529,
					"seconds":	1.6937911510467529,
					"bytes":	25770240,
					"bits_per_second":	121716257.56374577,
					"retransmits":	0,
					"max_snd_cwnd":	1213424,
					"max_rtt":	95755,
					"min_rtt":	62885,
					"mean_rtt":	79320
				},
				"receiver":	{
					"socket":	6,
					"start":	0,
					"end":	1.8368499279022217,
					"seconds":	1.6937911510467529,
					"bytes":	20959800,
					"bits_per_second":	91285846.194031462
				}
			}],
		"sum_sent":	{
			"start":	0,
			"end":	1.6937911510467529,
			"seconds":	1.6937911510467529,
			"bytes":	25770240,
			"bits_per_second":	121716257.56374577,
			"retransmits":	0
		},
		"sum_received":	{
			"start":	0,
			"end":	1.8368499279022217,
			"seconds":	1.8368499279022217,
			"bytes":	20959800,
			"bits_per_second":	91285846.194031462
		},
		"cpu_utilization_percent":	{
			"host_total":	2.5051317982228105,
			"host_user":	0.6512473391949446,
			"host_system":	1.8538294410892671,
			"remote_total":	0.13934514397821418,
			"remote_user":	0,
			"remote_system":	0.13935150502742344
		},
		"sender_tcp_congestion":	"cubic",
		"receiver_tcp_congestion":	"cubic"
	}
}
