{
	"start":	{
		"connected":	[{
				"socket":	6,
				"local_host":	"192.168.26.2",
				"local_port":	54012,
				"remote_host":	"192.168.46.1",
				"remote_port":	5012
			}],
		"version":	"iperf 3.6",
		"system_info":	"Linux ba-thesis 4.19.0-23-amd64 #1 SMP Debian 4.19.269-1 (2022-12-20) x86_64",
		"timestamp":	{
			"time":	"Mon, 05 Jun 2023 13:26:30 GMT",
			"timesecs":	1685971590
		},
		"connecting_to":	{
			"host":	"h6",
			"port":	5012
		},
		"cookie":	"nmmbqfvnwb5w5sgax4i7ke3xv54pohhttggb",
		"tcp_mss_default":	1448,
		"sock_bufsize":	0,
		"sndbuf_actual":	87380,
		"rcvbuf_actual":	87380,
		"test_start":	{
			"protocol":	"TCP",
			"num_streams":	1,
			"blksize":	131072,
			"omit":	0,
			"duration":	0,
			"bytes":	253458082,
			"blocks":	0,
			"reverse":	0,
			"tos":	0
		}
	},
	"intervals":	[{
			"streams":	[{
					"socket":	6,
					"start":	0,
					"end":	1.0000829696655273,
					"seconds":	1.0000829696655273,
					"bytes":	16107176,
					"bits_per_second":	128846717.63093387,
					"retransmits":	0,
					"snd_cwnd":	1332160,
					"rtt":	111783,
					"rttvar":	475,
					"pmtu":	1500,
					"omitted":	false
				}],
			"sum":	{
				"start":	0,
				"end":	1.0000829696655273,
				"seconds":	1.0000829696655273,
				"bytes":	16107176,
				"bits_per_second":	128846717.63093387,
				"retransmits":	0,
				"omitted":	false
			}
		}, {
			"streams":	[{
					"socket":	6,
					"start":	1.0000829696655273,
					"end":	2.0000729560852051,
					"seconds":	0.99998998641967773,
					"bytes":	14417920,
					"bits_per_second":	115344515.0115658,
					"retransmits":	0,
					"snd_cwnd":	1928736,
					"rtt":	152721,
					"rttvar":	330,
					"pmtu":	1500,
					"omitted":	false
				}],
			"sum":	{
				"start":	1.0000829696655273,
				"end":	2.0000729560852051,
				"seconds":	0.99998998641967773,
				"bytes":	14417920,
				"bits_per_second":	115344515.0115658,
				"retransmits":	0,
				"omitted":	false
			}
		}, {
			"streams":	[{
					"socket":	6,
					"start":	2.0000729560852051,
					"end":	3.0000660419464111,
					"seconds":	0.999993085861206,
					"bytes":	14417920,
					"bits_per_second":	115344157.50551407,
					"retransmits":	0,
					"snd_cwnd":	2525312,
					"rtt":	200535,
					"rttvar":	608,
					"pmtu":	1500,
					"omitted":	false
				}],
			"sum":	{
				"start":	2.0000729560852051,
				"end":	3.0000660419464111,
				"seconds":	0.999993085861206,
				"bytes":	14417920,
				"bits_per_second":	115344157.50551407,
				"retransmits":	0,
				"omitted":	false
			}
		}, {
			"streams":	[{
					"socket":	6,
					"start":	3.0000660419464111,
					"end":	4.0001311302185059,
					"seconds":	1.0000650882720947,
					"bytes":	11796480,
					"bits_per_second":	94365697.8997787,
					"retransmits":	0,
					"snd_cwnd":	3123336,
					"rtt":	248001,
					"rttvar":	544,
					"pmtu":	1500,
					"omitted":	false
				}],
			"sum":	{
				"start":	3.0000660419464111,
				"end":	4.0001311302185059,
				"seconds":	1.0000650882720947,
				"bytes":	11796480,
				"bits_per_second":	94365697.8997787,
				"retransmits":	0,
				"omitted":	false
			}
		}, {
			"streams":	[{
					"socket":	6,
					"start":	4.0001311302185059,
					"end":	5.0001180171966553,
					"seconds":	0.99998688697814941,
					"bytes":	11796480,
					"bits_per_second":	94373077.516227573,
					"retransmits":	0,
					"snd_cwnd":	3721360,
					"rtt":	296114,
					"rttvar":	495,
					"pmtu":	1500,
					"omitted":	false
				}],
			"sum":	{
				"start":	4.0001311302185059,
				"end":	5.0001180171966553,
				"seconds":	0.99998688697814941,
				"bytes":	11796480,
				"bits_per_second":	94373077.516227573,
				"retransmits":	0,
				"omitted":	false
			}
		}, {
			"streams":	[{
					"socket":	6,
					"start":	5.0001180171966553,
					"end":	6.0000579357147217,
					"seconds":	0.99993991851806641,
					"bytes":	13107200,
					"bits_per_second":	104863900.37853608,
					"retransmits":	0,
					"snd_cwnd":	4317936,
					"rtt":	343560,
					"rttvar":	299,
					"pmtu":	1500,
					"omitted":	false
				}],
			"sum":	{
				"start":	5.0001180171966553,
				"end":	6.0000579357147217,
				"seconds":	0.99993991851806641,
				"bytes":	13107200,
				"bits_per_second":	104863900.37853608,
				"retransmits":	0,
				"omitted":	false
			}
		}, {
			"streams":	[{
					"socket":	6,
					"start":	6.0000579357147217,
					"end":	7.0000641345977783,
					"seconds":	1.0000061988830566,
					"bytes":	11796480,
					"bits_per_second":	94371255.003626317,
					"retransmits":	0,
					"snd_cwnd":	4914512,
					"rtt":	391229,
					"rttvar":	828,
					"pmtu":	1500,
					"omitted":	false
				}],
			"sum":	{
				"start":	6.0000579357147217,
				"end":	7.0000641345977783,
				"seconds":	1.0000061988830566,
				"bytes":	11796480,
				"bits_per_second":	94371255.003626317,
				"retransmits":	0,
				"omitted":	false
			}
		}, {
			"streams":	[{
					"socket":	6,
					"start":	7.0000641345977783,
					"end":	8.0000500679016113,
					"seconds":	0.999985933303833,
					"bytes":	11796480,
					"bits_per_second":	94373167.5186738,
					"retransmits":	0,
					"snd_cwnd":	5512536,
					"rtt":	438756,
					"rttvar":	609,
					"pmtu":	1500,
					"omitted":	false
				}],
			"sum":	{
				"start":	7.0000641345977783,
				"end":	8.0000500679016113,
				"seconds":	0.999985933303833,
				"bytes":	11796480,
				"bits_per_second":	94373167.5186738,
				"retransmits":	0,
				"omitted":	false
			}
		}, {
			"streams":	[{
					"socket":	6,
					"start":	8.0000500679016113,
					"end":	9.0000741481781,
					"seconds":	1.0000240802764893,
					"bytes":	11796480,
					"bits_per_second":	94369567.554721117,
					"retransmits":	0,
					"snd_cwnd":	6109112,
					"rtt":	486595,
					"rttvar":	518,
					"pmtu":	1500,
					"omitted":	false
				}],
			"sum":	{
				"start":	8.0000500679016113,
				"end":	9.0000741481781,
				"seconds":	1.0000240802764893,
				"bytes":	11796480,
				"bits_per_second":	94369567.554721117,
				"retransmits":	0,
				"omitted":	false
			}
		}, {
			"streams":	[{
					"socket":	6,
					"start":	9.0000741481781,
					"end":	10.000072956085205,
					"seconds":	0.99999880790710449,
					"bytes":	11796480,
					"bits_per_second":	94371952.50013411,
					"retransmits":	0,
					"snd_cwnd":	6705688,
					"rtt":	533961,
					"rttvar":	694,
					"pmtu":	1500,
					"omitted":	false
				}],
			"sum":	{
				"start":	9.0000741481781,
				"end":	10.000072956085205,
				"seconds":	0.99999880790710449,
				"bytes":	11796480,
				"bits_per_second":	94371952.50013411,
				"retransmits":	0,
				"omitted":	false
			}
		}, {
			"streams":	[{
					"socket":	6,
					"start":	10.000072956085205,
					"end":	11.000051975250244,
					"seconds":	0.99997901916503906,
					"bytes":	11796480,
					"bits_per_second":	94373820.041542917,
					"retransmits":	0,
					"snd_cwnd":	7302264,
					"rtt":	582041,
					"rttvar":	403,
					"pmtu":	1500,
					"omitted":	false
				}],
			"sum":	{
				"start":	10.000072956085205,
				"end":	11.000051975250244,
				"seconds":	0.99997901916503906,
				"bytes":	11796480,
				"bits_per_second":	94373820.041542917,
				"retransmits":	0,
				"omitted":	false
			}
		}, {
			"streams":	[{
					"socket":	6,
					"start":	11.000051975250244,
					"end":	12.000072956085205,
					"seconds":	1.0000209808349609,
					"bytes":	11796480,
					"bits_per_second":	94369860.041541189,
					"retransmits":	0,
					"snd_cwnd":	7891600,
					"rtt":	641565,
					"rttvar":	314,
					"pmtu":	1500,
					"omitted":	false
				}],
			"sum":	{
				"start":	11.000051975250244,
				"end":	12.000072956085205,
				"seconds":	1.0000209808349609,
				"bytes":	11796480,
				"bits_per_second":	94369860.041541189,
				"retransmits":	0,
				"omitted":	false
			}
		}, {
			"streams":	[{
					"socket":	6,
					"start":	12.000072956085205,
					"end":	13.000055074691772,
					"seconds":	0.99998211860656738,
					"bytes":	11796480,
					"bits_per_second":	94373527.530175388,
					"retransmits":	0,
					"snd_cwnd":	8473696,
					"rtt":	698284,
					"rttvar":	694,
					"pmtu":	1500,
					"omitted":	false
				}],