{
	"start":	{
		"connected":	[{
				"socket":	6,
				"local_host":	"192.168.6.1",
				"local_port":	55554,
				"remote_host":	"192.168.21.1",
				"remote_port":	5001
			}],
		"version":	"iperf 3.6",
		"system_info":	"Linux ba-thesis 4.19.0-23-amd64 #1 SMP Debian 4.19.269-1 (2022-12-20) x86_64",
		"timestamp":	{
			"time":	"Fri, 09 Jun 2023 20:40:35 GMT",
			"timesecs":	1686343235
		},
		"connecting_to":	{
			"host":	"h3",
			"port":	5001
		},
		"cookie":	"vep5h4balryixscvzstvcqbbg66b7miwj77t",
		"tcp_mss_default":	1448,
		"sock_bufsize":	0,
		"sndbuf_actual":	87380,
		"rcvbuf_actual":	87380,
		"test_start":	{
			"protocol":	"TCP",
			"num_streams":	1,
			"blksize":	131072,
			"omit":	0,
			"duration":	0,
			"bytes":	182344856,
			"blocks":	0,
			"reverse":	0,
			"tos":	0
		}
	},
	"intervals":	[{
			"streams":	[{
					"socket":	6,
					"start":	0,
					"end":	1.0000839233398438,
					"seconds":	1.0000839233398438,
					"bytes":	11206072,
					"bits_per_second":	89641053.023443162,
					"retransmits":	0,
					"snd_cwnd":	611056,
					"rtt":	57920,
					"rttvar":	2078,
					"pmtu":	1500,
					"omitted":	false
				}],
			"sum":	{
				"start":	0,
				"end":	1.0000839233398438,
				"seconds":	1.0000839233398438,
				"bytes":	11206072,
				"bits_per_second":	89641053.023443162,
				"retransmits":	0,
				"omitted":	false
			}
		}, {
			"streams":	[{
					"socket":	6,
					"start":	1.0000839233398438,
					"end":	2.0000898838043213,
					"seconds":	1.0000059604644775,
					"bytes":	7864320,
					"bits_per_second":	62914185.002235159,
					"retransmits":	0,
					"snd_cwnd":	945544,
					"rtt":	88773,
					"rttvar":	4729,
					"pmtu":	1500,
					"omitted":	false
				}],
			"sum":	{
				"start":	1.0000839233398438,
				"end":	2.0000898838043213,
				"seconds":	1.0000059604644775,
				"bytes":	7864320,
				"bits_per_second":	62914185.002235159,
				"retransmits":	0,
				"omitted":	false
			}
		}, {
			"streams":	[{
					"socket":	6,
					"start":	2.0000898838043213,
					"end":	3.000140905380249,
					"seconds":	1.0000510215759277,
					"bytes":	11796480,
					"bits_per_second":	94367025.245656356,
					"retransmits":	0,
					"snd_cwnd":	1466824,
					"rtt":	122971,
					"rttvar":	1927,
					"pmtu":	1500,
					"omitted":	false
				}],
			"sum":	{
				"start":	2.0000898838043213,
				"end":	3.000140905380249,
				"seconds":	1.0000510215759277,
				"bytes":	11796480,
				"bits_per_second":	94367025.245656356,
				"retransmits":	0,
				"omitted":	false
			}
		}, {
			"streams":	[{
					"socket":	6,
					"start":	3.000140905380249,
					"end":	4.0000419616699219,
					"seconds":	0.99990105628967285,
					"bytes":	14417920,
					"bits_per_second":	115354773.62930684,
					"retransmits":	0,
					"snd_cwnd":	2061952,
					"rtt":	173391,
					"rttvar":	6596,
					"pmtu":	1500,
					"omitted":	false
				}],
			"sum":	{
				"start":	3.000140905380249,
				"end":	4.0000419616699219,
				"seconds":	0.99990105628967285,
				"bytes":	14417920,
				"bits_per_second":	115354773.62930684,
				"retransmits":	0,
				"omitted":	false
			}
		}, {
			"streams":	[{
					"socket":	6,
					"start":	4.0000419616699219,
					"end":	5.0001130104064941,
					"seconds":	1.0000710487365723,
					"bytes":	13107200,
					"bits_per_second":	104850150.52927548,
					"retransmits":	0,
					"snd_cwnd":	2629568,
					"rtt":	219593,
					"rttvar":	634,
					"pmtu":	1500,
					"omitted":	false
				}],
			"sum":	{
				"start":	4.0000419616699219,
				"end":	5.0001130104064941,
				"seconds":	1.0000710487365723,
				"bytes":	13107200,
				"bits_per_second":	104850150.52927548,
				"retransmits":	0,
				"omitted":	false
			}
		}, {
			"streams":	[{
					"socket":	6,
					"start":	5.0001130104064941,
					"end":	6.00007700920105,
					"seconds":	0.99996399879455566,
					"bytes":	11796480,
					"bits_per_second":	94375237.6223185,
					"retransmits":	0,
					"snd_cwnd":	3194288,
					"rtt":	267002,
					"rttvar":	1048,
					"pmtu":	1500,
					"omitted":	false
				}],
			"sum":	{
				"start":	5.0001130104064941,
				"end":	6.00007700920105,
				"seconds":	0.99996399879455566,
				"bytes":	11796480,
				"bits_per_second":	94375237.6223185,
				"retransmits":	0,
				"omitted":	false
			}
		}, {
			"streams":	[{
					"socket":	6,
					"start":	6.00007700920105,
					"end":	7.0000858306884766,
					"seconds":	1.0000088214874268,
					"bytes":	10485760,
					"bits_per_second":	83885340.006527841,
					"retransmits":	0,
					"snd_cwnd":	3699640,
					"rtt":	316392,
					"rttvar":	2515,
					"pmtu":	1500,
					"omitted":	false
				}],
			"sum":	{
				"start":	6.00007700920105,
				"end":	7.0000858306884766,
				"seconds":	1.0000088214874268,
				"bytes":	10485760,
				"bits_per_second":	83885340.006527841,
				"retransmits":	0,
				"omitted":	false
			}
		}, {
			"streams":	[{
					"socket":	6,
					"start":	7.0000858306884766,
					"end":	8.0001399517059326,
					"seconds":	1.0000541210174561,
					"bytes":	11796480,
					"bits_per_second":	94366732.776408136,
					"retransmits":	0,
					"snd_cwnd":	4278840,
					"rtt":	364354,
					"rttvar":	145,
					"pmtu":	1500,
					"omitted":	false
				}],
			"sum":	{
				"start":	7.0000858306884766,
				"end":	8.0001399517059326,
				"seconds":	1.0000541210174561,
				"bytes":	11796480,
				"bits_per_second":	94366732.776408136,
				"retransmits":	0,
				"omitted":	false
			}
		}, {
			"streams":	[{
					"socket":	6,
					"start":	8.0001399517059326,
					"end":	9.0002458095550537,
					"seconds":	1.0001058578491211,
					"bytes":	9175040,
					"bits_per_second":	73392550.82242842,
					"retransmits":	0,
					"snd_cwnd":	4723376,
					"rtt":	401894,
					"rttvar":	8453,
					"pmtu":	1500,
					"omitted":	false
				}],
			"sum":	{
				"start":	8.0001399517059326,
				"end":	9.0002458095550537,
				"seconds":	1.0001058578491211,
				"bytes":	9175040,
				"bits_per_second":	73392550.82242842,
				"retransmits":	0,
				"omitted":	false
			}
		}, {
			"streams":	[{
					"socket":	6,
					"start":	9.0002458095550537,
					"end":	10.000409841537476,
					"seconds":	1.0001640319824219,
					"bytes":	9175040,
					"bits_per_second":	73388281.974621162,
					"retransmits":	0,
					"snd_cwnd":	5207008,
					"rtt":	526651,
					"rttvar":	7103,
					"pmtu":	1500,
					"omitted":	false
				}],
			"sum":	{
				"start":	9.0002458095550537,
				"end":	10.000409841537476,
				"seconds":	1.0001640319824219,
				"bytes":	9175040,
				"bits_per_second":	73388281.974621162,
				"retransmits":	0,
				"omitted":	false
			}
		}, {
			"streams":	[{
					"socket":	6,
					"start":	10.000409841537476,
					"end":	11.000293016433716,
					"seconds":	0.99988317489624023,
					"bytes":	10485760,
					"bits_per_second":	83895881.145019785,
					"retransmits":	0,
					"snd_cwnd":	5739872,
					"rtt":	509759,
					"rttvar":	7739,
					"pmtu":	1500,
					"omitted":	false
				}],
			"sum":	{
				"start":	10.000409841537476,
				"end":	11.000293016433716,
				"seconds":	0.99988317489624023,
				"bytes":	10485760,
				"bits_per_second":	83895881.145019785,
				"retransmits":	0,
				"omitted":	false
			}
		}, {
			"streams":	[{
					"socket":	6,
					"start":	11.000293016433716,
					"end":	12.000205993652344,
					"seconds":	0.99991297721862793,
					"bytes":	11796480,
					"bits_per_second":	94380053.214736789,
					"retransmits":	0,
					"snd_cwnd":	6326312,
					"rtt":	566411,
					"rttvar":	5685,
					"pmtu":	1500,
					"omitted":	false
				}],
			"sum":	{
				"start":	11.000293016433716,
				"end":	12.000205993652344,
				"seconds":	0.99991297721862793,
				"bytes":	11796480,
				"bits_per_second":	94380053.214736789,
				"retransmits":	0,
				"omitted":	false
			}
		}, {
			"streams":	[{
					"socket":	6,
					"start":	12.000205993652344,
					"end":	13.000108957290649,
					"seconds":	0.99990296363830566,
					"bytes":	13107200,
					"bits_per_second":	104867775.98744079,
					"retransmits":	0,
					"snd_cwnd":	6967776,
					"rtt":	644114,
					"rttvar":	1436,
					"pmtu":	1500,