{
	"start":	{
		"connected":	[{
				"socket":	6,
				"local_host":	"192.168.21.1",
				"local_port":	33344,
				"remote_host":	"192.168.21.2",
				"remote_port":	5005
			}],
		"version":	"iperf 3.6",
		"system_info":	"Linux ba-thesis 4.19.0-23-amd64 #1 SMP Debian 4.19.269-1 (2022-12-20) x86_64",
		"timestamp":	{
			"time":	"Mon, 05 Jun 2023 12:45:48 GMT",
			"timesecs":	1685969148
		},
		"connecting_to":	{
			"host":	"h10",
			"port":	5005
		},
		"cookie":	"w7e4jnh3gsgusns5ma662x3kzvyfk3bwrt3g",
		"tcp_mss_default":	1448,
		"sock_bufsize":	0,
		"sndbuf_actual":	87380,
		"rcvbuf_actual":	87380,
		"test_start":	{
			"protocol":	"TCP",
			"num_streams":	1,
			"blksize":	131072,
			"omit":	0,
			"duration":	0,
			"bytes":	36961392,
			"blocks":	0,
			"reverse":	0,
			"tos":	0
		}
	},
	"intervals":	[{
			"streams":	[{
					"socket":	6,
					"start":	0,
					"end":	1.0001380443572998,
					"seconds":	1.0001380443572998,
					"bytes":	15343848,
					"bits_per_second":	122733841.28576078,
					"retransmits":	0,
					"snd_cwnd":	779024,
					"rtt":	62408,
					"rttvar":	1194,
					"pmtu":	1500,
					"omitted":	false
				}],
			"sum":	{
				"start":	0,
				"end":	1.0001380443572998,
				"seconds":	1.0001380443572998,
				"bytes":	15343848,
				"bits_per_second":	122733841.28576078,
				"retransmits":	0,
				"omitted":	false
			}
		}, {
			"streams":	[{
					"socket":	6,
					"start":	1.0001380443572998,
					"end":	2.0004630088806152,
					"seconds":	1.0003249645233154,
					"bytes":	13107200,
					"bits_per_second":	104823536.06956892,
					"retransmits":	0,
					"snd_cwnd":	1372704,
					"rtt":	110095,
					"rttvar":	936,
					"pmtu":	1500,
					"omitted":	false
				}],
			"sum":	{
				"start":	1.0001380443572998,
				"end":	2.0004630088806152,
				"seconds":	1.0003249645233154,
				"bytes":	13107200,
				"bits_per_second":	104823536.06956892,
				"retransmits":	0,
				"omitted":	false
			}
		}, {
			"streams":	[{
					"socket":	6,
					"start":	2.0004630088806152,
					"end":	2.570112943649292,
					"seconds":	0.56964993476867676,
					"bytes":	9175040,
					"bits_per_second":	128851625.39306948,
					"retransmits":	0,
					"snd_cwnd":	1710088,
					"rtt":	136595,
					"rttvar":	731,
					"pmtu":	1500,
					"omitted":	false
				}],
			"sum":	{
				"start":	2.0004630088806152,
				"end":	2.570112943649292,
				"seconds":	0.56964993476867676,
				"bytes":	9175040,
				"bits_per_second":	128851625.39306948,
				"retransmits":	0,
				"omitted":	false
			}
		}],
	"end":	{
		"streams":	[{
				"sender":	{
					"socket":	6,
					"start":	0,
					"end":	2.570112943649292,
					"seconds":	2.570112943649292,
					"bytes":	37626088,
					"bits_per_second":	117118862.32229121,
					"retransmits":	0,
					"max_snd_cwnd":	1710088,
					"max_rtt":	136595,
					"min_rtt":	62408,
					"mean_rtt":	103032
				},
				"receiver":	{
					"socket":	6,
					"start":	0,
					"end":	2.7462019920349121,
					"seconds":	2.570112943649292,
					"bytes":	31446216,
					"bits_per_second":	91606418.147555485
				}
			}],
		"sum_sent":	{
			"start":	0,
			"end":	2.570112943649292,
			"seconds":	2.570112943649292,
			"bytes":	37626088,
			"bits_per_second":	117118862.32229121,
			"retransmits":	0
		},
		"sum_received":	{
			"start":	0,
			"end":	2.7462019920349121,
			"seconds":	2.7462019920349121,
			"bytes":	31446216,
			"bits_per_second":	91606418.147555485
		},
		"cpu_utilization_percent":	{
			"host_total":	1.6892745573938137,
			"host_user":	0.03703149866623525,
			"host_system":	1.6521688473074054,
			"remote_total":	1.2312648438401779,
			"remote_user":	0.25145771320039317,
			"remote_system":	0.97977215251859961
		},
		"sender_tcp_congestion":	"cubic",
		"receiver_tcp_congestion":	"cubic"
	}
}
