{
	"start":	{
		"connected":	[{
				"socket":	6,
				"local_host":	"192.168.2.1",
				"local_port":	39614,
				"remote_host":	"192.168.19.1",
				"remote_port":	5000
			}],
		"version":	"iperf 3.6",
		"system_info":	"Linux ba-thesis 4.19.0-23-amd64 #1 SMP Debian 4.19.269-1 (2022-12-20) x86_64",
		"timestamp":	{
			"time":	"Sat, 10 Jun 2023 22:35:05 GMT",
			"timesecs":	1686436505
		},
		"connecting_to":	{
			"host":	"h4",
			"port":	5000
		},
		"cookie":	"6lcqddhgxhkq5ifmk6yhqpw25vx2zuuwdudg",
		"tcp_mss_default":	1448,
		"sock_bufsize":	0,
		"sndbuf_actual":	87380,
		"rcvbuf_actual":	87380,
		"test_start":	{
			"protocol":	"TCP",
			"num_streams":	1,
			"blksize":	131072,
			"omit":	0,
			"duration":	0,
			"bytes":	20095402,
			"blocks":	0,
			"reverse":	0,
			"tos":	0
		}
	},
	"intervals":	[{
			"streams":	[{
					"socket":	6,
					"start":	0,
					"end":	1.0000898838043213,
					"seconds":	1.0000898838043213,
					"bytes":	2208200,
					"bits_per_second":	17664012.291375674,
					"retransmits":	0,
					"snd_cwnd":	165072,
					"rtt":	95762,
					"rttvar":	423,
					"pmtu":	1500,
					"omitted":	false
				}],
			"sum":	{
				"start":	0,
				"end":	1.0000898838043213,
				"seconds":	1.0000898838043213,
				"bytes":	2208200,
				"bits_per_second":	17664012.291375674,
				"retransmits":	0,
				"omitted":	false
			}
		}, {
			"streams":	[{
					"socket":	6,
					"start":	1.0000898838043213,
					"end":	2.000114917755127,
					"seconds":	1.0000250339508057,
					"bytes":	1824480,
					"bits_per_second":	14595474.617606437,
					"retransmits":	0,
					"snd_cwnd":	251952,
					"rtt":	139211,
					"rttvar":	602,
					"pmtu":	1500,
					"omitted":	false
				}],
			"sum":	{
				"start":	1.0000898838043213,
				"end":	2.000114917755127,
				"seconds":	1.0000250339508057,
				"bytes":	1824480,
				"bits_per_second":	14595474.617606437,
				"retransmits":	0,
				"omitted":	false
			}
		}, {
			"streams":	[{
					"socket":	6,
					"start":	2.000114917755127,
					"end":	3.0000669956207275,
					"seconds":	0.99995207786560059,
					"bytes":	2476080,
					"bits_per_second":	19809589.317801684,
					"retransmits":	0,
					"snd_cwnd":	334488,
					"rtt":	190269,
					"rttvar":	1228,
					"pmtu":	1500,
					"omitted":	false
				}],
			"sum":	{
				"start":	2.000114917755127,
				"end":	3.0000669956207275,
				"seconds":	0.99995207786560059,
				"bytes":	2476080,
				"bits_per_second":	19809589.317801684,
				"retransmits":	0,
				"omitted":	false
			}
		}, {
			"streams":	[{
					"socket":	6,
					"start":	3.0000669956207275,
					"end":	4.0002269744873047,
					"seconds":	1.0001599788665771,
					"bytes":	1563840,
					"bits_per_second":	12508718.869332952,
					"retransmits":	0,
					"snd_cwnd":	417024,
					"rtt":	238279,
					"rttvar":	1061,
					"pmtu":	1500,
					"omitted":	false
				}],
			"sum":	{
				"start":	3.0000669956207275,
				"end":	4.0002269744873047,
				"seconds":	1.0001599788665771,
				"bytes":	1563840,
				"bits_per_second":	12508718.869332952,
				"retransmits":	0,
				"omitted":	false
			}
		}, {
			"streams":	[{
					"socket":	6,
					"start":	4.0002269744873047,
					"end":	5.0001399517059326,
					"seconds":	0.99991297721862793,
					"bytes":	1889640,
					"bits_per_second":	15118435.648320112,
					"retransmits":	0,
					"snd_cwnd":	472048,
					"rtt":	515715,
					"rttvar":	3712,
					"pmtu":	1500,
					"omitted":	false
				}],
			"sum":	{
				"start":	4.0002269744873047,
				"end":	5.0001399517059326,
				"seconds":	0.99991297721862793,
				"bytes":	1889640,
				"bits_per_second":	15118435.648320112,
				"retransmits":	0,
				"omitted":	false
			}
		}, {
			"streams":	[{
					"socket":	6,
					"start":	5.0001399517059326,
					"end":	6.0009438991546631,
					"seconds":	1.0008039474487305,
					"bytes":	0,
					"bits_per_second":	0,
					"retransmits":	0,
					"snd_cwnd":	508248,
					"rtt":	613380,
					"rttvar":	5828,
					"pmtu":	1500,
					"omitted":	false
				}],
			"sum":	{
				"start":	5.0001399517059326,
				"end":	6.0009438991546631,
				"seconds":	1.0008039474487305,
				"bytes":	0,
				"bits_per_second":	0,
				"retransmits":	0,
				"omitted":	false
			}
		}, {
			"streams":	[{
					"socket":	6,
					"start":	6.0009438991546631,
					"end":	7.0009870529174805,
					"seconds":	1.0000431537628174,
					"bytes":	1042560,
					"bits_per_second":	8340120.0924356626,
					"retransmits":	0,
					"snd_cwnd":	545896,
					"rtt":	704170,
					"rttvar":	11270,
					"pmtu":	1500,
					"omitted":	false
				}],
			"sum":	{
				"start":	6.0009438991546631,
				"end":	7.0009870529174805,
				"seconds":	1.0000431537628174,
				"bytes":	1042560,
				"bits_per_second":	8340120.0924356626,
				"retransmits":	0,
				"omitted":	false
			}
		}, {
			"streams":	[{
					"socket":	6,
					"start":	7.0009870529174805,
					"end":	8.0006990432739258,
					"seconds":	0.99971199035644531,
					"bytes":	1107720,
					"bits_per_second":	8864313.0076296851,
					"retransmits":	0,
					"snd_cwnd":	586440,
					"rtt":	800658,
					"rttvar":	182,
					"pmtu":	1500,
					"omitted":	false
				}],
			"sum":	{
				"start":	7.0009870529174805,
				"end":	8.0006990432739258,
				"seconds":	0.99971199035644531,
				"bytes":	1107720,
				"bits_per_second":	8864313.0076296851,
				"retransmits":	0,
				"omitted":	false
			}
		}, {
			"streams":	[{
					"socket":	6,
					"start":	8.0006990432739258,
					"end":	9.0002748966217041,
					"seconds":	0.99957585334777832,
					"bytes":	1238040,
					"bits_per_second":	9908522.6667175516,
					"retransmits":	0,
					"snd_cwnd":	615400,
					"rtt":	881746,
					"rttvar":	1075,
					"pmtu":	1500,
					"omitted":	false
				}],
			"sum":	{
				"start":	8.0006990432739258,
				"end":	9.0002748966217041,
				"seconds":	0.99957585334777832,
				"bytes":	1238040,
				"bits_per_second":	9908522.6667175516,
				"retransmits":	0,
				"omitted":	false
			}
		}, {
			"streams":	[{
					"socket":	6,
					"start":	9.0002748966217041,
					"end":	10.000990867614746,
					"seconds":	1.000715970993042,
					"bytes":	0,
					"bits_per_second":	0,
					"retransmits":	0,
					"snd_cwnd":	647256,
					"rtt":	973397,
					"rttvar":	1150,
					"pmtu":	1500,
					"omitted":	false
				}],
			"sum":	{
				"start":	9.0002748966217041,
				"end":	10.000990867614746,
				"seconds":	1.000715970993042,
				"bytes":	0,
				"bits_per_second":	0,
				"retransmits":	0,
				"omitted":	false
			}
		}, {
			"streams":	[{
					"socket":	6,
					"start":	10.000990867614746,
					"end":	11.000673055648804,
					"seconds":	0.99968218803405762,
					"bytes":	1303200,
					"bits_per_second":	10428914.43379885,
					"retransmits":	0,
					"snd_cwnd":	726896,
					"rtt":	1081585,
					"rttvar":	5253,
					"pmtu":	1500,
					"omitted":	false
				}],
			"sum":	{
				"start":	10.000990867614746,
				"end":	11.000673055648804,
				"seconds":	0.99968218803405762,
				"bytes":	1303200,
				"bits_per_second":	10428914.43379885,
				"retransmits":	0,
				"omitted":	false
			}
		}, {
			"streams":	[{
					"socket":	6,
					"start":	11.000673055648804,
					"end":	12.000501871109009,
					"seconds":	0.99982881546020508,
					"bytes":	1310720,
					"bits_per_second":	10487555.307328859,
					"retransmits":	0,
					"snd_cwnd":	823912,
					"rtt":	1201721,
					"rttvar":	20666,
					"pmtu":	1500,
					"omitted":	false
				}],
			"sum":	{
				"start":	11.000673055648804,
				"end":	12.000501871109009,
				"seconds":	0.99982881546020508,
				"bytes":	1310720,
				"bits_per_second":	10487555.307328859,
				"retransmits":	0,
				"omitted":	false
			}
		}, {
			"streams":	[{
					"socket":	6,
					"start":	12.000501871109009,
					"end":	13.000380992889404,
					"seconds":	0.99987912178039551,
					"bytes":	1310720,
					"bits_per_second":	10487027.653231665,
					"retransmits":	0,
					"snd_cwnd":	1042560,
					"rtt":	1254848,
					"rttvar":	7098,
					"pmtu":	1500,
					"omitted":	false
				}],
			"sum":	{
				"start":	12.000501871109009,
				"end":	13.000380992889404,