{
	"start":	{
		"connected":	[{
				"socket":	6,
				"local_host":	"192.168.9.1",
				"local_port":	44392,
				"remote_host":	"192.168.9.2",
				"remote_port":	5002
			}],
		"version":	"iperf 3.6",
		"system_info":	"Linux ba-thesis 4.19.0-23-amd64 #1 SMP Debian 4.19.269-1 (2022-12-20) x86_64",
		"timestamp":	{
			"time":	"Tue, 13 Jun 2023 03:44:58 GMT",
			"timesecs":	1686627898
		},
		"connecting_to":	{
			"host":	"h9",
			"port":	5002
		},
		"cookie":	"ftcbfciqdkt74yfld6n63krgcgneas2njeyl",
		"tcp_mss_default":	1448,
		"sock_bufsize":	0,
		"sndbuf_actual":	87380,
		"rcvbuf_actual":	87380,
		"test_start":	{
			"protocol":	"TCP",
			"num_streams":	1,
			"blksize":	131072,
			"omit":	0,
			"duration":	0,
			"bytes":	34554880,
			"blocks":	0,
			"reverse":	0,
			"tos":	0
		}
	},
	"intervals":	[{
			"streams":	[{
					"socket":	6,
					"start":	0,
					"end":	1.0001230239868164,
					"seconds":	1.0001230239868164,
					"bytes":	15660960,
					"bits_per_second":	125272268.50609085,
					"retransmits":	0,
					"snd_cwnd":	793504,
					"rtt":	62413,
					"rttvar":	679,
					"pmtu":	1500,
					"omitted":	false
				}],
			"sum":	{
				"start":	0,
				"end":	1.0001230239868164,
				"seconds":	1.0001230239868164,
				"bytes":	15660960,
				"bits_per_second":	125272268.50609085,
				"retransmits":	0,
				"omitted":	false
			}
		}, {
			"streams":	[{
					"socket":	6,
					"start":	1.0001230239868164,
					"end":	2.0000700950622559,
					"seconds":	0.99994707107543945,
					"bytes":	14417920,
					"bits_per_second":	115349465.32314819,
					"retransmits":	0,
					"snd_cwnd":	1390080,
					"rtt":	109961,
					"rttvar":	403,
					"pmtu":	1500,
					"omitted":	false
				}],
			"sum":	{
				"start":	1.0001230239868164,
				"end":	2.0000700950622559,
				"seconds":	0.99994707107543945,
				"bytes":	14417920,
				"bits_per_second":	115349465.32314819,
				"retransmits":	0,
				"omitted":	false
			}
		}, {
			"streams":	[{
					"socket":	6,
					"start":	2.0000700950622559,
					"end":	2.3653810024261475,
					"seconds":	0.3653109073638916,
					"bytes":	5242880,
					"bits_per_second":	114814639.1320857,
					"retransmits":	0,
					"snd_cwnd":	1608728,
					"rtt":	127380,
					"rttvar":	533,
					"pmtu":	1500,
					"omitted":	false
				}],
			"sum":	{
				"start":	2.0000700950622559,
				"end":	2.3653810024261475,
				"seconds":	0.3653109073638916,
				"bytes":	5242880,
				"bits_per_second":	114814639.1320857,
				"retransmits":	0,
				"omitted":	false
			}
		}],
	"end":	{
		"streams":	[{
				"sender":	{
					"socket":	6,
					"start":	0,
					"end":	2.3653810024261475,
					"seconds":	2.3653810024261475,
					"bytes":	35321760,
					"bits_per_second":	119462395.15332481,
					"retransmits":	0,
					"max_snd_cwnd":	1608728,
					"max_rtt":	127380,
					"min_rtt":	62413,
					"mean_rtt":	99918
				},
				"receiver":	{
					"socket":	6,
					"start":	0,
					"end":	2.5300049781799316,
					"seconds":	2.3653810024261475,
					"bytes":	29416120,
					"bits_per_second":	93015216.187161043
				}
			}],
		"sum_sent":	{
			"start":	0,
			"end":	2.3653810024261475,
			"seconds":	2.3653810024261475,
			"bytes":	35321760,
			"bits_per_second":	119462395.15332481,
			"retransmits":	0
		},
		"sum_received":	{
			"start":	0,
			"end":	2.5300049781799316,
			"seconds":	2.5300049781799316,
			"bytes":	29416120,
			"bits_per_second":	93015216.187161043
		},
		"cpu_utilization_percent":	{
			"host_total":	1.8790122375128055,
			"host_user":	0.24825484121054475,
			"host_system":	1.630677015910093,
			"remote_total":	0.066952169995822639,
			"remote_user":	0.013332769872437891,
			"remote_system":	0.053619400123384758
		},
		"sender_tcp_congestion":	"cubic",
		"receiver_tcp_congestion":	"cubic"
	}
}
