{
	"start":	{
		"connected":	[{
				"socket":	6,
				"local_host":	"192.168.3.1",
				"local_port":	33144,
				"remote_host":	"192.168.3.2",
				"remote_port":	5001
			}],
		"version":	"iperf 3.6",
		"system_info":	"Linux ba-thesis 4.19.0-23-amd64 #1 SMP Debian 4.19.269-1 (2022-12-20) x86_64",
		"timestamp":	{
			"time":	"Wed, 31 May 2023 09:18:20 GMT",
			"timesecs":	1685524700
		},
		"connecting_to":	{
			"host":	"h6",
			"port":	5001
		},
		"cookie":	"gnrrbe7xdbl5zhlnybxxi6xuibcype54qlbg",
		"tcp_mss_default":	1448,
		"sock_bufsize":	0,
		"sndbuf_actual":	87380,
		"rcvbuf_actual":	87380,
		"test_start":	{
			"protocol":	"TCP",
			"num_streams":	1,
			"blksize":	131072,
			"omit":	0,
			"duration":	0,
			"bytes":	98044928,
			"blocks":	0,
			"reverse":	0,
			"tos":	0
		}
	},
	"intervals":	[{
			"streams":	[{
					"socket":	6,
					"start":	0,
					"end":	1.0000360012054443,
					"seconds":	1.0000360012054443,
					"bytes":	15284480,
					"bits_per_second":	122271438.08083768,
					"retransmits":	0,
					"snd_cwnd":	797848,
					"rtt":	62866,
					"rttvar":	574,
					"pmtu":	1500,
					"omitted":	false
				}],
			"sum":	{
				"start":	0,
				"end":	1.0000360012054443,
				"seconds":	1.0000360012054443,
				"bytes":	15284480,
				"bits_per_second":	122271438.08083768,
				"retransmits":	0,
				"omitted":	false
			}
		}, {
			"streams":	[{
					"socket":	6,
					"start":	1.0000360012054443,
					"end":	2.0000729560852051,
					"seconds":	1.0000369548797607,
					"bytes":	14417920,
					"bits_per_second":	115339097.65751435,
					"retransmits":	0,
					"snd_cwnd":	1395872,
					"rtt":	110504,
					"rttvar":	478,
					"pmtu":	1500,
					"omitted":	false
				}],
			"sum":	{
				"start":	1.0000360012054443,
				"end":	2.0000729560852051,
				"seconds":	1.0000369548797607,
				"bytes":	14417920,
				"bits_per_second":	115339097.65751435,
				"retransmits":	0,
				"omitted":	false
			}
		}, {
			"streams":	[{
					"socket":	6,
					"start":	2.0000729560852051,
					"end":	3.0000698566436768,
					"seconds":	0.99999690055847168,
					"bytes":	14417920,
					"bits_per_second":	115343717.50110805,
					"retransmits":	0,
					"snd_cwnd":	1993896,
					"rtt":	157942,
					"rttvar":	221,
					"pmtu":	1500,
					"omitted":	false
				}],
			"sum":	{
				"start":	2.0000729560852051,
				"end":	3.0000698566436768,
				"seconds":	0.99999690055847168,
				"bytes":	14417920,
				"bits_per_second":	115343717.50110805,
				"retransmits":	0,
				"omitted":	false
			}
		}, {
			"streams":	[{
					"socket":	6,
					"start":	3.0000698566436768,
					"end":	4.0000758171081543,
					"seconds":	1.0000059604644775,
					"bytes":	14417920,
					"bits_per_second":	115342672.50409779,
					"retransmits":	0,
					"snd_cwnd":	2591920,
					"rtt":	205739,
					"rttvar":	402,
					"pmtu":	1500,
					"omitted":	false
				}],
			"sum":	{
				"start":	3.0000698566436768,
				"end":	4.0000758171081543,
				"seconds":	1.0000059604644775,
				"bytes":	14417920,
				"bits_per_second":	115342672.50409779,
				"retransmits":	0,
				"omitted":	false
			}
		}, {
			"streams":	[{
					"socket":	6,
					"start":	4.0000758171081543,
					"end":	5.0001139640808105,
					"seconds":	1.0000381469726562,
					"bytes":	11796480,
					"bits_per_second":	94368240.137323856,
					"retransmits":	0,
					"snd_cwnd":	3188496,
					"rtt":	253190,
					"rttvar":	386,
					"pmtu":	1500,
					"omitted":	false
				}],
			"sum":	{
				"start":	4.0000758171081543,
				"end":	5.0001139640808105,
				"seconds":	1.0000381469726562,
				"bytes":	11796480,
				"bits_per_second":	94368240.137323856,
				"retransmits":	0,
				"omitted":	false
			}
		}, {
			"streams":	[{
					"socket":	6,
					"start":	5.0001139640808105,
					"end":	6.00005578994751,
					"seconds":	0.99994182586669922,
					"bytes":	11796480,
					"bits_per_second":	94377330.319394574,
					"retransmits":	0,
					"snd_cwnd":	3786520,
					"rtt":	300956,
					"rttvar":	658,
					"pmtu":	1500,
					"omitted":	false
				}],
			"sum":	{
				"start":	5.0001139640808105,
				"end":	6.00005578994751,
				"seconds":	0.99994182586669922,
				"bytes":	11796480,
				"bits_per_second":	94377330.319394574,
				"retransmits":	0,
				"omitted":	false
			}
		}, {
			"streams":	[{
					"socket":	6,
					"start":	6.00005578994751,
					"end":	7.0001318454742432,
					"seconds":	1.0000760555267334,
					"bytes":	11796480,
					"bits_per_second":	94364663.045847028,
					"retransmits":	0,
					"snd_cwnd":	4384544,
					"rtt":	348563,
					"rttvar":	452,
					"pmtu":	1500,
					"omitted":	false
				}],
			"sum":	{
				"start":	6.00005578994751,
				"end":	7.0001318454742432,
				"seconds":	1.0000760555267334,
				"bytes":	11796480,
				"bits_per_second":	94364663.045847028,
				"retransmits":	0,
				"omitted":	false
			}
		}, {
			"streams":	[{
					"socket":	6,
					"start":	7.0001318454742432,
					"end":	7.3381078243255615,
					"seconds":	0.33797597885131836,
					"bytes":	5242880,
					"bits_per_second":	124100653.96526742,
					"retransmits":	0,
					"snd_cwnd":	4587264,
					"rtt":	364646,
					"rttvar":	665,
					"pmtu":	1500,
					"omitted":	false
				}],
			"sum":	{
				"start":	7.0001318454742432,
				"end":	7.3381078243255615,
				"seconds":	0.33797597885131836,
				"bytes":	5242880,
				"bits_per_second":	124100653.96526742,
				"retransmits":	0,
				"omitted":	false
			}
		}],
	"end":	{
		"streams":	[{
				"sender":	{
					"socket":	6,
					"start":	0,
					"end":	7.3381078243255615,
					"seconds":	7.3381078243255615,
					"bytes":	99170560,
					"bits_per_second":	108115674.91145681,
					"retransmits":	0,
					"max_snd_cwnd":	4587264,
					"max_rtt":	364646,
					"min_rtt":	62866,
					"mean_rtt":	225550
				},
				"receiver":	{
					"socket":	6,
					"start":	0,
					"end":	7.7527291774749756,
					"seconds":	7.3381078243255615,
					"bytes":	91843744,
					"bits_per_second":	94773070.899311915
				}
			}],
		"sum_sent":	{
			"start":	0,
			"end":	7.3381078243255615,
			"seconds":	7.3381078243255615,
			"bytes":	99170560,
			"bits_per_second":	108115674.91145681,
			"retransmits":	0
		},
		"sum_received":	{
			"start":	0,
			"end":	7.7527291774749756,
			"seconds":	7.7527291774749756,
			"bytes":	91843744,
			"bits_per_second":	94773070.899311915
		},
		"cpu_utilization_percent":	{
			"host_total":	0.7495564005749038,
			"host_user":	0,
			"host_system":	0.7495564005749038,
			"remote_total":	0.22497023600475419,
			"remote_user":	0.02212259197955109,
			"remote_system":	0.20286366493807881
		},
		"sender_tcp_congestion":	"cubic",
		"receiver_tcp_congestion":	"cubic"
	}
}
