{
	"start":	{
		"connected":	[{
				"socket":	6,
				"local_host":	"192.168.3.1",
				"local_port":	36406,
				"remote_host":	"192.168.3.2",
				"remote_port":	5000
			}],
		"version":	"iperf 3.6",
		"system_info":	"Linux ba-thesis 4.19.0-23-amd64 #1 SMP Debian 4.19.269-1 (2022-12-20) x86_64",
		"timestamp":	{
			"time":	"Mon, 12 Jun 2023 02:10:06 GMT",
			"timesecs":	1686535806
		},
		"connecting_to":	{
			"host":	"h6",
			"port":	5000
		},
		"cookie":	"bzyunj3f4gewkynwlgvpfpwqkflg6hxc7e2m",
		"tcp_mss_default":	1448,
		"sock_bufsize":	0,
		"sndbuf_actual":	87380,
		"rcvbuf_actual":	87380,
		"test_start":	{
			"protocol":	"TCP",
			"num_streams":	1,
			"blksize":	131072,
			"omit":	0,
			"duration":	0,
			"bytes":	16430380,
			"blocks":	0,
			"reverse":	0,
			"tos":	0
		}
	},
	"intervals":	[{
			"streams":	[{
					"socket":	6,
					"start":	0,
					"end":	1.0001580715179443,
					"seconds":	1.0001580715179443,
					"bytes":	15377432,
					"bits_per_second":	123000013.20120612,
					"retransmits":	0,
					"snd_cwnd":	851424,
					"rtt":	66813,
					"rttvar":	443,
					"pmtu":	1500,
					"omitted":	false
				}],
			"sum":	{
				"start":	0,
				"end":	1.0001580715179443,
				"seconds":	1.0001580715179443,
				"bytes":	15377432,
				"bits_per_second":	123000013.20120612,
				"retransmits":	0,
				"omitted":	false
			}
		}, {
			"streams":	[{
					"socket":	6,
					"start":	1.0001580715179443,
					"end":	1.0691890716552734,
					"seconds":	0.0690310001373291,
					"bytes":	1310720,
					"bits_per_second":	151899291.32041845,
					"retransmits":	0,
					"snd_cwnd":	891968,
					"rtt":	70315,
					"rttvar":	667,
					"pmtu":	1500,
					"omitted":	false
				}],
			"sum":	{
				"start":	1.0001580715179443,
				"end":	1.0691890716552734,
				"seconds":	0.0690310001373291,
				"bytes":	1310720,
				"bits_per_second":	151899291.32041845,
				"retransmits":	0,
				"omitted":	false
			}
		}],
	"end":	{
		"streams":	[{
				"sender":	{
					"socket":	6,
					"start":	0,
					"end":	1.0691890716552734,
					"seconds":	1.0691890716552734,
					"bytes":	16688152,
					"bits_per_second":	124865862.86681069,
					"retransmits":	0,
					"max_snd_cwnd":	891968,
					"max_rtt":	70315,
					"min_rtt":	66813,
					"mean_rtt":	68564
				},
				"receiver":	{
					"socket":	6,
					"start":	0,
					"end":	1.1739389896392822,
					"seconds":	1.0691890716552734,
					"bytes":	12835072,
					"bits_per_second":	87466705.6007321
				}
			}],
		"sum_sent":	{
			"start":	0,
			"end":	1.0691890716552734,
			"seconds":	1.0691890716552734,
			"bytes":	16688152,
			"bits_per_second":	124865862.86681069,
			"retransmits":	0
		},
		"sum_received":	{
			"start":	0,
			"end":	1.1739389896392822,
			"seconds":	1.1739389896392822,
			"bytes":	12835072,
			"bits_per_second":	87466705.6007321
		},
		"cpu_utilization_percent":	{
			"host_total":	3.680988291161027,
			"host_user":	1.1123648899389287,
			"host_system":	2.5687073596257473,
			"remote_total":	1.4350075349264619,
			"remote_user":	0.60930190984119414,
			"remote_system":	0.82562721794206329
		},
		"sender_tcp_congestion":	"cubic",
		"receiver_tcp_congestion":	"cubic"
	}
}
