{
	"start":	{
		"connected":	[{
				"socket":	6,
				"local_host":	"192.168.7.1",
				"local_port":	43352,
				"remote_host":	"192.168.7.2",
				"remote_port":	5001
			}],
		"version":	"iperf 3.6",
		"system_info":	"Linux ba-thesis 4.19.0-23-amd64 #1 SMP Debian 4.19.269-1 (2022-12-20) x86_64",
		"timestamp":	{
			"time":	"Wed, 31 May 2023 12:06:15 GMT",
			"timesecs":	1685534775
		},
		"connecting_to":	{
			"host":	"h9",
			"port":	5001
		},
		"cookie":	"ssiszup6qbxpo5caaxucm7epjqqvfjbcqidf",
		"tcp_mss_default":	1448,
		"sock_bufsize":	0,
		"sndbuf_actual":	87380,
		"rcvbuf_actual":	87380,
		"test_start":	{
			"protocol":	"TCP",
			"num_streams":	1,
			"blksize":	131072,
			"omit":	0,
			"duration":	0,
			"bytes":	182001664,
			"blocks":	0,
			"reverse":	0,
			"tos":	0
		}
	},
	"intervals":	[{
			"streams":	[{
					"socket":	6,
					"start":	0,
					"end":	1.0000660419464111,
					"seconds":	1.0000660419464111,
					"bytes":	12789576,
					"bits_per_second":	102309851.25828587,
					"retransmits":	0,
					"snd_cwnd":	722552,
					"rtt":	63885,
					"rttvar":	175,
					"pmtu":	1500,
					"omitted":	false
				}],
			"sum":	{
				"start":	0,
				"end":	1.0000660419464111,
				"seconds":	1.0000660419464111,
				"bytes":	12789576,
				"bits_per_second":	102309851.25828587,
				"retransmits":	0,
				"omitted":	false
			}
		}, {
			"streams":	[{
					"socket":	6,
					"start":	1.0000660419464111,
					"end":	2.0004470348358154,
					"seconds":	1.0003809928894043,
					"bytes":	11796480,
					"bits_per_second":	94335898.693382263,
					"retransmits":	0,
					"snd_cwnd":	1233696,
					"rtt":	104617,
					"rttvar":	940,
					"pmtu":	1500,
					"omitted":	false
				}],
			"sum":	{
				"start":	1.0000660419464111,
				"end":	2.0004470348358154,
				"seconds":	1.0003809928894043,
				"bytes":	11796480,
				"bits_per_second":	94335898.693382263,
				"retransmits":	0,
				"omitted":	false
			}
		}, {
			"streams":	[{
					"socket":	6,
					"start":	2.0004470348358154,
					"end":	3.000089168548584,
					"seconds":	0.99964213371276855,
					"bytes":	14417920,
					"bits_per_second":	115384652.2771139,
					"retransmits":	0,
					"snd_cwnd":	1823032,
					"rtt":	153233,
					"rttvar":	232,
					"pmtu":	1500,
					"omitted":	false
				}],
			"sum":	{
				"start":	2.0004470348358154,
				"end":	3.000089168548584,
				"seconds":	0.99964213371276855,
				"bytes":	14417920,
				"bits_per_second":	115384652.2771139,
				"retransmits":	0,
				"omitted":	false
			}
		}, {
			"streams":	[{
					"socket":	6,
					"start":	3.000089168548584,
					"end":	4.0001780986785889,
					"seconds":	1.0000889301300049,
					"bytes":	11796480,
					"bits_per_second":	94363448.246279746,
					"retransmits":	0,
					"snd_cwnd":	2326936,
					"rtt":	197629,
					"rttvar":	4,
					"pmtu":	1500,
					"omitted":	false
				}],
			"sum":	{
				"start":	3.000089168548584,
				"end":	4.0001780986785889,
				"seconds":	1.0000889301300049,
				"bytes":	11796480,
				"bits_per_second":	94363448.246279746,
				"retransmits":	0,
				"omitted":	false
			}
		}, {
			"streams":	[{
					"socket":	6,
					"start":	4.0001780986785889,
					"end":	5.0000791549682617,
					"seconds":	0.99990105628967285,
					"bytes":	14417920,
					"bits_per_second":	115354773.62930684,
					"retransmits":	0,
					"snd_cwnd":	2969848,
					"rtt":	250000,
					"rttvar":	6,
					"pmtu":	1500,
					"omitted":	false
				}],
			"sum":	{
				"start":	4.0001780986785889,
				"end":	5.0000791549682617,
				"seconds":	0.99990105628967285,
				"bytes":	14417920,
				"bits_per_second":	115354773.62930684,
				"retransmits":	0,
				"omitted":	false
			}
		}, {
			"streams":	[{
					"socket":	6,
					"start":	5.0000791549682617,
					"end":	6.0055742263793945,
					"seconds":	1.0054950714111328,
					"bytes":	13107200,
					"bits_per_second":	104284548.95640677,
					"retransmits":	0,
					"snd_cwnd":	3570768,
					"rtt":	283879,
					"rttvar":	680,
					"pmtu":	1500,
					"omitted":	false
				}],
			"sum":	{
				"start":	5.0000791549682617,
				"end":	6.0055742263793945,
				"seconds":	1.0054950714111328,
				"bytes":	13107200,
				"bits_per_second":	104284548.95640677,
				"retransmits":	0,
				"omitted":	false
			}
		}, {
			"streams":	[{
					"socket":	6,
					"start":	6.0055742263793945,
					"end":	7.0000510215759277,
					"seconds":	0.9944767951965332,
					"bytes":	11796480,
					"bits_per_second":	94895969.87665236,
					"retransmits":	0,
					"snd_cwnd":	4164448,
					"rtt":	330967,
					"rttvar":	454,
					"pmtu":	1500,
					"omitted":	false
				}],
			"sum":	{
				"start":	6.0055742263793945,
				"end":	7.0000510215759277,
				"seconds":	0.9944767951965332,
				"bytes":	11796480,
				"bits_per_second":	94895969.87665236,
				"retransmits":	0,
				"omitted":	false
			}
		}, {
			"streams":	[{
					"socket":	6,
					"start":	7.0000510215759277,
					"end":	8.0000720024108887,
					"seconds":	1.0000209808349609,
					"bytes":	11796480,
					"bits_per_second":	94369860.041541189,
					"retransmits":	0,
					"snd_cwnd":	4759576,
					"rtt":	383533,
					"rttvar":	595,
					"pmtu":	1500,
					"omitted":	false
				}],
			"sum":	{
				"start":	7.0000510215759277,
				"end":	8.0000720024108887,
				"seconds":	1.0000209808349609,
				"bytes":	11796480,
				"bits_per_second":	94369860.041541189,
				"retransmits":	0,
				"omitted":	false
			}
		}, {
			"streams":	[{
					"socket":	6,
					"start":	8.0000720024108887,
					"end":	9.0000231266021729,
					"seconds":	0.99995112419128418,
					"bytes":	11796480,
					"bits_per_second":	94376452.72545068,
					"retransmits":	0,
					"snd_cwnd":	5357600,
					"rtt":	426151,
					"rttvar":	483,
					"pmtu":	1500,
					"omitted":	false
				}],
			"sum":	{
				"start":	8.0000720024108887,
				"end":	9.0000231266021729,
				"seconds":	0.99995112419128418,
				"bytes":	11796480,
				"bits_per_second":	94376452.72545068,
				"retransmits":	0,
				"omitted":	false
			}
		}, {
			"streams":	[{
					"socket":	6,
					"start":	9.0000231266021729,
					"end":	10.000072002410889,
					"seconds":	1.0000488758087158,
					"bytes":	11796480,
					"bits_per_second":	94367227.725428656,
					"retransmits":	0,
					"snd_cwnd":	5954176,
					"rtt":	473863,
					"rttvar":	657,
					"pmtu":	1500,
					"omitted":	false
				}],
			"sum":	{
				"start":	9.0000231266021729,
				"end":	10.000072002410889,
				"seconds":	1.0000488758087158,
				"bytes":	11796480,
				"bits_per_second":	94367227.725428656,
				"retransmits":	0,
				"omitted":	false
			}
		}, {
			"streams":	[{
					"socket":	6,
					"start":	10.000072002410889,
					"end":	11.0000741481781,
					"seconds":	1.0000021457672119,
					"bytes":	11796480,
					"bits_per_second":	94371637.500434518,
					"retransmits":	0,
					"snd_cwnd":	6552200,
					"rtt":	521297,
					"rttvar":	345,
					"pmtu":	1500,
					"omitted":	false
				}],
			"sum":	{
				"start":	10.000072002410889,
				"end":	11.0000741481781,
				"seconds":	1.0000021457672119,
				"bytes":	11796480,
				"bits_per_second":	94371637.500434518,
				"retransmits":	0,
				"omitted":	false
			}
		}, {
			"streams":	[{
					"socket":	6,
					"start":	11.0000741481781,
					"end":	12.000030040740967,
					"seconds":	0.99995589256286621,
					"bytes":	11796480,
					"bits_per_second":	94376002.6836053,
					"retransmits":	0,
					"snd_cwnd":	7150224,
					"rtt":	568889,
					"rttvar":	455,
					"pmtu":	1500,
					"omitted":	false
				}],
			"sum":	{
				"start":	11.0000741481781,
				"end":	12.000030040740967,
				"seconds":	0.99995589256286621,
				"bytes":	11796480,
				"bits_per_second":	94376002.6836053,
				"retransmits":	0,
				"omitted":	false
			}
		}, {
			"streams":	[{
					"socket":	6,
					"start":	12.000030040740967,
					"end":	13.000065088272095,
					"seconds":	1.0000350475311279,
					"bytes":	11796480,
					"bits_per_second":	94368532.615915641,
					"retransmits":	0,
					"snd_cwnd":	7746800,
					"rtt":	616540,
					"rttvar":	565,
					"pmtu":	1500,
					"omitted":	false
				}],