{
	"start":	{
		"connected":	[{
				"socket":	6,
				"local_host":	"192.168.9.2",
				"local_port":	43816,
				"remote_host":	"192.168.9.1",
				"remote_port":	5008
			}],
		"version":	"iperf 3.6",
		"system_info":	"Linux ba-thesis 4.19.0-23-amd64 #1 SMP Debian 4.19.269-1 (2022-12-20) x86_64",
		"timestamp":	{
			"time":	"Wed, 31 May 2023 12:06:15 GMT",
			"timesecs":	1685534775
		},
		"connecting_to":	{
			"host":	"h2",
			"port":	5008
		},
		"cookie":	"5jwpqd2jso45nj4qlupwegqmthz25r5fwiye",
		"tcp_mss_default":	1448,
		"sock_bufsize":	0,
		"sndbuf_actual":	87380,
		"rcvbuf_actual":	87380,
		"test_start":	{
			"protocol":	"TCP",
			"num_streams":	1,
			"blksize":	131072,
			"omit":	0,
			"duration":	0,
			"bytes":	82543616,
			"blocks":	0,
			"reverse":	0,
			"tos":	0
		}
	},
	"intervals":	[{
			"streams":	[{
					"socket":	6,
					"start":	0,
					"end":	1.0000689029693604,
					"seconds":	1.0000689029693604,
					"bytes":	15844856,
					"bits_per_second":	126750114.54074138,
					"retransmits":	0,
					"snd_cwnd":	810880,
					"rtt":	63914,
					"rttvar":	506,
					"pmtu":	1500,
					"omitted":	false
				}],
			"sum":	{
				"start":	0,
				"end":	1.0000689029693604,
				"seconds":	1.0000689029693604,
				"bytes":	15844856,
				"bits_per_second":	126750114.54074138,
				"retransmits":	0,
				"omitted":	false
			}
		}, {
			"streams":	[{
					"socket":	6,
					"start":	1.0000689029693604,
					"end":	2.0001060962677,
					"seconds":	1.0000371932983398,
					"bytes":	13107200,
					"bits_per_second":	104853700.14504847,
					"retransmits":	0,
					"snd_cwnd":	1408904,
					"rtt":	111425,
					"rttvar":	406,
					"pmtu":	1500,
					"omitted":	false
				}],
			"sum":	{
				"start":	1.0000689029693604,
				"end":	2.0001060962677,
				"seconds":	1.0000371932983398,
				"bytes":	13107200,
				"bits_per_second":	104853700.14504847,
				"retransmits":	0,
				"omitted":	false
			}
		}, {
			"streams":	[{
					"socket":	6,
					"start":	2.0001060962677,
					"end":	3.000108003616333,
					"seconds":	1.0000019073486328,
					"bytes":	14417920,
					"bits_per_second":	115343140.00041962,
					"retransmits":	0,
					"snd_cwnd":	2006928,
					"rtt":	158982,
					"rttvar":	370,
					"pmtu":	1500,
					"omitted":	false
				}],
			"sum":	{
				"start":	2.0001060962677,
				"end":	3.000108003616333,
				"seconds":	1.0000019073486328,
				"bytes":	14417920,
				"bits_per_second":	115343140.00041962,
				"retransmits":	0,
				"omitted":	false
			}
		}, {
			"streams":	[{
					"socket":	6,
					"start":	3.000108003616333,
					"end":	4.000075101852417,
					"seconds":	0.999967098236084,
					"bytes":	14417920,
					"bits_per_second":	115347155.12486631,
					"retransmits":	0,
					"snd_cwnd":	2604952,
					"rtt":	206601,
					"rttvar":	629,
					"pmtu":	1500,
					"omitted":	false
				}],
			"sum":	{
				"start":	3.000108003616333,
				"end":	4.000075101852417,
				"seconds":	0.999967098236084,
				"bytes":	14417920,
				"bits_per_second":	115347155.12486631,
				"retransmits":	0,
				"omitted":	false
			}
		}, {
			"streams":	[{
					"socket":	6,
					"start":	4.000075101852417,
					"end":	5.0000350475311279,
					"seconds":	0.99995994567871094,
					"bytes":	13107200,
					"bits_per_second":	104861800.16823488,
					"retransmits":	0,
					"snd_cwnd":	3201528,
					"rtt":	254395,
					"rttvar":	672,
					"pmtu":	1500,
					"omitted":	false
				}],
			"sum":	{
				"start":	4.000075101852417,
				"end":	5.0000350475311279,
				"seconds":	0.99995994567871094,
				"bytes":	13107200,
				"bits_per_second":	104861800.16823488,
				"retransmits":	0,
				"omitted":	false
			}
		}, {
			"streams":	[{
					"socket":	6,
					"start":	5.0000350475311279,
					"end":	5.9596760272979736,
					"seconds":	0.9596409797668457,
					"bytes":	11796480,
					"bits_per_second":	98340777.425875008,
					"retransmits":	0,
					"snd_cwnd":	3776384,
					"rtt":	300062,
					"rttvar":	545,
					"pmtu":	1500,
					"omitted":	false
				}],
			"sum":	{
				"start":	5.0000350475311279,
				"end":	5.9596760272979736,
				"seconds":	0.9596409797668457,
				"bytes":	11796480,
				"bits_per_second":	98340777.425875008,
				"retransmits":	0,
				"omitted":	false
			}
		}],
	"end":	{
		"streams":	[{
				"sender":	{
					"socket":	6,
					"start":	0,
					"end":	5.9596760272979736,
					"seconds":	5.9596760272979736,
					"bytes":	82691576,
					"bits_per_second":	111001437.82478875,
					"retransmits":	0,
					"max_snd_cwnd":	3776384,
					"max_rtt":	300062,
					"min_rtt":	63914,
					"mean_rtt":	182563
				},
				"receiver":	{
					"socket":	6,
					"start":	0,
					"end":	6.3056449890136719,
					"seconds":	5.9596760272979736,
					"bytes":	74480776,
					"bits_per_second":	94494093.631681308
				}
			}],
		"sum_sent":	{
			"start":	0,
			"end":	5.9596760272979736,
			"seconds":	5.9596760272979736,
			"bytes":	82691576,
			"bits_per_second":	111001437.82478875,
			"retransmits":	0
		},
		"sum_received":	{
			"start":	0,
			"end":	6.3056449890136719,
			"seconds":	6.3056449890136719,
			"bytes":	74480776,
			"bits_per_second":	94494093.631681308
		},
		"cpu_utilization_percent":	{
			"host_total":	0.8987998032981741,
			"host_user":	0.062866350576299523,
			"host_system":	0.83590058142745571,
			"remote_total":	1.3339988492726429,
			"remote_user":	0.12238364239970456,
			"remote_system":	1.2116307951600862
		},
		"sender_tcp_congestion":	"cubic",
		"receiver_tcp_congestion":	"cubic"
	}
}
