{
	"start":	{
		"connected":	[{
				"socket":	6,
				"local_host":	"192.168.0.2",
				"local_port":	47768,
				"remote_host":	"192.168.23.1",
				"remote_port":	5000
			}],
		"version":	"iperf 3.6",
		"system_info":	"Linux ba-thesis 4.19.0-23-amd64 #1 SMP Debian 4.19.269-1 (2022-12-20) x86_64",
		"timestamp":	{
			"time":	"Sat, 10 Jun 2023 15:09:39 GMT",
			"timesecs":	1686409779
		},
		"connecting_to":	{
			"host":	"h8",
			"port":	5000
		},
		"cookie":	"bhwqxpoowghvzoidotwuwbobnrkwdh2chokt",
		"tcp_mss_default":	1448,
		"sock_bufsize":	0,
		"sndbuf_actual":	87380,
		"rcvbuf_actual":	87380,
		"test_start":	{
			"protocol":	"TCP",
			"num_streams":	1,
			"blksize":	131072,
			"omit":	0,
			"duration":	0,
			"bytes":	66588989,
			"blocks":	0,
			"reverse":	0,
			"tos":	0
		}
	},
	"intervals":	[{
			"streams":	[{
					"socket":	6,
					"start":	0,
					"end":	1.0000729560852051,
					"seconds":	1.0000729560852051,
					"bytes":	16950192,
					"bits_per_second":	135591643.76448444,
					"retransmits":	0,
					"snd_cwnd":	1387184,
					"rtt":	110713,
					"rttvar":	306,
					"pmtu":	1500,
					"omitted":	false
				}],
			"sum":	{
				"start":	0,
				"end":	1.0000729560852051,
				"seconds":	1.0000729560852051,
				"bytes":	16950192,
				"bits_per_second":	135591643.76448444,
				"retransmits":	0,
				"omitted":	false
			}
		}, {
			"streams":	[{
					"socket":	6,
					"start":	1.0000729560852051,
					"end":	2.0000820159912109,
					"seconds":	1.0000090599060059,
					"bytes":	14417920,
					"bits_per_second":	115342315.00946751,
					"retransmits":	0,
					"snd_cwnd":	1979416,
					"rtt":	158286,
					"rttvar":	598,
					"pmtu":	1500,
					"omitted":	false
				}],
			"sum":	{
				"start":	1.0000729560852051,
				"end":	2.0000820159912109,
				"seconds":	1.0000090599060059,
				"bytes":	14417920,
				"bits_per_second":	115342315.00946751,
				"retransmits":	0,
				"omitted":	false
			}
		}, {
			"streams":	[{
					"socket":	6,
					"start":	2.0000820159912109,
					"end":	3.0000669956207275,
					"seconds":	0.9999849796295166,
					"bytes":	13107200,
					"bits_per_second":	104859175.02365744,
					"retransmits":	0,
					"snd_cwnd":	2571648,
					"rtt":	206390,
					"rttvar":	709,
					"pmtu":	1500,
					"omitted":	false
				}],
			"sum":	{
				"start":	2.0000820159912109,
				"end":	3.0000669956207275,
				"seconds":	0.9999849796295166,
				"bytes":	13107200,
				"bits_per_second":	104859175.02365744,
				"retransmits":	0,
				"omitted":	false
			}
		}, {
			"streams":	[{
					"socket":	6,
					"start":	3.0000669956207275,
					"end":	4.0000619888305664,
					"seconds":	0.99999499320983887,
					"bytes":	13107200,
					"bits_per_second":	104858125.00262858,
					"retransmits":	0,
					"snd_cwnd":	3162432,
					"rtt":	253980,
					"rttvar":	621,
					"pmtu":	1500,
					"omitted":	false
				}],
			"sum":	{
				"start":	3.0000669956207275,
				"end":	4.0000619888305664,
				"seconds":	0.99999499320983887,
				"bytes":	13107200,
				"bits_per_second":	104858125.00262858,
				"retransmits":	0,
				"omitted":	false
			}
		}, {
			"streams":	[{
					"socket":	6,
					"start":	4.0000619888305664,
					"end":	4.7223761081695557,
					"seconds":	0.72231411933898926,
					"bytes":	9175040,
					"bits_per_second":	101618282.17780206,
					"retransmits":	0,
					"snd_cwnd":	3591040,
					"rtt":	287829,
					"rttvar":	398,
					"pmtu":	1500,
					"omitted":	false
				}],
			"sum":	{
				"start":	4.0000619888305664,
				"end":	4.7223761081695557,
				"seconds":	0.72231411933898926,
				"bytes":	9175040,
				"bits_per_second":	101618282.17780206,
				"retransmits":	0,
				"omitted":	false
			}
		}],
	"end":	{
		"streams":	[{
				"sender":	{
					"socket":	6,
					"start":	0,
					"end":	4.7223761081695557,
					"seconds":	4.7223761081695557,
					"bytes":	66757552,
					"bits_per_second":	113091461.5369354,
					"retransmits":	0,
					"max_snd_cwnd":	3591040,
					"max_rtt":	287829,
					"min_rtt":	110713,
					"mean_rtt":	203439
				},
				"receiver":	{
					"socket":	6,
					"start":	0,
					"end":	5.0322721004486084,
					"seconds":	4.7223761081695557,
					"bytes":	58345712,
					"bits_per_second":	92754462.931046516
				}
			}],
		"sum_sent":	{
			"start":	0,
			"end":	4.7223761081695557,
			"seconds":	4.7223761081695557,
			"bytes":	66757552,
			"bits_per_second":	113091461.5369354,
			"retransmits":	0
		},
		"sum_received":	{
			"start":	0,
			"end":	5.0322721004486084,
			"seconds":	5.0322721004486084,
			"bytes":	58345712,
			"bits_per_second":	92754462.931046516
		},
		"cpu_utilization_percent":	{
			"host_total":	1.0419602245109927,
			"host_user":	0.14579911689614064,
			"host_system":	0.896140641708494,
			"remote_total":	0.50820212258473785,
			"remote_user":	0.013836571623799929,
			"remote_system":	0.49436555096093787
		},
		"sender_tcp_congestion":	"cubic",
		"receiver_tcp_congestion":	"cubic"
	}
}
