{
	"start":	{
		"connected":	[{
				"socket":	6,
				"local_host":	"192.168.15.1",
				"local_port":	46004,
				"remote_host":	"192.168.27.1",
				"remote_port":	5004
			}],
		"version":	"iperf 3.6",
		"system_info":	"Linux ba-thesis 4.19.0-23-amd64 #1 SMP Debian 4.19.269-1 (2022-12-20) x86_64",
		"timestamp":	{
			"time":	"Wed, 31 May 2023 15:28:35 GMT",
			"timesecs":	1685546915
		},
		"connecting_to":	{
			"host":	"h7",
			"port":	5004
		},
		"cookie":	"32stg5pnj6yb55wc3nw32gqsjjcutzk76twk",
		"tcp_mss_default":	1448,
		"sock_bufsize":	0,
		"sndbuf_actual":	87380,
		"rcvbuf_actual":	87380,
		"test_start":	{
			"protocol":	"TCP",
			"num_streams":	1,
			"blksize":	131072,
			"omit":	0,
			"duration":	0,
			"bytes":	355232768,
			"blocks":	0,
			"reverse":	0,
			"tos":	0
		}
	},
	"intervals":	[{
			"streams":	[{
					"socket":	6,
					"start":	0,
					"end":	1.0000720024108887,
					"seconds":	1.0000720024108887,
					"bytes":	16950192,
					"bits_per_second":	135591773.06544262,
					"retransmits":	0,
					"snd_cwnd":	1394424,
					"rtt":	110294,
					"rttvar":	190,
					"pmtu":	1500,
					"omitted":	false
				}],
			"sum":	{
				"start":	0,
				"end":	1.0000720024108887,
				"seconds":	1.0000720024108887,
				"bytes":	16950192,
				"bits_per_second":	135591773.06544262,
				"retransmits":	0,
				"omitted":	false
			}
		}, {
			"streams":	[{
					"socket":	6,
					"start":	1.0000720024108887,
					"end":	2.0000720024108887,
					"seconds":	1,
					"bytes":	14417920,
					"bits_per_second":	115343360,
					"retransmits":	0,
					"snd_cwnd":	1988104,
					"rtt":	159262,
					"rttvar":	964,
					"pmtu":	1500,
					"omitted":	false
				}],
			"sum":	{
				"start":	1.0000720024108887,
				"end":	2.0000720024108887,
				"seconds":	1,
				"bytes":	14417920,
				"bits_per_second":	115343360,
				"retransmits":	0,
				"omitted":	false
			}
		}, {
			"streams":	[{
					"socket":	6,
					"start":	2.0000720024108887,
					"end":	3.0000829696655273,
					"seconds":	1.0000109672546387,
					"bytes":	14417920,
					"bits_per_second":	115342095.01387343,
					"retransmits":	0,
					"snd_cwnd":	2583232,
					"rtt":	205766,
					"rttvar":	315,
					"pmtu":	1500,
					"omitted":	false
				}],
			"sum":	{
				"start":	2.0000720024108887,
				"end":	3.0000829696655273,
				"seconds":	1.0000109672546387,
				"bytes":	14417920,
				"bits_per_second":	115342095.01387343,
				"retransmits":	0,
				"omitted":	false
			}
		}, {
			"streams":	[{
					"socket":	6,
					"start":	3.0000829696655273,
					"end":	4.000053882598877,
					"seconds":	0.99997091293334961,
					"bytes":	11796480,
					"bits_per_second":	94374585.079846323,
					"retransmits":	0,
					"snd_cwnd":	3174016,
					"rtt":	253049,
					"rttvar":	516,
					"pmtu":	1500,
					"omitted":	false
				}],
			"sum":	{
				"start":	3.0000829696655273,
				"end":	4.000053882598877,
				"seconds":	0.99997091293334961,
				"bytes":	11796480,
				"bits_per_second":	94374585.079846323,
				"retransmits":	0,
				"omitted":	false
			}
		}, {
			"streams":	[{
					"socket":	6,
					"start":	4.000053882598877,
					"end":	5.0000948905944824,
					"seconds":	1.0000410079956055,
					"bytes":	11796480,
					"bits_per_second":	94367970.158694431,
					"retransmits":	0,
					"snd_cwnd":	3770592,
					"rtt":	299729,
					"rttvar":	766,
					"pmtu":	1500,
					"omitted":	false
				}],
			"sum":	{
				"start":	4.000053882598877,
				"end":	5.0000948905944824,
				"seconds":	1.0000410079956055,
				"bytes":	11796480,
				"bits_per_second":	94367970.158694431,
				"retransmits":	0,
				"omitted":	false
			}
		}, {
			"streams":	[{
					"socket":	6,
					"start":	5.0000948905944824,
					"end":	6.00011682510376,
					"seconds":	1.0000219345092773,
					"bytes":	11796480,
					"bits_per_second":	94369770.045403436,
					"retransmits":	0,
					"snd_cwnd":	4365720,
					"rtt":	347022,
					"rttvar":	722,
					"pmtu":	1500,
					"omitted":	false
				}],
			"sum":	{
				"start":	5.0000948905944824,
				"end":	6.00011682510376,
				"seconds":	1.0000219345092773,
				"bytes":	11796480,
				"bits_per_second":	94369770.045403436,
				"retransmits":	0,
				"omitted":	false
			}
		}, {
			"streams":	[{
					"socket":	6,
					"start":	6.00011682510376,
					"end":	7.0001070499420166,
					"seconds":	0.99999022483825684,
					"bytes":	11796480,
					"bits_per_second":	94372762.509017676,
					"retransmits":	0,
					"snd_cwnd":	4962296,
					"rtt":	394406,
					"rttvar":	434,
					"pmtu":	1500,
					"omitted":	false
				}],
			"sum":	{
				"start":	6.00011682510376,
				"end":	7.0001070499420166,
				"seconds":	0.99999022483825684,
				"bytes":	11796480,
				"bits_per_second":	94372762.509017676,
				"retransmits":	0,
				"omitted":	false
			}
		}, {
			"streams":	[{
					"socket":	6,
					"start":	7.0001070499420166,
					"end":	8.0000758171081543,
					"seconds":	0.9999687671661377,
					"bytes":	11796480,
					"bits_per_second":	94374787.592061654,
					"retransmits":	0,
					"snd_cwnd":	5560320,
					"rtt":	442262,
					"rttvar":	529,
					"pmtu":	1500,
					"omitted":	false
				}],
			"sum":	{
				"start":	7.0001070499420166,
				"end":	8.0000758171081543,
				"seconds":	0.9999687671661377,
				"bytes":	11796480,
				"bits_per_second":	94374787.592061654,
				"retransmits":	0,
				"omitted":	false
			}
		}, {
			"streams":	[{
					"socket":	6,
					"start":	8.0000758171081543,
					"end":	9.0001368522644043,
					"seconds":	1.00006103515625,
					"bytes":	11796480,
					"bits_per_second":	94366080.351541042,
					"retransmits":	0,
					"snd_cwnd":	6151104,
					"rtt":	500371,
					"rttvar":	366,
					"pmtu":	1500,
					"omitted":	false
				}],
			"sum":	{
				"start":	8.0000758171081543,
				"end":	9.0001368522644043,
				"seconds":	1.00006103515625,
				"bytes":	11796480,
				"bits_per_second":	94366080.351541042,
				"retransmits":	0,
				"omitted":	false
			}
		}, {
			"streams":	[{
					"socket":	6,
					"start":	9.0001368522644043,
					"end":	10.000104904174805,
					"seconds":	0.99996805191040039,
					"bytes":	11796480,
					"bits_per_second":	94374855.096326575,
					"retransmits":	0,
					"snd_cwnd":	6746232,
					"rtt":	541811,
					"rttvar":	638,
					"pmtu":	1500,
					"omitted":	false
				}],
			"sum":	{
				"start":	9.0001368522644043,
				"end":	10.000104904174805,
				"seconds":	0.99996805191040039,
				"bytes":	11796480,
				"bits_per_second":	94374855.096326575,
				"retransmits":	0,
				"omitted":	false
			}
		}, {
			"streams":	[{
					"socket":	6,
					"start":	10.000104904174805,
					"end":	11.000051975250244,
					"seconds":	0.99994707107543945,
					"bytes":	13107200,
					"bits_per_second":	104863150.29377107,
					"retransmits":	0,
					"snd_cwnd":	7344256,
					"rtt":	584186,
					"rttvar":	397,
					"pmtu":	1500,
					"omitted":	false
				}],
			"sum":	{
				"start":	10.000104904174805,
				"end":	11.000051975250244,
				"seconds":	0.99994707107543945,
				"bytes":	13107200,
				"bits_per_second":	104863150.29377107,
				"retransmits":	0,
				"omitted":	false
			}
		}, {
			"streams":	[{
					"socket":	6,
					"start":	11.000051975250244,
					"end":	12.000030994415283,
					"seconds":	0.99997901916503906,
					"bytes":	11796480,
					"bits_per_second":	94373820.041542917,
					"retransmits":	0,
					"snd_cwnd":	7940832,
					"rtt":	631971,
					"rttvar":	521,
					"pmtu":	1500,
					"omitted":	false
				}],
			"sum":	{
				"start":	11.000051975250244,
				"end":	12.000030994415283,
				"seconds":	0.99997901916503906,
				"bytes":	11796480,
				"bits_per_second":	94373820.041542917,
				"retransmits":	0,
				"omitted":	false
			}
		}, {
			"streams":	[{
					"socket":	6,
					"start":	12.000030994415283,
					"end":	13.000041007995605,
					"seconds":	1.0000100135803223,
					"bytes":	11796480,
					"bits_per_second":	94370895.009462744,
					"retransmits":	0,
					"snd_cwnd":	8538856,
					"rtt":	679595,
					"rttvar":	672,
					"pmtu":	1500,
					"omitted":	false
				}],