{
	"start":	{
		"connected":	[{
				"socket":	6,
				"local_host":	"192.168.14.1",
				"local_port":	49084,
				"remote_host":	"192.168.24.1",
				"remote_port":	5008
			}],
		"version":	"iperf 3.6",
		"system_info":	"Linux ba-thesis 4.19.0-23-amd64 #1 SMP Debian 4.19.269-1 (2022-12-20) x86_64",
		"timestamp":	{
			"time":	"Mon, 12 Jun 2023 00:01:01 GMT",
			"timesecs":	1686528061
		},
		"connecting_to":	{
			"host":	"h5",
			"port":	5008
		},
		"cookie":	"sv2yzpqcm7rbe5oflvfcuhzmtapdien4jfqf",
		"tcp_mss_default":	1448,
		"sock_bufsize":	0,
		"sndbuf_actual":	87380,
		"rcvbuf_actual":	87380,
		"test_start":	{
			"protocol":	"TCP",
			"num_streams":	1,
			"blksize":	131072,
			"omit":	0,
			"duration":	0,
			"bytes":	147246290,
			"blocks":	0,
			"reverse":	0,
			"tos":	0
		}
	},
	"intervals":	[{
			"streams":	[{
					"socket":	6,
					"start":	0,
					"end":	1.0000319480895996,
					"seconds":	1.0000319480895996,
					"bytes":	2539792,
					"bits_per_second":	20317686.888718821,
					"retransmits":	0,
					"snd_cwnd":	186792,
					"rtt":	146827,
					"rttvar":	1887,
					"pmtu":	1500,
					"omitted":	false
				}],
			"sum":	{
				"start":	0,
				"end":	1.0000319480895996,
				"seconds":	1.0000319480895996,
				"bytes":	2539792,
				"bits_per_second":	20317686.888718821,
				"retransmits":	0,
				"omitted":	false
			}
		}, {
			"streams":	[{
					"socket":	6,
					"start":	1.0000319480895996,
					"end":	2.0003371238708496,
					"seconds":	1.00030517578125,
					"bytes":	912240,
					"bits_per_second":	7295693.5310269082,
					"retransmits":	0,
					"snd_cwnd":	238920,
					"rtt":	233440,
					"rttvar":	1866,
					"pmtu":	1500,
					"omitted":	false
				}],
			"sum":	{
				"start":	1.0000319480895996,
				"end":	2.0003371238708496,
				"seconds":	1.00030517578125,
				"bytes":	912240,
				"bits_per_second":	7295693.5310269082,
				"retransmits":	0,
				"omitted":	false
			}
		}, {
			"streams":	[{
					"socket":	6,
					"start":	2.0003371238708496,
					"end":	3.0004599094390869,
					"seconds":	1.0001227855682373,
					"bytes":	1107720,
					"bits_per_second":	8860672.03734893,
					"retransmits":	0,
					"snd_cwnd":	283808,
					"rtt":	309984,
					"rttvar":	2221,
					"pmtu":	1500,
					"omitted":	false
				}],
			"sum":	{
				"start":	2.0003371238708496,
				"end":	3.0004599094390869,
				"seconds":	1.0001227855682373,
				"bytes":	1107720,
				"bits_per_second":	8860672.03734893,
				"retransmits":	0,
				"omitted":	false
			}
		}, {
			"streams":	[{
					"socket":	6,
					"start":	3.0004599094390869,
					"end":	4.0002620220184326,
					"seconds":	0.9998021125793457,
					"bytes":	1238040,
					"bits_per_second":	9906280.328262439,
					"retransmits":	0,
					"snd_cwnd":	324352,
					"rtt":	378533,
					"rttvar":	1846,
					"pmtu":	1500,
					"omitted":	false
				}],
			"sum":	{
				"start":	3.0004599094390869,
				"end":	4.0002620220184326,
				"seconds":	0.9998021125793457,
				"bytes":	1238040,
				"bits_per_second":	9906280.328262439,
				"retransmits":	0,
				"omitted":	false
			}
		}, {
			"streams":	[{
					"socket":	6,
					"start":	4.0002620220184326,
					"end":	5.0005860328674316,
					"seconds":	1.000324010848999,
					"bytes":	716760,
					"bits_per_second":	5732222.69765708,
					"retransmits":	0,
					"snd_cwnd":	364896,
					"rtt":	444136,
					"rttvar":	1788,
					"pmtu":	1500,
					"omitted":	false
				}],
			"sum":	{
				"start":	4.0002620220184326,
				"end":	5.0005860328674316,
				"seconds":	1.000324010848999,
				"bytes":	716760,
				"bits_per_second":	5732222.69765708,
				"retransmits":	0,
				"omitted":	false
			}
		}, {
			"streams":	[{
					"socket":	6,
					"start":	5.0005860328674316,
					"end":	6.00079607963562,
					"seconds":	1.0002100467681885,
					"bytes":	781920,
					"bits_per_second":	6254046.3577744486,
					"retransmits":	0,
					"snd_cwnd":	401096,
					"rtt":	506759,
					"rttvar":	1954,
					"pmtu":	1500,
					"omitted":	false
				}],
			"sum":	{
				"start":	5.0005860328674316,
				"end":	6.00079607963562,
				"seconds":	1.0002100467681885,
				"bytes":	781920,
				"bits_per_second":	6254046.3577744486,
				"retransmits":	0,
				"omitted":	false
			}
		}, {
			"streams":	[{
					"socket":	6,
					"start":	6.00079607963562,
					"end":	7.0009539127349854,
					"seconds":	1.0001578330993652,
					"bytes":	847080,
					"bits_per_second":	6775570.5906937029,
					"retransmits":	0,
					"snd_cwnd":	438744,
					"rtt":	568432,
					"rttvar":	1785,
					"pmtu":	1500,
					"omitted":	false
				}],
			"sum":	{
				"start":	6.00079607963562,
				"end":	7.0009539127349854,
				"seconds":	1.0001578330993652,
				"bytes":	847080,
				"bits_per_second":	6775570.5906937029,
				"retransmits":	0,
				"omitted":	false
			}
		}, {
			"streams":	[{
					"socket":	6,
					"start":	7.0009539127349854,
					"end":	8.0008640289306641,
					"seconds":	0.99991011619567871,
					"bytes":	912240,
					"bits_per_second":	7298576.0237791454,
					"retransmits":	0,
					"snd_cwnd":	473496,
					"rtt":	627752,
					"rttvar":	2004,
					"pmtu":	1500,
					"omitted":	false
				}],
			"sum":	{
				"start":	7.0009539127349854,
				"end":	8.0008640289306641,
				"seconds":	0.99991011619567871,
				"bytes":	912240,
				"bits_per_second":	7298576.0237791454,
				"retransmits":	0,
				"omitted":	false
			}
		}, {
			"streams":	[{
					"socket":	6,
					"start":	8.0008640289306641,
					"end":	9.0008509159088135,
					"seconds":	0.99998688697814941,
					"bytes":	977400,
					"bits_per_second":	7819302.5346849933,
					"retransmits":	0,
					"snd_cwnd":	509696,
					"rtt":	688191,
					"rttvar":	1835,
					"pmtu":	1500,
					"omitted":	false
				}],
			"sum":	{
				"start":	8.0008640289306641,
				"end":	9.0008509159088135,
				"seconds":	0.99998688697814941,
				"bytes":	977400,
				"bits_per_second":	7819302.5346849933,
				"retransmits":	0,
				"omitted":	false
			}
		}, {
			"streams":	[{
					"socket":	6,
					"start":	9.0008509159088135,
					"end":	10.000723123550415,
					"seconds":	0.99987220764160156,
					"bytes":	1042560,
					"bits_per_second":	8341545.9858342186,
					"retransmits":	0,
					"snd_cwnd":	590784,
					"rtt":	736329,
					"rttvar":	477,
					"pmtu":	1500,
					"omitted":	false
				}],
			"sum":	{
				"start":	9.0008509159088135,
				"end":	10.000723123550415,
				"seconds":	0.99987220764160156,
				"bytes":	1042560,
				"bits_per_second":	8341545.9858342186,
				"retransmits":	0,
				"omitted":	false
			}
		}, {
			"streams":	[{
					"socket":	6,
					"start":	10.000723123550415,
					"end":	11.000468015670776,
					"seconds":	0.99974489212036133,
					"bytes":	1238040,
					"bits_per_second":	9906847.3148123864,
					"retransmits":	0,
					"snd_cwnd":	745720,
					"rtt":	744163,
					"rttvar":	354,
					"pmtu":	1500,
					"omitted":	false
				}],
			"sum":	{
				"start":	10.000723123550415,
				"end":	11.000468015670776,
				"seconds":	0.99974489212036133,
				"bytes":	1238040,
				"bits_per_second":	9906847.3148123864,
				"retransmits":	0,
				"omitted":	false
			}
		}, {
			"streams":	[{
					"socket":	6,
					"start":	11.000468015670776,
					"end":	12.000065088272095,
					"seconds":	0.99959707260131836,
					"bytes":	2621440,
					"bits_per_second":	20979973.406108934,
					"retransmits":	0,
					"snd_cwnd":	939752,
					"rtt":	757884,
					"rttvar":	365,
					"pmtu":	1500,
					"omitted":	false
				}],
			"sum":	{
				"start":	11.000468015670776,
				"end":	12.000065088272095,
				"seconds":	0.99959707260131836,
				"bytes":	2621440,
				"bits_per_second":	20979973.406108934,
				"retransmits":	0,
				"omitted":	false
			}
		}, {
			"streams":	[{
					"socket":	6,
					"start":	12.000065088272095,
					"end":	13.000468015670776,
					"seconds":	1.0004029273986816,
					"bytes":	1310720,
					"bits_per_second":	10481536.701682605,
					"retransmits":	0,
					"snd_cwnd":	1171432,
					"rtt":	783912,
					"rttvar":	440,
					"pmtu":	1500,
					"omitted":	false
				}],