{
	"start":	{
		"connected":	[{
				"socket":	6,
				"local_host":	"192.168.7.2",
				"local_port":	46016,
				"remote_host":	"192.168.7.1",
				"remote_port":	5009
			}],
		"version":	"iperf 3.6",
		"system_info":	"Linux ba-thesis 4.19.0-23-amd64 #1 SMP Debian 4.19.269-1 (2022-12-20) x86_64",
		"timestamp":	{
			"time":	"Thu, 01 Jun 2023 09:34:42 GMT",
			"timesecs":	1685612082
		},
		"connecting_to":	{
			"host":	"h1",
			"port":	5009
		},
		"cookie":	"pqwcyh3dhrtnxabddwnupzsepbgfnkqznwmr",
		"tcp_mss_default":	1448,
		"sock_bufsize":	0,
		"sndbuf_actual":	87380,
		"rcvbuf_actual":	87380,
		"test_start":	{
			"protocol":	"TCP",
			"num_streams":	1,
			"blksize":	131072,
			"omit":	0,
			"duration":	0,
			"bytes":	65291264,
			"blocks":	0,
			"reverse":	0,
			"tos":	0
		}
	},
	"intervals":	[{
			"streams":	[{
					"socket":	6,
					"start":	0,
					"end":	1.000126838684082,
					"seconds":	1.000126838684082,
					"bytes":	15261032,
					"bits_per_second":	122072772.45018017,
					"retransmits":	0,
					"snd_cwnd":	790608,
					"rtt":	62298,
					"rttvar":	707,
					"pmtu":	1500,
					"omitted":	false
				}],
			"sum":	{
				"start":	0,
				"end":	1.000126838684082,
				"seconds":	1.000126838684082,
				"bytes":	15261032,
				"bits_per_second":	122072772.45018017,
				"retransmits":	0,
				"omitted":	false
			}
		}, {
			"streams":	[{
					"socket":	6,
					"start":	1.000126838684082,
					"end":	2.0001349449157715,
					"seconds":	1.0000081062316895,
					"bytes":	14417920,
					"bits_per_second":	115342425.00757927,
					"retransmits":	0,
					"snd_cwnd":	1388632,
					"rtt":	109840,
					"rttvar":	483,
					"pmtu":	1500,
					"omitted":	false
				}],
			"sum":	{
				"start":	1.000126838684082,
				"end":	2.0001349449157715,
				"seconds":	1.0000081062316895,
				"bytes":	14417920,
				"bits_per_second":	115342425.00757927,
				"retransmits":	0,
				"omitted":	false
			}
		}, {
			"streams":	[{
					"socket":	6,
					"start":	2.0001349449157715,
					"end":	3.0001668930053711,
					"seconds":	1.0000319480895996,
					"bytes":	13107200,
					"bits_per_second":	104854250.10702269,
					"retransmits":	0,
					"snd_cwnd":	1972176,
					"rtt":	156368,
					"rttvar":	601,
					"pmtu":	1500,
					"omitted":	false
				}],
			"sum":	{
				"start":	2.0001349449157715,
				"end":	3.0001668930053711,
				"seconds":	1.0000319480895996,
				"bytes":	13107200,
				"bits_per_second":	104854250.10702269,
				"retransmits":	0,
				"omitted":	false
			}
		}, {
			"streams":	[{
					"socket":	6,
					"start":	3.0001668930053711,
					"end":	4.0001227855682373,
					"seconds":	0.99995589256286621,
					"bytes":	14417920,
					"bits_per_second":	115348447.72440648,
					"retransmits":	0,
					"snd_cwnd":	2568752,
					"rtt":	203928,
					"rttvar":	690,
					"pmtu":	1500,
					"omitted":	false
				}],
			"sum":	{
				"start":	3.0001668930053711,
				"end":	4.0001227855682373,
				"seconds":	0.99995589256286621,
				"bytes":	14417920,
				"bits_per_second":	115348447.72440648,
				"retransmits":	0,
				"omitted":	false
			}
		}, {
			"streams":	[{
					"socket":	6,
					"start":	4.0001227855682373,
					"end":	4.6038269996643066,
					"seconds":	0.60370421409606934,
					"bytes":	9175040,
					"bits_per_second":	121583249.35647969,
					"retransmits":	0,
					"snd_cwnd":	2929304,
					"rtt":	232798,
					"rttvar":	614,
					"pmtu":	1500,
					"omitted":	false
				}],
			"sum":	{
				"start":	4.0001227855682373,
				"end":	4.6038269996643066,
				"seconds":	0.60370421409606934,
				"bytes":	9175040,
				"bits_per_second":	121583249.35647969,
				"retransmits":	0,
				"omitted":	false
			}
		}],
	"end":	{
		"streams":	[{
				"sender":	{
					"socket":	6,
					"start":	0,
					"end":	4.6038269996643066,
					"seconds":	4.6038269996643066,
					"bytes":	66379112,
					"bits_per_second":	115345971.0885576,
					"retransmits":	0,
					"max_snd_cwnd":	2929304,
					"max_rtt":	232798,
					"min_rtt":	62298,
					"mean_rtt":	153046
				},
				"receiver":	{
					"socket":	6,
					"start":	0,
					"end":	4.861320972442627,
					"seconds":	4.6038269996643066,
					"bytes":	57252472,
					"bits_per_second":	94217143.569901466
				}
			}],
		"sum_sent":	{
			"start":	0,
			"end":	4.6038269996643066,
			"seconds":	4.6038269996643066,
			"bytes":	66379112,
			"bits_per_second":	115345971.0885576,
			"retransmits":	0
		},
		"sum_received":	{
			"start":	0,
			"end":	4.861320972442627,
			"seconds":	4.861320972442627,
			"bytes":	57252472,
			"bits_per_second":	94217143.569901466
		},
		"cpu_utilization_percent":	{
			"host_total":	1.117564109635184,
			"host_user":	0.0087908985460572291,
			"host_system":	1.108752079121468,
			"remote_total":	1.3665135563529829,
			"remote_user":	0.11795798067476453,
			"remote_system":	1.2485756093026534
		},
		"sender_tcp_congestion":	"cubic",
		"receiver_tcp_congestion":	"cubic"
	}
}
