{
	"start":	{
		"connected":	[{
				"socket":	6,
				"local_host":	"192.168.7.2",
				"local_port":	42416,
				"remote_host":	"192.168.7.1",
				"remote_port":	5002
			}],
		"version":	"iperf 3.6",
		"system_info":	"Linux ba-thesis 4.19.0-23-amd64 #1 SMP Debian 4.19.269-1 (2022-12-20) x86_64",
		"timestamp":	{
			"time":	"Tue, 13 Jun 2023 00:30:22 GMT",
			"timesecs":	1686616222
		},
		"connecting_to":	{
			"host":	"h7",
			"port":	5002
		},
		"cookie":	"sdbem5cjkx7tpcszyt6p5ddoles7dwhm6ui2",
		"tcp_mss_default":	1448,
		"sock_bufsize":	0,
		"sndbuf_actual":	87380,
		"rcvbuf_actual":	87380,
		"test_start":	{
			"protocol":	"TCP",
			"num_streams":	1,
			"blksize":	131072,
			"omit":	0,
			"duration":	0,
			"bytes":	283609088,
			"blocks":	0,
			"reverse":	0,
			"tos":	0
		}
	},
	"intervals":	[{
			"streams":	[{
					"socket":	6,
					"start":	0,
					"end":	1.0001399517059326,
					"seconds":	1.0001399517059326,
					"bytes":	15284480,
					"bits_per_second":	122258729.68221582,
					"retransmits":	0,
					"snd_cwnd":	797848,
					"rtt":	62888,
					"rttvar":	579,
					"pmtu":	1500,
					"omitted":	false
				}],
			"sum":	{
				"start":	0,
				"end":	1.0001399517059326,
				"seconds":	1.0001399517059326,
				"bytes":	15284480,
				"bits_per_second":	122258729.68221582,
				"retransmits":	0,
				"omitted":	false
			}
		}, {
			"streams":	[{
					"socket":	6,
					"start":	1.0001399517059326,
					"end":	2.0000829696655273,
					"seconds":	0.99994301795959473,
					"bytes":	14417920,
					"bits_per_second":	115349932.8745358,
					"retransmits":	0,
					"snd_cwnd":	1395872,
					"rtt":	110488,
					"rttvar":	479,
					"pmtu":	1500,
					"omitted":	false
				}],
			"sum":	{
				"start":	1.0001399517059326,
				"end":	2.0000829696655273,
				"seconds":	0.99994301795959473,
				"bytes":	14417920,
				"bits_per_second":	115349932.8745358,
				"retransmits":	0,
				"omitted":	false
			}
		}, {
			"streams":	[{
					"socket":	6,
					"start":	2.0000829696655273,
					"end":	3.0000910758972168,
					"seconds":	1.0000081062316895,
					"bytes":	13107200,
					"bits_per_second":	104856750.00689024,
					"retransmits":	0,
					"snd_cwnd":	1976520,
					"rtt":	156882,
					"rttvar":	472,
					"pmtu":	1500,
					"omitted":	false
				}],
			"sum":	{
				"start":	2.0000829696655273,
				"end":	3.0000910758972168,
				"seconds":	1.0000081062316895,
				"bytes":	13107200,
				"bits_per_second":	104856750.00689024,
				"retransmits":	0,
				"omitted":	false
			}
		}, {
			"streams":	[{
					"socket":	6,
					"start":	3.0000910758972168,
					"end":	4.00012993812561,
					"seconds":	1.0000388622283936,
					"bytes":	14417920,
					"bits_per_second":	115338877.67419317,
					"retransmits":	0,
					"snd_cwnd":	2574544,
					"rtt":	204385,
					"rttvar":	535,
					"pmtu":	1500,
					"omitted":	false
				}],
			"sum":	{
				"start":	3.0000910758972168,
				"end":	4.00012993812561,
				"seconds":	1.0000388622283936,
				"bytes":	14417920,
				"bits_per_second":	115338877.67419317,
				"retransmits":	0,
				"omitted":	false
			}
		}, {
			"streams":	[{
					"socket":	6,
					"start":	4.00012993812561,
					"end":	5.0001039505004883,
					"seconds":	0.99997401237487793,
					"bytes":	13107200,
					"bits_per_second":	104860325.07081813,
					"retransmits":	0,
					"snd_cwnd":	3172568,
					"rtt":	251926,
					"rttvar":	409,
					"pmtu":	1500,
					"omitted":	false
				}],
			"sum":	{
				"start":	4.00012993812561,
				"end":	5.0001039505004883,
				"seconds":	0.99997401237487793,
				"bytes":	13107200,
				"bits_per_second":	104860325.07081813,
				"retransmits":	0,
				"omitted":	false
			}
		}, {
			"streams":	[{
					"socket":	6,
					"start":	5.0001039505004883,
					"end":	6.0001211166381836,
					"seconds":	1.0000171661376953,
					"bytes":	11796480,
					"bits_per_second":	94370220.027808666,
					"retransmits":	0,
					"snd_cwnd":	3770592,
					"rtt":	299585,
					"rttvar":	384,
					"pmtu":	1500,
					"omitted":	false
				}],
			"sum":	{
				"start":	5.0001039505004883,
				"end":	6.0001211166381836,
				"seconds":	1.0000171661376953,
				"bytes":	11796480,
				"bits_per_second":	94370220.027808666,
				"retransmits":	0,
				"omitted":	false
			}
		}, {
			"streams":	[{
					"socket":	6,
					"start":	6.0001211166381836,
					"end":	7.000075101852417,
					"seconds":	0.9999539852142334,
					"bytes":	11796480,
					"bits_per_second":	94376182.6998284,
					"retransmits":	0,
					"snd_cwnd":	4367168,
					"rtt":	347220,
					"rttvar":	593,
					"pmtu":	1500,
					"omitted":	false
				}],
			"sum":	{
				"start":	6.0001211166381836,
				"end":	7.000075101852417,
				"seconds":	0.9999539852142334,
				"bytes":	11796480,
				"bits_per_second":	94376182.6998284,
				"retransmits":	0,
				"omitted":	false
			}
		}, {
			"streams":	[{
					"socket":	6,
					"start":	7.000075101852417,
					"end":	8.00012993812561,
					"seconds":	1.0000548362731934,
					"bytes":	11796480,
					"bits_per_second":	94366665.283762157,
					"retransmits":	0,
					"snd_cwnd":	4965192,
					"rtt":	394587,
					"rttvar":	349,
					"pmtu":	1500,
					"omitted":	false
				}],
			"sum":	{
				"start":	7.000075101852417,
				"end":	8.00012993812561,
				"seconds":	1.0000548362731934,
				"bytes":	11796480,
				"bits_per_second":	94366665.283762157,
				"retransmits":	0,
				"omitted":	false
			}
		}, {
			"streams":	[{
					"socket":	6,
					"start":	8.00012993812561,
					"end":	9.0001161098480225,
					"seconds":	0.99998617172241211,
					"bytes":	11796480,
					"bits_per_second":	94373145.018046156,
					"retransmits":	0,
					"snd_cwnd":	5563216,
					"rtt":	442377,
					"rttvar":	454,
					"pmtu":	1500,
					"omitted":	false
				}],
			"sum":	{
				"start":	8.00012993812561,
				"end":	9.0001161098480225,
				"seconds":	0.99998617172241211,
				"bytes":	11796480,
				"bits_per_second":	94373145.018046156,
				"retransmits":	0,
				"omitted":	false
			}
		}, {
			"streams":	[{
					"socket":	6,
					"start":	9.0001161098480225,
					"end":	10.000173091888428,
					"seconds":	1.0000569820404053,
					"bytes":	11796480,
					"bits_per_second":	94366462.806403458,
					"retransmits":	0,
					"snd_cwnd":	6159792,
					"rtt":	490028,
					"rttvar":	659,
					"pmtu":	1500,
					"omitted":	false
				}],
			"sum":	{
				"start":	9.0001161098480225,
				"end":	10.000173091888428,
				"seconds":	1.0000569820404053,
				"bytes":	11796480,
				"bits_per_second":	94366462.806403458,
				"retransmits":	0,
				"omitted":	false
			}
		}, {
			"streams":	[{
					"socket":	6,
					"start":	10.000173091888428,
					"end":	11.000075101852417,
					"seconds":	0.99990200996398926,
					"bytes":	13107200,
					"bits_per_second":	104867876.0069463,
					"retransmits":	0,
					"snd_cwnd":	6757816,
					"rtt":	537618,
					"rttvar":	647,
					"pmtu":	1500,
					"omitted":	false
				}],
			"sum":	{
				"start":	10.000173091888428,
				"end":	11.000075101852417,
				"seconds":	0.99990200996398926,
				"bytes":	13107200,
				"bits_per_second":	104867876.0069463,
				"retransmits":	0,
				"omitted":	false
			}
		}, {
			"streams":	[{
					"socket":	6,
					"start":	11.000075101852417,
					"end":	12.000067949295044,
					"seconds":	0.999992847442627,
					"bytes":	11796480,
					"bits_per_second":	94372515.004828,
					"retransmits":	0,
					"snd_cwnd":	7355840,
					"rtt":	585291,
					"rttvar":	418,
					"pmtu":	1500,
					"omitted":	false
				}],
			"sum":	{
				"start":	11.000075101852417,
				"end":	12.000067949295044,
				"seconds":	0.999992847442627,
				"bytes":	11796480,
				"bits_per_second":	94372515.004828,
				"retransmits":	0,
				"omitted":	false
			}
		}, {
			"streams":	[{
					"socket":	6,
					"start":	12.000067949295044,
					"end":	13.000083923339844,
					"seconds":	1.0000159740447998,
					"bytes":	11796480,
					"bits_per_second":	94370332.524080485,
					"retransmits":	0,
					"snd_cwnd":	7945176,
					"rtt":	631985,
					"rttvar":	212,
					"pmtu":	1500,
					"omitted":	false
				}],