{
	"start":	{
		"connected":	[{
				"socket":	6,
				"local_host":	"192.168.30.2",
				"local_port":	47086,
				"remote_host":	"192.168.30.1",
				"remote_port":	5011
			}],
		"version":	"iperf 3.6",
		"system_info":	"Linux ba-thesis 4.19.0-23-amd64 #1 SMP Debian 4.19.269-1 (2022-12-20) x86_64",
		"timestamp":	{
			"time":	"Mon, 05 Jun 2023 11:57:05 GMT",
			"timesecs":	1685966225
		},
		"connecting_to":	{
			"host":	"h13",
			"port":	5011
		},
		"cookie":	"hmbqlypupcckes2uwlyfbrdwichi5tzsyli6",
		"tcp_mss_default":	1448,
		"sock_bufsize":	0,
		"sndbuf_actual":	87380,
		"rcvbuf_actual":	87380,
		"test_start":	{
			"protocol":	"TCP",
			"num_streams":	1,
			"blksize":	131072,
			"omit":	0,
			"duration":	0,
			"bytes":	98285918,
			"blocks":	0,
			"reverse":	0,
			"tos":	0
		}
	},
	"intervals":	[{
			"streams":	[{
					"socket":	6,
					"start":	0,
					"end":	1.00006103515625,
					"seconds":	1.00006103515625,
					"bytes":	15278688,
					"bits_per_second":	122222044.15843759,
					"retransmits":	0,
					"snd_cwnd":	797848,
					"rtt":	62740,
					"rttvar":	476,
					"pmtu":	1500,
					"omitted":	false
				}],
			"sum":	{
				"start":	0,
				"end":	1.00006103515625,
				"seconds":	1.00006103515625,
				"bytes":	15278688,
				"bits_per_second":	122222044.15843759,
				"retransmits":	0,
				"omitted":	false
			}
		}, {
			"streams":	[{
					"socket":	6,
					"start":	1.00006103515625,
					"end":	2.0000731945037842,
					"seconds":	1.0000121593475342,
					"bytes":	14417920,
					"bits_per_second":	115341957.51705328,
					"retransmits":	0,
					"snd_cwnd":	1395872,
					"rtt":	110425,
					"rttvar":	467,
					"pmtu":	1500,
					"omitted":	false
				}],
			"sum":	{
				"start":	1.00006103515625,
				"end":	2.0000731945037842,
				"seconds":	1.0000121593475342,
				"bytes":	14417920,
				"bits_per_second":	115341957.51705328,
				"retransmits":	0,
				"omitted":	false
			}
		}, {
			"streams":	[{
					"socket":	6,
					"start":	2.0000731945037842,
					"end":	3.00007700920105,
					"seconds":	1.0000038146972656,
					"bytes":	14417920,
					"bits_per_second":	115342920.00167847,
					"retransmits":	0,
					"snd_cwnd":	1993896,
					"rtt":	158073,
					"rttvar":	552,
					"pmtu":	1500,
					"omitted":	false
				}],
			"sum":	{
				"start":	2.0000731945037842,
				"end":	3.00007700920105,
				"seconds":	1.0000038146972656,
				"bytes":	14417920,
				"bits_per_second":	115342920.00167847,
				"retransmits":	0,
				"omitted":	false
			}
		}, {
			"streams":	[{
					"socket":	6,
					"start":	3.00007700920105,
					"end":	4.0000782012939453,
					"seconds":	1.0000011920928955,
					"bytes":	14417920,
					"bits_per_second":	115343222.50016391,
					"retransmits":	0,
					"snd_cwnd":	2590472,
					"rtt":	205683,
					"rttvar":	456,
					"pmtu":	1500,
					"omitted":	false
				}],
			"sum":	{
				"start":	3.00007700920105,
				"end":	4.0000782012939453,
				"seconds":	1.0000011920928955,
				"bytes":	14417920,
				"bits_per_second":	115343222.50016391,
				"retransmits":	0,
				"omitted":	false
			}
		}, {
			"streams":	[{
					"socket":	6,
					"start":	4.0000782012939453,
					"end":	5.0001211166381836,
					"seconds":	1.0000429153442383,
					"bytes":	11796480,
					"bits_per_second":	94367790.173799679,
					"retransmits":	0,
					"snd_cwnd":	3188496,
					"rtt":	253195,
					"rttvar":	537,
					"pmtu":	1500,
					"omitted":	false
				}],
			"sum":	{
				"start":	4.0000782012939453,
				"end":	5.0001211166381836,
				"seconds":	1.0000429153442383,
				"bytes":	11796480,
				"bits_per_second":	94367790.173799679,
				"retransmits":	0,
				"omitted":	false
			}
		}, {
			"streams":	[{
					"socket":	6,
					"start":	5.0001211166381836,
					"end":	6.0001480579376221,
					"seconds":	1.0000269412994385,
					"bytes":	11796480,
					"bits_per_second":	94369297.5684964,
					"retransmits":	0,
					"snd_cwnd":	3786520,
					"rtt":	300968,
					"rttvar":	542,
					"pmtu":	1500,
					"omitted":	false
				}],
			"sum":	{
				"start":	5.0001211166381836,
				"end":	6.0001480579376221,
				"seconds":	1.0000269412994385,
				"bytes":	11796480,
				"bits_per_second":	94369297.5684964,
				"retransmits":	0,
				"omitted":	false
			}
		}, {
			"streams":	[{
					"socket":	6,
					"start":	6.0001480579376221,
					"end":	7.0001401901245117,
					"seconds":	0.99999213218688965,
					"bytes":	11796480,
					"bits_per_second":	94372582.5058419,
					"retransmits":	0,
					"snd_cwnd":	4383096,
					"rtt":	348486,
					"rttvar":	551,
					"pmtu":	1500,
					"omitted":	false
				}],
			"sum":	{
				"start":	6.0001480579376221,
				"end":	7.0001401901245117,
				"seconds":	0.99999213218688965,
				"bytes":	11796480,
				"bits_per_second":	94372582.5058419,
				"retransmits":	0,
				"omitted":	false
			}
		}, {
			"streams":	[{
					"socket":	6,
					"start":	7.0001401901245117,
					"end":	7.3485960960388184,
					"seconds":	0.34845590591430664,
					"bytes":	5242880,
					"bits_per_second":	120368285.59397344,
					"retransmits":	0,
					"snd_cwnd":	4585816,
					"rtt":	374111,
					"rttvar":	730,
					"pmtu":	1500,
					"omitted":	false
				}],
			"sum":	{
				"start":	7.0001401901245117,
				"end":	7.3485960960388184,
				"seconds":	0.34845590591430664,
				"bytes":	5242880,
				"bits_per_second":	120368285.59397344,
				"retransmits":	0,
				"omitted":	false
			}
		}],
	"end":	{
		"streams":	[{
				"sender":	{
					"socket":	6,
					"start":	0,
					"end":	7.3485960960388184,
					"seconds":	7.3485960960388184,
					"bytes":	99164768,
					"bits_per_second":	107955061.56987314,
					"retransmits":	0,
					"max_snd_cwnd":	4585816,
					"max_rtt":	374111,
					"min_rtt":	62740,
					"mean_rtt":	226710
				},
				"receiver":	{
					"socket":	6,
					"start":	0,
					"end":	7.7602429389953613,
					"seconds":	7.3485960960388184,
					"bytes":	91832160,
					"bits_per_second":	94669366.123621449
				}
			}],
		"sum_sent":	{
			"start":	0,
			"end":	7.3485960960388184,
			"seconds":	7.3485960960388184,
			"bytes":	99164768,
			"bits_per_second":	107955061.56987314,
			"retransmits":	0
		},
		"sum_received":	{
			"start":	0,
			"end":	7.7602429389953613,
			"seconds":	7.7602429389953613,
			"bytes":	91832160,
			"bits_per_second":	94669366.123621449
		},
		"cpu_utilization_percent":	{
			"host_total":	0.53204965119019632,
			"host_user":	0.0998663187798171,
			"host_system":	0.43219670855808606,
			"remote_total":	1.292775742589835,
			"remote_user":	0.077715250307815842,
			"remote_system":	1.2150604922820192
		},
		"sender_tcp_congestion":	"cubic",
		"receiver_tcp_congestion":	"cubic"
	}
}
