{
	"start":	{
		"connected":	[{
				"socket":	6,
				"local_host":	"192.168.0.1",
				"local_port":	52768,
				"remote_host":	"192.168.0.2",
				"remote_port":	5005
			}],
		"version":	"iperf 3.6",
		"system_info":	"Linux ba-thesis 4.19.0-23-amd64 #1 SMP Debian 4.19.269-1 (2022-12-20) x86_64",
		"timestamp":	{
			"time":	"Mon, 05 Jun 2023 09:20:18 GMT",
			"timesecs":	1685956818
		},
		"connecting_to":	{
			"host":	"h0",
			"port":	5005
		},
		"cookie":	"wlheezrz7jelpsccscxamfsqd6jsxhqisspf",
		"tcp_mss_default":	1448,
		"sock_bufsize":	0,
		"sndbuf_actual":	87380,
		"rcvbuf_actual":	87380,
		"test_start":	{
			"protocol":	"TCP",
			"num_streams":	1,
			"blksize":	131072,
			"omit":	0,
			"duration":	0,
			"bytes":	276341783,
			"blocks":	0,
			"reverse":	0,
			"tos":	0
		}
	},
	"intervals":	[{
			"streams":	[{
					"socket":	6,
					"start":	0,
					"end":	1.0000841617584229,
					"seconds":	1.0000841617584229,
					"bytes":	15284480,
					"bits_per_second":	122265549.91632451,
					"retransmits":	0,
					"snd_cwnd":	797848,
					"rtt":	62868,
					"rttvar":	555,
					"pmtu":	1500,
					"omitted":	false
				}],
			"sum":	{
				"start":	0,
				"end":	1.0000841617584229,
				"seconds":	1.0000841617584229,
				"bytes":	15284480,
				"bits_per_second":	122265549.91632451,
				"retransmits":	0,
				"omitted":	false
			}
		}, {
			"streams":	[{
					"socket":	6,
					"start":	1.0000841617584229,
					"end":	2.0000669956207275,
					"seconds":	0.99998283386230469,
					"bytes":	14417920,
					"bits_per_second":	115345340.03398953,
					"retransmits":	0,
					"snd_cwnd":	1395872,
					"rtt":	110607,
					"rttvar":	456,
					"pmtu":	1500,
					"omitted":	false
				}],
			"sum":	{
				"start":	1.0000841617584229,
				"end":	2.0000669956207275,
				"seconds":	0.99998283386230469,
				"bytes":	14417920,
				"bits_per_second":	115345340.03398953,
				"retransmits":	0,
				"omitted":	false
			}
		}, {
			"streams":	[{
					"socket":	6,
					"start":	2.0000669956207275,
					"end":	3.0000441074371338,
					"seconds":	0.99997711181640625,
					"bytes":	14417920,
					"bits_per_second":	115346000.06042619,
					"retransmits":	0,
					"snd_cwnd":	1993896,
					"rtt":	157924,
					"rttvar":	246,
					"pmtu":	1500,
					"omitted":	false
				}],
			"sum":	{
				"start":	2.0000669956207275,
				"end":	3.0000441074371338,
				"seconds":	0.99997711181640625,
				"bytes":	14417920,
				"bits_per_second":	115346000.06042619,
				"retransmits":	0,
				"omitted":	false
			}
		}, {
			"streams":	[{
					"socket":	6,
					"start":	3.0000441074371338,
					"end":	4.0000760555267334,
					"seconds":	1.0000319480895996,
					"bytes":	14417920,
					"bits_per_second":	115339675.11772496,
					"retransmits":	0,
					"snd_cwnd":	2591920,
					"rtt":	205760,
					"rttvar":	431,
					"pmtu":	1500,
					"omitted":	false
				}],
			"sum":	{
				"start":	3.0000441074371338,
				"end":	4.0000760555267334,
				"seconds":	1.0000319480895996,
				"bytes":	14417920,
				"bits_per_second":	115339675.11772496,
				"retransmits":	0,
				"omitted":	false
			}
		}, {
			"streams":	[{
					"socket":	6,
					"start":	4.0000760555267334,
					"end":	5.0000569820404053,
					"seconds":	0.99998092651367188,
					"bytes":	11796480,
					"bits_per_second":	94373640.034332931,
					"retransmits":	0,
					"snd_cwnd":	3185600,
					"rtt":	253007,
					"rttvar":	647,
					"pmtu":	1500,
					"omitted":	false
				}],
			"sum":	{
				"start":	4.0000760555267334,
				"end":	5.0000569820404053,
				"seconds":	0.99998092651367188,
				"bytes":	11796480,
				"bits_per_second":	94373640.034332931,
				"retransmits":	0,
				"omitted":	false
			}
		}, {
			"streams":	[{
					"socket":	6,
					"start":	5.0000569820404053,
					"end":	6.0000419616699219,
					"seconds":	0.9999849796295166,
					"bytes":	11796480,
					"bits_per_second":	94373257.521291688,
					"retransmits":	0,
					"snd_cwnd":	3785072,
					"rtt":	300648,
					"rttvar":	403,
					"pmtu":	1500,
					"omitted":	false
				}],
			"sum":	{
				"start":	5.0000569820404053,
				"end":	6.0000419616699219,
				"seconds":	0.9999849796295166,
				"bytes":	11796480,
				"bits_per_second":	94373257.521291688,
				"retransmits":	0,
				"omitted":	false
			}
		}, {
			"streams":	[{
					"socket":	6,
					"start":	6.0000419616699219,
					"end":	7.0001330375671387,
					"seconds":	1.0000910758972168,
					"bytes":	11796480,
					"bits_per_second":	94363245.782726049,
					"retransmits":	0,
					"snd_cwnd":	4381648,
					"rtt":	348425,
					"rttvar":	630,
					"pmtu":	1500,
					"omitted":	false
				}],
			"sum":	{
				"start":	6.0000419616699219,
				"end":	7.0001330375671387,
				"seconds":	1.0000910758972168,
				"bytes":	11796480,
				"bits_per_second":	94363245.782726049,
				"retransmits":	0,
				"omitted":	false
			}
		}, {
			"streams":	[{
					"socket":	6,
					"start":	7.0001330375671387,
					"end":	8.00008511543274,
					"seconds":	0.99995207786560059,
					"bytes":	11796480,
					"bits_per_second":	94376362.716738239,
					"retransmits":	0,
					"snd_cwnd":	4979672,
					"rtt":	395894,
					"rttvar":	591,
					"pmtu":	1500,
					"omitted":	false
				}],
			"sum":	{
				"start":	7.0001330375671387,
				"end":	8.00008511543274,
				"seconds":	0.99995207786560059,
				"bytes":	11796480,
				"bits_per_second":	94376362.716738239,
				"retransmits":	0,
				"omitted":	false
			}
		}, {
			"streams":	[{
					"socket":	6,
					"start":	8.00008511543274,
					"end":	9.0000541210174561,
					"seconds":	0.9999690055847168,
					"bytes":	13107200,
					"bits_per_second":	104860850.10073498,
					"retransmits":	0,
					"snd_cwnd":	5577696,
					"rtt":	443626,
					"rttvar":	510,
					"pmtu":	1500,
					"omitted":	false
				}],
			"sum":	{
				"start":	8.00008511543274,
				"end":	9.0000541210174561,
				"seconds":	0.9999690055847168,
				"bytes":	13107200,
				"bits_per_second":	104860850.10073498,
				"retransmits":	0,
				"omitted":	false
			}
		}, {
			"streams":	[{
					"socket":	6,
					"start":	9.0000541210174561,
					"end":	10.000070095062256,
					"seconds":	1.0000159740447998,
					"bytes":	11796480,
					"bits_per_second":	94370332.524080485,
					"retransmits":	0,
					"snd_cwnd":	6175720,
					"rtt":	491316,
					"rttvar":	491,
					"pmtu":	1500,
					"omitted":	false
				}],
			"sum":	{
				"start":	9.0000541210174561,
				"end":	10.000070095062256,
				"seconds":	1.0000159740447998,
				"bytes":	11796480,
				"bits_per_second":	94370332.524080485,
				"retransmits":	0,
				"omitted":	false
			}
		}, {
			"streams":	[{
					"socket":	6,
					"start":	10.000070095062256,
					"end":	11.000065088272095,
					"seconds":	0.99999499320983887,
					"bytes":	11796480,
					"bits_per_second":	94372312.502365723,
					"retransmits":	0,
					"snd_cwnd":	6772296,
					"rtt":	538564,
					"rttvar":	216,
					"pmtu":	1500,
					"omitted":	false
				}],
			"sum":	{
				"start":	10.000070095062256,
				"end":	11.000065088272095,
				"seconds":	0.99999499320983887,
				"bytes":	11796480,
				"bits_per_second":	94372312.502365723,
				"retransmits":	0,
				"omitted":	false
			}
		}, {
			"streams":	[{
					"socket":	6,
					"start":	11.000065088272095,
					"end":	12.000051975250244,
					"seconds":	0.99998688697814941,
					"bytes":	11796480,
					"bits_per_second":	94373077.516227573,
					"retransmits":	0,
					"snd_cwnd":	7370320,
					"rtt":	586596,
					"rttvar":	381,
					"pmtu":	1500,
					"omitted":	false
				}],
			"sum":	{
				"start":	11.000065088272095,
				"end":	12.000051975250244,
				"seconds":	0.99998688697814941,
				"bytes":	11796480,
				"bits_per_second":	94373077.516227573,
				"retransmits":	0,
				"omitted":	false
			}
		}, {
			"streams":	[{
					"socket":	6,
					"start":	12.000051975250244,
					"end":	13.000061988830566,
					"seconds":	1.0000100135803223,
					"bytes":	11796480,
					"bits_per_second":	94370895.009462744,
					"retransmits":	0,
					"snd_cwnd":	7966896,
					"rtt":	634332,
					"rttvar":	364,
					"pmtu":	1500,