{
	"start":	{
		"connected":	[{
				"socket":	6,
				"local_host":	"192.168.8.1",
				"local_port":	57476,
				"remote_host":	"192.168.20.1",
				"remote_port":	5002
			}],
		"version":	"iperf 3.6",
		"system_info":	"Linux ba-thesis 4.19.0-23-amd64 #1 SMP Debian 4.19.269-1 (2022-12-20) x86_64",
		"timestamp":	{
			"time":	"Mon, 12 Jun 2023 04:44:36 GMT",
			"timesecs":	1686545076
		},
		"connecting_to":	{
			"host":	"h1",
			"port":	5002
		},
		"cookie":	"7h74lmjagk6n35k6kq6hqoy4jxu6fpmf2v56",
		"tcp_mss_default":	1448,
		"sock_bufsize":	0,
		"sndbuf_actual":	87380,
		"rcvbuf_actual":	87380,
		"test_start":	{
			"protocol":	"TCP",
			"num_streams":	1,
			"blksize":	131072,
			"omit":	0,
			"duration":	0,
			"bytes":	189509040,
			"blocks":	0,
			"reverse":	0,
			"tos":	0
		}
	},
	"intervals":	[{
			"streams":	[{
					"socket":	6,
					"start":	0,
					"end":	1.000068187713623,
					"seconds":	1.000068187713623,
					"bytes":	3659096,
					"bits_per_second":	29270772.092974998,
					"retransmits":	0,
					"snd_cwnd":	424264,
					"rtt":	129059,
					"rttvar":	750,
					"pmtu":	1500,
					"omitted":	false
				}],
			"sum":	{
				"start":	0,
				"end":	1.000068187713623,
				"seconds":	1.000068187713623,
				"bytes":	3659096,
				"bits_per_second":	29270772.092974998,
				"retransmits":	0,
				"omitted":	false
			}
		}, {
			"streams":	[{
					"socket":	6,
					"start":	1.000068187713623,
					"end":	2.0000801086425781,
					"seconds":	1.0000119209289551,
					"bytes":	4170240,
					"bits_per_second":	33361522.299662832,
					"retransmits":	0,
					"snd_cwnd":	593680,
					"rtt":	144562,
					"rttvar":	503,
					"pmtu":	1500,
					"omitted":	false
				}],
			"sum":	{
				"start":	1.000068187713623,
				"end":	2.0000801086425781,
				"seconds":	1.0000119209289551,
				"bytes":	4170240,
				"bits_per_second":	33361522.299662832,
				"retransmits":	0,
				"omitted":	false
			}
		}, {
			"streams":	[{
					"socket":	6,
					"start":	2.0000801086425781,
					"end":	3.0000510215759277,
					"seconds":	0.99997091293334961,
					"bytes":	5170200,
					"bits_per_second":	41362803.122611277,
					"retransmits":	0,
					"snd_cwnd":	809432,
					"rtt":	160796,
					"rttvar":	179,
					"pmtu":	1500,
					"omitted":	false
				}],
			"sum":	{
				"start":	2.0000801086425781,
				"end":	3.0000510215759277,
				"seconds":	0.99997091293334961,
				"bytes":	5170200,
				"bits_per_second":	41362803.122611277,
				"retransmits":	0,
				"omitted":	false
			}
		}, {
			"streams":	[{
					"socket":	6,
					"start":	3.0000510215759277,
					"end":	4.0000321865081787,
					"seconds":	0.999981164932251,
					"bytes":	6553600,
					"bits_per_second":	52429787.51859998,
					"retransmits":	0,
					"snd_cwnd":	1070072,
					"rtt":	183486,
					"rttvar":	330,
					"pmtu":	1500,
					"omitted":	false
				}],
			"sum":	{
				"start":	3.0000510215759277,
				"end":	4.0000321865081787,
				"seconds":	0.999981164932251,
				"bytes":	6553600,
				"bits_per_second":	52429787.51859998,
				"retransmits":	0,
				"omitted":	false
			}
		}, {
			"streams":	[{
					"socket":	6,
					"start":	4.0000321865081787,
					"end":	5.0000991821289062,
					"seconds":	1.0000669956207275,
					"bytes":	6553600,
					"bits_per_second":	52425287.735306352,
					"retransmits":	0,
					"snd_cwnd":	1364016,
					"rtt":	204473,
					"rttvar":	249,
					"pmtu":	1500,
					"omitted":	false
				}],
			"sum":	{
				"start":	4.0000321865081787,
				"end":	5.0000991821289062,
				"seconds":	1.0000669956207275,
				"bytes":	6553600,
				"bits_per_second":	52425287.735306352,
				"retransmits":	0,
				"omitted":	false
			}
		}, {
			"streams":	[{
					"socket":	6,
					"start":	5.0000991821289062,
					"end":	6.0001111030578613,
					"seconds":	1.0000119209289551,
					"bytes":	7864320,
					"bits_per_second":	62913810.008940592,
					"retransmits":	0,
					"snd_cwnd":	1702848,
					"rtt":	232267,
					"rttvar":	592,
					"pmtu":	1500,
					"omitted":	false
				}],
			"sum":	{
				"start":	5.0000991821289062,
				"end":	6.0001111030578613,
				"seconds":	1.0000119209289551,
				"bytes":	7864320,
				"bits_per_second":	62913810.008940592,
				"retransmits":	0,
				"omitted":	false
			}
		}, {
			"streams":	[{
					"socket":	6,
					"start":	6.0001111030578613,
					"end":	7.0001060962677,
					"seconds":	0.99999499320983887,
					"bytes":	7864320,
					"bits_per_second":	62914875.001577146,
					"retransmits":	0,
					"snd_cwnd":	2035888,
					"rtt":	350487,
					"rttvar":	418,
					"pmtu":	1500,
					"omitted":	false
				}],
			"sum":	{
				"start":	6.0001111030578613,
				"end":	7.0001060962677,
				"seconds":	0.99999499320983887,
				"bytes":	7864320,
				"bits_per_second":	62914875.001577146,
				"retransmits":	0,
				"omitted":	false
			}
		}, {
			"streams":	[{
					"socket":	6,
					"start":	7.0001060962677,
					"end":	8.0000600814819336,
					"seconds":	0.9999539852142334,
					"bytes":	9175040,
					"bits_per_second":	73403697.655422091,
					"retransmits":	0,
					"snd_cwnd":	2423952,
					"rtt":	288770,
					"rttvar":	436,
					"pmtu":	1500,
					"omitted":	false
				}],
			"sum":	{
				"start":	7.0001060962677,
				"end":	8.0000600814819336,
				"seconds":	0.9999539852142334,
				"bytes":	9175040,
				"bits_per_second":	73403697.655422091,
				"retransmits":	0,
				"omitted":	false
			}
		}, {
			"streams":	[{
					"socket":	6,
					"start":	8.0000600814819336,
					"end":	9.0000779628753662,
					"seconds":	1.0000178813934326,
					"bytes":	10485760,
					"bits_per_second":	83884580.026821613,
					"retransmits":	0,
					"snd_cwnd":	2836632,
					"rtt":	323153,
					"rttvar":	455,
					"pmtu":	1500,
					"omitted":	false
				}],
			"sum":	{
				"start":	8.0000600814819336,
				"end":	9.0000779628753662,
				"seconds":	1.0000178813934326,
				"bytes":	10485760,
				"bits_per_second":	83884580.026821613,
				"retransmits":	0,
				"omitted":	false
			}
		}, {
			"streams":	[{
					"socket":	6,
					"start":	9.0000779628753662,
					"end":	10.000046014785767,
					"seconds":	0.99996805191040039,
					"bytes":	7864320,
					"bits_per_second":	62916570.064217709,
					"retransmits":	0,
					"snd_cwnd":	3244968,
					"rtt":	357956,
					"rttvar":	388,
					"pmtu":	1500,
					"omitted":	false
				}],
			"sum":	{
				"start":	9.0000779628753662,
				"end":	10.000046014785767,
				"seconds":	0.99996805191040039,
				"bytes":	7864320,
				"bits_per_second":	62916570.064217709,
				"retransmits":	0,
				"omitted":	false
			}
		}, {
			"streams":	[{
					"socket":	6,
					"start":	10.000046014785767,
					"end":	11.000141143798828,
					"seconds":	1.0000951290130615,
					"bytes":	7864320,
					"bits_per_second":	62908575.569292985,
					"retransmits":	0,
					"snd_cwnd":	3680816,
					"rtt":	397058,
					"rttvar":	295,
					"pmtu":	1500,
					"omitted":	false
				}],
			"sum":	{
				"start":	10.000046014785767,
				"end":	11.000141143798828,
				"seconds":	1.0000951290130615,
				"bytes":	7864320,
				"bits_per_second":	62908575.569292985,
				"retransmits":	0,
				"omitted":	false
			}
		}, {
			"streams":	[{
					"socket":	6,
					"start":	11.000141143798828,
					"end":	12.000112056732178,
					"seconds":	0.99997091293334961,
					"bytes":	9175040,
					"bits_per_second":	73402455.06210269,
					"retransmits":	0,
					"snd_cwnd":	4119560,
					"rtt":	460738,
					"rttvar":	464,
					"pmtu":	1500,
					"omitted":	false
				}],
			"sum":	{
				"start":	11.000141143798828,
				"end":	12.000112056732178,
				"seconds":	0.99997091293334961,
				"bytes":	9175040,
				"bits_per_second":	73402455.06210269,
				"retransmits":	0,
				"omitted":	false
			}
		}, {
			"streams":	[{
					"socket":	6,
					"start":	12.000112056732178,
					"end":	13.000095129013062,
					"seconds":	0.99998307228088379,
					"bytes":	9175040,
					"bits_per_second":	73401562.521033049,
					"retransmits":	0,
					"snd_cwnd":	4572784,
					"rtt":	478855,
					"rttvar":	512,
					"pmtu":	1500,
					"omitted":	false
				}],