{
	"start":	{
		"connected":	[{
				"socket":	6,
				"local_host":	"192.168.5.2",
				"local_port":	55392,
				"remote_host":	"192.168.23.1",
				"remote_port":	5007
			}],
		"version":	"iperf 3.6",
		"system_info":	"Linux ba-thesis 4.19.0-23-amd64 #1 SMP Debian 4.19.269-1 (2022-12-20) x86_64",
		"timestamp":	{
			"time":	"Sun, 11 Jun 2023 06:31:37 GMT",
			"timesecs":	1686465097
		},
		"connecting_to":	{
			"host":	"h3",
			"port":	5007
		},
		"cookie":	"rlg26a3hcl36kmzievt6ki7hyrm7ff2mxjhg",
		"tcp_mss_default":	1448,
		"sock_bufsize":	0,
		"sndbuf_actual":	87380,
		"rcvbuf_actual":	87380,
		"test_start":	{
			"protocol":	"TCP",
			"num_streams":	1,
			"blksize":	131072,
			"omit":	0,
			"duration":	0,
			"bytes":	36335510,
			"blocks":	0,
			"reverse":	0,
			"tos":	0
		}
	},
	"intervals":	[{
			"streams":	[{
					"socket":	6,
					"start":	0,
					"end":	1.0000770092010498,
					"seconds":	1.0000770092010498,
					"bytes":	16950192,
					"bits_per_second":	135591094.23816326,
					"retransmits":	0,
					"snd_cwnd":	1387184,
					"rtt":	109761,
					"rttvar":	495,
					"pmtu":	1500,
					"omitted":	false
				}],
			"sum":	{
				"start":	0,
				"end":	1.0000770092010498,
				"seconds":	1.0000770092010498,
				"bytes":	16950192,
				"bits_per_second":	135591094.23816326,
				"retransmits":	0,
				"omitted":	false
			}
		}, {
			"streams":	[{
					"socket":	6,
					"start":	1.0000770092010498,
					"end":	2.000075101852417,
					"seconds":	0.99999809265136719,
					"bytes":	14417920,
					"bits_per_second":	115343580.00041962,
					"retransmits":	0,
					"snd_cwnd":	1983760,
					"rtt":	157033,
					"rttvar":	415,
					"pmtu":	1500,
					"omitted":	false
				}],
			"sum":	{
				"start":	1.0000770092010498,
				"end":	2.000075101852417,
				"seconds":	0.99999809265136719,
				"bytes":	14417920,
				"bits_per_second":	115343580.00041962,
				"retransmits":	0,
				"omitted":	false
			}
		}, {
			"streams":	[{
					"socket":	6,
					"start":	2.000075101852417,
					"end":	2.3424339294433594,
					"seconds":	0.34235882759094238,
					"bytes":	5242880,
					"bits_per_second":	122511927.89488822,
					"retransmits":	0,
					"snd_cwnd":	2187928,
					"rtt":	173247,
					"rttvar":	226,
					"pmtu":	1500,
					"omitted":	false
				}],
			"sum":	{
				"start":	2.000075101852417,
				"end":	2.3424339294433594,
				"seconds":	0.34235882759094238,
				"bytes":	5242880,
				"bits_per_second":	122511927.89488822,
				"retransmits":	0,
				"omitted":	false
			}
		}],
	"end":	{
		"streams":	[{
				"sender":	{
					"socket":	6,
					"start":	0,
					"end":	2.3424339294433594,
					"seconds":	2.3424339294433594,
					"bytes":	36610992,
					"bits_per_second":	125035729.85283728,
					"retransmits":	0,
					"max_snd_cwnd":	2187928,
					"max_rtt":	173247,
					"min_rtt":	109761,
					"mean_rtt":	146680
				},
				"receiver":	{
					"socket":	6,
					"start":	0,
					"end":	2.5466079711914062,
					"seconds":	2.3424339294433594,
					"bytes":	29059912,
					"bits_per_second":	91289785.718858317
				}
			}],
		"sum_sent":	{
			"start":	0,
			"end":	2.3424339294433594,
			"seconds":	2.3424339294433594,
			"bytes":	36610992,
			"bits_per_second":	125035729.85283728,
			"retransmits":	0
		},
		"sum_received":	{
			"start":	0,
			"end":	2.5466079711914062,
			"seconds":	2.5466079711914062,
			"bytes":	29059912,
			"bits_per_second":	91289785.718858317
		},
		"cpu_utilization_percent":	{
			"host_total":	1.9475834674355861,
			"host_user":	0.28459588859442891,
			"host_system":	1.6630274605520028,
			"remote_total":	1.270284074991481,
			"remote_user":	0,
			"remote_system":	1.2702471158970674
		},
		"sender_tcp_congestion":	"cubic",
		"receiver_tcp_congestion":	"cubic"
	}
}
