{
	"start":	{
		"connected":	[{
				"socket":	6,
				"local_host":	"192.168.26.1",
				"local_port":	34068,
				"remote_host":	"192.168.26.2",
				"remote_port":	5013
			}],
		"version":	"iperf 3.6",
		"system_info":	"Linux ba-thesis 4.19.0-23-amd64 #1 SMP Debian 4.19.269-1 (2022-12-20) x86_64",
		"timestamp":	{
			"time":	"Mon, 05 Jun 2023 16:20:30 GMT",
			"timesecs":	1685982030
		},
		"connecting_to":	{
			"host":	"h19",
			"port":	5013
		},
		"cookie":	"4eglku43d765omqer7u2jhaoecvpxqehdust",
		"tcp_mss_default":	1448,
		"sock_bufsize":	0,
		"sndbuf_actual":	87380,
		"rcvbuf_actual":	87380,
		"test_start":	{
			"protocol":	"TCP",
			"num_streams":	1,
			"blksize":	131072,
			"omit":	0,
			"duration":	0,
			"bytes":	359287986,
			"blocks":	0,
			"reverse":	0,
			"tos":	0
		}
	},
	"intervals":	[{
			"streams":	[{
					"socket":	6,
					"start":	0,
					"end":	1.0000779628753662,
					"seconds":	1.0000779628753662,
					"bytes":	15284480,
					"bits_per_second":	122266307.76708607,
					"retransmits":	0,
					"snd_cwnd":	796400,
					"rtt":	62876,
					"rttvar":	511,
					"pmtu":	1500,
					"omitted":	false
				}],
			"sum":	{
				"start":	0,
				"end":	1.0000779628753662,
				"seconds":	1.0000779628753662,
				"bytes":	15284480,
				"bits_per_second":	122266307.76708607,
				"retransmits":	0,
				"omitted":	false
			}
		}, {
			"streams":	[{
					"socket":	6,
					"start":	1.0000779628753662,
					"end":	2.0000650882720947,
					"seconds":	0.99998712539672852,
					"bytes":	14417920,
					"bits_per_second":	115344845.01911904,
					"retransmits":	0,
					"snd_cwnd":	1392976,
					"rtt":	110378,
					"rttvar":	335,
					"pmtu":	1500,
					"omitted":	false
				}],
			"sum":	{
				"start":	1.0000779628753662,
				"end":	2.0000650882720947,
				"seconds":	0.99998712539672852,
				"bytes":	14417920,
				"bits_per_second":	115344845.01911904,
				"retransmits":	0,
				"omitted":	false
			}
		}, {
			"streams":	[{
					"socket":	6,
					"start":	2.0000650882720947,
					"end":	3.0001020431518555,
					"seconds":	1.0000369548797607,
					"bytes":	13107200,
					"bits_per_second":	104853725.14319487,
					"retransmits":	0,
					"snd_cwnd":	1969280,
					"rtt":	156224,
					"rttvar":	195,
					"pmtu":	1500,
					"omitted":	false
				}],
			"sum":	{
				"start":	2.0000650882720947,
				"end":	3.0001020431518555,
				"seconds":	1.0000369548797607,
				"bytes":	13107200,
				"bits_per_second":	104853725.14319487,
				"retransmits":	0,
				"omitted":	false
			}
		}, {
			"streams":	[{
					"socket":	6,
					"start":	3.0001020431518555,
					"end":	4.0000870227813721,
					"seconds":	0.9999849796295166,
					"bytes":	14417920,
					"bits_per_second":	115345092.52602318,
					"retransmits":	0,
					"snd_cwnd":	2565856,
					"rtt":	204024,
					"rttvar":	393,
					"pmtu":	1500,
					"omitted":	false
				}],
			"sum":	{
				"start":	3.0001020431518555,
				"end":	4.0000870227813721,
				"seconds":	0.9999849796295166,
				"bytes":	14417920,
				"bits_per_second":	115345092.52602318,
				"retransmits":	0,
				"omitted":	false
			}
		}, {
			"streams":	[{
					"socket":	6,
					"start":	4.0000870227813721,
					"end":	5.0000979900360107,
					"seconds":	1.0000109672546387,
					"bytes":	13107200,
					"bits_per_second":	104856450.01261221,
					"retransmits":	0,
					"snd_cwnd":	3160984,
					"rtt":	251617,
					"rttvar":	324,
					"pmtu":	1500,
					"omitted":	false
				}],
			"sum":	{
				"start":	4.0000870227813721,
				"end":	5.0000979900360107,
				"seconds":	1.0000109672546387,
				"bytes":	13107200,
				"bits_per_second":	104856450.01261221,
				"retransmits":	0,
				"omitted":	false
			}
		}, {
			"streams":	[{
					"socket":	6,
					"start":	5.0000979900360107,
					"end":	6.0001101493835449,
					"seconds":	1.0000121593475342,
					"bytes":	11796480,
					"bits_per_second":	94370692.513952687,
					"retransmits":	0,
					"snd_cwnd":	3759008,
					"rtt":	299467,
					"rttvar":	195,
					"pmtu":	1500,
					"omitted":	false
				}],
			"sum":	{
				"start":	5.0000979900360107,
				"end":	6.0001101493835449,
				"seconds":	1.0000121593475342,
				"bytes":	11796480,
				"bits_per_second":	94370692.513952687,
				"retransmits":	0,
				"omitted":	false
			}
		}, {
			"streams":	[{
					"socket":	6,
					"start":	6.0001101493835449,
					"end":	7.0000760555267334,
					"seconds":	0.99996590614318848,
					"bytes":	11796480,
					"bits_per_second":	94375057.609700724,
					"retransmits":	0,
					"snd_cwnd":	4354136,
					"rtt":	346823,
					"rttvar":	487,
					"pmtu":	1500,
					"omitted":	false
				}],
			"sum":	{
				"start":	6.0001101493835449,
				"end":	7.0000760555267334,
				"seconds":	0.99996590614318848,
				"bytes":	11796480,
				"bits_per_second":	94375057.609700724,
				"retransmits":	0,
				"omitted":	false
			}
		}, {
			"streams":	[{
					"socket":	6,
					"start":	7.0000760555267334,
					"end":	8.0000729560852051,
					"seconds":	0.99999690055847168,
					"bytes":	11796480,
					"bits_per_second":	94372132.500906587,
					"retransmits":	0,
					"snd_cwnd":	4950712,
					"rtt":	394156,
					"rttvar":	323,
					"pmtu":	1500,
					"omitted":	false
				}],
			"sum":	{
				"start":	7.0000760555267334,
				"end":	8.0000729560852051,
				"seconds":	0.99999690055847168,
				"bytes":	11796480,
				"bits_per_second":	94372132.500906587,
				"retransmits":	0,
				"omitted":	false
			}
		}, {
			"streams":	[{
					"socket":	6,
					"start":	8.0000729560852051,
					"end":	9.0000660419464111,
					"seconds":	0.999993085861206,
					"bytes":	11796480,
					"bits_per_second":	94372492.5045115,
					"retransmits":	0,
					"snd_cwnd":	5541496,
					"rtt":	445006,
					"rttvar":	1822,
					"pmtu":	1500,
					"omitted":	false
				}],
			"sum":	{
				"start":	8.0000729560852051,
				"end":	9.0000660419464111,
				"seconds":	0.999993085861206,
				"bytes":	11796480,
				"bits_per_second":	94372492.5045115,
				"retransmits":	0,
				"omitted":	false
			}
		}, {
			"streams":	[{
					"socket":	6,
					"start":	9.0000660419464111,
					"end":	10.000084161758423,
					"seconds":	1.0000181198120117,
					"bytes":	11796480,
					"bits_per_second":	94370130.030984312,
					"retransmits":	0,
					"snd_cwnd":	6138072,
					"rtt":	489040,
					"rttvar":	473,
					"pmtu":	1500,
					"omitted":	false
				}],
			"sum":	{
				"start":	9.0000660419464111,
				"end":	10.000084161758423,
				"seconds":	1.0000181198120117,
				"bytes":	11796480,
				"bits_per_second":	94370130.030984312,
				"retransmits":	0,
				"omitted":	false
			}
		}, {
			"streams":	[{
					"socket":	6,
					"start":	10.000084161758423,
					"end":	11.000054121017456,
					"seconds":	0.9999699592590332,
					"bytes":	11796480,
					"bits_per_second":	94374675.085168064,
					"retransmits":	0,
					"snd_cwnd":	6734648,
					"rtt":	536946,
					"rttvar":	463,
					"pmtu":	1500,
					"omitted":	false
				}],
			"sum":	{
				"start":	10.000084161758423,
				"end":	11.000054121017456,
				"seconds":	0.9999699592590332,
				"bytes":	11796480,
				"bits_per_second":	94374675.085168064,
				"retransmits":	0,
				"omitted":	false
			}
		}, {
			"streams":	[{
					"socket":	6,
					"start":	11.000054121017456,
					"end":	12.000035047531128,
					"seconds":	0.99998092651367188,
					"bytes":	11796480,
					"bits_per_second":	94373640.034332931,
					"retransmits":	0,
					"snd_cwnd":	7331224,
					"rtt":	584288,
					"rttvar":	562,
					"pmtu":	1500,
					"omitted":	false
				}],
			"sum":	{
				"start":	11.000054121017456,
				"end":	12.000035047531128,
				"seconds":	0.99998092651367188,
				"bytes":	11796480,
				"bits_per_second":	94373640.034332931,
				"retransmits":	0,
				"omitted":	false
			}
		}, {
			"streams":	[{
					"socket":	6,
					"start":	12.000035047531128,
					"end":	13.000086069107056,
					"seconds":	1.0000510215759277,
					"bytes":	11796480,
					"bits_per_second":	94367025.245656356,
					"retransmits":	0,
					"snd_cwnd":	7922008,
					"rtt":	643018,
					"rttvar":	586,
					"pmtu":	1500,