{
	"start":	{
		"connected":	[{
				"socket":	6,
				"local_host":	"192.168.11.2",
				"local_port":	55894,
				"remote_host":	"192.168.30.1",
				"remote_port":	5004
			}],
		"version":	"iperf 3.6",
		"system_info":	"Linux ba-thesis 4.19.0-23-amd64 #1 SMP Debian 4.19.269-1 (2022-12-20) x86_64",
		"timestamp":	{
			"time":	"Sun, 04 Jun 2023 20:14:56 GMT",
			"timesecs":	1685909696
		},
		"connecting_to":	{
			"host":	"h0",
			"port":	5004
		},
		"cookie":	"cct73rkh3vziejgfsnsoqgyhqaamezubbvzo",
		"tcp_mss_default":	1448,
		"sock_bufsize":	0,
		"sndbuf_actual":	87380,
		"rcvbuf_actual":	87380,
		"test_start":	{
			"protocol":	"TCP",
			"num_streams":	1,
			"blksize":	131072,
			"omit":	0,
			"duration":	0,
			"bytes":	33952317,
			"blocks":	0,
			"reverse":	0,
			"tos":	0
		}
	},
	"intervals":	[{
			"streams":	[{
					"socket":	6,
					"start":	0,
					"end":	1.0000851154327393,
					"seconds":	1.0000851154327393,
					"bytes":	13531792,
					"bits_per_second":	108245122.66954207,
					"retransmits":	0,
					"snd_cwnd":	909344,
					"rtt":	66184,
					"rttvar":	2951,
					"pmtu":	1500,
					"omitted":	false
				}],
			"sum":	{
				"start":	0,
				"end":	1.0000851154327393,
				"seconds":	1.0000851154327393,
				"bytes":	13531792,
				"bits_per_second":	108245122.66954207,
				"retransmits":	0,
				"omitted":	false
			}
		}, {
			"streams":	[{
					"socket":	6,
					"start":	1.0000851154327393,
					"end":	2.0000600814819336,
					"seconds":	0.99997496604919434,
					"bytes":	14417920,
					"bits_per_second":	115346247.57228734,
					"retransmits":	0,
					"snd_cwnd":	1481304,
					"rtt":	113912,
					"rttvar":	1348,
					"pmtu":	1500,
					"omitted":	false
				}],
			"sum":	{
				"start":	1.0000851154327393,
				"end":	2.0000600814819336,
				"seconds":	0.99997496604919434,
				"bytes":	14417920,
				"bits_per_second":	115346247.57228734,
				"retransmits":	0,
				"omitted":	false
			}
		}, {
			"streams":	[{
					"socket":	6,
					"start":	2.0000600814819336,
					"end":	2.4992589950561523,
					"seconds":	0.49919891357421875,
					"bytes":	6553600,
					"bits_per_second":	105025869.59698002,
					"retransmits":	0,
					"snd_cwnd":	1760768,
					"rtt":	153866,
					"rttvar":	336,
					"pmtu":	1500,
					"omitted":	false
				}],
			"sum":	{
				"start":	2.0000600814819336,
				"end":	2.4992589950561523,
				"seconds":	0.49919891357421875,
				"bytes":	6553600,
				"bits_per_second":	105025869.59698002,
				"retransmits":	0,
				"omitted":	false
			}
		}],
	"end":	{
		"streams":	[{
				"sender":	{
					"socket":	6,
					"start":	0,
					"end":	2.4992589950561523,
					"seconds":	2.4992589950561523,
					"bytes":	34503312,
					"bits_per_second":	110443334.02261031,
					"retransmits":	0,
					"max_snd_cwnd":	1760768,
					"max_rtt":	153866,
					"min_rtt":	66184,
					"mean_rtt":	111320
				},
				"receiver":	{
					"socket":	6,
					"start":	0,
					"end":	2.667780876159668,
					"seconds":	2.4992589950561523,
					"bytes":	28525600,
					"bits_per_second":	85541058.502715588
				}
			}],
		"sum_sent":	{
			"start":	0,
			"end":	2.4992589950561523,
			"seconds":	2.4992589950561523,
			"bytes":	34503312,
			"bits_per_second":	110443334.02261031,
			"retransmits":	0
		},
		"sum_received":	{
			"start":	0,
			"end":	2.667780876159668,
			"seconds":	2.667780876159668,
			"bytes":	28525600,
			"bits_per_second":	85541058.502715588
		},
		"cpu_utilization_percent":	{
			"host_total":	1.7490492300666391,
			"host_user":	0,
			"host_system":	1.7490867246908472,
			"remote_total":	1.3874317532428211,
			"remote_user":	0.32121919654361947,
			"remote_system":	1.066142144775365
		},
		"sender_tcp_congestion":	"cubic",
		"receiver_tcp_congestion":	"cubic"
	}
}
