{
	"start":	{
		"connected":	[{
				"socket":	6,
				"local_host":	"192.168.16.1",
				"local_port":	56554,
				"remote_host":	"192.168.16.2",
				"remote_port":	5007
			}],
		"version":	"iperf 3.6",
		"system_info":	"Linux ba-thesis 4.19.0-23-amd64 #1 SMP Debian 4.19.269-1 (2022-12-20) x86_64",
		"timestamp":	{
			"time":	"Sat, 10 Jun 2023 17:11:42 GMT",
			"timesecs":	1686417102
		},
		"connecting_to":	{
			"host":	"h6",
			"port":	5007
		},
		"cookie":	"6s5hx6ithp4qmoe65qni36s6gp7imjijs5yb",
		"tcp_mss_default":	1448,
		"sock_bufsize":	0,
		"sndbuf_actual":	87380,
		"rcvbuf_actual":	87380,
		"test_start":	{
			"protocol":	"TCP",
			"num_streams":	1,
			"blksize":	131072,
			"omit":	0,
			"duration":	0,
			"bytes":	3368513,
			"blocks":	0,
			"reverse":	0,
			"tos":	0
		}
	},
	"intervals":	[{
			"streams":	[{
					"socket":	6,
					"start":	0,
					"end":	0.18937516212463379,
					"seconds":	0.18937516212463379,
					"bytes":	3663440,
					"bits_per_second":	154759049.02836093,
					"retransmits":	0,
					"snd_cwnd":	314216,
					"rtt":	24029,
					"rttvar":	298,
					"pmtu":	1500,
					"omitted":	false
				}],
			"sum":	{
				"start":	0,
				"end":	0.18937516212463379,
				"seconds":	0.18937516212463379,
				"bytes":	3663440,
				"bits_per_second":	154759049.02836093,
				"retransmits":	0,
				"omitted":	false
			}
		}],
	"end":	{
		"streams":	[{
				"sender":	{
					"socket":	6,
					"start":	0,
					"end":	0.18937516212463379,
					"seconds":	0.18937516212463379,
					"bytes":	3663440,
					"bits_per_second":	154759049.02836093,
					"retransmits":	0,
					"max_snd_cwnd":	314216,
					"max_rtt":	24029,
					"min_rtt":	24029,
					"mean_rtt":	24029
				},
				"receiver":	{
					"socket":	6,
					"start":	0,
					"end":	0.2465970516204834,
					"seconds":	0.18937516212463379,
					"bytes":	2114080,
					"bits_per_second":	68584112.781805724
				}
			}],
		"sum_sent":	{
			"start":	0,
			"end":	0.18937516212463379,
			"seconds":	0.18937516212463379,
			"bytes":	3663440,
			"bits_per_second":	154759049.02836093,
			"retransmits":	0
		},
		"sum_received":	{
			"start":	0,
			"end":	0.2465970516204834,
			"seconds":	0.2465970516204834,
			"bytes":	2114080,
			"bits_per_second":	68584112.781805724
		},
		"cpu_utilization_percent":	{
			"host_total":	8.84395710222937,
			"host_user":	1.7119555287092192,
			"host_system":	7.1322165352891984,
			"remote_total":	0.0048243697139649065,
			"remote_user":	0.0048243697139649065,
			"remote_system":	0
		},
		"sender_tcp_congestion":	"cubic",
		"receiver_tcp_congestion":	"cubic"
	}
}
