{
	"start":	{
		"connected":	[{
				"socket":	6,
				"local_host":	"192.168.14.1",
				"local_port":	59102,
				"remote_host":	"192.168.23.1",
				"remote_port":	5008
			}],
		"version":	"iperf 3.6",
		"system_info":	"Linux ba-thesis 4.19.0-23-amd64 #1 SMP Debian 4.19.269-1 (2022-12-20) x86_64",
		"timestamp":	{
			"time":	"Tue, 30 May 2023 21:12:11 GMT",
			"timesecs":	1685481131
		},
		"connecting_to":	{
			"host":	"h5",
			"port":	5008
		},
		"cookie":	"qcyo5am5zojodsi5ksrwckvocjj5rfc3y6yx",
		"tcp_mss_default":	1448,
		"sock_bufsize":	0,
		"sndbuf_actual":	87380,
		"rcvbuf_actual":	87380,
		"test_start":	{
			"protocol":	"TCP",
			"num_streams":	1,
			"blksize":	131072,
			"omit":	0,
			"duration":	0,
			"bytes":	205673472,
			"blocks":	0,
			"reverse":	0,
			"tos":	0
		}
	},
	"intervals":	[{
			"streams":	[{
					"socket":	6,
					"start":	0,
					"end":	1.0004079341888428,
					"seconds":	1.0004079341888428,
					"bytes":	79640,
					"bits_per_second":	636860.20294970344,
					"retransmits":	0,
					"snd_cwnd":	14480,
					"rtt":	451690,
					"rttvar":	173761,
					"pmtu":	1500,
					"omitted":	false
				}],
			"sum":	{
				"start":	0,
				"end":	1.0004079341888428,
				"seconds":	1.0004079341888428,
				"bytes":	79640,
				"bits_per_second":	636860.20294970344,
				"retransmits":	0,
				"omitted":	false
			}
		}, {
			"streams":	[{
					"socket":	6,
					"start":	1.0004079341888428,
					"end":	2.0000519752502441,
					"seconds":	0.99964404106140137,
					"bytes":	508248,
					"bits_per_second":	4067431.8387201331,
					"retransmits":	0,
					"snd_cwnd":	99912,
					"rtt":	426140,
					"rttvar":	23275,
					"pmtu":	1500,
					"omitted":	false
				}],
			"sum":	{
				"start":	1.0004079341888428,
				"end":	2.0000519752502441,
				"seconds":	0.99964404106140137,
				"bytes":	508248,
				"bits_per_second":	4067431.8387201331,
				"retransmits":	0,
				"omitted":	false
			}
		}, {
			"streams":	[{
					"socket":	6,
					"start":	2.0000519752502441,
					"end":	3.0002548694610596,
					"seconds":	1.0002028942108154,
					"bytes":	1442208,
					"bits_per_second":	11535323.549631897,
					"retransmits":	0,
					"snd_cwnd":	385168,
					"rtt":	334625,
					"rttvar":	563,
					"pmtu":	1500,
					"omitted":	false
				}],
			"sum":	{
				"start":	2.0000519752502441,
				"end":	3.0002548694610596,
				"seconds":	1.0002028942108154,
				"bytes":	1442208,
				"bits_per_second":	11535323.549631897,
				"retransmits":	0,
				"omitted":	false
			}
		}, {
			"streams":	[{
					"socket":	6,
					"start":	3.0002548694610596,
					"end":	4.0000889301300049,
					"seconds":	0.99983406066894531,
					"bytes":	4844400,
					"bits_per_second":	38761632.079297826,
					"retransmits":	0,
					"snd_cwnd":	831152,
					"rtt":	237778,
					"rttvar":	480,
					"pmtu":	1500,
					"omitted":	false
				}],
			"sum":	{
				"start":	3.0002548694610596,
				"end":	4.0000889301300049,
				"seconds":	0.99983406066894531,
				"bytes":	4844400,
				"bits_per_second":	38761632.079297826,
				"retransmits":	0,
				"omitted":	false
			}
		}, {
			"streams":	[{
					"socket":	6,
					"start":	4.0000889301300049,
					"end":	5.0002608299255371,
					"seconds":	1.0001718997955322,
					"bytes":	3932160,
					"bits_per_second":	31451873.429388382,
					"retransmits":	0,
					"snd_cwnd":	1019392,
					"rtt":	249086,
					"rttvar":	562,
					"pmtu":	1500,
					"omitted":	false
				}],
			"sum":	{
				"start":	4.0000889301300049,
				"end":	5.0002608299255371,
				"seconds":	1.0001718997955322,
				"bytes":	3932160,
				"bits_per_second":	31451873.429388382,
				"retransmits":	0,
				"omitted":	false
			}
		}, {
			"streams":	[{
					"socket":	6,
					"start":	5.0002608299255371,
					"end":	6.0001118183135986,
					"seconds":	0.99985098838806152,
					"bytes":	5242880,
					"bits_per_second":	41949290.931461371,
					"retransmits":	0,
					"snd_cwnd":	1227904,
					"rtt":	273942,
					"rttvar":	640,
					"pmtu":	1500,
					"omitted":	false
				}],
			"sum":	{
				"start":	5.0002608299255371,
				"end":	6.0001118183135986,
				"seconds":	0.99985098838806152,
				"bytes":	5242880,
				"bits_per_second":	41949290.931461371,
				"retransmits":	0,
				"omitted":	false
			}
		}, {
			"streams":	[{
					"socket":	6,
					"start":	6.0001118183135986,
					"end":	7.0001029968261719,
					"seconds":	0.99999117851257324,
					"bytes":	6553600,
					"bits_per_second":	52429262.504079975,
					"retransmits":	0,
					"snd_cwnd":	1492888,
					"rtt":	278282,
					"rttvar":	403,
					"pmtu":	1500,
					"omitted":	false
				}],
			"sum":	{
				"start":	6.0001118183135986,
				"end":	7.0001029968261719,
				"seconds":	0.99999117851257324,
				"bytes":	6553600,
				"bits_per_second":	52429262.504079975,
				"retransmits":	0,
				"omitted":	false
			}
		}, {
			"streams":	[{
					"socket":	6,
					"start":	7.0001029968261719,
					"end":	8.0002179145812988,
					"seconds":	1.000114917755127,
					"bytes":	5242880,
					"bits_per_second":	41938220.553839937,
					"retransmits":	0,
					"snd_cwnd":	1746288,
					"rtt":	288083,
					"rttvar":	476,
					"pmtu":	1500,
					"omitted":	false
				}],
			"sum":	{
				"start":	7.0001029968261719,
				"end":	8.0002179145812988,
				"seconds":	1.000114917755127,
				"bytes":	5242880,
				"bits_per_second":	41938220.553839937,
				"retransmits":	0,
				"omitted":	false
			}
		}, {
			"streams":	[{
					"socket":	6,
					"start":	8.0002179145812988,
					"end":	9.00007700920105,
					"seconds":	0.999859094619751,
					"bytes":	9175040,
					"bits_per_second":	73410663.957519263,
					"retransmits":	0,
					"snd_cwnd":	2090912,
					"rtt":	301378,
					"rttvar":	292,
					"pmtu":	1500,
					"omitted":	false
				}],
			"sum":	{
				"start":	8.0002179145812988,
				"end":	9.00007700920105,
				"seconds":	0.999859094619751,
				"bytes":	9175040,
				"bits_per_second":	73410663.957519263,
				"retransmits":	0,
				"omitted":	false
			}
		}, {
			"streams":	[{
					"socket":	6,
					"start":	9.00007700920105,
					"end":	10.000077962875366,
					"seconds":	1.0000009536743164,
					"bytes":	7864320,
					"bits_per_second":	62914500.00005722,
					"retransmits":	0,
					"snd_cwnd":	2429744,
					"rtt":	307444,
					"rttvar":	646,
					"pmtu":	1500,
					"omitted":	false
				}],
			"sum":	{
				"start":	9.00007700920105,
				"end":	10.000077962875366,
				"seconds":	1.0000009536743164,
				"bytes":	7864320,
				"bits_per_second":	62914500.00005722,
				"retransmits":	0,
				"omitted":	false
			}
		}, {
			"streams":	[{
					"socket":	6,
					"start":	10.000077962875366,
					"end":	11.000172853469849,
					"seconds":	1.0000948905944824,
					"bytes":	9175040,
					"bits_per_second":	73393355.660850286,
					"retransmits":	0,
					"snd_cwnd":	2833736,
					"rtt":	310228,
					"rttvar":	401,
					"pmtu":	1500,
					"omitted":	false
				}],
			"sum":	{
				"start":	10.000077962875366,
				"end":	11.000172853469849,
				"seconds":	1.0000948905944824,
				"bytes":	9175040,
				"bits_per_second":	73393355.660850286,
				"retransmits":	0,
				"omitted":	false
			}
		}, {
			"streams":	[{
					"socket":	6,
					"start":	11.000172853469849,
					"end":	12.000066041946411,
					"seconds":	0.9998931884765625,
					"bytes":	10485760,
					"bits_per_second":	83895040.957133487,
					"retransmits":	0,
					"snd_cwnd":	3311576,
					"rtt":	318681,
					"rttvar":	493,
					"pmtu":	1500,
					"omitted":	false
				}],
			"sum":	{
				"start":	11.000172853469849,
				"end":	12.000066041946411,
				"seconds":	0.9998931884765625,
				"bytes":	10485760,
				"bits_per_second":	83895040.957133487,
				"retransmits":	0,
				"omitted":	false
			}
		}, {
			"streams":	[{
					"socket":	6,
					"start":	12.000066041946411,
					"end":	13.000056982040405,
					"seconds":	0.99999094009399414,
					"bytes":	10485760,
					"bits_per_second":	83886840.006885588,
					"retransmits":	0,
					"snd_cwnd":	3850232,
					"rtt":	325986,
					"rttvar":	568,
					"pmtu":	1500,
					"omitted":	false
				}],