{
	"start":	{
		"connected":	[{
				"socket":	6,
				"local_host":	"192.168.14.2",
				"local_port":	59906,
				"remote_host":	"192.168.21.1",
				"remote_port":	5004
			}],
		"version":	"iperf 3.6",
		"system_info":	"Linux ba-thesis 4.19.0-23-amd64 #1 SMP Debian 4.19.269-1 (2022-12-20) x86_64",
		"timestamp":	{
			"time":	"Sun, 11 Jun 2023 08:16:37 GMT",
			"timesecs":	1686471397
		},
		"connecting_to":	{
			"host":	"h2",
			"port":	5004
		},
		"cookie":	"yrewvde7nvvbwwubaacrg3qijr5bgmjl2aam",
		"tcp_mss_default":	1448,
		"sock_bufsize":	0,
		"sndbuf_actual":	87380,
		"rcvbuf_actual":	87380,
		"test_start":	{
			"protocol":	"TCP",
			"num_streams":	1,
			"blksize":	131072,
			"omit":	0,
			"duration":	0,
			"bytes":	1925851,
			"blocks":	0,
			"reverse":	0,
			"tos":	0
		}
	},
	"intervals":	[{
			"streams":	[{
					"socket":	6,
					"start":	0,
					"end":	0.87164115905761719,
					"seconds":	0.87164115905761719,
					"bytes":	1991000,
					"bits_per_second":	18273574.893159822,
					"retransmits":	0,
					"snd_cwnd":	130320,
					"rtt":	77797,
					"rttvar":	518,
					"pmtu":	1500,
					"omitted":	false
				}],
			"sum":	{
				"start":	0,
				"end":	0.87164115905761719,
				"seconds":	0.87164115905761719,
				"bytes":	1991000,
				"bits_per_second":	18273574.893159822,
				"retransmits":	0,
				"omitted":	false
			}
		}],
	"end":	{
		"streams":	[{
				"sender":	{
					"socket":	6,
					"start":	0,
					"end":	0.87164115905761719,
					"seconds":	0.87164115905761719,
					"bytes":	1991000,
					"bits_per_second":	18273574.893159822,
					"retransmits":	0,
					"max_snd_cwnd":	130320,
					"max_rtt":	77797,
					"min_rtt":	77797,
					"mean_rtt":	77797
				},
				"receiver":	{
					"socket":	6,
					"start":	0,
					"end":	0.913165807723999,
					"seconds":	0.87164115905761719,
					"bytes":	1407456,
					"bits_per_second":	12330343.410539947
				}
			}],
		"sum_sent":	{
			"start":	0,
			"end":	0.87164115905761719,
			"seconds":	0.87164115905761719,
			"bytes":	1991000,
			"bits_per_second":	18273574.893159822,
			"retransmits":	0
		},
		"sum_received":	{
			"start":	0,
			"end":	0.913165807723999,
			"seconds":	0.913165807723999,
			"bytes":	1407456,
			"bits_per_second":	12330343.410539947
		},
		"cpu_utilization_percent":	{
			"host_total":	3.8792813468883289,
			"host_user":	0.61076288176284144,
			"host_system":	3.2684223576696634,
			"remote_total":	0.61996791321005,
			"remote_user":	0,
			"remote_system":	0.61996791321005
		},
		"sender_tcp_congestion":	"cubic",
		"receiver_tcp_congestion":	"cubic"
	}
}
