{
	"start":	{
		"connected":	[{
				"socket":	6,
				"local_host":	"192.168.6.2",
				"local_port":	51584,
				"remote_host":	"192.168.18.1",
				"remote_port":	5007
			}],
		"version":	"iperf 3.6",
		"system_info":	"Linux ba-thesis 4.19.0-23-amd64 #1 SMP Debian 4.19.269-1 (2022-12-20) x86_64",
		"timestamp":	{
			"time":	"Sun, 11 Jun 2023 04:14:35 GMT",
			"timesecs":	1686456875
		},
		"connecting_to":	{
			"host":	"h3",
			"port":	5007
		},
		"cookie":	"x2rpboy4nz6bcu47ywxqkkpfsyro5c6c6sny",
		"tcp_mss_default":	1448,
		"sock_bufsize":	0,
		"sndbuf_actual":	87380,
		"rcvbuf_actual":	87380,
		"test_start":	{
			"protocol":	"TCP",
			"num_streams":	1,
			"blksize":	131072,
			"omit":	0,
			"duration":	0,
			"bytes":	132888357,
			"blocks":	0,
			"reverse":	0,
			"tos":	0
		}
	},
	"intervals":	[{
			"streams":	[{
					"socket":	6,
					"start":	0,
					"end":	1.0001289844512939,
					"seconds":	1.0001289844512939,
					"bytes":	761648,
					"bits_per_second":	6092398.1753642866,
					"retransmits":	0,
					"snd_cwnd":	78192,
					"rtt":	181864,
					"rttvar":	6815,
					"pmtu":	1500,
					"omitted":	false
				}],
			"sum":	{
				"start":	0,
				"end":	1.0001289844512939,
				"seconds":	1.0001289844512939,
				"bytes":	761648,
				"bits_per_second":	6092398.1753642866,
				"retransmits":	0,
				"omitted":	false
			}
		}, {
			"streams":	[{
					"socket":	6,
					"start":	1.0001289844512939,
					"end":	2.0001468658447266,
					"seconds":	1.0000178813934326,
					"bytes":	390960,
					"bits_per_second":	3127624.0737234284,
					"retransmits":	0,
					"snd_cwnd":	95568,
					"rtt":	295836,
					"rttvar":	1378,
					"pmtu":	1500,
					"omitted":	false
				}],
			"sum":	{
				"start":	1.0001289844512939,
				"end":	2.0001468658447266,
				"seconds":	1.0000178813934326,
				"bytes":	390960,
				"bits_per_second":	3127624.0737234284,
				"retransmits":	0,
				"omitted":	false
			}
		}, {
			"streams":	[{
					"socket":	6,
					"start":	2.0001468658447266,
					"end":	3.0000739097595215,
					"seconds":	0.99992704391479492,
					"bytes":	260640,
					"bits_per_second":	2085272.1332914322,
					"retransmits":	0,
					"snd_cwnd":	110048,
					"rtt":	384882,
					"rttvar":	623,
					"pmtu":	1500,
					"omitted":	false
				}],
			"sum":	{
				"start":	2.0001468658447266,
				"end":	3.0000739097595215,
				"seconds":	0.99992704391479492,
				"bytes":	260640,
				"bits_per_second":	2085272.1332914322,
				"retransmits":	0,
				"omitted":	false
			}
		}, {
			"streams":	[{
					"socket":	6,
					"start":	3.0000739097595215,
					"end":	4.0004549026489258,
					"seconds":	1.0003809928894043,
					"bytes":	260640,
					"bits_per_second":	2084325.8866579819,
					"retransmits":	0,
					"snd_cwnd":	121632,
					"rtt":	445198,
					"rttvar":	775,
					"pmtu":	1500,
					"omitted":	false
				}],
			"sum":	{
				"start":	3.0000739097595215,
				"end":	4.0004549026489258,
				"seconds":	1.0003809928894043,
				"bytes":	260640,
				"bits_per_second":	2084325.8866579819,
				"retransmits":	0,
				"omitted":	false
			}
		}, {
			"streams":	[{
					"socket":	6,
					"start":	4.0004549026489258,
					"end":	5.0006468296051025,
					"seconds":	1.0001919269561768,
					"bytes":	260640,
					"bits_per_second":	2084719.8860577878,
					"retransmits":	0,
					"snd_cwnd":	133216,
					"rtt":	505406,
					"rttvar":	815,
					"pmtu":	1500,
					"omitted":	false
				}],
			"sum":	{
				"start":	4.0004549026489258,
				"end":	5.0006468296051025,
				"seconds":	1.0001919269561768,
				"bytes":	260640,
				"bits_per_second":	2084719.8860577878,
				"retransmits":	0,
				"omitted":	false
			}
		}, {
			"streams":	[{
					"socket":	6,
					"start":	5.0006468296051025,
					"end":	6.0006439685821533,
					"seconds":	0.99999713897705078,
					"bytes":	325800,
					"bits_per_second":	2606407.4569915496,
					"retransmits":	0,
					"snd_cwnd":	156384,
					"rtt":	564556,
					"rttvar":	320,
					"pmtu":	1500,
					"omitted":	false
				}],
			"sum":	{
				"start":	5.0006468296051025,
				"end":	6.0006439685821533,
				"seconds":	0.99999713897705078,
				"bytes":	325800,
				"bits_per_second":	2606407.4569915496,
				"retransmits":	0,
				"omitted":	false
			}
		}, {
			"streams":	[{
					"socket":	6,
					"start":	6.0006439685821533,
					"end":	7.0000288486480713,
					"seconds":	0.999384880065918,
					"bytes":	4365720,
					"bits_per_second":	34947256.754271038,
					"retransmits":	0,
					"snd_cwnd":	346072,
					"rtt":	33043,
					"rttvar":	313,
					"pmtu":	1500,
					"omitted":	false
				}],
			"sum":	{
				"start":	6.0006439685821533,
				"end":	7.0000288486480713,
				"seconds":	0.999384880065918,
				"bytes":	4365720,
				"bits_per_second":	34947256.754271038,
				"retransmits":	0,
				"omitted":	false
			}
		}, {
			"streams":	[{
					"socket":	6,
					"start":	7.0000288486480713,
					"end":	8.0000998973846436,
					"seconds":	1.0000710487365723,
					"bytes":	13525720,
					"bits_per_second":	108198072.6636377,
					"retransmits":	0,
					"snd_cwnd":	935408,
					"rtt":	74076,
					"rttvar":	511,
					"pmtu":	1500,
					"omitted":	false
				}],
			"sum":	{
				"start":	7.0000288486480713,
				"end":	8.0000998973846436,
				"seconds":	1.0000710487365723,
				"bytes":	13525720,
				"bits_per_second":	108198072.6636377,
				"retransmits":	0,
				"omitted":	false
			}
		}, {
			"streams":	[{
					"socket":	6,
					"start":	8.0000998973846436,
					"end":	9.0000720024108887,
					"seconds":	0.99997210502624512,
					"bytes":	14417920,
					"bits_per_second":	115346577.58975458,
					"retransmits":	0,
					"snd_cwnd":	1530536,
					"rtt":	121779,
					"rttvar":	648,
					"pmtu":	1500,
					"omitted":	false
				}],
			"sum":	{
				"start":	8.0000998973846436,
				"end":	9.0000720024108887,
				"seconds":	0.99997210502624512,
				"bytes":	14417920,
				"bits_per_second":	115346577.58975458,
				"retransmits":	0,
				"omitted":	false
			}
		}, {
			"streams":	[{
					"socket":	6,
					"start":	9.0000720024108887,
					"end":	10.000076055526733,
					"seconds":	1.0000040531158447,
					"bytes":	14417920,
					"bits_per_second":	115342892.50189482,
					"retransmits":	0,
					"snd_cwnd":	2124216,
					"rtt":	169254,
					"rttvar":	635,
					"pmtu":	1500,
					"omitted":	false
				}],
			"sum":	{
				"start":	9.0000720024108887,
				"end":	10.000076055526733,
				"seconds":	1.0000040531158447,
				"bytes":	14417920,
				"bits_per_second":	115342892.50189482,
				"retransmits":	0,
				"omitted":	false
			}
		}, {
			"streams":	[{
					"socket":	6,
					"start":	10.000076055526733,
					"end":	11.000061988830566,
					"seconds":	0.999985933303833,
					"bytes":	14417920,
					"bits_per_second":	115344982.52282354,
					"retransmits":	0,
					"snd_cwnd":	2719344,
					"rtt":	216548,
					"rttvar":	327,
					"pmtu":	1500,
					"omitted":	false
				}],
			"sum":	{
				"start":	10.000076055526733,
				"end":	11.000061988830566,
				"seconds":	0.999985933303833,
				"bytes":	14417920,
				"bits_per_second":	115344982.52282354,
				"retransmits":	0,
				"omitted":	false
			}
		}, {
			"streams":	[{
					"socket":	6,
					"start":	11.000061988830566,
					"end":	12.000093936920166,
					"seconds":	1.0000319480895996,
					"bytes":	11796480,
					"bits_per_second":	94368825.0963204,
					"retransmits":	0,
					"snd_cwnd":	3314472,
					"rtt":	264408,
					"rttvar":	450,
					"pmtu":	1500,
					"omitted":	false
				}],
			"sum":	{
				"start":	11.000061988830566,
				"end":	12.000093936920166,
				"seconds":	1.0000319480895996,
				"bytes":	11796480,
				"bits_per_second":	94368825.0963204,
				"retransmits":	0,
				"omitted":	false
			}
		}, {
			"streams":	[{
					"socket":	6,
					"start":	12.000093936920166,
					"end":	13.000099897384644,
					"seconds":	1.0000059604644775,
					"bytes":	11796480,
					"bits_per_second":	94371277.503352746,
					"retransmits":	0,
					"snd_cwnd":	3911048,
					"rtt":	311802,
					"rttvar":	323,
					"pmtu":	1500,
					"omitted":	false
				}],