{
	"start":	{
		"connected":	[{
				"socket":	6,
				"local_host":	"192.168.37.1",
				"local_port":	57346,
				"remote_host":	"192.168.37.2",
				"remote_port":	5018
			}],
		"version":	"iperf 3.6",
		"system_info":	"Linux ba-thesis 4.19.0-23-amd64 #1 SMP Debian 4.19.269-1 (2022-12-20) x86_64",
		"timestamp":	{
			"time":	"Sun, 04 Jun 2023 16:16:18 GMT",
			"timesecs":	1685895378
		},
		"connecting_to":	{
			"host":	"h14",
			"port":	5018
		},
		"cookie":	"vmyqvhcie2pad3afshz6y6qi5nwpvf63h2ft",
		"tcp_mss_default":	1448,
		"sock_bufsize":	0,
		"sndbuf_actual":	87380,
		"rcvbuf_actual":	87380,
		"test_start":	{
			"protocol":	"TCP",
			"num_streams":	1,
			"blksize":	131072,
			"omit":	0,
			"duration":	0,
			"bytes":	37354181,
			"blocks":	0,
			"reverse":	0,
			"tos":	0
		}
	},
	"intervals":	[{
			"streams":	[{
					"socket":	6,
					"start":	0,
					"end":	1.0000410079956055,
					"seconds":	1.0000410079956055,
					"bytes":	15660960,
					"bits_per_second":	125282542.41405125,
					"retransmits":	0,
					"snd_cwnd":	789160,
					"rtt":	62141,
					"rttvar":	323,
					"pmtu":	1500,
					"omitted":	false
				}],
			"sum":	{
				"start":	0,
				"end":	1.0000410079956055,
				"seconds":	1.0000410079956055,
				"bytes":	15660960,
				"bits_per_second":	125282542.41405125,
				"retransmits":	0,
				"omitted":	false
			}
		}, {
			"streams":	[{
					"socket":	6,
					"start":	1.0000410079956055,
					"end":	2.0000970363616943,
					"seconds":	1.0000560283660889,
					"bytes":	13107200,
					"bits_per_second":	104851725.3291482,
					"retransmits":	0,
					"snd_cwnd":	1382840,
					"rtt":	109791,
					"rttvar":	537,
					"pmtu":	1500,
					"omitted":	false
				}],
			"sum":	{
				"start":	1.0000410079956055,
				"end":	2.0000970363616943,
				"seconds":	1.0000560283660889,
				"bytes":	13107200,
				"bits_per_second":	104851725.3291482,
				"retransmits":	0,
				"omitted":	false
			}
		}, {
			"streams":	[{
					"socket":	6,
					"start":	2.0000970363616943,
					"end":	2.6052200794219971,
					"seconds":	0.60512304306030273,
					"bytes":	9175040,
					"bits_per_second":	121298173.72148128,
					"retransmits":	0,
					"snd_cwnd":	1720224,
					"rtt":	136853,
					"rttvar":	666,
					"pmtu":	1500,
					"omitted":	false
				}],
			"sum":	{
				"start":	2.0000970363616943,
				"end":	2.6052200794219971,
				"seconds":	0.60512304306030273,
				"bytes":	9175040,
				"bits_per_second":	121298173.72148128,
				"retransmits":	0,
				"omitted":	false
			}
		}],
	"end":	{
		"streams":	[{
				"sender":	{
					"socket":	6,
					"start":	0,
					"end":	2.6052200794219971,
					"seconds":	2.6052200794219971,
					"bytes":	37943200,
					"bits_per_second":	116514379.1104764,
					"retransmits":	0,
					"max_snd_cwnd":	1720224,
					"max_rtt":	136853,
					"min_rtt":	62141,
					"mean_rtt":	102928
				},
				"receiver":	{
					"socket":	6,
					"start":	0,
					"end":	2.7817158699035645,
					"seconds":	2.6052200794219971,
					"bytes":	31747400,
					"bits_per_second":	91303070.4350135
				}
			}],
		"sum_sent":	{
			"start":	0,
			"end":	2.6052200794219971,
			"seconds":	2.6052200794219971,
			"bytes":	37943200,
			"bits_per_second":	116514379.1104764,
			"retransmits":	0
		},
		"sum_received":	{
			"start":	0,
			"end":	2.7817158699035645,
			"seconds":	2.7817158699035645,
			"bytes":	31747400,
			"bits_per_second":	91303070.4350135
		},
		"cpu_utilization_percent":	{
			"host_total":	1.7513036049613553,
			"host_user":	0.53393402590285222,
			"host_system":	1.2174062126108807,
			"remote_total":	1.4410026385041959,
			"remote_user":	0,
			"remote_system":	1.4409680895426167
		},
		"sender_tcp_congestion":	"cubic",
		"receiver_tcp_congestion":	"cubic"
	}
}
