{
	"start":	{
		"connected":	[{
				"socket":	6,
				"local_host":	"192.168.3.2",
				"local_port":	40996,
				"remote_host":	"192.168.26.1",
				"remote_port":	5000
			}],
		"version":	"iperf 3.6",
		"system_info":	"Linux ba-thesis 4.19.0-23-amd64 #1 SMP Debian 4.19.269-1 (2022-12-20) x86_64",
		"timestamp":	{
			"time":	"Mon, 12 Jun 2023 01:29:43 GMT",
			"timesecs":	1686533383
		},
		"connecting_to":	{
			"host":	"h6",
			"port":	5000
		},
		"cookie":	"4su4bpuf3z3wpfyynh5vzulebomgkyqowyfb",
		"tcp_mss_default":	1448,
		"sock_bufsize":	0,
		"sndbuf_actual":	87380,
		"rcvbuf_actual":	87380,
		"test_start":	{
			"protocol":	"TCP",
			"num_streams":	1,
			"blksize":	131072,
			"omit":	0,
			"duration":	0,
			"bytes":	16430380,
			"blocks":	0,
			"reverse":	0,
			"tos":	0
		}
	},
	"intervals":	[{
			"streams":	[{
					"socket":	6,
					"start":	0,
					"end":	1.0001130104064941,
					"seconds":	1.0001130104064941,
					"bytes":	2229920,
					"bits_per_second":	17837344.194481805,
					"retransmits":	0,
					"snd_cwnd":	144800,
					"rtt":	78115,
					"rttvar":	622,
					"pmtu":	1500,
					"omitted":	false
				}],
			"sum":	{
				"start":	0,
				"end":	1.0001130104064941,
				"seconds":	1.0001130104064941,
				"bytes":	2229920,
				"bits_per_second":	17837344.194481805,
				"retransmits":	0,
				"omitted":	false
			}
		}, {
			"streams":	[{
					"socket":	6,
					"start":	1.0001130104064941,
					"end":	2.000075101852417,
					"seconds":	0.99996209144592285,
					"bytes":	2345760,
					"bits_per_second":	18766791.421927474,
					"retransmits":	0,
					"snd_cwnd":	231680,
					"rtt":	125760,
					"rttvar":	643,
					"pmtu":	1500,
					"omitted":	false
				}],
			"sum":	{
				"start":	1.0001130104064941,
				"end":	2.000075101852417,
				"seconds":	0.99996209144592285,
				"bytes":	2345760,
				"bits_per_second":	18766791.421927474,
				"retransmits":	0,
				"omitted":	false
			}
		}, {
			"streams":	[{
					"socket":	6,
					"start":	2.000075101852417,
					"end":	3.0002181529998779,
					"seconds":	1.0001430511474609,
					"bytes":	1694160,
					"bits_per_second":	13551341.465053789,
					"retransmits":	0,
					"snd_cwnd":	318560,
					"rtt":	172744,
					"rttvar":	662,
					"pmtu":	1500,
					"omitted":	false
				}],
			"sum":	{
				"start":	2.000075101852417,
				"end":	3.0002181529998779,
				"seconds":	1.0001430511474609,
				"bytes":	1694160,
				"bits_per_second":	13551341.465053789,
				"retransmits":	0,
				"omitted":	false
			}
		}, {
			"streams":	[{
					"socket":	6,
					"start":	3.0002181529998779,
					"end":	4.0001900196075439,
					"seconds":	0.999971866607666,
					"bytes":	2150280,
					"bits_per_second":	17202723.970982689,
					"retransmits":	0,
					"snd_cwnd":	405440,
					"rtt":	221196,
					"rttvar":	842,
					"pmtu":	1500,
					"omitted":	false
				}],
			"sum":	{
				"start":	3.0002181529998779,
				"end":	4.0001900196075439,
				"seconds":	0.999971866607666,
				"bytes":	2150280,
				"bits_per_second":	17202723.970982689,
				"retransmits":	0,
				"omitted":	false
			}
		}, {
			"streams":	[{
					"socket":	6,
					"start":	4.0001900196075439,
					"end":	5.0000720024108887,
					"seconds":	0.99988198280334473,
					"bytes":	2736720,
					"bits_per_second":	21896344.145153008,
					"retransmits":	0,
					"snd_cwnd":	492320,
					"rtt":	268125,
					"rttvar":	289,
					"pmtu":	1500,
					"omitted":	false
				}],
			"sum":	{
				"start":	4.0001900196075439,
				"end":	5.0000720024108887,
				"seconds":	0.99988198280334473,
				"bytes":	2736720,
				"bits_per_second":	21896344.145153008,
				"retransmits":	0,
				"omitted":	false
			}
		}, {
			"streams":	[{
					"socket":	6,
					"start":	5.0000720024108887,
					"end":	6.0000832080841064,
					"seconds":	1.0000112056732178,
					"bytes":	2215440,
					"bits_per_second":	17723321.398252077,
					"retransmits":	0,
					"snd_cwnd":	579200,
					"rtt":	315490,
					"rttvar":	430,
					"pmtu":	1500,
					"omitted":	false
				}],
			"sum":	{
				"start":	5.0000720024108887,
				"end":	6.0000832080841064,
				"seconds":	1.0000112056732178,
				"bytes":	2215440,
				"bits_per_second":	17723321.398252077,
				"retransmits":	0,
				"omitted":	false
			}
		}, {
			"streams":	[{
					"socket":	6,
					"start":	6.0000832080841064,
					"end":	7.0004491806030273,
					"seconds":	1.0003659725189209,
					"bytes":	1238040,
					"bits_per_second":	9900696.61711996,
					"retransmits":	0,
					"snd_cwnd":	666080,
					"rtt":	363441,
					"rttvar":	649,
					"pmtu":	1500,
					"omitted":	false
				}],
			"sum":	{
				"start":	6.0000832080841064,
				"end":	7.0004491806030273,
				"seconds":	1.0003659725189209,
				"bytes":	1238040,
				"bits_per_second":	9900696.61711996,
				"retransmits":	0,
				"omitted":	false
			}
		}, {
			"streams":	[{
					"socket":	6,
					"start":	7.0004491806030273,
					"end":	7.7576191425323486,
					"seconds":	0.75716996192932129,
					"bytes":	2621440,
					"bits_per_second":	27697242.434925865,
					"retransmits":	0,
					"snd_cwnd":	731240,
					"rtt":	398983,
					"rttvar":	595,
					"pmtu":	1500,
					"omitted":	false
				}],
			"sum":	{
				"start":	7.0004491806030273,
				"end":	7.7576191425323486,
				"seconds":	0.75716996192932129,
				"bytes":	2621440,
				"bits_per_second":	27697242.434925865,
				"retransmits":	0,
				"omitted":	false
			}
		}],
	"end":	{
		"streams":	[{
				"sender":	{
					"socket":	6,
					"start":	0,
					"end":	7.7576191425323486,
					"seconds":	7.7576191425323486,
					"bytes":	17231760,
					"bits_per_second":	17770153.118782751,
					"retransmits":	0,
					"max_snd_cwnd":	731240,
					"max_rtt":	398983,
					"min_rtt":	78115,
					"mean_rtt":	242981
				},
				"receiver":	{
					"socket":	6,
					"start":	0,
					"end":	8.2286128997802734,
					"seconds":	7.7576191425323486,
					"bytes":	14089040,
					"bits_per_second":	13697608.7431467
				}
			}],
		"sum_sent":	{
			"start":	0,
			"end":	7.7576191425323486,
			"seconds":	7.7576191425323486,
			"bytes":	17231760,
			"bits_per_second":	17770153.118782751,
			"retransmits":	0
		},
		"sum_received":	{
			"start":	0,
			"end":	8.2286128997802734,
			"seconds":	8.2286128997802734,
			"bytes":	14089040,
			"bits_per_second":	13697608.7431467
		},
		"cpu_utilization_percent":	{
			"host_total":	0.67181270397961934,
			"host_user":	0.024386451875909529,
			"host_system":	0.64741364276975122,
			"remote_total":	0.69914211478149391,
			"remote_user":	0.096016089401674193,
			"remote_system":	0.6031141023586597
		},
		"sender_tcp_congestion":	"cubic",
		"receiver_tcp_congestion":	"cubic"
	}
}
