{
	"start":	{
		"connected":	[{
				"socket":	6,
				"local_host":	"192.168.12.1",
				"local_port":	42342,
				"remote_host":	"192.168.12.2",
				"remote_port":	5003
			}],
		"version":	"iperf 3.6",
		"system_info":	"Linux ba-thesis 4.19.0-23-amd64 #1 SMP Debian 4.19.269-1 (2022-12-20) x86_64",
		"timestamp":	{
			"time":	"Tue, 13 Jun 2023 03:05:06 GMT",
			"timesecs":	1686625506
		},
		"connecting_to":	{
			"host":	"h6",
			"port":	5003
		},
		"cookie":	"echasvh7q2ndxr577in77maynnpbo2oja3o5",
		"tcp_mss_default":	1448,
		"sock_bufsize":	0,
		"sndbuf_actual":	87380,
		"rcvbuf_actual":	87380,
		"test_start":	{
			"protocol":	"TCP",
			"num_streams":	1,
			"blksize":	131072,
			"omit":	0,
			"duration":	0,
			"bytes":	24035328,
			"blocks":	0,
			"reverse":	0,
			"tos":	0
		}
	},
	"intervals":	[{
			"streams":	[{
					"socket":	6,
					"start":	0,
					"end":	1.0000641345977783,
					"seconds":	1.0000641345977783,
					"bytes":	15284480,
					"bits_per_second":	122267998.39110203,
					"retransmits":	0,
					"snd_cwnd":	797848,
					"rtt":	62877,
					"rttvar":	559,
					"pmtu":	1500,
					"omitted":	false
				}],
			"sum":	{
				"start":	0,
				"end":	1.0000641345977783,
				"seconds":	1.0000641345977783,
				"bytes":	15284480,
				"bits_per_second":	122267998.39110203,
				"retransmits":	0,
				"omitted":	false
			}
		}, {
			"streams":	[{
					"socket":	6,
					"start":	1.0000641345977783,
					"end":	1.6024360656738281,
					"seconds":	0.6023719310760498,
					"bytes":	9175040,
					"bits_per_second":	121852158.46442415,
					"retransmits":	0,
					"snd_cwnd":	1158400,
					"rtt":	91411,
					"rttvar":	235,
					"pmtu":	1500,
					"omitted":	false
				}],
			"sum":	{
				"start":	1.0000641345977783,
				"end":	1.6024360656738281,
				"seconds":	0.6023719310760498,
				"bytes":	9175040,
				"bits_per_second":	121852158.46442415,
				"retransmits":	0,
				"omitted":	false
			}
		}],
	"end":	{
		"streams":	[{
				"sender":	{
					"socket":	6,
					"start":	0,
					"end":	1.6024360656738281,
					"seconds":	1.6024360656738281,
					"bytes":	24459520,
					"bits_per_second":	122111679.955055,
					"retransmits":	0,
					"max_snd_cwnd":	1158400,
					"max_rtt":	91411,
					"min_rtt":	62877,
					"mean_rtt":	77144
				},
				"receiver":	{
					"socket":	6,
					"start":	0,
					"end":	1.7407770156860352,
					"seconds":	1.6024360656738281,
					"bytes":	19837600,
					"bits_per_second":	91166644.877521247
				}
			}],
		"sum_sent":	{
			"start":	0,
			"end":	1.6024360656738281,
			"seconds":	1.6024360656738281,
			"bytes":	24459520,
			"bits_per_second":	122111679.955055,
			"retransmits":	0
		},
		"sum_received":	{
			"start":	0,
			"end":	1.7407770156860352,
			"seconds":	1.7407770156860352,
			"bytes":	19837600,
			"bits_per_second":	91166644.877521247
		},
		"cpu_utilization_percent":	{
			"host_total":	2.5754076724576453,
			"host_user":	0.28840950673747318,
			"host_system":	2.2870561025435427,
			"remote_total":	0.027759427731075235,
			"remote_user":	0,
			"remote_system":	0.027760703147005905
		},
		"sender_tcp_congestion":	"cubic",
		"receiver_tcp_congestion":	"cubic"
	}
}
