{
	"start":	{
		"connected":	[{
				"socket":	6,
				"local_host":	"192.168.6.1",
				"local_port":	39122,
				"remote_host":	"192.168.6.2",
				"remote_port":	5008
			}],
		"version":	"iperf 3.6",
		"system_info":	"Linux ba-thesis 4.19.0-23-amd64 #1 SMP Debian 4.19.269-1 (2022-12-20) x86_64",
		"timestamp":	{
			"time":	"Tue, 13 Jun 2023 03:04:02 GMT",
			"timesecs":	1686625442
		},
		"connecting_to":	{
			"host":	"h1",
			"port":	5008
		},
		"cookie":	"32eyialllthhoci5e64c7ucjoh3fhjxlihcb",
		"tcp_mss_default":	1448,
		"sock_bufsize":	0,
		"sndbuf_actual":	87380,
		"rcvbuf_actual":	87380,
		"test_start":	{
			"protocol":	"TCP",
			"num_streams":	1,
			"blksize":	131072,
			"omit":	0,
			"duration":	0,
			"bytes":	73016320,
			"blocks":	0,
			"reverse":	0,
			"tos":	0
		}
	},
	"intervals":	[{
			"streams":	[{
					"socket":	6,
					"start":	0,
					"end":	1.0001130104064941,
					"seconds":	1.0001130104064941,
					"bytes":	14763200,
					"bits_per_second":	118092254.34633251,
					"retransmits":	0,
					"snd_cwnd":	818120,
					"rtt":	64255,
					"rttvar":	262,
					"pmtu":	1500,
					"omitted":	false
				}],
			"sum":	{
				"start":	0,
				"end":	1.0001130104064941,
				"seconds":	1.0001130104064941,
				"bytes":	14763200,
				"bits_per_second":	118092254.34633251,
				"retransmits":	0,
				"omitted":	false
			}
		}, {
			"streams":	[{
					"socket":	6,
					"start":	1.0001130104064941,
					"end":	2.0001111030578613,
					"seconds":	0.99999809265136719,
					"bytes":	14417920,
					"bits_per_second":	115343580.00041962,
					"retransmits":	0,
					"snd_cwnd":	1416144,
					"rtt":	112089,
					"rttvar":	290,
					"pmtu":	1500,
					"omitted":	false
				}],
			"sum":	{
				"start":	1.0001130104064941,
				"end":	2.0001111030578613,
				"seconds":	0.99999809265136719,
				"bytes":	14417920,
				"bits_per_second":	115343580.00041962,
				"retransmits":	0,
				"omitted":	false
			}
		}, {
			"streams":	[{
					"socket":	6,
					"start":	2.0001111030578613,
					"end":	3.0000860691070557,
					"seconds":	0.99997496604919434,
					"bytes":	14417920,
					"bits_per_second":	115346247.57228734,
					"retransmits":	0,
					"snd_cwnd":	2014168,
					"rtt":	159740,
					"rttvar":	585,
					"pmtu":	1500,
					"omitted":	false
				}],
			"sum":	{
				"start":	2.0001111030578613,
				"end":	3.0000860691070557,
				"seconds":	0.99997496604919434,
				"bytes":	14417920,
				"bits_per_second":	115346247.57228734,
				"retransmits":	0,
				"omitted":	false
			}
		}, {
			"streams":	[{
					"socket":	6,
					"start":	3.0000860691070557,
					"end":	4.0000801086425781,
					"seconds":	0.99999403953552246,
					"bytes":	14417920,
					"bits_per_second":	115344047.50409785,
					"retransmits":	0,
					"snd_cwnd":	2610744,
					"rtt":	207371,
					"rttvar":	455,
					"pmtu":	1500,
					"omitted":	false
				}],
			"sum":	{
				"start":	3.0000860691070557,
				"end":	4.0000801086425781,
				"seconds":	0.99999403953552246,
				"bytes":	14417920,
				"bits_per_second":	115344047.50409785,
				"retransmits":	0,
				"omitted":	false
			}
		}, {
			"streams":	[{
					"socket":	6,
					"start":	4.0000801086425781,
					"end":	5.0000970363616943,
					"seconds":	1.0000169277191162,
					"bytes":	11796480,
					"bits_per_second":	94370242.527041569,
					"retransmits":	0,
					"snd_cwnd":	3191392,
					"rtt":	281801,
					"rttvar":	513,
					"pmtu":	1500,
					"omitted":	false
				}],
			"sum":	{
				"start":	4.0000801086425781,
				"end":	5.0000970363616943,
				"seconds":	1.0000169277191162,
				"bytes":	11796480,
				"bits_per_second":	94370242.527041569,
				"retransmits":	0,
				"omitted":	false
			}
		}, {
			"streams":	[{
					"socket":	6,
					"start":	5.0000970363616943,
					"end":	5.2334561347961426,
					"seconds":	0.23335909843444824,
					"bytes":	3932160,
					"bits_per_second":	134802029.19465989,
					"retransmits":	0,
					"snd_cwnd":	3331848,
					"rtt":	264643,
					"rttvar":	345,
					"pmtu":	1500,
					"omitted":	false
				}],
			"sum":	{
				"start":	5.0000970363616943,
				"end":	5.2334561347961426,
				"seconds":	0.23335909843444824,
				"bytes":	3932160,
				"bits_per_second":	134802029.19465989,
				"retransmits":	0,
				"omitted":	false
			}
		}],
	"end":	{
		"streams":	[{
				"sender":	{
					"socket":	6,
					"start":	0,
					"end":	5.2334561347961426,
					"seconds":	5.2334561347961426,
					"bytes":	73745600,
					"bits_per_second":	112729482.16331629,
					"retransmits":	0,
					"max_snd_cwnd":	3331848,
					"max_rtt":	281801,
					"min_rtt":	64255,
					"mean_rtt":	181649
				},
				"receiver":	{
					"socket":	6,
					"start":	0,
					"end":	5.5423071384429932,
					"seconds":	5.2334561347961426,
					"bytes":	65058640,
					"bits_per_second":	93908386.3450801
				}
			}],
		"sum_sent":	{
			"start":	0,
			"end":	5.2334561347961426,
			"seconds":	5.2334561347961426,
			"bytes":	73745600,
			"bits_per_second":	112729482.16331629,
			"retransmits":	0
		},
		"sum_received":	{
			"start":	0,
			"end":	5.5423071384429932,
			"seconds":	5.5423071384429932,
			"bytes":	65058640,
			"bits_per_second":	93908386.3450801
		},
		"cpu_utilization_percent":	{
			"host_total":	0.99273619951641867,
			"host_user":	0.11855266073349582,
			"host_system":	0.87412753847081437,
			"remote_total":	0.36979641430047061,
			"remote_user":	0.015298067920628381,
			"remote_system":	0.35450371789245477
		},
		"sender_tcp_congestion":	"cubic",
		"receiver_tcp_congestion":	"cubic"
	}
}
