{
	"start":	{
		"connected":	[{
				"socket":	6,
				"local_host":	"192.168.17.1",
				"local_port":	53942,
				"remote_host":	"192.168.28.1",
				"remote_port":	5006
			}],
		"version":	"iperf 3.6",
		"system_info":	"Linux ba-thesis 4.19.0-23-amd64 #1 SMP Debian 4.19.269-1 (2022-12-20) x86_64",
		"timestamp":	{
			"time":	"Fri, 09 Jun 2023 15:09:00 GMT",
			"timesecs":	1686323340
		},
		"connecting_to":	{
			"host":	"h8",
			"port":	5006
		},
		"cookie":	"go5vb57pkfopy6doc3tmftdyxlghxfzwk4d4",
		"tcp_mss_default":	1448,
		"sock_bufsize":	0,
		"sndbuf_actual":	87380,
		"rcvbuf_actual":	87380,
		"test_start":	{
			"protocol":	"TCP",
			"num_streams":	1,
			"blksize":	131072,
			"omit":	0,
			"duration":	0,
			"bytes":	257072345,
			"blocks":	0,
			"reverse":	0,
			"tos":	0
		}
	},
	"intervals":	[{
			"streams":	[{
					"socket":	6,
					"start":	0,
					"end":	1.0000488758087158,
					"seconds":	1.0000488758087158,
					"bytes":	16950192,
					"bits_per_second":	135594908.68918008,
					"retransmits":	0,
					"snd_cwnd":	1398768,
					"rtt":	110735,
					"rttvar":	439,
					"pmtu":	1500,
					"omitted":	false
				}],
			"sum":	{
				"start":	0,
				"end":	1.0000488758087158,
				"seconds":	1.0000488758087158,
				"bytes":	16950192,
				"bits_per_second":	135594908.68918008,
				"retransmits":	0,
				"omitted":	false
			}
		}, {
			"streams":	[{
					"socket":	6,
					"start":	1.0000488758087158,
					"end":	2.0000758171081543,
					"seconds":	1.0000269412994385,
					"bytes":	14417920,
					"bits_per_second":	115340252.58371784,
					"retransmits":	0,
					"snd_cwnd":	1995344,
					"rtt":	158356,
					"rttvar":	513,
					"pmtu":	1500,
					"omitted":	false
				}],
			"sum":	{
				"start":	1.0000488758087158,
				"end":	2.0000758171081543,
				"seconds":	1.0000269412994385,
				"bytes":	14417920,
				"bits_per_second":	115340252.58371784,
				"retransmits":	0,
				"omitted":	false
			}
		}, {
			"streams":	[{
					"socket":	6,
					"start":	2.0000758171081543,
					"end":	3.0000669956207275,
					"seconds":	0.99999117851257324,
					"bytes":	14417920,
					"bits_per_second":	115344377.50897594,
					"retransmits":	0,
					"snd_cwnd":	2591920,
					"rtt":	205745,
					"rttvar":	446,
					"pmtu":	1500,
					"omitted":	false
				}],
			"sum":	{
				"start":	2.0000758171081543,
				"end":	3.0000669956207275,
				"seconds":	0.99999117851257324,
				"bytes":	14417920,
				"bits_per_second":	115344377.50897594,
				"retransmits":	0,
				"omitted":	false
			}
		}, {
			"streams":	[{
					"socket":	6,
					"start":	3.0000669956207275,
					"end":	4.0000348091125488,
					"seconds":	0.99996781349182129,
					"bytes":	11796480,
					"bits_per_second":	94374877.597769663,
					"retransmits":	0,
					"snd_cwnd":	3184152,
					"rtt":	258648,
					"rttvar":	4001,
					"pmtu":	1500,
					"omitted":	false
				}],
			"sum":	{
				"start":	3.0000669956207275,
				"end":	4.0000348091125488,
				"seconds":	0.99996781349182129,
				"bytes":	11796480,
				"bits_per_second":	94374877.597769663,
				"retransmits":	0,
				"omitted":	false
			}
		}, {
			"streams":	[{
					"socket":	6,
					"start":	4.0000348091125488,
					"end":	5.0001208782196045,
					"seconds":	1.0000860691070557,
					"bytes":	11796480,
					"bits_per_second":	94363718.199036151,
					"retransmits":	0,
					"snd_cwnd":	3782176,
					"rtt":	301261,
					"rttvar":	511,
					"pmtu":	1500,
					"omitted":	false
				}],
			"sum":	{
				"start":	4.0000348091125488,
				"end":	5.0001208782196045,
				"seconds":	1.0000860691070557,
				"bytes":	11796480,
				"bits_per_second":	94363718.199036151,
				"retransmits":	0,
				"omitted":	false
			}
		}, {
			"streams":	[{
					"socket":	6,
					"start":	5.0001208782196045,
					"end":	6.000108003616333,
					"seconds":	0.99998712539672852,
					"bytes":	11796480,
					"bits_per_second":	94373055.015642852,
					"retransmits":	0,
					"snd_cwnd":	4378752,
					"rtt":	348082,
					"rttvar":	642,
					"pmtu":	1500,
					"omitted":	false
				}],
			"sum":	{
				"start":	5.0001208782196045,
				"end":	6.000108003616333,
				"seconds":	0.99998712539672852,
				"bytes":	11796480,
				"bits_per_second":	94373055.015642852,
				"retransmits":	0,
				"omitted":	false
			}
		}, {
			"streams":	[{
					"socket":	6,
					"start":	6.000108003616333,
					"end":	7.0000638961791992,
					"seconds":	0.99995589256286621,
					"bytes":	13107200,
					"bits_per_second":	104862225.2040059,
					"retransmits":	0,
					"snd_cwnd":	4975328,
					"rtt":	395704,
					"rttvar":	392,
					"pmtu":	1500,
					"omitted":	false
				}],
			"sum":	{
				"start":	6.000108003616333,
				"end":	7.0000638961791992,
				"seconds":	0.99995589256286621,
				"bytes":	13107200,
				"bits_per_second":	104862225.2040059,
				"retransmits":	0,
				"omitted":	false
			}
		}, {
			"streams":	[{
					"socket":	6,
					"start":	7.0000638961791992,
					"end":	8.0000288486480713,
					"seconds":	0.99996495246887207,
					"bytes":	11796480,
					"bits_per_second":	94375147.615923777,
					"retransmits":	0,
					"snd_cwnd":	5571904,
					"rtt":	444114,
					"rttvar":	377,
					"pmtu":	1500,
					"omitted":	false
				}],
			"sum":	{
				"start":	7.0000638961791992,
				"end":	8.0000288486480713,
				"seconds":	0.99996495246887207,
				"bytes":	11796480,
				"bits_per_second":	94375147.615923777,
				"retransmits":	0,
				"omitted":	false
			}
		}, {
			"streams":	[{
					"socket":	6,
					"start":	8.0000288486480713,
					"end":	9.0000638961792,
					"seconds":	1.0000350475311279,
					"bytes":	11796480,
					"bits_per_second":	94368532.615915641,
					"retransmits":	0,
					"snd_cwnd":	6167032,
					"rtt":	491863,
					"rttvar":	176,
					"pmtu":	1500,
					"omitted":	false
				}],
			"sum":	{
				"start":	8.0000288486480713,
				"end":	9.0000638961792,
				"seconds":	1.0000350475311279,
				"bytes":	11796480,
				"bits_per_second":	94368532.615915641,
				"retransmits":	0,
				"omitted":	false
			}
		}, {
			"streams":	[{
					"socket":	6,
					"start":	9.0000638961792,
					"end":	10.000058889389038,
					"seconds":	0.99999499320983887,
					"bytes":	11796480,
					"bits_per_second":	94372312.502365723,
					"retransmits":	0,
					"snd_cwnd":	6557992,
					"rtt":	540127,
					"rttvar":	656,
					"pmtu":	1500,
					"omitted":	false
				}],
			"sum":	{
				"start":	9.0000638961792,
				"end":	10.000058889389038,
				"seconds":	0.99999499320983887,
				"bytes":	11796480,
				"bits_per_second":	94372312.502365723,
				"retransmits":	0,
				"omitted":	false
			}
		}, {
			"streams":	[{
					"socket":	6,
					"start":	10.000058889389038,
					"end":	11.000082969665527,
					"seconds":	1.0000240802764893,
					"bytes":	11796480,
					"bits_per_second":	94369567.554721117,
					"retransmits":	0,
					"snd_cwnd":	3731496,
					"rtt":	396698,
					"rttvar":	1082,
					"pmtu":	1500,
					"omitted":	false
				}],
			"sum":	{
				"start":	10.000058889389038,
				"end":	11.000082969665527,
				"seconds":	1.0000240802764893,
				"bytes":	11796480,
				"bits_per_second":	94369567.554721117,
				"retransmits":	0,
				"omitted":	false
			}
		}, {
			"streams":	[{
					"socket":	6,
					"start":	11.000082969665527,
					"end":	12.000072002410889,
					"seconds":	0.99998903274536133,
					"bytes":	11796480,
					"bits_per_second":	94372875.011351228,
					"retransmits":	0,
					"snd_cwnd":	2358792,
					"rtt":	211612,
					"rttvar":	439,
					"pmtu":	1500,
					"omitted":	false
				}],
			"sum":	{
				"start":	11.000082969665527,
				"end":	12.000072002410889,
				"seconds":	0.99998903274536133,
				"bytes":	11796480,
				"bits_per_second":	94372875.011351228,
				"retransmits":	0,
				"omitted":	false
			}
		}, {
			"streams":	[{
					"socket":	6,
					"start":	12.000072002410889,
					"end":	13.000065803527832,
					"seconds":	0.99999380111694336,
					"bytes":	11796480,
					"bits_per_second":	94372425.003626376,
					"retransmits":	0,
					"snd_cwnd":	2492008,
					"rtt":	204603,
					"rttvar":	3003,
					"pmtu":	1500,