{
	"start":	{
		"connected":	[{
				"socket":	6,
				"local_host":	"192.168.8.1",
				"local_port":	46112,
				"remote_host":	"192.168.16.1",
				"remote_port":	5003
			}],
		"version":	"iperf 3.6",
		"system_info":	"Linux ba-thesis 4.19.0-23-amd64 #1 SMP Debian 4.19.269-1 (2022-12-20) x86_64",
		"timestamp":	{
			"time":	"Fri, 09 Jun 2023 12:29:46 GMT",
			"timesecs":	1686313786
		},
		"connecting_to":	{
			"host":	"h1",
			"port":	5003
		},
		"cookie":	"gsthcgyua3gdmy57gcgj2cr5ldsbgmexbzxy",
		"tcp_mss_default":	1448,
		"sock_bufsize":	0,
		"sndbuf_actual":	87380,
		"rcvbuf_actual":	87380,
		"test_start":	{
			"protocol":	"TCP",
			"num_streams":	1,
			"blksize":	131072,
			"omit":	0,
			"duration":	0,
			"bytes":	200920464,
			"blocks":	0,
			"reverse":	0,
			"tos":	0
		}
	},
	"intervals":	[{
			"streams":	[{
					"socket":	6,
					"start":	0,
					"end":	1.0002679824829102,
					"seconds":	1.0002679824829102,
					"bytes":	535760,
					"bits_per_second":	4284931.7133603534,
					"retransmits":	0,
					"snd_cwnd":	73848,
					"rtt":	163112,
					"rttvar":	2343,
					"pmtu":	1500,
					"omitted":	false
				}],
			"sum":	{
				"start":	0,
				"end":	1.0002679824829102,
				"seconds":	1.0002679824829102,
				"bytes":	535760,
				"bits_per_second":	4284931.7133603534,
				"retransmits":	0,
				"omitted":	false
			}
		}, {
			"streams":	[{
					"socket":	6,
					"start":	1.0002679824829102,
					"end":	2.0000600814819336,
					"seconds":	0.99979209899902344,
					"bytes":	1694160,
					"bits_per_second":	13556098.326411398,
					"retransmits":	0,
					"snd_cwnd":	139008,
					"rtt":	40539,
					"rttvar":	134,
					"pmtu":	1500,
					"omitted":	false
				}],
			"sum":	{
				"start":	1.0002679824829102,
				"end":	2.0000600814819336,
				"seconds":	0.99979209899902344,
				"bytes":	1694160,
				"bits_per_second":	13556098.326411398,
				"retransmits":	0,
				"omitted":	false
			}
		}, {
			"streams":	[{
					"socket":	6,
					"start":	2.0000600814819336,
					"end":	3.0000748634338379,
					"seconds":	1.0000147819519043,
					"bytes":	7949520,
					"bits_per_second":	63595219.938517526,
					"retransmits":	0,
					"snd_cwnd":	460464,
					"rtt":	41393,
					"rttvar":	392,
					"pmtu":	1500,
					"omitted":	false
				}],
			"sum":	{
				"start":	2.0000600814819336,
				"end":	3.0000748634338379,
				"seconds":	1.0000147819519043,
				"bytes":	7949520,
				"bits_per_second":	63595219.938517526,
				"retransmits":	0,
				"omitted":	false
			}
		}, {
			"streams":	[{
					"socket":	6,
					"start":	3.0000748634338379,
					"end":	4.0000860691070557,
					"seconds":	1.0000112056732178,
					"bytes":	14916640,
					"bits_per_second":	119331782.80703737,
					"retransmits":	0,
					"snd_cwnd":	1055592,
					"rtt":	83411,
					"rttvar":	442,
					"pmtu":	1500,
					"omitted":	false
				}],
			"sum":	{
				"start":	3.0000748634338379,
				"end":	4.0000860691070557,
				"seconds":	1.0000112056732178,
				"bytes":	14916640,
				"bits_per_second":	119331782.80703737,
				"retransmits":	0,
				"omitted":	false
			}
		}, {
			"streams":	[{
					"socket":	6,
					"start":	4.0000860691070557,
					"end":	5.0001170635223389,
					"seconds":	1.0000309944152832,
					"bytes":	13107200,
					"bits_per_second":	104854350.10072872,
					"retransmits":	0,
					"snd_cwnd":	1653616,
					"rtt":	130793,
					"rttvar":	188,
					"pmtu":	1500,
					"omitted":	false
				}],
			"sum":	{
				"start":	4.0000860691070557,
				"end":	5.0001170635223389,
				"seconds":	1.0000309944152832,
				"bytes":	13107200,
				"bits_per_second":	104854350.10072872,
				"retransmits":	0,
				"omitted":	false
			}
		}, {
			"streams":	[{
					"socket":	6,
					"start":	5.0001170635223389,
					"end":	6.0000438690185547,
					"seconds":	0.99992680549621582,
					"bytes":	14417920,
					"bits_per_second":	115351803.11798984,
					"retransmits":	0,
					"snd_cwnd":	2250192,
					"rtt":	178549,
					"rttvar":	413,
					"pmtu":	1500,
					"omitted":	false
				}],
			"sum":	{
				"start":	5.0001170635223389,
				"end":	6.0000438690185547,
				"seconds":	0.99992680549621582,
				"bytes":	14417920,
				"bits_per_second":	115351803.11798984,
				"retransmits":	0,
				"omitted":	false
			}
		}, {
			"streams":	[{
					"socket":	6,
					"start":	6.0000438690185547,
					"end":	7.0000989437103271,
					"seconds":	1.0000550746917725,
					"bytes":	14417920,
					"bits_per_second":	115337007.84984271,
					"retransmits":	0,
					"snd_cwnd":	2848216,
					"rtt":	226191,
					"rttvar":	437,
					"pmtu":	1500,
					"omitted":	false
				}],
			"sum":	{
				"start":	6.0000438690185547,
				"end":	7.0000989437103271,
				"seconds":	1.0000550746917725,
				"bytes":	14417920,
				"bits_per_second":	115337007.84984271,
				"retransmits":	0,
				"omitted":	false
			}
		}, {
			"streams":	[{
					"socket":	6,
					"start":	7.0000989437103271,
					"end":	8.0000820159912109,
					"seconds":	0.99998307228088379,
					"bytes":	11796480,
					"bits_per_second":	94373437.5270425,
					"retransmits":	0,
					"snd_cwnd":	3428864,
					"rtt":	272627,
					"rttvar":	517,
					"pmtu":	1500,
					"omitted":	false
				}],
			"sum":	{
				"start":	7.0000989437103271,
				"end":	8.0000820159912109,
				"seconds":	0.99998307228088379,
				"bytes":	11796480,
				"bits_per_second":	94373437.5270425,
				"retransmits":	0,
				"omitted":	false
			}
		}, {
			"streams":	[{
					"socket":	6,
					"start":	8.0000820159912109,
					"end":	9.0000748634338379,
					"seconds":	0.999992847442627,
					"bytes":	11796480,
					"bits_per_second":	94372515.004828,
					"retransmits":	0,
					"snd_cwnd":	4026888,
					"rtt":	320043,
					"rttvar":	589,
					"pmtu":	1500,
					"omitted":	false
				}],
			"sum":	{
				"start":	8.0000820159912109,
				"end":	9.0000748634338379,
				"seconds":	0.999992847442627,
				"bytes":	11796480,
				"bits_per_second":	94372515.004828,
				"retransmits":	0,
				"omitted":	false
			}
		}, {
			"streams":	[{
					"socket":	6,
					"start":	9.0000748634338379,
					"end":	10.000087976455688,
					"seconds":	1.0000131130218506,
					"bytes":	11796480,
					"bits_per_second":	94370602.516227156,
					"retransmits":	0,
					"snd_cwnd":	4623464,
					"rtt":	367633,
					"rttvar":	523,
					"pmtu":	1500,
					"omitted":	false
				}],
			"sum":	{
				"start":	9.0000748634338379,
				"end":	10.000087976455688,
				"seconds":	1.0000131130218506,
				"bytes":	11796480,
				"bits_per_second":	94370602.516227156,
				"retransmits":	0,
				"omitted":	false
			}
		}, {
			"streams":	[{
					"socket":	6,
					"start":	10.000087976455688,
					"end":	11.000093936920166,
					"seconds":	1.0000059604644775,
					"bytes":	11796480,
					"bits_per_second":	94371277.503352746,
					"retransmits":	0,
					"snd_cwnd":	5221488,
					"rtt":	415262,
					"rttvar":	521,
					"pmtu":	1500,
					"omitted":	false
				}],
			"sum":	{
				"start":	10.000087976455688,
				"end":	11.000093936920166,
				"seconds":	1.0000059604644775,
				"bytes":	11796480,
				"bits_per_second":	94371277.503352746,
				"retransmits":	0,
				"omitted":	false
			}
		}, {
			"streams":	[{
					"socket":	6,
					"start":	11.000093936920166,
					"end":	12.00008487701416,
					"seconds":	0.99999094009399414,
					"bytes":	11796480,
					"bits_per_second":	94372695.0077463,
					"retransmits":	0,
					"snd_cwnd":	5816616,
					"rtt":	467410,
					"rttvar":	683,
					"pmtu":	1500,
					"omitted":	false
				}],
			"sum":	{
				"start":	11.000093936920166,
				"end":	12.00008487701416,
				"seconds":	0.99999094009399414,
				"bytes":	11796480,
				"bits_per_second":	94372695.0077463,
				"retransmits":	0,
				"omitted":	false
			}
		}, {
			"streams":	[{
					"socket":	6,
					"start":	12.00008487701416,
					"end":	13.000099897384644,
					"seconds":	1.0000150203704834,
					"bytes":	11796480,
					"bits_per_second":	94370422.521291062,
					"retransmits":	0,
					"snd_cwnd":	6414640,
					"rtt":	510138,
					"rttvar":	332,
					"pmtu":	1500,
					"omitted":	false
				}],