{
	"start":	{
		"connected":	[{
				"socket":	6,
				"local_host":	"192.168.10.2",
				"local_port":	50750,
				"remote_host":	"192.168.23.1",
				"remote_port":	5005
			}],
		"version":	"iperf 3.6",
		"system_info":	"Linux ba-thesis 4.19.0-23-amd64 #1 SMP Debian 4.19.269-1 (2022-12-20) x86_64",
		"timestamp":	{
			"time":	"Fri, 09 Jun 2023 12:27:21 GMT",
			"timesecs":	1686313641
		},
		"connecting_to":	{
			"host":	"h8",
			"port":	5005
		},
		"cookie":	"grv5n2pb5fqkngkmek4c7b7twnxqbge2mrgt",
		"tcp_mss_default":	1448,
		"sock_bufsize":	0,
		"sndbuf_actual":	87380,
		"rcvbuf_actual":	87380,
		"test_start":	{
			"protocol":	"TCP",
			"num_streams":	1,
			"blksize":	131072,
			"omit":	0,
			"duration":	0,
			"bytes":	179571760,
			"blocks":	0,
			"reverse":	0,
			"tos":	0
		}
	},
	"intervals":	[{
			"streams":	[{
					"socket":	6,
					"start":	0,
					"end":	1.0001609325408936,
					"seconds":	1.0001609325408936,
					"bytes":	8411712,
					"bits_per_second":	67282867.997094616,
					"retransmits":	0,
					"snd_cwnd":	721104,
					"rtt":	114238,
					"rttvar":	1551,
					"pmtu":	1500,
					"omitted":	false
				}],
			"sum":	{
				"start":	0,
				"end":	1.0001609325408936,
				"seconds":	1.0001609325408936,
				"bytes":	8411712,
				"bits_per_second":	67282867.997094616,
				"retransmits":	0,
				"omitted":	false
			}
		}, {
			"streams":	[{
					"socket":	6,
					"start":	1.0001609325408936,
					"end":	2.0000879764556885,
					"seconds":	0.99992704391479492,
					"bytes":	7864320,
					"bits_per_second":	62919150.334892862,
					"retransmits":	0,
					"snd_cwnd":	1026632,
					"rtt":	159437,
					"rttvar":	374,
					"pmtu":	1500,
					"omitted":	false
				}],
			"sum":	{
				"start":	1.0001609325408936,
				"end":	2.0000879764556885,
				"seconds":	0.99992704391479492,
				"bytes":	7864320,
				"bits_per_second":	62919150.334892862,
				"retransmits":	0,
				"omitted":	false
			}
		}, {
			"streams":	[{
					"socket":	6,
					"start":	2.0000879764556885,
					"end":	3.0001111030578613,
					"seconds":	1.0000231266021729,
					"bytes":	6553600,
					"bits_per_second":	52427587.528040357,
					"retransmits":	0,
					"snd_cwnd":	1322024,
					"rtt":	208841,
					"rttvar":	1058,
					"pmtu":	1500,
					"omitted":	false
				}],
			"sum":	{
				"start":	2.0000879764556885,
				"end":	3.0001111030578613,
				"seconds":	1.0000231266021729,
				"bytes":	6553600,
				"bits_per_second":	52427587.528040357,
				"retransmits":	0,
				"omitted":	false
			}
		}, {
			"streams":	[{
					"socket":	6,
					"start":	3.0001111030578613,
					"end":	4.0000500679016113,
					"seconds":	0.99993896484375,
					"bytes":	7864320,
					"bits_per_second":	62918400.234389305,
					"retransmits":	0,
					"snd_cwnd":	1623208,
					"rtt":	256516,
					"rttvar":	775,
					"pmtu":	1500,
					"omitted":	false
				}],
			"sum":	{
				"start":	3.0001111030578613,
				"end":	4.0000500679016113,
				"seconds":	0.99993896484375,
				"bytes":	7864320,
				"bits_per_second":	62918400.234389305,
				"retransmits":	0,
				"omitted":	false
			}
		}, {
			"streams":	[{
					"socket":	6,
					"start":	4.0000500679016113,
					"end":	5.0000729560852051,
					"seconds":	1.0000228881835938,
					"bytes":	6553600,
					"bits_per_second":	52427600.027465194,
					"retransmits":	0,
					"snd_cwnd":	1921496,
					"rtt":	303120,
					"rttvar":	692,
					"pmtu":	1500,
					"omitted":	false
				}],
			"sum":	{
				"start":	4.0000500679016113,
				"end":	5.0000729560852051,
				"seconds":	1.0000228881835938,
				"bytes":	6553600,
				"bits_per_second":	52427600.027465194,
				"retransmits":	0,
				"omitted":	false
			}
		}, {
			"streams":	[{
					"socket":	6,
					"start":	5.0000729560852051,
					"end":	6.0000979900360107,
					"seconds":	1.0000250339508057,
					"bytes":	13107200,
					"bits_per_second":	104854975.06571248,
					"retransmits":	0,
					"snd_cwnd":	2477528,
					"rtt":	261057,
					"rttvar":	509,
					"pmtu":	1500,
					"omitted":	false
				}],
			"sum":	{
				"start":	5.0000729560852051,
				"end":	6.0000979900360107,
				"seconds":	1.0000250339508057,
				"bytes":	13107200,
				"bits_per_second":	104854975.06571248,
				"retransmits":	0,
				"omitted":	false
			}
		}, {
			"streams":	[{
					"socket":	6,
					"start":	6.0000979900360107,
					"end":	7.0001249313354492,
					"seconds":	1.0000269412994385,
					"bytes":	10485760,
					"bits_per_second":	83883820.0608857,
					"retransmits":	0,
					"snd_cwnd":	2933648,
					"rtt":	304311,
					"rttvar":	976,
					"pmtu":	1500,
					"omitted":	false
				}],
			"sum":	{
				"start":	6.0000979900360107,
				"end":	7.0001249313354492,
				"seconds":	1.0000269412994385,
				"bytes":	10485760,
				"bits_per_second":	83883820.0608857,
				"retransmits":	0,
				"omitted":	false
			}
		}, {
			"streams":	[{
					"socket":	6,
					"start":	7.0001249313354492,
					"end":	8.0001499652862549,
					"seconds":	1.0000250339508057,
					"bytes":	9175040,
					"bits_per_second":	73398482.545998737,
					"retransmits":	0,
					"snd_cwnd":	3394112,
					"rtt":	347414,
					"rttvar":	1159,
					"pmtu":	1500,
					"omitted":	false
				}],
			"sum":	{
				"start":	7.0001249313354492,
				"end":	8.0001499652862549,
				"seconds":	1.0000250339508057,
				"bytes":	9175040,
				"bits_per_second":	73398482.545998737,
				"retransmits":	0,
				"omitted":	false
			}
		}, {
			"streams":	[{
					"socket":	6,
					"start":	8.0001499652862549,
					"end":	9.0000720024108887,
					"seconds":	0.99992203712463379,
					"bytes":	9175040,
					"bits_per_second":	73406042.946177334,
					"retransmits":	0,
					"snd_cwnd":	3870504,
					"rtt":	394560,
					"rttvar":	644,
					"pmtu":	1500,
					"omitted":	false
				}],
			"sum":	{
				"start":	8.0001499652862549,
				"end":	9.0000720024108887,
				"seconds":	0.99992203712463379,
				"bytes":	9175040,
				"bits_per_second":	73406042.946177334,
				"retransmits":	0,
				"omitted":	false
			}
		}, {
			"streams":	[{
					"socket":	6,
					"start":	9.0000720024108887,
					"end":	10.000109910964966,
					"seconds":	1.0000379085540771,
					"bytes":	9175040,
					"bits_per_second":	73397537.605476558,
					"retransmits":	0,
					"snd_cwnd":	4316488,
					"rtt":	450073,
					"rttvar":	1058,
					"pmtu":	1500,
					"omitted":	false
				}],
			"sum":	{
				"start":	9.0000720024108887,
				"end":	10.000109910964966,
				"seconds":	1.0000379085540771,
				"bytes":	9175040,
				"bits_per_second":	73397537.605476558,
				"retransmits":	0,
				"omitted":	false
			}
		}, {
			"streams":	[{
					"socket":	6,
					"start":	10.000109910964966,
					"end":	11.000123023986816,
					"seconds":	1.0000131130218506,
					"bytes":	9175040,
					"bits_per_second":	73399357.51262112,
					"retransmits":	0,
					"snd_cwnd":	4762472,
					"rtt":	508145,
					"rttvar":	2619,
					"pmtu":	1500,
					"omitted":	false
				}],
			"sum":	{
				"start":	10.000109910964966,
				"end":	11.000123023986816,
				"seconds":	1.0000131130218506,
				"bytes":	9175040,
				"bits_per_second":	73399357.51262112,
				"retransmits":	0,
				"omitted":	false
			}
		}, {
			"streams":	[{
					"socket":	6,
					"start":	11.000123023986816,
					"end":	12.000137090682983,
					"seconds":	1.000014066696167,
					"bytes":	7864320,
					"bits_per_second":	62913675.012448847,
					"retransmits":	0,
					"snd_cwnd":	3410040,
					"rtt":	482690,
					"rttvar":	4502,
					"pmtu":	1500,
					"omitted":	false
				}],
			"sum":	{
				"start":	11.000123023986816,
				"end":	12.000137090682983,
				"seconds":	1.000014066696167,
				"bytes":	7864320,
				"bits_per_second":	62913675.012448847,
				"retransmits":	0,
				"omitted":	false
			}
		}, {
			"streams":	[{
					"socket":	6,
					"start":	12.000137090682983,
					"end":	13.000127077102661,
					"seconds":	0.99998998641967773,
					"bytes":	7864320,
					"bits_per_second":	62915190.006308615,
					"retransmits":	0,
					"snd_cwnd":	3628688,
					"rtt":	438129,
					"rttvar":	994,
					"pmtu":	1500,
					"omitted":	false
				}],