{
	"start":	{
		"connected":	[{
				"socket":	6,
				"local_host":	"192.168.7.1",
				"local_port":	45648,
				"remote_host":	"192.168.7.2",
				"remote_port":	5002
			}],
		"version":	"iperf 3.6",
		"system_info":	"Linux ba-thesis 4.19.0-23-amd64 #1 SMP Debian 4.19.269-1 (2022-12-20) x86_64",
		"timestamp":	{
			"time":	"Tue, 13 Jun 2023 00:46:31 GMT",
			"timesecs":	1686617191
		},
		"connecting_to":	{
			"host":	"h7",
			"port":	5002
		},
		"cookie":	"lrxwcyxahk5ufl2mv5qqnref6cnqsvzni3ig",
		"tcp_mss_default":	1448,
		"sock_bufsize":	0,
		"sndbuf_actual":	87380,
		"rcvbuf_actual":	87380,
		"test_start":	{
			"protocol":	"TCP",
			"num_streams":	1,
			"blksize":	131072,
			"omit":	0,
			"duration":	0,
			"bytes":	283609088,
			"blocks":	0,
			"reverse":	0,
			"tos":	0
		}
	},
	"intervals":	[{
			"streams":	[{
					"socket":	6,
					"start":	0,
					"end":	1.0001327991485596,
					"seconds":	1.0001327991485596,
					"bytes":	15284480,
					"bits_per_second":	122259604.02868176,
					"retransmits":	0,
					"snd_cwnd":	793504,
					"rtt":	62409,
					"rttvar":	472,
					"pmtu":	1500,
					"omitted":	false
				}],
			"sum":	{
				"start":	0,
				"end":	1.0001327991485596,
				"seconds":	1.0001327991485596,
				"bytes":	15284480,
				"bits_per_second":	122259604.02868176,
				"retransmits":	0,
				"omitted":	false
			}
		}, {
			"streams":	[{
					"socket":	6,
					"start":	1.0001327991485596,
					"end":	2.0000829696655273,
					"seconds":	0.99995017051696777,
					"bytes":	14417920,
					"bits_per_second":	115349107.78640923,
					"retransmits":	0,
					"snd_cwnd":	1391528,
					"rtt":	110366,
					"rttvar":	668,
					"pmtu":	1500,
					"omitted":	false
				}],
			"sum":	{
				"start":	1.0001327991485596,
				"end":	2.0000829696655273,
				"seconds":	0.99995017051696777,
				"bytes":	14417920,
				"bits_per_second":	115349107.78640923,
				"retransmits":	0,
				"omitted":	false
			}
		}, {
			"streams":	[{
					"socket":	6,
					"start":	2.0000829696655273,
					"end":	3.0001299381256104,
					"seconds":	1.000046968460083,
					"bytes":	14417920,
					"bits_per_second":	115337942.75443968,
					"retransmits":	0,
					"snd_cwnd":	1988104,
					"rtt":	157718,
					"rttvar":	557,
					"pmtu":	1500,
					"omitted":	false
				}],
			"sum":	{
				"start":	2.0000829696655273,
				"end":	3.0001299381256104,
				"seconds":	1.000046968460083,
				"bytes":	14417920,
				"bits_per_second":	115337942.75443968,
				"retransmits":	0,
				"omitted":	false
			}
		}, {
			"streams":	[{
					"socket":	6,
					"start":	3.0001299381256104,
					"end":	4.0001609325408936,
					"seconds":	1.0000309944152832,
					"bytes":	13107200,
					"bits_per_second":	104854350.10072872,
					"retransmits":	0,
					"snd_cwnd":	2586128,
					"rtt":	205213,
					"rttvar":	494,
					"pmtu":	1500,
					"omitted":	false
				}],
			"sum":	{
				"start":	3.0001299381256104,
				"end":	4.0001609325408936,
				"seconds":	1.0000309944152832,
				"bytes":	13107200,
				"bits_per_second":	104854350.10072872,
				"retransmits":	0,
				"omitted":	false
			}
		}, {
			"streams":	[{
					"socket":	6,
					"start":	4.0001609325408936,
					"end":	5.0002198219299316,
					"seconds":	1.0000588893890381,
					"bytes":	13107200,
					"bits_per_second":	104851425.36362056,
					"retransmits":	0,
					"snd_cwnd":	3184152,
					"rtt":	252774,
					"rttvar":	356,
					"pmtu":	1500,
					"omitted":	false
				}],
			"sum":	{
				"start":	4.0001609325408936,
				"end":	5.0002198219299316,
				"seconds":	1.0000588893890381,
				"bytes":	13107200,
				"bits_per_second":	104851425.36362056,
				"retransmits":	0,
				"omitted":	false
			}
		}, {
			"streams":	[{
					"socket":	6,
					"start":	5.0002198219299316,
					"end":	6.0001718997955322,
					"seconds":	0.99995207786560059,
					"bytes":	11796480,
					"bits_per_second":	94376362.716738239,
					"retransmits":	0,
					"snd_cwnd":	3782176,
					"rtt":	300511,
					"rttvar":	658,
					"pmtu":	1500,
					"omitted":	false
				}],
			"sum":	{
				"start":	5.0002198219299316,
				"end":	6.0001718997955322,
				"seconds":	0.99995207786560059,
				"bytes":	11796480,
				"bits_per_second":	94376362.716738239,
				"retransmits":	0,
				"omitted":	false
			}
		}, {
			"streams":	[{
					"socket":	6,
					"start":	6.0001718997955322,
					"end":	7.0001599788665771,
					"seconds":	0.99998807907104492,
					"bytes":	11796480,
					"bits_per_second":	94372965.013411209,
					"retransmits":	0,
					"snd_cwnd":	4380200,
					"rtt":	348148,
					"rttvar":	676,
					"pmtu":	1500,
					"omitted":	false
				}],
			"sum":	{
				"start":	6.0001718997955322,
				"end":	7.0001599788665771,
				"seconds":	0.99998807907104492,
				"bytes":	11796480,
				"bits_per_second":	94372965.013411209,
				"retransmits":	0,
				"omitted":	false
			}
		}, {
			"streams":	[{
					"socket":	6,
					"start":	7.0001599788665771,
					"end":	8.0001709461212158,
					"seconds":	1.0000109672546387,
					"bytes":	11796480,
					"bits_per_second":	94370805.011350989,
					"retransmits":	0,
					"snd_cwnd":	4978224,
					"rtt":	395604,
					"rttvar":	310,
					"pmtu":	1500,
					"omitted":	false
				}],
			"sum":	{
				"start":	7.0001599788665771,
				"end":	8.0001709461212158,
				"seconds":	1.0000109672546387,
				"bytes":	11796480,
				"bits_per_second":	94370805.011350989,
				"retransmits":	0,
				"omitted":	false
			}
		}, {
			"streams":	[{
					"socket":	6,
					"start":	8.0001709461212158,
					"end":	9.00007700920105,
					"seconds":	0.999906063079834,
					"bytes":	13107200,
					"bits_per_second":	104867450.9253656,
					"retransmits":	0,
					"snd_cwnd":	5574800,
					"rtt":	443489,
					"rttvar":	406,
					"pmtu":	1500,
					"omitted":	false
				}],
			"sum":	{
				"start":	8.0001709461212158,
				"end":	9.00007700920105,
				"seconds":	0.999906063079834,
				"bytes":	13107200,
				"bits_per_second":	104867450.9253656,
				"retransmits":	0,
				"omitted":	false
			}
		}, {
			"streams":	[{
					"socket":	6,
					"start":	9.00007700920105,
					"end":	10.00025200843811,
					"seconds":	1.0001749992370605,
					"bytes":	11796480,
					"bits_per_second":	94355327.889606714,
					"retransmits":	0,
					"snd_cwnd":	6172824,
					"rtt":	490872,
					"rttvar":	513,
					"pmtu":	1500,
					"omitted":	false
				}],
			"sum":	{
				"start":	9.00007700920105,
				"end":	10.00025200843811,
				"seconds":	1.0001749992370605,
				"bytes":	11796480,
				"bits_per_second":	94355327.889606714,
				"retransmits":	0,
				"omitted":	false
			}
		}, {
			"streams":	[{
					"socket":	6,
					"start":	10.00025200843811,
					"end":	11.000060796737671,
					"seconds":	0.99980878829956055,
					"bytes":	11796480,
					"bits_per_second":	94389888.451075017,
					"retransmits":	0,
					"snd_cwnd":	6769400,
					"rtt":	538976,
					"rttvar":	283,
					"pmtu":	1500,
					"omitted":	false
				}],
			"sum":	{
				"start":	10.00025200843811,
				"end":	11.000060796737671,
				"seconds":	0.99980878829956055,
				"bytes":	11796480,
				"bits_per_second":	94389888.451075017,
				"retransmits":	0,
				"omitted":	false
			}
		}, {
			"streams":	[{
					"socket":	6,
					"start":	11.000060796737671,
					"end":	12.00007700920105,
					"seconds":	1.0000162124633789,
					"bytes":	11796480,
					"bits_per_second":	94370310.024804667,
					"retransmits":	0,
					"snd_cwnd":	7367424,
					"rtt":	586177,
					"rttvar":	384,
					"pmtu":	1500,
					"omitted":	false
				}],
			"sum":	{
				"start":	11.000060796737671,
				"end":	12.00007700920105,
				"seconds":	1.0000162124633789,
				"bytes":	11796480,
				"bits_per_second":	94370310.024804667,
				"retransmits":	0,
				"omitted":	false
			}
		}, {
			"streams":	[{
					"socket":	6,
					"start":	12.00007700920105,
					"end":	13.00008487701416,
					"seconds":	1.0000078678131104,
					"bytes":	11796480,
					"bits_per_second":	94371097.5058418,
					"retransmits":	0,
					"snd_cwnd":	7965448,
					"rtt":	634009,
					"rttvar":	567,
					"pmtu":	1500,
					"omitted":	false
				}],