{
	"start":	{
		"connected":	[{
				"socket":	6,
				"local_host":	"192.168.5.1",
				"local_port":	42308,
				"remote_host":	"192.168.19.1",
				"remote_port":	5001
			}],
		"version":	"iperf 3.6",
		"system_info":	"Linux ba-thesis 4.19.0-23-amd64 #1 SMP Debian 4.19.269-1 (2022-12-20) x86_64",
		"timestamp":	{
			"time":	"Sun, 11 Jun 2023 09:37:47 GMT",
			"timesecs":	1686476267
		},
		"connecting_to":	{
			"host":	"h4",
			"port":	5001
		},
		"cookie":	"efstdiv3huv5zoz6l7fx765bpzr2ceut3236",
		"tcp_mss_default":	1448,
		"sock_bufsize":	0,
		"sndbuf_actual":	87380,
		"rcvbuf_actual":	87380,
		"test_start":	{
			"protocol":	"TCP",
			"num_streams":	1,
			"blksize":	131072,
			"omit":	0,
			"duration":	0,
			"bytes":	9513981,
			"blocks":	0,
			"reverse":	0,
			"tos":	0
		}
	},
	"intervals":	[{
			"streams":	[{
					"socket":	6,
					"start":	0,
					"end":	0.54178190231323242,
					"seconds":	0.54178190231323242,
					"bytes":	10396592,
					"bits_per_second":	153517006.83407748,
					"retransmits":	0,
					"snd_cwnd":	1088896,
					"rtt":	86111,
					"rttvar":	431,
					"pmtu":	1500,
					"omitted":	false
				}],
			"sum":	{
				"start":	0,
				"end":	0.54178190231323242,
				"seconds":	0.54178190231323242,
				"bytes":	10396592,
				"bits_per_second":	153517006.83407748,
				"retransmits":	0,
				"omitted":	false
			}
		}],
	"end":	{
		"streams":	[{
				"sender":	{
					"socket":	6,
					"start":	0,
					"end":	0.54178190231323242,
					"seconds":	0.54178190231323242,
					"bytes":	10396592,
					"bits_per_second":	153517006.83407748,
					"retransmits":	0,
					"max_snd_cwnd":	1088896,
					"max_rtt":	86111,
					"min_rtt":	86111,
					"mean_rtt":	86111
				},
				"receiver":	{
					"socket":	6,
					"start":	0,
					"end":	0.65495777130126953,
					"seconds":	0.54178190231323242,
					"bytes":	5986032,
					"bits_per_second":	73116555.140426308
				}
			}],
		"sum_sent":	{
			"start":	0,
			"end":	0.54178190231323242,
			"seconds":	0.54178190231323242,
			"bytes":	10396592,
			"bits_per_second":	153517006.83407748,
			"retransmits":	0
		},
		"sum_received":	{
			"start":	0,
			"end":	0.65495777130126953,
			"seconds":	0.65495777130126953,
			"bytes":	5986032,
			"bits_per_second":	73116555.140426308
		},
		"cpu_utilization_percent":	{
			"host_total":	6.2458003623383584,
			"host_user":	0,
			"host_system":	6.245942122259426,
			"remote_total":	0.021764380409532637,
			"remote_user":	0.021764380409532637,
			"remote_system":	0
		},
		"sender_tcp_congestion":	"cubic",
		"receiver_tcp_congestion":	"cubic"
	}
}
