{
	"start":	{
		"connected":	[{
				"socket":	6,
				"local_host":	"192.168.1.1",
				"local_port":	55246,
				"remote_host":	"192.168.1.2",
				"remote_port":	5000
			}],
		"version":	"iperf 3.6",
		"system_info":	"Linux ba-thesis 4.19.0-23-amd64 #1 SMP Debian 4.19.269-1 (2022-12-20) x86_64",
		"timestamp":	{
			"time":	"Tue, 13 Jun 2023 08:34:02 GMT",
			"timesecs":	1686645242
		},
		"connecting_to":	{
			"host":	"h3",
			"port":	5000
		},
		"cookie":	"h4lsyts5lfijgls5w3zobrufc3jpdoobhgwi",
		"tcp_mss_default":	1448,
		"sock_bufsize":	0,
		"sndbuf_actual":	87380,
		"rcvbuf_actual":	87380,
		"test_start":	{
			"protocol":	"TCP",
			"num_streams":	1,
			"blksize":	131072,
			"omit":	0,
			"duration":	0,
			"bytes":	83702255,
			"blocks":	0,
			"reverse":	0,
			"tos":	0
		}
	},
	"intervals":	[{
			"streams":	[{
					"socket":	6,
					"start":	0,
					"end":	1.0000808238983154,
					"seconds":	1.0000808238983154,
					"bytes":	15666752,
					"bits_per_second":	125323886.83491395,
					"retransmits":	0,
					"snd_cwnd":	792056,
					"rtt":	62321,
					"rttvar":	678,
					"pmtu":	1500,
					"omitted":	false
				}],
			"sum":	{
				"start":	0,
				"end":	1.0000808238983154,
				"seconds":	1.0000808238983154,
				"bytes":	15666752,
				"bits_per_second":	125323886.83491395,
				"retransmits":	0,
				"omitted":	false
			}
		}, {
			"streams":	[{
					"socket":	6,
					"start":	1.0000808238983154,
					"end":	2.0001089572906494,
					"seconds":	1.000028133392334,
					"bytes":	13107200,
					"bits_per_second":	104854650.08299117,
					"retransmits":	0,
					"snd_cwnd":	1375600,
					"rtt":	108790,
					"rttvar":	369,
					"pmtu":	1500,
					"omitted":	false
				}],
			"sum":	{
				"start":	1.0000808238983154,
				"end":	2.0001089572906494,
				"seconds":	1.000028133392334,
				"bytes":	13107200,
				"bits_per_second":	104854650.08299117,
				"retransmits":	0,
				"omitted":	false
			}
		}, {
			"streams":	[{
					"socket":	6,
					"start":	2.0001089572906494,
					"end":	3.0000619888305664,
					"seconds":	0.999953031539917,
					"bytes":	14417920,
					"bits_per_second":	115348777.75446358,
					"retransmits":	0,
					"snd_cwnd":	1973624,
					"rtt":	156498,
					"rttvar":	508,
					"pmtu":	1500,
					"omitted":	false
				}],
			"sum":	{
				"start":	2.0001089572906494,
				"end":	3.0000619888305664,
				"seconds":	0.999953031539917,
				"bytes":	14417920,
				"bits_per_second":	115348777.75446358,
				"retransmits":	0,
				"omitted":	false
			}
		}, {
			"streams":	[{
					"socket":	6,
					"start":	3.0000619888305664,
					"end":	4.0000989437103271,
					"seconds":	1.0000369548797607,
					"bytes":	14417920,
					"bits_per_second":	115339097.65751435,
					"retransmits":	0,
					"snd_cwnd":	2555720,
					"rtt":	228075,
					"rttvar":	648,
					"pmtu":	1500,
					"omitted":	false
				}],
			"sum":	{
				"start":	3.0000619888305664,
				"end":	4.0000989437103271,
				"seconds":	1.0000369548797607,
				"bytes":	14417920,
				"bits_per_second":	115339097.65751435,
				"retransmits":	0,
				"omitted":	false
			}
		}, {
			"streams":	[{
					"socket":	6,
					"start":	4.0000989437103271,
					"end":	5.0000720024108887,
					"seconds":	0.99997305870056152,
					"bytes":	13107200,
					"bits_per_second":	104860425.07611123,
					"retransmits":	0,
					"snd_cwnd":	3153744,
					"rtt":	250475,
					"rttvar":	416,
					"pmtu":	1500,
					"omitted":	false
				}],
			"sum":	{
				"start":	4.0000989437103271,
				"end":	5.0000720024108887,
				"seconds":	0.99997305870056152,
				"bytes":	13107200,
				"bits_per_second":	104860425.07611123,
				"retransmits":	0,
				"omitted":	false
			}
		}, {
			"streams":	[{
					"socket":	6,
					"start":	5.0000720024108887,
					"end":	6.0001058578491211,
					"seconds":	1.0000338554382324,
					"bytes":	11796480,
					"bits_per_second":	94368645.108164459,
					"retransmits":	0,
					"snd_cwnd":	3751768,
					"rtt":	298187,
					"rttvar":	677,
					"pmtu":	1500,
					"omitted":	false
				}],
			"sum":	{
				"start":	5.0000720024108887,
				"end":	6.0001058578491211,
				"seconds":	1.0000338554382324,
				"bytes":	11796480,
				"bits_per_second":	94368645.108164459,
				"retransmits":	0,
				"omitted":	false
			}
		}, {
			"streams":	[{
					"socket":	6,
					"start":	6.0001058578491211,
					"end":	6.0974609851837158,
					"seconds":	0.097355127334594727,
					"bytes":	1310720,
					"bits_per_second":	107706294.33786309,
					"retransmits":	0,
					"snd_cwnd":	3809688,
					"rtt":	302736,
					"rttvar":	353,
					"pmtu":	1500,
					"omitted":	false
				}],
			"sum":	{
				"start":	6.0001058578491211,
				"end":	6.0974609851837158,
				"seconds":	0.097355127334594727,
				"bytes":	1310720,
				"bits_per_second":	107706294.33786309,
				"retransmits":	0,
				"omitted":	false
			}
		}],
	"end":	{
		"streams":	[{
				"sender":	{
					"socket":	6,
					"start":	0,
					"end":	6.0974609851837158,
					"seconds":	6.0974609851837158,
					"bytes":	83824192,
					"bits_per_second":	109979143.3892701,
					"retransmits":	0,
					"max_snd_cwnd":	3809688,
					"max_rtt":	302736,
					"min_rtt":	62321,
					"mean_rtt":	201011
				},
				"receiver":	{
					"socket":	6,
					"start":	0,
					"end":	6.4807858467102051,
					"seconds":	6.0974609851837158,
					"bytes":	75649312,
					"bits_per_second":	93382887.556330934
				}
			}],
		"sum_sent":	{
			"start":	0,
			"end":	6.0974609851837158,
			"seconds":	6.0974609851837158,
			"bytes":	83824192,
			"bits_per_second":	109979143.3892701,
			"retransmits":	0
		},
		"sum_received":	{
			"start":	0,
			"end":	6.4807858467102051,
			"seconds":	6.4807858467102051,
			"bytes":	75649312,
			"bits_per_second":	93382887.556330934
		},
		"cpu_utilization_percent":	{
			"host_total":	0.86068568018141423,
			"host_user":	0.16034855109094254,
			"host_system":	0.70033712909047174,
			"remote_total":	0.79779289690206834,
			"remote_user":	0.21652219325927302,
			"remote_system":	0.58126253330230782
		},
		"sender_tcp_congestion":	"cubic",
		"receiver_tcp_congestion":	"cubic"
	}
}
