{
	"start":	{
		"connected":	[{
				"socket":	6,
				"local_host":	"192.168.7.2",
				"local_port":	50962,
				"remote_host":	"192.168.15.1",
				"remote_port":	5008
			}],
		"version":	"iperf 3.6",
		"system_info":	"Linux ba-thesis 4.19.0-23-amd64 #1 SMP Debian 4.19.269-1 (2022-12-20) x86_64",
		"timestamp":	{
			"time":	"Tue, 13 Jun 2023 08:34:01 GMT",
			"timesecs":	1686645241
		},
		"connecting_to":	{
			"host":	"h0",
			"port":	5008
		},
		"cookie":	"jr7rdqnx6od27lvbzs3skfnducutgnanv3ug",
		"tcp_mss_default":	1448,
		"sock_bufsize":	0,
		"sndbuf_actual":	87380,
		"rcvbuf_actual":	87380,
		"test_start":	{
			"protocol":	"TCP",
			"num_streams":	1,
			"blksize":	131072,
			"omit":	0,
			"duration":	0,
			"bytes":	56698110,
			"blocks":	0,
			"reverse":	0,
			"tos":	0
		}
	},
	"intervals":	[{
			"streams":	[{
					"socket":	6,
					"start":	0,
					"end":	1.0001649856567383,
					"seconds":	1.0001649856567383,
					"bytes":	2990120,
					"bits_per_second":	23917014.035732094,
					"retransmits":	0,
					"snd_cwnd":	198376,
					"rtt":	72806,
					"rttvar":	592,
					"pmtu":	1500,
					"omitted":	false
				}],
			"sum":	{
				"start":	0,
				"end":	1.0001649856567383,
				"seconds":	1.0001649856567383,
				"bytes":	2990120,
				"bits_per_second":	23917014.035732094,
				"retransmits":	0,
				"omitted":	false
			}
		}, {
			"streams":	[{
					"socket":	6,
					"start":	1.0001649856567383,
					"end":	2.0002129077911377,
					"seconds":	1.0000479221343994,
					"bytes":	3192840,
					"bits_per_second":	25541495.996996071,
					"retransmits":	0,
					"snd_cwnd":	327248,
					"rtt":	120544,
					"rttvar":	352,
					"pmtu":	1500,
					"omitted":	false
				}],
			"sum":	{
				"start":	1.0001649856567383,
				"end":	2.0002129077911377,
				"seconds":	1.0000479221343994,
				"bytes":	3192840,
				"bits_per_second":	25541495.996996071,
				"retransmits":	0,
				"omitted":	false
			}
		}, {
			"streams":	[{
					"socket":	6,
					"start":	2.0002129077911377,
					"end":	3.0001499652862549,
					"seconds":	0.99993705749511719,
					"bytes":	3258000,
					"bits_per_second":	26065640.63671305,
					"retransmits":	0,
					"snd_cwnd":	456120,
					"rtt":	168068,
					"rttvar":	418,
					"pmtu":	1500,
					"omitted":	false
				}],
			"sum":	{
				"start":	2.0002129077911377,
				"end":	3.0001499652862549,
				"seconds":	0.99993705749511719,
				"bytes":	3258000,
				"bits_per_second":	26065640.63671305,
				"retransmits":	0,
				"omitted":	false
			}
		}, {
			"streams":	[{
					"socket":	6,
					"start":	3.0001499652862549,
					"end":	4.0000679492950439,
					"seconds":	0.99991798400878906,
					"bytes":	4430880,
					"bits_per_second":	35449947.462579519,
					"retransmits":	0,
					"snd_cwnd":	618296,
					"rtt":	113431,
					"rttvar":	466,
					"pmtu":	1500,
					"omitted":	false
				}],
			"sum":	{
				"start":	3.0001499652862549,
				"end":	4.0000679492950439,
				"seconds":	0.99991798400878906,
				"bytes":	4430880,
				"bits_per_second":	35449947.462579519,
				"retransmits":	0,
				"omitted":	false
			}
		}, {
			"streams":	[{
					"socket":	6,
					"start":	4.0000679492950439,
					"end":	5.0001959800720215,
					"seconds":	1.0001280307769775,
					"bytes":	5235360,
					"bits_per_second":	41877518.388782792,
					"retransmits":	0,
					"snd_cwnd":	873144,
					"rtt":	163768,
					"rttvar":	654,
					"pmtu":	1500,
					"omitted":	false
				}],
			"sum":	{
				"start":	4.0000679492950439,
				"end":	5.0001959800720215,
				"seconds":	1.0001280307769775,
				"bytes":	5235360,
				"bits_per_second":	41877518.388782792,
				"retransmits":	0,
				"omitted":	false
			}
		}, {
			"streams":	[{
					"socket":	6,
					"start":	5.0001959800720215,
					"end":	6.0000810623168945,
					"seconds":	0.999885082244873,
					"bytes":	6553600,
					"bits_per_second":	52434825.692459047,
					"retransmits":	0,
					"snd_cwnd":	1122200,
					"rtt":	209219,
					"rttvar":	330,
					"pmtu":	1500,
					"omitted":	false
				}],
			"sum":	{
				"start":	5.0001959800720215,
				"end":	6.0000810623168945,
				"seconds":	0.999885082244873,
				"bytes":	6553600,
				"bits_per_second":	52434825.692459047,
				"retransmits":	0,
				"omitted":	false
			}
		}, {
			"streams":	[{
					"socket":	6,
					"start":	6.0000810623168945,
					"end":	7.0001621246337891,
					"seconds":	1.0000810623168945,
					"bytes":	5242880,
					"bits_per_second":	41939640.275589541,
					"retransmits":	0,
					"snd_cwnd":	1365464,
					"rtt":	255650,
					"rttvar":	374,
					"pmtu":	1500,
					"omitted":	false
				}],
			"sum":	{
				"start":	6.0000810623168945,
				"end":	7.0001621246337891,
				"seconds":	1.0000810623168945,
				"bytes":	5242880,
				"bits_per_second":	41939640.275589541,
				"retransmits":	0,
				"omitted":	false
			}
		}, {
			"streams":	[{
					"socket":	6,
					"start":	7.0001621246337891,
					"end":	8.00008511543274,
					"seconds":	0.9999229907989502,
					"bytes":	6553600,
					"bits_per_second":	52432837.810948595,
					"retransmits":	0,
					"snd_cwnd":	1610176,
					"rtt":	303607,
					"rttvar":	472,
					"pmtu":	1500,
					"omitted":	false
				}],
			"sum":	{
				"start":	7.0001621246337891,
				"end":	8.00008511543274,
				"seconds":	0.9999229907989502,
				"bytes":	6553600,
				"bits_per_second":	52432837.810948595,
				"retransmits":	0,
				"omitted":	false
			}
		}, {
			"streams":	[{
					"socket":	6,
					"start":	8.00008511543274,
					"end":	9.0002129077911377,
					"seconds":	1.0001277923583984,
					"bytes":	5242880,
					"bits_per_second":	41937680.684879519,
					"retransmits":	0,
					"snd_cwnd":	1862128,
					"rtt":	350983,
					"rttvar":	355,
					"pmtu":	1500,
					"omitted":	false
				}],
			"sum":	{
				"start":	8.00008511543274,
				"end":	9.0002129077911377,
				"seconds":	1.0001277923583984,
				"bytes":	5242880,
				"bits_per_second":	41937680.684879519,
				"retransmits":	0,
				"omitted":	false
			}
		}, {
			"streams":	[{
					"socket":	6,
					"start":	9.0002129077911377,
					"end":	10.000066041946411,
					"seconds":	0.99985313415527344,
					"bytes":	6553600,
					"bits_per_second":	52436501.131033115,
					"retransmits":	0,
					"snd_cwnd":	2111184,
					"rtt":	398472,
					"rttvar":	839,
					"pmtu":	1500,
					"omitted":	false
				}],
			"sum":	{
				"start":	9.0002129077911377,
				"end":	10.000066041946411,
				"seconds":	0.99985313415527344,
				"bytes":	6553600,
				"bits_per_second":	52436501.131033115,
				"retransmits":	0,
				"omitted":	false
			}
		}, {
			"streams":	[{
					"socket":	6,
					"start":	10.000066041946411,
					"end":	11.000200986862183,
					"seconds":	1.0001349449157715,
					"bytes":	5242880,
					"bits_per_second":	41937380.763685167,
					"retransmits":	0,
					"snd_cwnd":	2360240,
					"rtt":	443384,
					"rttvar":	811,
					"pmtu":	1500,
					"omitted":	false
				}],
			"sum":	{
				"start":	10.000066041946411,
				"end":	11.000200986862183,
				"seconds":	1.0001349449157715,
				"bytes":	5242880,
				"bits_per_second":	41937380.763685167,
				"retransmits":	0,
				"omitted":	false
			}
		}, {
			"streams":	[{
					"socket":	6,
					"start":	11.000200986862183,
					"end":	11.261254072189331,
					"seconds":	0.26105308532714844,
					"bytes":	2621440,
					"bits_per_second":	80334311.979951337,
					"retransmits":	0,
					"snd_cwnd":	2426848,
					"rtt":	457834,
					"rttvar":	607,
					"pmtu":	1500,
					"omitted":	false
				}],
			"sum":	{
				"start":	11.000200986862183,
				"end":	11.261254072189331,
				"seconds":	0.26105308532714844,
				"bytes":	2621440,
				"bits_per_second":	80334311.979951337,
				"retransmits":	0,
				"omitted":	false
			}
		}],
	"end":	{
		"streams":	[{
				"sender":	{
					"socket":	6,
					"start":	0,
					"end":	11.261254072189331,
					"seconds":	11.261254072189331,
					"bytes":	57118080,
					"bits_per_second":	40576709.935749114,
					"retransmits":	0,
					"max_snd_cwnd":	2426848,
					"max_rtt":	457834,
					"min_rtt":	72806,
					"mean_rtt":	254813
				},