{
	"start":	{
		"connected":	[{
				"socket":	6,
				"local_host":	"192.168.1.2",
				"local_port":	60468,
				"remote_host":	"192.168.42.1",
				"remote_port":	5000
			}],
		"version":	"iperf 3.6",
		"system_info":	"Linux ba-thesis 4.19.0-23-amd64 #1 SMP Debian 4.19.269-1 (2022-12-20) x86_64",
		"timestamp":	{
			"time":	"Sun, 04 Jun 2023 14:23:35 GMT",
			"timesecs":	1685888615
		},
		"connecting_to":	{
			"host":	"h4",
			"port":	5000
		},
		"cookie":	"alfmvkktcofgqoeb2au26y5q7yt6fkepa3ik",
		"tcp_mss_default":	1448,
		"sock_bufsize":	0,
		"sndbuf_actual":	87380,
		"rcvbuf_actual":	87380,
		"test_start":	{
			"protocol":	"TCP",
			"num_streams":	1,
			"blksize":	131072,
			"omit":	0,
			"duration":	0,
			"bytes":	58823542,
			"blocks":	0,
			"reverse":	0,
			"tos":	0
		}
	},
	"intervals":	[{
			"streams":	[{
					"socket":	6,
					"start":	0,
					"end":	1.0000600814819336,
					"seconds":	1.0000600814819336,
					"bytes":	16950192,
					"bits_per_second":	135593389.34822756,
					"retransmits":	0,
					"snd_cwnd":	1395872,
					"rtt":	110470,
					"rttvar":	456,
					"pmtu":	1500,
					"omitted":	false
				}],
			"sum":	{
				"start":	0,
				"end":	1.0000600814819336,
				"seconds":	1.0000600814819336,
				"bytes":	16950192,
				"bits_per_second":	135593389.34822756,
				"retransmits":	0,
				"omitted":	false
			}
		}, {
			"streams":	[{
					"socket":	6,
					"start":	1.0000600814819336,
					"end":	2.0000710487365723,
					"seconds":	1.0000109672546387,
					"bytes":	14417920,
					"bits_per_second":	115342095.01387343,
					"retransmits":	0,
					"snd_cwnd":	1982312,
					"rtt":	156872,
					"rttvar":	250,
					"pmtu":	1500,
					"omitted":	false
				}],
			"sum":	{
				"start":	1.0000600814819336,
				"end":	2.0000710487365723,
				"seconds":	1.0000109672546387,
				"bytes":	14417920,
				"bits_per_second":	115342095.01387343,
				"retransmits":	0,
				"omitted":	false
			}
		}, {
			"streams":	[{
					"socket":	6,
					"start":	2.0000710487365723,
					"end":	3.0001311302185059,
					"seconds":	1.0000600814819336,
					"bytes":	13107200,
					"bits_per_second":	104851300.3784906,
					"retransmits":	0,
					"snd_cwnd":	2580336,
					"rtt":	204681,
					"rttvar":	281,
					"pmtu":	1500,
					"omitted":	false
				}],
			"sum":	{
				"start":	2.0000710487365723,
				"end":	3.0001311302185059,
				"seconds":	1.0000600814819336,
				"bytes":	13107200,
				"bits_per_second":	104851300.3784906,
				"retransmits":	0,
				"omitted":	false
			}
		}, {
			"streams":	[{
					"socket":	6,
					"start":	3.0001311302185059,
					"end":	4.0001239776611328,
					"seconds":	0.999992847442627,
					"bytes":	13107200,
					"bits_per_second":	104858350.00536446,
					"retransmits":	0,
					"snd_cwnd":	3178360,
					"rtt":	252231,
					"rttvar":	460,
					"pmtu":	1500,
					"omitted":	false
				}],
			"sum":	{
				"start":	3.0001311302185059,
				"end":	4.0001239776611328,
				"seconds":	0.999992847442627,
				"bytes":	13107200,
				"bits_per_second":	104858350.00536446,
				"retransmits":	0,
				"omitted":	false
			}
		}, {
			"streams":	[{
					"socket":	6,
					"start":	4.0001239776611328,
					"end":	4.0325040817260742,
					"seconds":	0.032380104064941406,
					"bytes":	1310720,
					"bits_per_second":	323833424.96274263,
					"retransmits":	0,
					"snd_cwnd":	3197184,
					"rtt":	253900,
					"rttvar":	319,
					"pmtu":	1500,
					"omitted":	false
				}],
			"sum":	{
				"start":	4.0001239776611328,
				"end":	4.0325040817260742,
				"seconds":	0.032380104064941406,
				"bytes":	1310720,
				"bits_per_second":	323833424.96274263,
				"retransmits":	0,
				"omitted":	false
			}
		}],
	"end":	{
		"streams":	[{
				"sender":	{
					"socket":	6,
					"start":	0,
					"end":	4.0325040817260742,
					"seconds":	4.0325040817260742,
					"bytes":	58893232,
					"bits_per_second":	116837043.7949639,
					"retransmits":	0,
					"max_snd_cwnd":	3197184,
					"max_rtt":	253900,
					"min_rtt":	110470,
					"mean_rtt":	195630
				},
				"receiver":	{
					"socket":	6,
					"start":	0,
					"end":	4.3210909366607666,
					"seconds":	4.0325040817260742,
					"bytes":	50055912,
					"bits_per_second":	92672730.537223056
				}
			}],
		"sum_sent":	{
			"start":	0,
			"end":	4.0325040817260742,
			"seconds":	4.0325040817260742,
			"bytes":	58893232,
			"bits_per_second":	116837043.7949639,
			"retransmits":	0
		},
		"sum_received":	{
			"start":	0,
			"end":	4.3210909366607666,
			"seconds":	4.3210909366607666,
			"bytes":	50055912,
			"bits_per_second":	92672730.537223056
		},
		"cpu_utilization_percent":	{
			"host_total":	1.279641523155004,
			"host_user":	0.10849869956388525,
			"host_system":	1.1710951842060193,
			"remote_total":	0.10784412111769213,
			"remote_user":	0.0066716264116963219,
			"remote_system":	0.10117418930249357
		},
		"sender_tcp_congestion":	"cubic",
		"receiver_tcp_congestion":	"cubic"
	}
}
