{
	"start":	{
		"connected":	[{
				"socket":	6,
				"local_host":	"192.168.37.1",
				"local_port":	42062,
				"remote_host":	"192.168.42.1",
				"remote_port":	5019
			}],
		"version":	"iperf 3.6",
		"system_info":	"Linux ba-thesis 4.19.0-23-amd64 #1 SMP Debian 4.19.269-1 (2022-12-20) x86_64",
		"timestamp":	{
			"time":	"Sun, 04 Jun 2023 14:22:45 GMT",
			"timesecs":	1685888565
		},
		"connecting_to":	{
			"host":	"h4",
			"port":	5019
		},
		"cookie":	"rhyluwxshmzbllorlx5eymw3vsa6t65tg33k",
		"tcp_mss_default":	1448,
		"sock_bufsize":	0,
		"sndbuf_actual":	87380,
		"rcvbuf_actual":	87380,
		"test_start":	{
			"protocol":	"TCP",
			"num_streams":	1,
			"blksize":	131072,
			"omit":	0,
			"duration":	0,
			"bytes":	25340267,
			"blocks":	0,
			"reverse":	0,
			"tos":	0
		}
	},
	"intervals":	[{
			"streams":	[{
					"socket":	6,
					"start":	0,
					"end":	1.0000698566436768,
					"seconds":	1.0000698566436768,
					"bytes":	6917096,
					"bits_per_second":	55332902.629137434,
					"retransmits":	0,
					"snd_cwnd":	577752,
					"rtt":	129143,
					"rttvar":	158,
					"pmtu":	1500,
					"omitted":	false
				}],
			"sum":	{
				"start":	0,
				"end":	1.0000698566436768,
				"seconds":	1.0000698566436768,
				"bytes":	6917096,
				"bits_per_second":	55332902.629137434,
				"retransmits":	0,
				"omitted":	false
			}
		}, {
			"streams":	[{
					"socket":	6,
					"start":	1.0000698566436768,
					"end":	2.0001289844512939,
					"seconds":	1.0000591278076172,
					"bytes":	5170200,
					"bits_per_second":	41359154.523868106,
					"retransmits":	0,
					"snd_cwnd":	809432,
					"rtt":	164753,
					"rttvar":	496,
					"pmtu":	1500,
					"omitted":	false
				}],
			"sum":	{
				"start":	1.0000698566436768,
				"end":	2.0001289844512939,
				"seconds":	1.0000591278076172,
				"bytes":	5170200,
				"bits_per_second":	41359154.523868106,
				"retransmits":	0,
				"omitted":	false
			}
		}, {
			"streams":	[{
					"socket":	6,
					"start":	2.0001289844512939,
					"end":	3.0001158714294434,
					"seconds":	0.99998688697814941,
					"bytes":	5242880,
					"bits_per_second":	41943590.007212259,
					"retransmits":	0,
					"snd_cwnd":	1036768,
					"rtt":	202988,
					"rttvar":	489,
					"pmtu":	1500,
					"omitted":	false
				}],
			"sum":	{
				"start":	2.0001289844512939,
				"end":	3.0001158714294434,
				"seconds":	0.99998688697814941,
				"bytes":	5242880,
				"bits_per_second":	41943590.007212259,
				"retransmits":	0,
				"omitted":	false
			}
		}, {
			"streams":	[{
					"socket":	6,
					"start":	3.0001158714294434,
					"end":	4.0000479221343994,
					"seconds":	0.999932050704956,
					"bytes":	6553600,
					"bits_per_second":	52432362.742085814,
					"retransmits":	0,
					"snd_cwnd":	1280032,
					"rtt":	244743,
					"rttvar":	931,
					"pmtu":	1500,
					"omitted":	false
				}],
			"sum":	{
				"start":	3.0001158714294434,
				"end":	4.0000479221343994,
				"seconds":	0.999932050704956,
				"bytes":	6553600,
				"bits_per_second":	52432362.742085814,
				"retransmits":	0,
				"omitted":	false
			}
		}, {
			"streams":	[{
					"socket":	6,
					"start":	4.0000479221343994,
					"end":	4.4255919456481934,
					"seconds":	0.42554402351379395,
					"bytes":	2621440,
					"bits_per_second":	49281669.67740345,
					"retransmits":	0,
					"snd_cwnd":	1384288,
					"rtt":	265235,
					"rttvar":	531,
					"pmtu":	1500,
					"omitted":	false
				}],
			"sum":	{
				"start":	4.0000479221343994,
				"end":	4.4255919456481934,
				"seconds":	0.42554402351379395,
				"bytes":	2621440,
				"bits_per_second":	49281669.67740345,
				"retransmits":	0,
				"omitted":	false
			}
		}],
	"end":	{
		"streams":	[{
				"sender":	{
					"socket":	6,
					"start":	0,
					"end":	4.4255919456481934,
					"seconds":	4.4255919456481934,
					"bytes":	26505216,
					"bits_per_second":	47912625.159331843,
					"retransmits":	0,
					"max_snd_cwnd":	1384288,
					"max_rtt":	265235,
					"min_rtt":	129143,
					"mean_rtt":	201372
				},
				"receiver":	{
					"socket":	6,
					"start":	0,
					"end":	4.7234909534454346,
					"seconds":	4.4255919456481934,
					"bytes":	21428952,
					"bits_per_second":	36293414.698921658
				}
			}],
		"sum_sent":	{
			"start":	0,
			"end":	4.4255919456481934,
			"seconds":	4.4255919456481934,
			"bytes":	26505216,
			"bits_per_second":	47912625.159331843,
			"retransmits":	0
		},
		"sum_received":	{
			"start":	0,
			"end":	4.7234909534454346,
			"seconds":	4.7234909534454346,
			"bytes":	21428952,
			"bits_per_second":	36293414.698921658
		},
		"cpu_utilization_percent":	{
			"host_total":	1.3047483079640692,
			"host_user":	0.022405337449276808,
			"host_system":	1.2823429705147924,
			"remote_total":	0.66509836243854137,
			"remote_user":	0,
			"remote_system":	0.66510840408425864
		},
		"sender_tcp_congestion":	"cubic",
		"receiver_tcp_congestion":	"cubic"
	}
}
