{
	"start":	{
		"connected":	[{
				"socket":	6,
				"local_host":	"192.168.5.2",
				"local_port":	47444,
				"remote_host":	"192.168.18.1",
				"remote_port":	5001
			}],
		"version":	"iperf 3.6",
		"system_info":	"Linux ba-thesis 4.19.0-23-amd64 #1 SMP Debian 4.19.269-1 (2022-12-20) x86_64",
		"timestamp":	{
			"time":	"Tue, 13 Jun 2023 08:17:48 GMT",
			"timesecs":	1686644268
		},
		"connecting_to":	{
			"host":	"h3",
			"port":	5001
		},
		"cookie":	"ds6mhj7nb5fnyr7qm3cn5mgjhykindij5h5g",
		"tcp_mss_default":	1448,
		"sock_bufsize":	0,
		"sndbuf_actual":	87380,
		"rcvbuf_actual":	87380,
		"test_start":	{
			"protocol":	"TCP",
			"num_streams":	1,
			"blksize":	131072,
			"omit":	0,
			"duration":	0,
			"bytes":	182344856,
			"blocks":	0,
			"reverse":	0,
			"tos":	0
		}
	},
	"intervals":	[{
			"streams":	[{
					"socket":	6,
					"start":	0,
					"end":	1.0000851154327393,
					"seconds":	1.0000851154327393,
					"bytes":	1122200,
					"bits_per_second":	8976835.9327249564,
					"retransmits":	0,
					"snd_cwnd":	95568,
					"rtt":	113996,
					"rttvar":	3455,
					"pmtu":	1500,
					"omitted":	false
				}],
			"sum":	{
				"start":	0,
				"end":	1.0000851154327393,
				"seconds":	1.0000851154327393,
				"bytes":	1122200,
				"bits_per_second":	8976835.9327249564,
				"retransmits":	0,
				"omitted":	false
			}
		}, {
			"streams":	[{
					"socket":	6,
					"start":	1.0000851154327393,
					"end":	2.0002741813659668,
					"seconds":	1.0001890659332275,
					"bytes":	781920,
					"bits_per_second":	6254177.5480853,
					"retransmits":	0,
					"snd_cwnd":	131768,
					"rtt":	184164,
					"rttvar":	5295,
					"pmtu":	1500,
					"omitted":	false
				}],
			"sum":	{
				"start":	1.0000851154327393,
				"end":	2.0002741813659668,
				"seconds":	1.0001890659332275,
				"bytes":	781920,
				"bits_per_second":	6254177.5480853,
				"retransmits":	0,
				"omitted":	false
			}
		}, {
			"streams":	[{
					"socket":	6,
					"start":	2.0002741813659668,
					"end":	3.0003731250762939,
					"seconds":	1.0000989437103271,
					"bytes":	651600,
					"bits_per_second":	5212284.2772543291,
					"retransmits":	0,
					"snd_cwnd":	160728,
					"rtt":	275868,
					"rttvar":	4419,
					"pmtu":	1500,
					"omitted":	false
				}],
			"sum":	{
				"start":	2.0002741813659668,
				"end":	3.0003731250762939,
				"seconds":	1.0000989437103271,
				"bytes":	651600,
				"bits_per_second":	5212284.2772543291,
				"retransmits":	0,
				"omitted":	false
			}
		}, {
			"streams":	[{
					"socket":	6,
					"start":	3.0003731250762939,
					"end":	4.0000782012939453,
					"seconds":	0.99970507621765137,
					"bytes":	1107720,
					"bits_per_second":	8864374.3148010746,
					"retransmits":	0,
					"snd_cwnd":	195480,
					"rtt":	246816,
					"rttvar":	1058,
					"pmtu":	1500,
					"omitted":	false
				}],
			"sum":	{
				"start":	3.0003731250762939,
				"end":	4.0000782012939453,
				"seconds":	0.99970507621765137,
				"bytes":	1107720,
				"bits_per_second":	8864374.3148010746,
				"retransmits":	0,
				"omitted":	false
			}
		}, {
			"streams":	[{
					"socket":	6,
					"start":	4.0000782012939453,
					"end":	5.0001811981201172,
					"seconds":	1.0001029968261719,
					"bytes":	912240,
					"bits_per_second":	7297168.4148132326,
					"retransmits":	0,
					"snd_cwnd":	237472,
					"rtt":	184829,
					"rttvar":	18833,
					"pmtu":	1500,
					"omitted":	false
				}],
			"sum":	{
				"start":	4.0000782012939453,
				"end":	5.0001811981201172,
				"seconds":	1.0001029968261719,
				"bytes":	912240,
				"bits_per_second":	7297168.4148132326,
				"retransmits":	0,
				"omitted":	false
			}
		}, {
			"streams":	[{
					"socket":	6,
					"start":	5.0001811981201172,
					"end":	6.0000879764556885,
					"seconds":	0.99990677833557129,
					"bytes":	5603760,
					"bits_per_second":	44834259.524296284,
					"retransmits":	0,
					"snd_cwnd":	448880,
					"rtt":	100490,
					"rttvar":	183,
					"pmtu":	1500,
					"omitted":	false
				}],
			"sum":	{
				"start":	5.0001811981201172,
				"end":	6.0000879764556885,
				"seconds":	0.99990677833557129,
				"bytes":	5603760,
				"bits_per_second":	44834259.524296284,
				"retransmits":	0,
				"omitted":	false
			}
		}, {
			"streams":	[{
					"socket":	6,
					"start":	6.0000879764556885,
					"end":	7.0001940727233887,
					"seconds":	1.0001060962677002,
					"bytes":	4430880,
					"bits_per_second":	35443279.600319348,
					"retransmits":	0,
					"snd_cwnd":	661736,
					"rtt":	149689,
					"rttvar":	102,
					"pmtu":	1500,
					"omitted":	false
				}],
			"sum":	{
				"start":	6.0000879764556885,
				"end":	7.0001940727233887,
				"seconds":	1.0001060962677002,
				"bytes":	4430880,
				"bits_per_second":	35443279.600319348,
				"retransmits":	0,
				"omitted":	false
			}
		}, {
			"streams":	[{
					"socket":	6,
					"start":	7.0001940727233887,
					"end":	8.0001151561737061,
					"seconds":	0.99992108345031738,
					"bytes":	5242880,
					"bits_per_second":	41946350.261234395,
					"retransmits":	0,
					"snd_cwnd":	849976,
					"rtt":	207853,
					"rttvar":	445,
					"pmtu":	1500,
					"omitted":	false
				}],
			"sum":	{
				"start":	7.0001940727233887,
				"end":	8.0001151561737061,
				"seconds":	0.99992108345031738,
				"bytes":	5242880,
				"bits_per_second":	41946350.261234395,
				"retransmits":	0,
				"omitted":	false
			}
		}, {
			"streams":	[{
					"socket":	6,
					"start":	8.0001151561737061,
					"end":	9.0002481937408447,
					"seconds":	1.0001330375671387,
					"bytes":	3932160,
					"bits_per_second":	31453095.55668816,
					"retransmits":	0,
					"snd_cwnd":	1035320,
					"rtt":	314468,
					"rttvar":	7265,
					"pmtu":	1500,
					"omitted":	false
				}],
			"sum":	{
				"start":	8.0001151561737061,
				"end":	9.0002481937408447,
				"seconds":	1.0001330375671387,
				"bytes":	3932160,
				"bits_per_second":	31453095.55668816,
				"retransmits":	0,
				"omitted":	false
			}
		}, {
			"streams":	[{
					"socket":	6,
					"start":	9.0002481937408447,
					"end":	10.00019907951355,
					"seconds":	0.99995088577270508,
					"bytes":	3932160,
					"bits_per_second":	31458825.075885206,
					"retransmits":	0,
					"snd_cwnd":	1188808,
					"rtt":	368840,
					"rttvar":	582,
					"pmtu":	1500,
					"omitted":	false
				}],
			"sum":	{
				"start":	9.0002481937408447,
				"end":	10.00019907951355,
				"seconds":	0.99995088577270508,
				"bytes":	3932160,
				"bits_per_second":	31458825.075885206,
				"retransmits":	0,
				"omitted":	false
			}
		}, {
			"streams":	[{
					"socket":	6,
					"start":	10.00019907951355,
					"end":	11.000380992889404,
					"seconds":	1.0001819133758545,
					"bytes":	2621440,
					"bits_per_second":	20967705.693873305,
					"retransmits":	0,
					"snd_cwnd":	1317680,
					"rtt":	462485,
					"rttvar":	3757,
					"pmtu":	1500,
					"omitted":	false
				}],
			"sum":	{
				"start":	10.00019907951355,
				"end":	11.000380992889404,
				"seconds":	1.0001819133758545,
				"bytes":	2621440,
				"bits_per_second":	20967705.693873305,
				"retransmits":	0,
				"omitted":	false
			}
		}, {
			"streams":	[{
					"socket":	6,
					"start":	11.000380992889404,
					"end":	12.000085115432739,
					"seconds":	0.999704122543335,
					"bytes":	5242880,
					"bits_per_second":	41955453.672925971,
					"retransmits":	0,
					"snd_cwnd":	1516056,
					"rtt":	384745,
					"rttvar":	71,
					"pmtu":	1500,
					"omitted":	false
				}],
			"sum":	{
				"start":	11.000380992889404,
				"end":	12.000085115432739,
				"seconds":	0.999704122543335,
				"bytes":	5242880,
				"bits_per_second":	41955453.672925971,
				"retransmits":	0,
				"omitted":	false
			}
		}, {
			"streams":	[{
					"socket":	6,
					"start":	12.000085115432739,
					"end":	13.000071048736572,
					"seconds":	0.999985933303833,
					"bytes":	5242880,
					"bits_per_second":	41943630.00829947,
					"retransmits":	0,
					"snd_cwnd":	1752080,
					"rtt":	360138,
					"rttvar":	775,
					"pmtu":	1500,
					"omitted":	false
				}],