{
	"start":	{
		"connected":	[{
				"socket":	6,
				"local_host":	"192.168.10.2",
				"local_port":	51512,
				"remote_host":	"192.168.22.1",
				"remote_port":	5005
			}],
		"version":	"iperf 3.6",
		"system_info":	"Linux ba-thesis 4.19.0-23-amd64 #1 SMP Debian 4.19.269-1 (2022-12-20) x86_64",
		"timestamp":	{
			"time":	"Tue, 13 Jun 2023 08:17:47 GMT",
			"timesecs":	1686644267
		},
		"connecting_to":	{
			"host":	"h7",
			"port":	5005
		},
		"cookie":	"4ca6okit32kobwmvujv7chj2riyvmhjt532y",
		"tcp_mss_default":	1448,
		"sock_bufsize":	0,
		"sndbuf_actual":	87380,
		"rcvbuf_actual":	87380,
		"test_start":	{
			"protocol":	"TCP",
			"num_streams":	1,
			"blksize":	131072,
			"omit":	0,
			"duration":	0,
			"bytes":	1366390,
			"blocks":	0,
			"reverse":	0,
			"tos":	0
		}
	},
	"intervals":	[{
			"streams":	[{
					"socket":	6,
					"start":	0,
					"end":	1.000216007232666,
					"seconds":	1.000216007232666,
					"bytes":	926720,
					"bits_per_second":	7412158.9200635962,
					"retransmits":	0,
					"snd_cwnd":	89776,
					"rtt":	145496,
					"rttvar":	11980,
					"pmtu":	1500,
					"omitted":	false
				}],
			"sum":	{
				"start":	0,
				"end":	1.000216007232666,
				"seconds":	1.000216007232666,
				"bytes":	926720,
				"bits_per_second":	7412158.9200635962,
				"retransmits":	0,
				"omitted":	false
			}
		}, {
			"streams":	[{
					"socket":	6,
					"start":	1.000216007232666,
					"end":	1.3738698959350586,
					"seconds":	0.37365388870239258,
					"bytes":	456120,
					"bits_per_second":	9765614.94561701,
					"retransmits":	0,
					"snd_cwnd":	101360,
					"rtt":	175972,
					"rttvar":	3739,
					"pmtu":	1500,
					"omitted":	false
				}],
			"sum":	{
				"start":	1.000216007232666,
				"end":	1.3738698959350586,
				"seconds":	0.37365388870239258,
				"bytes":	456120,
				"bits_per_second":	9765614.94561701,
				"retransmits":	0,
				"omitted":	false
			}
		}],
	"end":	{
		"streams":	[{
				"sender":	{
					"socket":	6,
					"start":	0,
					"end":	1.3738698959350586,
					"seconds":	1.3738698959350586,
					"bytes":	1382840,
					"bits_per_second":	8052232.626052768,
					"retransmits":	0,
					"max_snd_cwnd":	101360,
					"max_rtt":	175972,
					"min_rtt":	145496,
					"mean_rtt":	160734
				},
				"receiver":	{
					"socket":	6,
					"start":	0,
					"end":	1.5136761665344238,
					"seconds":	1.3738698959350586,
					"bytes":	870248,
					"bits_per_second":	4599388.0024810918
				}
			}],
		"sum_sent":	{
			"start":	0,
			"end":	1.3738698959350586,
			"seconds":	1.3738698959350586,
			"bytes":	1382840,
			"bits_per_second":	8052232.626052768,
			"retransmits":	0
		},
		"sum_received":	{
			"start":	0,
			"end":	1.5136761665344238,
			"seconds":	1.5136761665344238,
			"bytes":	870248,
			"bits_per_second":	4599388.0024810918
		},
		"cpu_utilization_percent":	{
			"host_total":	4.195159183095055,
			"host_user":	0.097706386094367464,
			"host_system":	4.0975149511903144,
			"remote_total":	0.23322447595386206,
			"remote_user":	0.23322447595386206,
			"remote_system":	0
		},
		"sender_tcp_congestion":	"cubic",
		"receiver_tcp_congestion":	"cubic"
	}
}
