{
	"start":	{
		"connected":	[{
				"socket":	6,
				"local_host":	"192.168.7.2",
				"local_port":	37756,
				"remote_host":	"192.168.7.1",
				"remote_port":	5008
			}],
		"version":	"iperf 3.6",
		"system_info":	"Linux ba-thesis 4.19.0-23-amd64 #1 SMP Debian 4.19.269-1 (2022-12-20) x86_64",
		"timestamp":	{
			"time":	"Wed, 31 May 2023 09:50:03 GMT",
			"timesecs":	1685526603
		},
		"connecting_to":	{
			"host":	"h2",
			"port":	5008
		},
		"cookie":	"rln5ockklqphmlilupuj7qjvxjnnltj3vv5d",
		"tcp_mss_default":	1448,
		"sock_bufsize":	0,
		"sndbuf_actual":	87380,
		"rcvbuf_actual":	87380,
		"test_start":	{
			"protocol":	"TCP",
			"num_streams":	1,
			"blksize":	131072,
			"omit":	0,
			"duration":	0,
			"bytes":	82543616,
			"blocks":	0,
			"reverse":	0,
			"tos":	0
		}
	},
	"intervals":	[{
			"streams":	[{
					"socket":	6,
					"start":	0,
					"end":	1.0001468658447266,
					"seconds":	1.0001468658447266,
					"bytes":	15335160,
					"bits_per_second":	122663264.95597532,
					"retransmits":	0,
					"snd_cwnd":	792056,
					"rtt":	62360,
					"rttvar":	716,
					"pmtu":	1500,
					"omitted":	false
				}],
			"sum":	{
				"start":	0,
				"end":	1.0001468658447266,
				"seconds":	1.0001468658447266,
				"bytes":	15335160,
				"bits_per_second":	122663264.95597532,
				"retransmits":	0,
				"omitted":	false
			}
		}, {
			"streams":	[{
					"socket":	6,
					"start":	1.0001468658447266,
					"end":	2.0000789165496826,
					"seconds":	0.999932050704956,
					"bytes":	14417920,
					"bits_per_second":	115351198.03258879,
					"retransmits":	0,
					"snd_cwnd":	1388632,
					"rtt":	109874,
					"rttvar":	452,
					"pmtu":	1500,
					"omitted":	false
				}],
			"sum":	{
				"start":	1.0001468658447266,
				"end":	2.0000789165496826,
				"seconds":	0.999932050704956,
				"bytes":	14417920,
				"bits_per_second":	115351198.03258879,
				"retransmits":	0,
				"omitted":	false
			}
		}, {
			"streams":	[{
					"socket":	6,
					"start":	2.0000789165496826,
					"end":	3.0000710487365723,
					"seconds":	0.99999213218688965,
					"bytes":	14417920,
					"bits_per_second":	115344267.5071401,
					"retransmits":	0,
					"snd_cwnd":	1986656,
					"rtt":	157602,
					"rttvar":	604,
					"pmtu":	1500,
					"omitted":	false
				}],
			"sum":	{
				"start":	2.0000789165496826,
				"end":	3.0000710487365723,
				"seconds":	0.99999213218688965,
				"bytes":	14417920,
				"bits_per_second":	115344267.5071401,
				"retransmits":	0,
				"omitted":	false
			}
		}, {
			"streams":	[{
					"socket":	6,
					"start":	3.0000710487365723,
					"end":	4.0001208782196045,
					"seconds":	1.0000498294830322,
					"bytes":	13107200,
					"bits_per_second":	104852375.26034607,
					"retransmits":	0,
					"snd_cwnd":	2584680,
					"rtt":	205098,
					"rttvar":	594,
					"pmtu":	1500,
					"omitted":	false
				}],
			"sum":	{
				"start":	3.0000710487365723,
				"end":	4.0001208782196045,
				"seconds":	1.0000498294830322,
				"bytes":	13107200,
				"bits_per_second":	104852375.26034607,
				"retransmits":	0,
				"omitted":	false
			}
		}, {
			"streams":	[{
					"socket":	6,
					"start":	4.0001208782196045,
					"end":	5.00010085105896,
					"seconds":	0.99997997283935547,
					"bytes":	13107200,
					"bits_per_second":	104859700.04205789,
					"retransmits":	0,
					"snd_cwnd":	3182704,
					"rtt":	252741,
					"rttvar":	389,
					"pmtu":	1500,
					"omitted":	false
				}],
			"sum":	{
				"start":	4.0001208782196045,
				"end":	5.00010085105896,
				"seconds":	0.99997997283935547,
				"bytes":	13107200,
				"bits_per_second":	104859700.04205789,
				"retransmits":	0,
				"omitted":	false
			}
		}, {
			"streams":	[{
					"socket":	6,
					"start":	5.00010085105896,
					"end":	6.0001230239868164,
					"seconds":	1.0000221729278564,
					"bytes":	11796480,
					"bits_per_second":	94369747.546395823,
					"retransmits":	0,
					"snd_cwnd":	3780728,
					"rtt":	300432,
					"rttvar":	599,
					"pmtu":	1500,
					"omitted":	false
				}],
			"sum":	{
				"start":	5.00010085105896,
				"end":	6.0001230239868164,
				"seconds":	1.0000221729278564,
				"bytes":	11796480,
				"bits_per_second":	94369747.546395823,
				"retransmits":	0,
				"omitted":	false
			}
		}, {
			"streams":	[{
					"socket":	6,
					"start":	6.0001230239868164,
					"end":	6.0317308902740479,
					"seconds":	0.031607866287231445,
					"bytes":	1310720,
					"bits_per_second":	331745265.71051419,
					"retransmits":	0,
					"snd_cwnd":	3799552,
					"rtt":	301747,
					"rttvar":	332,
					"pmtu":	1500,
					"omitted":	false
				}],
			"sum":	{
				"start":	6.0001230239868164,
				"end":	6.0317308902740479,
				"seconds":	0.031607866287231445,
				"bytes":	1310720,
				"bits_per_second":	331745265.71051419,
				"retransmits":	0,
				"omitted":	false
			}
		}],
	"end":	{
		"streams":	[{
				"sender":	{
					"socket":	6,
					"start":	0,
					"end":	6.0317308902740479,
					"seconds":	6.0317308902740479,
					"bytes":	83492600,
					"bits_per_second":	110737831.66902073,
					"retransmits":	0,
					"max_snd_cwnd":	3799552,
					"max_rtt":	301747,
					"min_rtt":	62360,
					"mean_rtt":	198550
				},
				"receiver":	{
					"socket":	6,
					"start":	0,
					"end":	6.3798649311065674,
					"seconds":	6.0317308902740479,
					"bytes":	75303240,
					"bits_per_second":	94426124.45644851
				}
			}],
		"sum_sent":	{
			"start":	0,
			"end":	6.0317308902740479,
			"seconds":	6.0317308902740479,
			"bytes":	83492600,
			"bits_per_second":	110737831.66902073,
			"retransmits":	0
		},
		"sum_received":	{
			"start":	0,
			"end":	6.3798649311065674,
			"seconds":	6.3798649311065674,
			"bytes":	75303240,
			"bits_per_second":	94426124.45644851
		},
		"cpu_utilization_percent":	{
			"host_total":	0.913231695962724,
			"host_user":	0.11803133354933414,
			"host_system":	0.79520036241338987,
			"remote_total":	1.3708090616084052,
			"remote_user":	0.18181055814638941,
			"remote_system":	1.1889830879492005
		},
		"sender_tcp_congestion":	"cubic",
		"receiver_tcp_congestion":	"cubic"
	}
}
