{
	"start":	{
		"connected":	[{
				"socket":	6,
				"local_host":	"192.168.17.2",
				"local_port":	36408,
				"remote_host":	"192.168.23.1",
				"remote_port":	5007
			}],
		"version":	"iperf 3.6",
		"system_info":	"Linux ba-thesis 4.19.0-23-amd64 #1 SMP Debian 4.19.269-1 (2022-12-20) x86_64",
		"timestamp":	{
			"time":	"Mon, 12 Jun 2023 21:40:54 GMT",
			"timesecs":	1686606054
		},
		"connecting_to":	{
			"host":	"h4",
			"port":	5007
		},
		"cookie":	"rwur4jiu33hbnvibkv6zhla6hhqiydpcxsrh",
		"tcp_mss_default":	1448,
		"sock_bufsize":	0,
		"sndbuf_actual":	87380,
		"rcvbuf_actual":	87380,
		"test_start":	{
			"protocol":	"TCP",
			"num_streams":	1,
			"blksize":	131072,
			"omit":	0,
			"duration":	0,
			"bytes":	140624896,
			"blocks":	0,
			"reverse":	0,
			"tos":	0
		}
	},
	"intervals":	[{
			"streams":	[{
					"socket":	6,
					"start":	0,
					"end":	1.00050687789917,
					"seconds":	1.00050687789917,
					"bytes":	79640,
					"bits_per_second":	636797.22156213736,
					"retransmits":	0,
					"snd_cwnd":	14480,
					"rtt":	404737,
					"rttvar":	159322,
					"pmtu":	1500,
					"omitted":	false
				}],
			"sum":	{
				"start":	0,
				"end":	1.00050687789917,
				"seconds":	1.00050687789917,
				"bytes":	79640,
				"bits_per_second":	636797.22156213736,
				"retransmits":	0,
				"omitted":	false
			}
		}, {
			"streams":	[{
					"socket":	6,
					"start":	1.00050687789917,
					"end":	2.0003678798675537,
					"seconds":	0.99986100196838379,
					"bytes":	282360,
					"bits_per_second":	2259194.0235223086,
					"retransmits":	0,
					"snd_cwnd":	57920,
					"rtt":	569260,
					"rttvar":	62951,
					"pmtu":	1500,
					"omitted":	false
				}],
			"sum":	{
				"start":	1.00050687789917,
				"end":	2.0003678798675537,
				"seconds":	0.99986100196838379,
				"bytes":	282360,
				"bits_per_second":	2259194.0235223086,
				"retransmits":	0,
				"omitted":	false
			}
		}, {
			"streams":	[{
					"socket":	6,
					"start":	2.0003678798675537,
					"end":	3.0003478527069092,
					"seconds":	0.99997997283935547,
					"bytes":	173760,
					"bits_per_second":	1390107.8399130232,
					"retransmits":	0,
					"snd_cwnd":	70952,
					"rtt":	432046,
					"rttvar":	14799,
					"pmtu":	1500,
					"omitted":	false
				}],
			"sum":	{
				"start":	2.0003678798675537,
				"end":	3.0003478527069092,
				"seconds":	0.99997997283935547,
				"bytes":	173760,
				"bits_per_second":	1390107.8399130232,
				"retransmits":	0,
				"omitted":	false
			}
		}, {
			"streams":	[{
					"socket":	6,
					"start":	3.0003478527069092,
					"end":	4.0001819133758545,
					"seconds":	0.99983406066894531,
					"bytes":	195480,
					"bits_per_second":	1564099.5456323051,
					"retransmits":	0,
					"snd_cwnd":	78192,
					"rtt":	466391,
					"rttvar":	2250,
					"pmtu":	1500,
					"omitted":	false
				}],
			"sum":	{
				"start":	3.0003478527069092,
				"end":	4.0001819133758545,
				"seconds":	0.99983406066894531,
				"bytes":	195480,
				"bits_per_second":	1564099.5456323051,
				"retransmits":	0,
				"omitted":	false
			}
		}, {
			"streams":	[{
					"socket":	6,
					"start":	4.0001819133758545,
					"end":	5.0003418922424316,
					"seconds":	1.0001599788665771,
					"bytes":	195480,
					"bits_per_second":	1563589.8586666191,
					"retransmits":	0,
					"snd_cwnd":	86880,
					"rtt":	514000,
					"rttvar":	2005,
					"pmtu":	1500,
					"omitted":	false
				}],
			"sum":	{
				"start":	4.0001819133758545,
				"end":	5.0003418922424316,
				"seconds":	1.0001599788665771,
				"bytes":	195480,
				"bits_per_second":	1563589.8586666191,
				"retransmits":	0,
				"omitted":	false
			}
		}, {
			"streams":	[{
					"socket":	6,
					"start":	5.0003418922424316,
					"end":	6.0003018379211426,
					"seconds":	0.99995994567871094,
					"bytes":	260640,
					"bits_per_second":	2085203.5214117998,
					"retransmits":	0,
					"snd_cwnd":	97016,
					"rtt":	568120,
					"rttvar":	2612,
					"pmtu":	1500,
					"omitted":	false
				}],
			"sum":	{
				"start":	5.0003418922424316,
				"end":	6.0003018379211426,
				"seconds":	0.99995994567871094,
				"bytes":	260640,
				"bits_per_second":	2085203.5214117998,
				"retransmits":	0,
				"omitted":	false
			}
		}, {
			"streams":	[{
					"socket":	6,
					"start":	6.0003018379211426,
					"end":	7.0000388622283936,
					"seconds":	0.999737024307251,
					"bytes":	260640,
					"bits_per_second":	2085668.4801134027,
					"retransmits":	0,
					"snd_cwnd":	133216,
					"rtt":	624706,
					"rttvar":	547,
					"pmtu":	1500,
					"omitted":	false
				}],
			"sum":	{
				"start":	6.0003018379211426,
				"end":	7.0000388622283936,
				"seconds":	0.999737024307251,
				"bytes":	260640,
				"bits_per_second":	2085668.4801134027,
				"retransmits":	0,
				"omitted":	false
			}
		}, {
			"streams":	[{
					"socket":	6,
					"start":	7.0000388622283936,
					"end":	8.000438928604126,
					"seconds":	1.0004000663757324,
					"bytes":	325800,
					"bits_per_second":	2605357.6839938778,
					"retransmits":	0,
					"snd_cwnd":	163624,
					"rtt":	663956,
					"rttvar":	13202,
					"pmtu":	1500,
					"omitted":	false
				}],
			"sum":	{
				"start":	7.0000388622283936,
				"end":	8.000438928604126,
				"seconds":	1.0004000663757324,
				"bytes":	325800,
				"bits_per_second":	2605357.6839938778,
				"retransmits":	0,
				"omitted":	false
			}
		}, {
			"streams":	[{
					"socket":	6,
					"start":	8.000438928604126,
					"end":	9.0006868839263916,
					"seconds":	1.0002479553222656,
					"bytes":	456120,
					"bits_per_second":	3648055.4452364338,
					"retransmits":	0,
					"snd_cwnd":	251952,
					"rtt":	713674,
					"rttvar":	692,
					"pmtu":	1500,
					"omitted":	false
				}],
			"sum":	{
				"start":	8.000438928604126,
				"end":	9.0006868839263916,
				"seconds":	1.0002479553222656,
				"bytes":	456120,
				"bits_per_second":	3648055.4452364338,
				"retransmits":	0,
				"omitted":	false
			}
		}, {
			"streams":	[{
					"socket":	6,
					"start":	9.0006868839263916,
					"end":	10.000805854797363,
					"seconds":	1.0001189708709717,
					"bytes":	521280,
					"bits_per_second":	4169743.9219338787,
					"retransmits":	0,
					"snd_cwnd":	317112,
					"rtt":	713257,
					"rttvar":	902,
					"pmtu":	1500,
					"omitted":	false
				}],
			"sum":	{
				"start":	9.0006868839263916,
				"end":	10.000805854797363,
				"seconds":	1.0001189708709717,
				"bytes":	521280,
				"bits_per_second":	4169743.9219338787,
				"retransmits":	0,
				"omitted":	false
			}
		}, {
			"streams":	[{
					"socket":	6,
					"start":	10.000805854797363,
					"end":	11.000247001647949,
					"seconds":	0.99944114685058594,
					"bytes":	651600,
					"bits_per_second":	5215714.81865285,
					"retransmits":	0,
					"snd_cwnd":	392408,
					"rtt":	713387,
					"rttvar":	1045,
					"pmtu":	1500,
					"omitted":	false
				}],
			"sum":	{
				"start":	10.000805854797363,
				"end":	11.000247001647949,
				"seconds":	0.99944114685058594,
				"bytes":	651600,
				"bits_per_second":	5215714.81865285,
				"retransmits":	0,
				"omitted":	false
			}
		}, {
			"streams":	[{
					"socket":	6,
					"start":	11.000247001647949,
					"end":	12.000104904174805,
					"seconds":	0.99985790252685547,
					"bytes":	13337760,
					"bits_per_second":	106717244.25074898,
					"retransmits":	0,
					"snd_cwnd":	1013600,
					"rtt":	80006,
					"rttvar":	630,
					"pmtu":	1500,
					"omitted":	false
				}],
			"sum":	{
				"start":	11.000247001647949,
				"end":	12.000104904174805,
				"seconds":	0.99985790252685547,
				"bytes":	13337760,
				"bits_per_second":	106717244.25074898,
				"retransmits":	0,
				"omitted":	false
			}
		}, {
			"streams":	[{
					"socket":	6,
					"start":	12.000104904174805,
					"end":	13.000090837478638,
					"seconds":	0.999985933303833,
					"bytes":	14417920,
					"bits_per_second":	115344982.52282354,
					"retransmits":	0,
					"snd_cwnd":	1611624,
					"rtt":	127613,
					"rttvar":	686,
					"pmtu":	1500,
					"omitted":	false
				}],
			"sum":	{
				"start":	12.000104904174805,