{
	"start":	{
		"connected":	[{
				"socket":	6,
				"local_host":	"192.168.4.2",
				"local_port":	39222,
				"remote_host":	"192.168.32.1",
				"remote_port":	5001
			}],
		"version":	"iperf 3.6",
		"system_info":	"Linux ba-thesis 4.19.0-23-amd64 #1 SMP Debian 4.19.269-1 (2022-12-20) x86_64",
		"timestamp":	{
			"time":	"Sun, 04 Jun 2023 12:29:09 GMT",
			"timesecs":	1685881749
		},
		"connecting_to":	{
			"host":	"h2",
			"port":	5001
		},
		"cookie":	"g3giktj4gsuj72mus42ncgseodaqwvosp44c",
		"tcp_mss_default":	1448,
		"sock_bufsize":	0,
		"sndbuf_actual":	87380,
		"rcvbuf_actual":	87380,
		"test_start":	{
			"protocol":	"TCP",
			"num_streams":	1,
			"blksize":	131072,
			"omit":	0,
			"duration":	0,
			"bytes":	14493922,
			"blocks":	0,
			"reverse":	0,
			"tos":	0
		}
	},
	"intervals":	[{
			"streams":	[{
					"socket":	6,
					"start":	0,
					"end":	1.0003490447998047,
					"seconds":	1.0003490447998047,
					"bytes":	731240,
					"bits_per_second":	5847878.8283050926,
					"retransmits":	0,
					"snd_cwnd":	82536,
					"rtt":	179891,
					"rttvar":	3182,
					"pmtu":	1500,
					"omitted":	false
				}],
			"sum":	{
				"start":	0,
				"end":	1.0003490447998047,
				"seconds":	1.0003490447998047,
				"bytes":	731240,
				"bits_per_second":	5847878.8283050926,
				"retransmits":	0,
				"omitted":	false
			}
		}, {
			"streams":	[{
					"socket":	6,
					"start":	1.0003490447998047,
					"end":	2.0004680156707764,
					"seconds":	1.0001189708709717,
					"bytes":	390960,
					"bits_per_second":	3127307.9414504091,
					"retransmits":	0,
					"snd_cwnd":	99912,
					"rtt":	268783,
					"rttvar":	6570,
					"pmtu":	1500,
					"omitted":	false
				}],
			"sum":	{
				"start":	1.0003490447998047,
				"end":	2.0004680156707764,
				"seconds":	1.0001189708709717,
				"bytes":	390960,
				"bits_per_second":	3127307.9414504091,
				"retransmits":	0,
				"omitted":	false
			}
		}, {
			"streams":	[{
					"socket":	6,
					"start":	2.0004680156707764,
					"end":	3.0000340938568115,
					"seconds":	0.99956607818603516,
					"bytes":	521280,
					"bits_per_second":	4172050.3436530707,
					"retransmits":	0,
					"snd_cwnd":	114392,
					"rtt":	358464,
					"rttvar":	6538,
					"pmtu":	1500,
					"omitted":	false
				}],
			"sum":	{
				"start":	2.0004680156707764,
				"end":	3.0000340938568115,
				"seconds":	0.99956607818603516,
				"bytes":	521280,
				"bits_per_second":	4172050.3436530707,
				"retransmits":	0,
				"omitted":	false
			}
		}, {
			"streams":	[{
					"socket":	6,
					"start":	3.0000340938568115,
					"end":	4.0004181861877441,
					"seconds":	1.0003840923309326,
					"bytes":	260640,
					"bits_per_second":	2084319.4288921487,
					"retransmits":	0,
					"snd_cwnd":	130320,
					"rtt":	421557,
					"rttvar":	4050,
					"pmtu":	1500,
					"omitted":	false
				}],
			"sum":	{
				"start":	3.0000340938568115,
				"end":	4.0004181861877441,
				"seconds":	1.0003840923309326,
				"bytes":	260640,
				"bits_per_second":	2084319.4288921487,
				"retransmits":	0,
				"omitted":	false
			}
		}, {
			"streams":	[{
					"socket":	6,
					"start":	4.0004181861877441,
					"end":	5.0002751350402832,
					"seconds":	0.99985694885253906,
					"bytes":	716760,
					"bits_per_second":	5734900.3840805171,
					"retransmits":	0,
					"snd_cwnd":	160728,
					"rtt":	213197,
					"rttvar":	943,
					"pmtu":	1500,
					"omitted":	false
				}],
			"sum":	{
				"start":	4.0004181861877441,
				"end":	5.0002751350402832,
				"seconds":	0.99985694885253906,
				"bytes":	716760,
				"bits_per_second":	5734900.3840805171,
				"retransmits":	0,
				"omitted":	false
			}
		}, {
			"streams":	[{
					"socket":	6,
					"start":	5.0002751350402832,
					"end":	6.0001261234283447,
					"seconds":	0.99985098838806152,
					"bytes":	1107720,
					"bits_per_second":	8863080.7019421365,
					"retransmits":	0,
					"snd_cwnd":	204168,
					"rtt":	219638,
					"rttvar":	4112,
					"pmtu":	1500,
					"omitted":	false
				}],
			"sum":	{
				"start":	5.0002751350402832,
				"end":	6.0001261234283447,
				"seconds":	0.99985098838806152,
				"bytes":	1107720,
				"bits_per_second":	8863080.7019421365,
				"retransmits":	0,
				"omitted":	false
			}
		}, {
			"streams":	[{
					"socket":	6,
					"start":	6.0001261234283447,
					"end":	7.00015115737915,
					"seconds":	1.0000250339508057,
					"bytes":	1498680,
					"bits_per_second":	11989139.864462432,
					"retransmits":	0,
					"snd_cwnd":	256296,
					"rtt":	203490,
					"rttvar":	818,
					"pmtu":	1500,
					"omitted":	false
				}],
			"sum":	{
				"start":	6.0001261234283447,
				"end":	7.00015115737915,
				"seconds":	1.0000250339508057,
				"bytes":	1498680,
				"bits_per_second":	11989139.864462432,
				"retransmits":	0,
				"omitted":	false
			}
		}, {
			"streams":	[{
					"socket":	6,
					"start":	7.00015115737915,
					"end":	8.0000760555267334,
					"seconds":	0.999924898147583,
					"bytes":	1238040,
					"bits_per_second":	9905063.8886463456,
					"retransmits":	0,
					"snd_cwnd":	321456,
					"rtt":	212790,
					"rttvar":	516,
					"pmtu":	1500,
					"omitted":	false
				}],
			"sum":	{
				"start":	7.00015115737915,
				"end":	8.0000760555267334,
				"seconds":	0.999924898147583,
				"bytes":	1238040,
				"bits_per_second":	9905063.8886463456,
				"retransmits":	0,
				"omitted":	false
			}
		}, {
			"streams":	[{
					"socket":	6,
					"start":	8.0000760555267334,
					"end":	9.0000569820404053,
					"seconds":	0.99998092651367188,
					"bytes":	2345760,
					"bits_per_second":	18766437.941397503,
					"retransmits":	0,
					"snd_cwnd":	427160,
					"rtt":	244026,
					"rttvar":	1766,
					"pmtu":	1500,
					"omitted":	false
				}],
			"sum":	{
				"start":	8.0000760555267334,
				"end":	9.0000569820404053,
				"seconds":	0.99998092651367188,
				"bytes":	2345760,
				"bits_per_second":	18766437.941397503,
				"retransmits":	0,
				"omitted":	false
			}
		}, {
			"streams":	[{
					"socket":	6,
					"start":	9.0000569820404053,
					"end":	10.000277042388916,
					"seconds":	1.0002200603485107,
					"bytes":	2085120,
					"bits_per_second":	16677289.989752641,
					"retransmits":	0,
					"snd_cwnd":	570512,
					"rtt":	290522,
					"rttvar":	560,
					"pmtu":	1500,
					"omitted":	false
				}],
			"sum":	{
				"start":	9.0000569820404053,
				"end":	10.000277042388916,
				"seconds":	1.0002200603485107,
				"bytes":	2085120,
				"bits_per_second":	16677289.989752641,
				"retransmits":	0,
				"omitted":	false
			}
		}, {
			"streams":	[{
					"socket":	6,
					"start":	10.000277042388916,
					"end":	11.00019907951355,
					"seconds":	0.99992203712463379,
					"bytes":	2548760,
					"bits_per_second":	20391669.793210596,
					"retransmits":	0,
					"snd_cwnd":	726896,
					"rtt":	380086,
					"rttvar":	4909,
					"pmtu":	1500,
					"omitted":	false
				}],
			"sum":	{
				"start":	10.000277042388916,
				"end":	11.00019907951355,
				"seconds":	0.99992203712463379,
				"bytes":	2548760,
				"bits_per_second":	20391669.793210596,
				"retransmits":	0,
				"omitted":	false
			}
		}, {
			"streams":	[{
					"socket":	6,
					"start":	11.00019907951355,
					"end":	11.27885103225708,
					"seconds":	0.27865195274353027,
					"bytes":	1310720,
					"bits_per_second":	37630312.282975584,
					"retransmits":	0,
					"snd_cwnd":	774680,
					"rtt":	412191,
					"rttvar":	1653,
					"pmtu":	1500,
					"omitted":	false
				}],
			"sum":	{
				"start":	11.00019907951355,
				"end":	11.27885103225708,
				"seconds":	0.27865195274353027,
				"bytes":	1310720,
				"bits_per_second":	37630312.282975584,
				"retransmits":	0,
				"omitted":	false
			}
		}],
	"end":	{
		"streams":	[{
				"sender":	{
					"socket":	6,
					"start":	0,
					"end":	11.27885103225708,
					"seconds":	11.27885103225708,
					"bytes":	14755680,
					"bits_per_second":	10466087.340137269,
					"retransmits":	0,
					"max_snd_cwnd":	774680,
					"max_rtt":	421557,
					"min_rtt":	179891,
					"mean_rtt":	283719
				},