{
	"start":	{
		"connected":	[{
				"socket":	6,
				"local_host":	"192.168.8.2",
				"local_port":	44690,
				"remote_host":	"192.168.8.1",
				"remote_port":	5002
			}],
		"version":	"iperf 3.6",
		"system_info":	"Linux ba-thesis 4.19.0-23-amd64 #1 SMP Debian 4.19.269-1 (2022-12-20) x86_64",
		"timestamp":	{
			"time":	"Sun, 04 Jun 2023 12:29:09 GMT",
			"timesecs":	1685881749
		},
		"connecting_to":	{
			"host":	"h16",
			"port":	5002
		},
		"cookie":	"qntz47mm3nxcoyibwzram2nwgkj3j5il3nab",
		"tcp_mss_default":	1448,
		"sock_bufsize":	0,
		"sndbuf_actual":	87380,
		"rcvbuf_actual":	87380,
		"test_start":	{
			"protocol":	"TCP",
			"num_streams":	1,
			"blksize":	131072,
			"omit":	0,
			"duration":	0,
			"bytes":	57613802,
			"blocks":	0,
			"reverse":	0,
			"tos":	0
		}
	},
	"intervals":	[{
			"streams":	[{
					"socket":	6,
					"start":	0,
					"end":	1.0001020431518555,
					"seconds":	1.0001020431518555,
					"bytes":	15132568,
					"bits_per_second":	121048191.8609761,
					"retransmits":	0,
					"snd_cwnd":	944096,
					"rtt":	74362,
					"rttvar":	770,
					"pmtu":	1500,
					"omitted":	false
				}],
			"sum":	{
				"start":	0,
				"end":	1.0001020431518555,
				"seconds":	1.0001020431518555,
				"bytes":	15132568,
				"bits_per_second":	121048191.8609761,
				"retransmits":	0,
				"omitted":	false
			}
		}, {
			"streams":	[{
					"socket":	6,
					"start":	1.0001020431518555,
					"end":	2.0000929832458496,
					"seconds":	0.99999094009399414,
					"bytes":	14417920,
					"bits_per_second":	115344405.00946769,
					"retransmits":	0,
					"snd_cwnd":	1539224,
					"rtt":	122258,
					"rttvar":	435,
					"pmtu":	1500,
					"omitted":	false
				}],
			"sum":	{
				"start":	1.0001020431518555,
				"end":	2.0000929832458496,
				"seconds":	0.99999094009399414,
				"bytes":	14417920,
				"bits_per_second":	115344405.00946769,
				"retransmits":	0,
				"omitted":	false
			}
		}, {
			"streams":	[{
					"socket":	6,
					"start":	2.0000929832458496,
					"end":	3.0002470016479492,
					"seconds":	1.0001540184020996,
					"bytes":	14417920,
					"bits_per_second":	115325597.73571557,
					"retransmits":	0,
					"snd_cwnd":	2121320,
					"rtt":	168391,
					"rttvar":	627,
					"pmtu":	1500,
					"omitted":	false
				}],
			"sum":	{
				"start":	2.0000929832458496,
				"end":	3.0002470016479492,
				"seconds":	1.0001540184020996,
				"bytes":	14417920,
				"bits_per_second":	115325597.73571557,
				"retransmits":	0,
				"omitted":	false
			}
		}, {
			"streams":	[{
					"socket":	6,
					"start":	3.0002470016479492,
					"end":	3.9853160381317139,
					"seconds":	0.98506903648376465,
					"bytes":	14417920,
					"bits_per_second":	117091651.17170042,
					"retransmits":	0,
					"snd_cwnd":	2709208,
					"rtt":	215418,
					"rttvar":	575,
					"pmtu":	1500,
					"omitted":	false
				}],
			"sum":	{
				"start":	3.0002470016479492,
				"end":	3.9853160381317139,
				"seconds":	0.98506903648376465,
				"bytes":	14417920,
				"bits_per_second":	117091651.17170042,
				"retransmits":	0,
				"omitted":	false
			}
		}],
	"end":	{
		"streams":	[{
				"sender":	{
					"socket":	6,
					"start":	0,
					"end":	3.9853160381317139,
					"seconds":	3.9853160381317139,
					"bytes":	58386328,
					"bits_per_second":	117202906.75340483,
					"retransmits":	0,
					"max_snd_cwnd":	2709208,
					"max_rtt":	215418,
					"min_rtt":	74362,
					"mean_rtt":	145107
				},
				"receiver":	{
					"socket":	6,
					"start":	0,
					"end":	4.2468090057373047,
					"seconds":	3.9853160381317139,
					"bytes":	49347408,
					"bits_per_second":	92959034.292963415
				}
			}],
		"sum_sent":	{
			"start":	0,
			"end":	3.9853160381317139,
			"seconds":	3.9853160381317139,
			"bytes":	58386328,
			"bits_per_second":	117202906.75340483,
			"retransmits":	0
		},
		"sum_received":	{
			"start":	0,
			"end":	4.2468090057373047,
			"seconds":	4.2468090057373047,
			"bytes":	49347408,
			"bits_per_second":	92959034.292963415
		},
		"cpu_utilization_percent":	{
			"host_total":	1.3494138627108556,
			"host_user":	0.30339994632584877,
			"host_system":	1.0460139163850071,
			"remote_total":	1.3132522467508077,
			"remote_user":	0.11571130693926167,
			"remote_system":	1.1975180085180583
		},
		"sender_tcp_congestion":	"cubic",
		"receiver_tcp_congestion":	"cubic"
	}
}
