{
	"start":	{
		"connected":	[{
				"socket":	6,
				"local_host":	"192.168.12.2",
				"local_port":	35076,
				"remote_host":	"192.168.12.1",
				"remote_port":	5003
			}],
		"version":	"iperf 3.6",
		"system_info":	"Linux ba-thesis 4.19.0-23-amd64 #1 SMP Debian 4.19.269-1 (2022-12-20) x86_64",
		"timestamp":	{
			"time":	"Sun, 11 Jun 2023 19:10:04 GMT",
			"timesecs":	1686510604
		},
		"connecting_to":	{
			"host":	"h9",
			"port":	5003
		},
		"cookie":	"4y3y5t7fxplcq3phz5f2mc6fimhkfd75avbq",
		"tcp_mss_default":	1448,
		"sock_bufsize":	0,
		"sndbuf_actual":	87380,
		"rcvbuf_actual":	87380,
		"test_start":	{
			"protocol":	"TCP",
			"num_streams":	1,
			"blksize":	131072,
			"omit":	0,
			"duration":	0,
			"bytes":	105035283,
			"blocks":	0,
			"reverse":	0,
			"tos":	0
		}
	},
	"intervals":	[{
			"streams":	[{
					"socket":	6,
					"start":	0,
					"end":	1.0001120567321777,
					"seconds":	1.0001120567321777,
					"bytes":	14597848,
					"bits_per_second":	116769699.16909373,
					"retransmits":	0,
					"snd_cwnd":	780472,
					"rtt":	61257,
					"rttvar":	510,
					"pmtu":	1500,
					"omitted":	false
				}],
			"sum":	{
				"start":	0,
				"end":	1.0001120567321777,
				"seconds":	1.0001120567321777,
				"bytes":	14597848,
				"bits_per_second":	116769699.16909373,
				"retransmits":	0,
				"omitted":	false
			}
		}, {
			"streams":	[{
					"socket":	6,
					"start":	1.0001120567321777,
					"end":	2.0001010894775391,
					"seconds":	0.99998903274536133,
					"bytes":	14417920,
					"bits_per_second":	115344625.01387373,
					"retransmits":	0,
					"snd_cwnd":	1377048,
					"rtt":	108998,
					"rttvar":	377,
					"pmtu":	1500,
					"omitted":	false
				}],
			"sum":	{
				"start":	1.0001120567321777,
				"end":	2.0001010894775391,
				"seconds":	0.99998903274536133,
				"bytes":	14417920,
				"bits_per_second":	115344625.01387373,
				"retransmits":	0,
				"omitted":	false
			}
		}, {
			"streams":	[{
					"socket":	6,
					"start":	2.0001010894775391,
					"end":	3.000093936920166,
					"seconds":	0.999992847442627,
					"bytes":	14417920,
					"bits_per_second":	115344185.0059009,
					"retransmits":	0,
					"snd_cwnd":	1975072,
					"rtt":	156629,
					"rttvar":	415,
					"pmtu":	1500,
					"omitted":	false
				}],
			"sum":	{
				"start":	2.0001010894775391,
				"end":	3.000093936920166,
				"seconds":	0.999992847442627,
				"bytes":	14417920,
				"bits_per_second":	115344185.0059009,
				"retransmits":	0,
				"omitted":	false
			}
		}, {
			"streams":	[{
					"socket":	6,
					"start":	3.000093936920166,
					"end":	4.0000810623168945,
					"seconds":	0.99998712539672852,
					"bytes":	14417920,
					"bits_per_second":	115344845.01911904,
					"retransmits":	0,
					"snd_cwnd":	2573096,
					"rtt":	204251,
					"rttvar":	590,
					"pmtu":	1500,
					"omitted":	false
				}],
			"sum":	{
				"start":	3.000093936920166,
				"end":	4.0000810623168945,
				"seconds":	0.99998712539672852,
				"bytes":	14417920,
				"bits_per_second":	115344845.01911904,
				"retransmits":	0,
				"omitted":	false
			}
		}, {
			"streams":	[{
					"socket":	6,
					"start":	4.0000810623168945,
					"end":	5.0000729560852051,
					"seconds":	0.99999189376831055,
					"bytes":	13107200,
					"bits_per_second":	104858450.00689036,
					"retransmits":	0,
					"snd_cwnd":	3162432,
					"rtt":	256703,
					"rttvar":	624,
					"pmtu":	1500,
					"omitted":	false
				}],
			"sum":	{
				"start":	4.0000810623168945,
				"end":	5.0000729560852051,
				"seconds":	0.99999189376831055,
				"bytes":	13107200,
				"bits_per_second":	104858450.00689036,
				"retransmits":	0,
				"omitted":	false
			}
		}, {
			"streams":	[{
					"socket":	6,
					"start":	5.0000729560852051,
					"end":	6.0000541210174561,
					"seconds":	0.999981164932251,
					"bytes":	11796480,
					"bits_per_second":	94373617.533479959,
					"retransmits":	0,
					"snd_cwnd":	3748872,
					"rtt":	304316,
					"rttvar":	567,
					"pmtu":	1500,
					"omitted":	false
				}],
			"sum":	{
				"start":	5.0000729560852051,
				"end":	6.0000541210174561,
				"seconds":	0.999981164932251,
				"bytes":	11796480,
				"bits_per_second":	94373617.533479959,
				"retransmits":	0,
				"omitted":	false
			}
		}, {
			"streams":	[{
					"socket":	6,
					"start":	6.0000541210174561,
					"end":	7.0001358985900879,
					"seconds":	1.0000817775726318,
					"bytes":	10485760,
					"bits_per_second":	83879220.560948282,
					"retransmits":	0,
					"snd_cwnd":	4333864,
					"rtt":	351988,
					"rttvar":	193,
					"pmtu":	1500,
					"omitted":	false
				}],
			"sum":	{
				"start":	6.0000541210174561,
				"end":	7.0001358985900879,
				"seconds":	1.0000817775726318,
				"bytes":	10485760,
				"bits_per_second":	83879220.560948282,
				"retransmits":	0,
				"omitted":	false
			}
		}, {
			"streams":	[{
					"socket":	6,
					"start":	7.0001358985900879,
					"end":	7.9028470516204834,
					"seconds":	0.90271115303039551,
					"bytes":	11796480,
					"bits_per_second":	104542676.4510379,
					"retransmits":	0,
					"snd_cwnd":	4863832,
					"rtt":	395091,
					"rttvar":	402,
					"pmtu":	1500,
					"omitted":	false
				}],
			"sum":	{
				"start":	7.0001358985900879,
				"end":	7.9028470516204834,
				"seconds":	0.90271115303039551,
				"bytes":	11796480,
				"bits_per_second":	104542676.4510379,
				"retransmits":	0,
				"omitted":	false
			}
		}],
	"end":	{
		"streams":	[{
				"sender":	{
					"socket":	6,
					"start":	0,
					"end":	7.9028470516204834,
					"seconds":	7.9028470516204834,
					"bytes":	105037528,
					"bits_per_second":	106328797.52211526,
					"retransmits":	0,
					"max_snd_cwnd":	4863832,
					"max_rtt":	395091,
					"min_rtt":	61257,
					"mean_rtt":	229904
				},
				"receiver":	{
					"socket":	6,
					"start":	0,
					"end":	8.3625261783599854,
					"seconds":	7.9028470516204834,
					"bytes":	98000640,
					"bits_per_second":	93752187.231269747
				}
			}],
		"sum_sent":	{
			"start":	0,
			"end":	7.9028470516204834,
			"seconds":	7.9028470516204834,
			"bytes":	105037528,
			"bits_per_second":	106328797.52211526,
			"retransmits":	0
		},
		"sum_received":	{
			"start":	0,
			"end":	8.3625261783599854,
			"seconds":	8.3625261783599854,
			"bytes":	98000640,
			"bits_per_second":	93752187.231269747
		},
		"cpu_utilization_percent":	{
			"host_total":	0.71216092210373916,
			"host_user":	0.0684276528953731,
			"host_system":	0.643708350179635,
			"remote_total":	1.2130718849278095,
			"remote_user":	0.20645946637260293,
			"remote_system":	1.0066124185552063
		},
		"sender_tcp_congestion":	"cubic",
		"receiver_tcp_congestion":	"cubic"
	}
}
