{
	"start":	{
		"connected":	[{
				"socket":	6,
				"local_host":	"192.168.7.2",
				"local_port":	55366,
				"remote_host":	"192.168.7.1",
				"remote_port":	5001
			}],
		"version":	"iperf 3.6",
		"system_info":	"Linux ba-thesis 4.19.0-23-amd64 #1 SMP Debian 4.19.269-1 (2022-12-20) x86_64",
		"timestamp":	{
			"time":	"Tue, 13 Jun 2023 09:54:45 GMT",
			"timesecs":	1686650085
		},
		"connecting_to":	{
			"host":	"h3",
			"port":	5001
		},
		"cookie":	"bshccyzq3kh3i6jzy3bv77n2mbnwb3kpymt5",
		"tcp_mss_default":	1448,
		"sock_bufsize":	0,
		"sndbuf_actual":	87380,
		"rcvbuf_actual":	87380,
		"test_start":	{
			"protocol":	"TCP",
			"num_streams":	1,
			"blksize":	131072,
			"omit":	0,
			"duration":	0,
			"bytes":	182344856,
			"blocks":	0,
			"reverse":	0,
			"tos":	0
		}
	},
	"intervals":	[{
			"streams":	[{
					"socket":	6,
					"start":	0,
					"end":	1.0000369548797607,
					"seconds":	1.0000369548797607,
					"bytes":	8037848,
					"bits_per_second":	64300407.7861617,
					"retransmits":	0,
					"snd_cwnd":	522728,
					"rtt":	70740,
					"rttvar":	11,
					"pmtu":	1500,
					"omitted":	false
				}],
			"sum":	{
				"start":	0,
				"end":	1.0000369548797607,
				"seconds":	1.0000369548797607,
				"bytes":	8037848,
				"bits_per_second":	64300407.7861617,
				"retransmits":	0,
				"omitted":	false
			}
		}, {
			"streams":	[{
					"socket":	6,
					"start":	1.0000369548797607,
					"end":	2.0000789165496826,
					"seconds":	1.0000419616699219,
					"bytes":	9175040,
					"bits_per_second":	73397240.129236519,
					"retransmits":	0,
					"snd_cwnd":	893416,
					"rtt":	121318,
					"rttvar":	27,
					"pmtu":	1500,
					"omitted":	false
				}],
			"sum":	{
				"start":	1.0000369548797607,
				"end":	2.0000789165496826,
				"seconds":	1.0000419616699219,
				"bytes":	9175040,
				"bits_per_second":	73397240.129236519,
				"retransmits":	0,
				"omitted":	false
			}
		}, {
			"streams":	[{
					"socket":	6,
					"start":	2.0000789165496826,
					"end":	3.0000970363616943,
					"seconds":	1.0000181198120117,
					"bytes":	6553600,
					"bits_per_second":	52427850.017213508,
					"retransmits":	0,
					"snd_cwnd":	1197496,
					"rtt":	176069,
					"rttvar":	411,
					"pmtu":	1500,
					"omitted":	false
				}],
			"sum":	{
				"start":	2.0000789165496826,
				"end":	3.0000970363616943,
				"seconds":	1.0000181198120117,
				"bytes":	6553600,
				"bits_per_second":	52427850.017213508,
				"retransmits":	0,
				"omitted":	false
			}
		}, {
			"streams":	[{
					"socket":	6,
					"start":	3.0000970363616943,
					"end":	4.0000550746917725,
					"seconds":	0.99995803833007812,
					"bytes":	7864320,
					"bits_per_second":	62917200.110783458,
					"retransmits":	0,
					"snd_cwnd":	1527640,
					"rtt":	206368,
					"rttvar":	23,
					"pmtu":	1500,
					"omitted":	false
				}],
			"sum":	{
				"start":	3.0000970363616943,
				"end":	4.0000550746917725,
				"seconds":	0.99995803833007812,
				"bytes":	7864320,
				"bits_per_second":	62917200.110783458,
				"retransmits":	0,
				"omitted":	false
			}
		}, {
			"streams":	[{
					"socket":	6,
					"start":	4.0000550746917725,
					"end":	5.0001330375671387,
					"seconds":	1.0000779628753662,
					"bytes":	7864320,
					"bits_per_second":	62909655.382378094,
					"retransmits":	0,
					"snd_cwnd":	1857784,
					"rtt":	251715,
					"rttvar":	3126,
					"pmtu":	1500,
					"omitted":	false
				}],
			"sum":	{
				"start":	4.0000550746917725,
				"end":	5.0001330375671387,
				"seconds":	1.0000779628753662,
				"bytes":	7864320,
				"bits_per_second":	62909655.382378094,
				"retransmits":	0,
				"omitted":	false
			}
		}, {
			"streams":	[{
					"socket":	6,
					"start":	5.0001330375671387,
					"end":	6.0001928806304932,
					"seconds":	1.0000598430633545,
					"bytes":	6553600,
					"bits_per_second":	52425662.687746376,
					"retransmits":	0,
					"snd_cwnd":	2150280,
					"rtt":	294511,
					"rttvar":	5101,
					"pmtu":	1500,
					"omitted":	false
				}],
			"sum":	{
				"start":	5.0001330375671387,
				"end":	6.0001928806304932,
				"seconds":	1.0000598430633545,
				"bytes":	6553600,
				"bits_per_second":	52425662.687746376,
				"retransmits":	0,
				"omitted":	false
			}
		}, {
			"streams":	[{
					"socket":	6,
					"start":	6.0001928806304932,
					"end":	7.0001449584960938,
					"seconds":	0.99995207786560059,
					"bytes":	9175040,
					"bits_per_second":	73403837.668574184,
					"retransmits":	0,
					"snd_cwnd":	2489112,
					"rtt":	340733,
					"rttvar":	5669,
					"pmtu":	1500,
					"omitted":	false
				}],
			"sum":	{
				"start":	6.0001928806304932,
				"end":	7.0001449584960938,
				"seconds":	0.99995207786560059,
				"bytes":	9175040,
				"bits_per_second":	73403837.668574184,
				"retransmits":	0,
				"omitted":	false
			}
		}, {
			"streams":	[{
					"socket":	6,
					"start":	7.0001449584960938,
					"end":	8.0002219676971436,
					"seconds":	1.0000770092010498,
					"bytes":	7864320,
					"bits_per_second":	62909715.37308085,
					"retransmits":	0,
					"snd_cwnd":	2881520,
					"rtt":	393156,
					"rttvar":	4394,
					"pmtu":	1500,
					"omitted":	false
				}],
			"sum":	{
				"start":	7.0001449584960938,
				"end":	8.0002219676971436,
				"seconds":	1.0000770092010498,
				"bytes":	7864320,
				"bits_per_second":	62909715.37308085,
				"retransmits":	0,
				"omitted":	false
			}
		}, {
			"streams":	[{
					"socket":	6,
					"start":	8.0002219676971436,
					"end":	9.0003628730773926,
					"seconds":	1.000140905380249,
					"bytes":	6553600,
					"bits_per_second":	52421413.540791847,
					"retransmits":	0,
					"snd_cwnd":	3176912,
					"rtt":	438886,
					"rttvar":	7307,
					"pmtu":	1500,
					"omitted":	false
				}],
			"sum":	{
				"start":	8.0002219676971436,
				"end":	9.0003628730773926,
				"seconds":	1.000140905380249,
				"bytes":	6553600,
				"bits_per_second":	52421413.540791847,
				"retransmits":	0,
				"omitted":	false
			}
		}, {
			"streams":	[{
					"socket":	6,
					"start":	9.0003628730773926,
					"end":	10.000393867492676,
					"seconds":	1.0000309944152832,
					"bytes":	6553600,
					"bits_per_second":	52427175.05036436,
					"retransmits":	0,
					"snd_cwnd":	3502712,
					"rtt":	482787,
					"rttvar":	7534,
					"pmtu":	1500,
					"omitted":	false
				}],
			"sum":	{
				"start":	9.0003628730773926,
				"end":	10.000393867492676,
				"seconds":	1.0000309944152832,
				"bytes":	6553600,
				"bits_per_second":	52427175.05036436,
				"retransmits":	0,
				"omitted":	false
			}
		}, {
			"streams":	[{
					"socket":	6,
					"start":	10.000393867492676,
					"end":	11.181169986724854,
					"seconds":	1.1807761192321777,
					"bytes":	6553600,
					"bits_per_second":	44401982.006625295,
					"retransmits":	0,
					"snd_cwnd":	3858920,
					"rtt":	527614,
					"rttvar":	6061,
					"pmtu":	1500,
					"omitted":	false
				}],
			"sum":	{
				"start":	10.000393867492676,
				"end":	11.181169986724854,
				"seconds":	1.1807761192321777,
				"bytes":	6553600,
				"bits_per_second":	44401982.006625295,
				"retransmits":	0,
				"omitted":	false
			}
		}, {
			"streams":	[{
					"socket":	6,
					"start":	11.181169986724854,
					"end":	12.000072956085205,
					"seconds":	0.81890296936035156,
					"bytes":	13107200,
					"bits_per_second":	128046427.87155199,
					"retransmits":	0,
					"snd_cwnd":	4462736,
					"rtt":	341467,
					"rttvar":	8432,
					"pmtu":	1500,
					"omitted":	false
				}],
			"sum":	{
				"start":	11.181169986724854,
				"end":	12.000072956085205,
				"seconds":	0.81890296936035156,
				"bytes":	13107200,
				"bits_per_second":	128046427.87155199,
				"retransmits":	0,
				"omitted":	false
			}
		}, {
			"streams":	[{
					"socket":	6,
					"start":	12.000072956085205,
					"end":	13.000073909759521,
					"seconds":	1.0000009536743164,
					"bytes":	11796480,
					"bits_per_second":	94371750.000085831,
					"retransmits":	0,
					"snd_cwnd":	5054968,
					"rtt":	404069,
					"rttvar":	655,
					"pmtu":	1500,
					"omitted":	false
				}],