{
	"start":	{
		"connected":	[{
				"socket":	6,
				"local_host":	"192.168.15.1",
				"local_port":	40386,
				"remote_host":	"192.168.40.1",
				"remote_port":	5004
			}],
		"version":	"iperf 3.6",
		"system_info":	"Linux ba-thesis 4.19.0-23-amd64 #1 SMP Debian 4.19.269-1 (2022-12-20) x86_64",
		"timestamp":	{
			"time":	"Sun, 04 Jun 2023 16:32:30 GMT",
			"timesecs":	1685896350
		},
		"connecting_to":	{
			"host":	"h0",
			"port":	5004
		},
		"cookie":	"jgm2gwqtfghv2wstfw6pixqi6viw6e6isofz",
		"tcp_mss_default":	1448,
		"sock_bufsize":	0,
		"sndbuf_actual":	87380,
		"rcvbuf_actual":	87380,
		"test_start":	{
			"protocol":	"TCP",
			"num_streams":	1,
			"blksize":	131072,
			"omit":	0,
			"duration":	0,
			"bytes":	33952317,
			"blocks":	0,
			"reverse":	0,
			"tos":	0
		}
	},
	"intervals":	[{
			"streams":	[{
					"socket":	6,
					"start":	0,
					"end":	1.0000801086425781,
					"seconds":	1.0000801086425781,
					"bytes":	17080512,
					"bits_per_second":	136633150.50378197,
					"retransmits":	0,
					"snd_cwnd":	1385736,
					"rtt":	111166,
					"rttvar":	948,
					"pmtu":	1500,
					"omitted":	false
				}],
			"sum":	{
				"start":	0,
				"end":	1.0000801086425781,
				"seconds":	1.0000801086425781,
				"bytes":	17080512,
				"bits_per_second":	136633150.50378197,
				"retransmits":	0,
				"omitted":	false
			}
		}, {
			"streams":	[{
					"socket":	6,
					"start":	1.0000801086425781,
					"end":	2.0000350475311279,
					"seconds":	0.9999549388885498,
					"bytes":	14417920,
					"bits_per_second":	115348557.73421568,
					"retransmits":	0,
					"snd_cwnd":	1980864,
					"rtt":	157510,
					"rttvar":	207,
					"pmtu":	1500,
					"omitted":	false
				}],
			"sum":	{
				"start":	1.0000801086425781,
				"end":	2.0000350475311279,
				"seconds":	0.9999549388885498,
				"bytes":	14417920,
				"bits_per_second":	115348557.73421568,
				"retransmits":	0,
				"omitted":	false
			}
		}, {
			"streams":	[{
					"socket":	6,
					"start":	2.0000350475311279,
					"end":	2.1733760833740234,
					"seconds":	0.17334103584289551,
					"bytes":	2621440,
					"bits_per_second":	120984162.22115549,
					"retransmits":	0,
					"snd_cwnd":	2083672,
					"rtt":	166099,
					"rttvar":	493,
					"pmtu":	1500,
					"omitted":	false
				}],
			"sum":	{
				"start":	2.0000350475311279,
				"end":	2.1733760833740234,
				"seconds":	0.17334103584289551,
				"bytes":	2621440,
				"bits_per_second":	120984162.22115549,
				"retransmits":	0,
				"omitted":	false
			}
		}],
	"end":	{
		"streams":	[{
				"sender":	{
					"socket":	6,
					"start":	0,
					"end":	2.1733760833740234,
					"seconds":	2.1733760833740234,
					"bytes":	34119872,
					"bits_per_second":	125592150.42812523,
					"retransmits":	0,
					"max_snd_cwnd":	2083672,
					"max_rtt":	166099,
					"min_rtt":	111166,
					"mean_rtt":	144925
				},
				"receiver":	{
					"socket":	6,
					"start":	0,
					"end":	2.3797481060028076,
					"seconds":	2.1733760833740234,
					"bytes":	26858952,
					"bits_per_second":	90291747.877851442
				}
			}],
		"sum_sent":	{
			"start":	0,
			"end":	2.1733760833740234,
			"seconds":	2.1733760833740234,
			"bytes":	34119872,
			"bits_per_second":	125592150.42812523,
			"retransmits":	0
		},
		"sum_received":	{
			"start":	0,
			"end":	2.3797481060028076,
			"seconds":	2.3797481060028076,
			"bytes":	26858952,
			"bits_per_second":	90291747.877851442
		},
		"cpu_utilization_percent":	{
			"host_total":	1.9178230844977346,
			"host_user":	0.18401233361635314,
			"host_system":	1.7337683614933104,
			"remote_total":	1.2717566272296053,
			"remote_user":	0,
			"remote_system":	1.2717566272296053
		},
		"sender_tcp_congestion":	"cubic",
		"receiver_tcp_congestion":	"cubic"
	}
}
