{
	"start":	{
		"connected":	[{
				"socket":	6,
				"local_host":	"192.168.6.2",
				"local_port":	58912,
				"remote_host":	"192.168.6.1",
				"remote_port":	5001
			}],
		"version":	"iperf 3.6",
		"system_info":	"Linux ba-thesis 4.19.0-23-amd64 #1 SMP Debian 4.19.269-1 (2022-12-20) x86_64",
		"timestamp":	{
			"time":	"Sun, 11 Jun 2023 20:38:56 GMT",
			"timesecs":	1686515936
		},
		"connecting_to":	{
			"host":	"h8",
			"port":	5001
		},
		"cookie":	"ydth2lejbhz2aenkv6kf3pjnsyzwbirpmxri",
		"tcp_mss_default":	1448,
		"sock_bufsize":	0,
		"sndbuf_actual":	87380,
		"rcvbuf_actual":	87380,
		"test_start":	{
			"protocol":	"TCP",
			"num_streams":	1,
			"blksize":	131072,
			"omit":	0,
			"duration":	0,
			"bytes":	33200418,
			"blocks":	0,
			"reverse":	0,
			"tos":	0
		}
	},
	"intervals":	[{
			"streams":	[{
					"socket":	6,
					"start":	0,
					"end":	1.0000729560852051,
					"seconds":	1.0000729560852051,
					"bytes":	15284480,
					"bits_per_second":	122266919.88417517,
					"retransmits":	0,
					"snd_cwnd":	796400,
					"rtt":	62891,
					"rttvar":	524,
					"pmtu":	1500,
					"omitted":	false
				}],
			"sum":	{
				"start":	0,
				"end":	1.0000729560852051,
				"seconds":	1.0000729560852051,
				"bytes":	15284480,
				"bits_per_second":	122266919.88417517,
				"retransmits":	0,
				"omitted":	false
			}
		}, {
			"streams":	[{
					"socket":	6,
					"start":	1.0000729560852051,
					"end":	2.0001311302185059,
					"seconds":	1.0000581741333008,
					"bytes":	14417920,
					"bits_per_second":	115336650.39032573,
					"retransmits":	0,
					"snd_cwnd":	1392976,
					"rtt":	110646,
					"rttvar":	504,
					"pmtu":	1500,
					"omitted":	false
				}],
			"sum":	{
				"start":	1.0000729560852051,
				"end":	2.0001311302185059,
				"seconds":	1.0000581741333008,
				"bytes":	14417920,
				"bits_per_second":	115336650.39032573,
				"retransmits":	0,
				"omitted":	false
			}
		}, {
			"streams":	[{
					"socket":	6,
					"start":	2.0001311302185059,
					"end":	2.253209114074707,
					"seconds":	0.25307798385620117,
					"bytes":	3932160,
					"bits_per_second":	124298761.67290007,
					"retransmits":	0,
					"snd_cwnd":	1543568,
					"rtt":	122605,
					"rttvar":	482,
					"pmtu":	1500,
					"omitted":	false
				}],
			"sum":	{
				"start":	2.0001311302185059,
				"end":	2.253209114074707,
				"seconds":	0.25307798385620117,
				"bytes":	3932160,
				"bits_per_second":	124298761.67290007,
				"retransmits":	0,
				"omitted":	false
			}
		}],
	"end":	{
		"streams":	[{
				"sender":	{
					"socket":	6,
					"start":	0,
					"end":	2.253209114074707,
					"seconds":	2.253209114074707,
					"bytes":	33634560,
					"bits_per_second":	119419222.26357484,
					"retransmits":	0,
					"max_snd_cwnd":	1543568,
					"max_rtt":	122605,
					"min_rtt":	62891,
					"mean_rtt":	98714
				},
				"receiver":	{
					"socket":	6,
					"start":	0,
					"end":	2.4105701446533203,
					"seconds":	2.253209114074707,
					"bytes":	27917440,
					"bits_per_second":	92650081.349165589
				}
			}],
		"sum_sent":	{
			"start":	0,
			"end":	2.253209114074707,
			"seconds":	2.253209114074707,
			"bytes":	33634560,
			"bits_per_second":	119419222.26357484,
			"retransmits":	0
		},
		"sum_received":	{
			"start":	0,
			"end":	2.4105701446533203,
			"seconds":	2.4105701446533203,
			"bytes":	27917440,
			"bits_per_second":	92650081.349165589
		},
		"cpu_utilization_percent":	{
			"host_total":	1.8812511491953214,
			"host_user":	0.63972048203720933,
			"host_system":	1.2415306671581119,
			"remote_total":	1.0101739285643456,
			"remote_user":	0,
			"remote_system":	1.0101342641254982
		},
		"sender_tcp_congestion":	"cubic",
		"receiver_tcp_congestion":	"cubic"
	}
}
