{
	"start":	{
		"connected":	[{
				"socket":	6,
				"local_host":	"192.168.1.1",
				"local_port":	54622,
				"remote_host":	"192.168.44.1",
				"remote_port":	5000
			}],
		"version":	"iperf 3.6",
		"system_info":	"Linux ba-thesis 4.19.0-23-amd64 #1 SMP Debian 4.19.269-1 (2022-12-20) x86_64",
		"timestamp":	{
			"time":	"Sun, 04 Jun 2023 17:05:08 GMT",
			"timesecs":	1685898308
		},
		"connecting_to":	{
			"host":	"h4",
			"port":	5000
		},
		"cookie":	"qe3xuobipvlabzmormngls3draspmuqwjhjv",
		"tcp_mss_default":	1448,
		"sock_bufsize":	0,
		"sndbuf_actual":	87380,
		"rcvbuf_actual":	87380,
		"test_start":	{
			"protocol":	"TCP",
			"num_streams":	1,
			"blksize":	131072,
			"omit":	0,
			"duration":	0,
			"bytes":	58823542,
			"blocks":	0,
			"reverse":	0,
			"tos":	0
		}
	},
	"intervals":	[{
			"streams":	[{
					"socket":	6,
					"start":	0,
					"end":	1.0003910064697266,
					"seconds":	1.0003910064697266,
					"bytes":	362000,
					"bits_per_second":	2894868.0878486461,
					"retransmits":	0,
					"snd_cwnd":	68056,
					"rtt":	235676,
					"rttvar":	4998,
					"pmtu":	1500,
					"omitted":	false
				}],
			"sum":	{
				"start":	0,
				"end":	1.0003910064697266,
				"seconds":	1.0003910064697266,
				"bytes":	362000,
				"bits_per_second":	2894868.0878486461,
				"retransmits":	0,
				"omitted":	false
			}
		}, {
			"streams":	[{
					"socket":	6,
					"start":	1.0003910064697266,
					"end":	2.0002858638763428,
					"seconds":	0.99989485740661621,
					"bytes":	369240,
					"bits_per_second":	2954230.6154683642,
					"retransmits":	0,
					"snd_cwnd":	79640,
					"rtt":	308812,
					"rttvar":	5317,
					"pmtu":	1500,
					"omitted":	false
				}],
			"sum":	{
				"start":	1.0003910064697266,
				"end":	2.0002858638763428,
				"seconds":	0.99989485740661621,
				"bytes":	369240,
				"bits_per_second":	2954230.6154683642,
				"retransmits":	0,
				"omitted":	false
			}
		}, {
			"streams":	[{
					"socket":	6,
					"start":	2.0002858638763428,
					"end":	3.0004410743713379,
					"seconds":	1.0001552104949951,
					"bytes":	195480,
					"bits_per_second":	1563597.3132870316,
					"retransmits":	0,
					"snd_cwnd":	91224,
					"rtt":	367506,
					"rttvar":	15258,
					"pmtu":	1500,
					"omitted":	false
				}],
			"sum":	{
				"start":	2.0002858638763428,
				"end":	3.0004410743713379,
				"seconds":	1.0001552104949951,
				"bytes":	195480,
				"bits_per_second":	1563597.3132870316,
				"retransmits":	0,
				"omitted":	false
			}
		}, {
			"streams":	[{
					"socket":	6,
					"start":	3.0004410743713379,
					"end":	4.0000829696655273,
					"seconds":	0.99964189529418945,
					"bytes":	456120,
					"bits_per_second":	3650267.1778538553,
					"retransmits":	0,
					"snd_cwnd":	104256,
					"rtt":	441379,
					"rttvar":	3316,
					"pmtu":	1500,
					"omitted":	false
				}],
			"sum":	{
				"start":	3.0004410743713379,
				"end":	4.0000829696655273,
				"seconds":	0.99964189529418945,
				"bytes":	456120,
				"bits_per_second":	3650267.1778538553,
				"retransmits":	0,
				"omitted":	false
			}
		}, {
			"streams":	[{
					"socket":	6,
					"start":	4.0000829696655273,
					"end":	5.0001180171966553,
					"seconds":	1.0000350475311279,
					"bytes":	260640,
					"bits_per_second":	2085046.924253019,
					"retransmits":	0,
					"snd_cwnd":	114392,
					"rtt":	504797,
					"rttvar":	3092,
					"pmtu":	1500,
					"omitted":	false
				}],
			"sum":	{
				"start":	4.0000829696655273,
				"end":	5.0001180171966553,
				"seconds":	1.0000350475311279,
				"bytes":	260640,
				"bits_per_second":	2085046.924253019,
				"retransmits":	0,
				"omitted":	false
			}
		}, {
			"streams":	[{
					"socket":	6,
					"start":	5.0001180171966553,
					"end":	6.000079870223999,
					"seconds":	0.99996185302734375,
					"bytes":	260640,
					"bits_per_second":	2085199.5440499897,
					"retransmits":	0,
					"snd_cwnd":	133216,
					"rtt":	566417,
					"rttvar":	7414,
					"pmtu":	1500,
					"omitted":	false
				}],
			"sum":	{
				"start":	5.0001180171966553,
				"end":	6.000079870223999,
				"seconds":	0.99996185302734375,
				"bytes":	260640,
				"bits_per_second":	2085199.5440499897,
				"retransmits":	0,
				"omitted":	false
			}
		}, {
			"streams":	[{
					"socket":	6,
					"start":	6.000079870223999,
					"end":	7.0004839897155762,
					"seconds":	1.0004041194915771,
					"bytes":	325800,
					"bits_per_second":	2605347.1284430716,
					"retransmits":	0,
					"snd_cwnd":	173760,
					"rtt":	618972,
					"rttvar":	12805,
					"pmtu":	1500,
					"omitted":	false
				}],
			"sum":	{
				"start":	6.000079870223999,
				"end":	7.0004839897155762,
				"seconds":	1.0004041194915771,
				"bytes":	325800,
				"bits_per_second":	2605347.1284430716,
				"retransmits":	0,
				"omitted":	false
			}
		}, {
			"streams":	[{
					"socket":	6,
					"start":	7.0004839897155762,
					"end":	8.0006890296936035,
					"seconds":	1.0002050399780273,
					"bytes":	456120,
					"bits_per_second":	3648211.9706976889,
					"retransmits":	0,
					"snd_cwnd":	254848,
					"rtt":	672430,
					"rttvar":	2123,
					"pmtu":	1500,
					"omitted":	false
				}],
			"sum":	{
				"start":	7.0004839897155762,
				"end":	8.0006890296936035,
				"seconds":	1.0002050399780273,
				"bytes":	456120,
				"bits_per_second":	3648211.9706976889,
				"retransmits":	0,
				"omitted":	false
			}
		}, {
			"streams":	[{
					"socket":	6,
					"start":	8.0006890296936035,
					"end":	9.0001258850097656,
					"seconds":	0.99943685531616211,
					"bytes":	1172880,
					"bits_per_second":	9388326.9864325412,
					"retransmits":	0,
					"snd_cwnd":	324352,
					"rtt":	713859,
					"rttvar":	4161,
					"pmtu":	1500,
					"omitted":	false
				}],
			"sum":	{
				"start":	8.0006890296936035,
				"end":	9.0001258850097656,
				"seconds":	0.99943685531616211,
				"bytes":	1172880,
				"bits_per_second":	9388326.9864325412,
				"retransmits":	0,
				"omitted":	false
			}
		}, {
			"streams":	[{
					"socket":	6,
					"start":	9.0001258850097656,
					"end":	10.001014947891235,
					"seconds":	1.0008890628814697,
					"bytes":	0,
					"bits_per_second":	0,
					"retransmits":	0,
					"snd_cwnd":	405440,
					"rtt":	728537,
					"rttvar":	242,
					"pmtu":	1500,
					"omitted":	false
				}],
			"sum":	{
				"start":	9.0001258850097656,
				"end":	10.001014947891235,
				"seconds":	1.0008890628814697,
				"bytes":	0,
				"bits_per_second":	0,
				"retransmits":	0,
				"omitted":	false
			}
		}, {
			"streams":	[{
					"socket":	6,
					"start":	10.001014947891235,
					"end":	11.000202894210815,
					"seconds":	0.99918794631958008,
					"bytes":	1889640,
					"bits_per_second":	15129405.889735326,
					"retransmits":	0,
					"snd_cwnd":	600920,
					"rtt":	741647,
					"rttvar":	191,
					"pmtu":	1500,
					"omitted":	false
				}],
			"sum":	{
				"start":	10.001014947891235,
				"end":	11.000202894210815,
				"seconds":	0.99918794631958008,
				"bytes":	1889640,
				"bits_per_second":	15129405.889735326,
				"retransmits":	0,
				"omitted":	false
			}
		}, {
			"streams":	[{
					"socket":	6,
					"start":	11.000202894210815,
					"end":	12.000463962554932,
					"seconds":	1.0002610683441162,
					"bytes":	1310720,
					"bits_per_second":	10483023.214488061,
					"retransmits":	0,
					"snd_cwnd":	752960,
					"rtt":	752721,
					"rttvar":	623,
					"pmtu":	1500,
					"omitted":	false
				}],
			"sum":	{
				"start":	11.000202894210815,
				"end":	12.000463962554932,
				"seconds":	1.0002610683441162,
				"bytes":	1310720,
				"bits_per_second":	10483023.214488061,
				"retransmits":	0,
				"omitted":	false
			}
		}, {
			"streams":	[{
					"socket":	6,
					"start":	12.000463962554932,
					"end":	13.000710964202881,
					"seconds":	1.0002470016479492,
					"bytes":	1310720,
					"bits_per_second":	10483170.639576292,
					"retransmits":	0,
					"snd_cwnd":	907896,
					"rtt":	763741,
					"rttvar":	482,
					"pmtu":	1500,
					"omitted":	false
				}],
			"sum":	{
				"start":	12.000463962554932,