{
	"start":	{
		"connected":	[{
				"socket":	6,
				"local_host":	"192.168.34.2",
				"local_port":	36192,
				"remote_host":	"192.168.45.1",
				"remote_port":	5019
			}],
		"version":	"iperf 3.6",
		"system_info":	"Linux ba-thesis 4.19.0-23-amd64 #1 SMP Debian 4.19.269-1 (2022-12-20) x86_64",
		"timestamp":	{
			"time":	"Sun, 04 Jun 2023 17:04:56 GMT",
			"timesecs":	1685898296
		},
		"connecting_to":	{
			"host":	"h5",
			"port":	5019
		},
		"cookie":	"o43thtqffe37rqj7at6raoub2xqcslhcktuv",
		"tcp_mss_default":	1448,
		"sock_bufsize":	0,
		"sndbuf_actual":	87380,
		"rcvbuf_actual":	87380,
		"test_start":	{
			"protocol":	"TCP",
			"num_streams":	1,
			"blksize":	131072,
			"omit":	0,
			"duration":	0,
			"bytes":	22875823,
			"blocks":	0,
			"reverse":	0,
			"tos":	0
		}
	},
	"intervals":	[{
			"streams":	[{
					"socket":	6,
					"start":	0,
					"end":	1.0001289844512939,
					"seconds":	1.0001289844512939,
					"bytes":	905000,
					"bits_per_second":	7239066.2730088951,
					"retransmits":	0,
					"snd_cwnd":	86880,
					"rtt":	120355,
					"rttvar":	501,
					"pmtu":	1500,
					"omitted":	false
				}],
			"sum":	{
				"start":	0,
				"end":	1.0001289844512939,
				"seconds":	1.0001289844512939,
				"bytes":	905000,
				"bits_per_second":	7239066.2730088951,
				"retransmits":	0,
				"omitted":	false
			}
		}, {
			"streams":	[{
					"socket":	6,
					"start":	1.0001289844512939,
					"end":	2.0000498294830322,
					"seconds":	0.99992084503173828,
					"bytes":	716760,
					"bits_per_second":	5734533.9168501841,
					"retransmits":	0,
					"snd_cwnd":	121632,
					"rtt":	169540,
					"rttvar":	561,
					"pmtu":	1500,
					"omitted":	false
				}],
			"sum":	{
				"start":	1.0001289844512939,
				"end":	2.0000498294830322,
				"seconds":	0.99992084503173828,
				"bytes":	716760,
				"bits_per_second":	5734533.9168501841,
				"retransmits":	0,
				"omitted":	false
			}
		}, {
			"streams":	[{
					"socket":	6,
					"start":	2.0000498294830322,
					"end":	3.0000998973846436,
					"seconds":	1.0000500679016113,
					"bytes":	1238040,
					"bits_per_second":	9903824.1363075674,
					"retransmits":	0,
					"snd_cwnd":	162176,
					"rtt":	125905,
					"rttvar":	2077,
					"pmtu":	1500,
					"omitted":	false
				}],
			"sum":	{
				"start":	2.0000498294830322,
				"end":	3.0000998973846436,
				"seconds":	1.0000500679016113,
				"bytes":	1238040,
				"bits_per_second":	9903824.1363075674,
				"retransmits":	0,
				"omitted":	false
			}
		}, {
			"streams":	[{
					"socket":	6,
					"start":	3.0000998973846436,
					"end":	4.0000870227813721,
					"seconds":	0.99998712539672852,
					"bytes":	1238040,
					"bits_per_second":	9904447.5158323888,
					"retransmits":	0,
					"snd_cwnd":	227336,
					"rtt":	177604,
					"rttvar":	2319,
					"pmtu":	1500,
					"omitted":	false
				}],
			"sum":	{
				"start":	3.0000998973846436,
				"end":	4.0000870227813721,
				"seconds":	0.99998712539672852,
				"bytes":	1238040,
				"bits_per_second":	9904447.5158323888,
				"retransmits":	0,
				"omitted":	false
			}
		}, {
			"streams":	[{
					"socket":	6,
					"start":	4.0000870227813721,
					"end":	5.0002429485321045,
					"seconds":	1.0001559257507324,
					"bytes":	1563840,
					"bits_per_second":	12508769.560715506,
					"retransmits":	0,
					"snd_cwnd":	289600,
					"rtt":	222056,
					"rttvar":	730,
					"pmtu":	1500,
					"omitted":	false
				}],
			"sum":	{
				"start":	4.0000870227813721,
				"end":	5.0002429485321045,
				"seconds":	1.0001559257507324,
				"bytes":	1563840,
				"bits_per_second":	12508769.560715506,
				"retransmits":	0,
				"omitted":	false
			}
		}, {
			"streams":	[{
					"socket":	6,
					"start":	5.0002429485321045,
					"end":	6.0000629425048828,
					"seconds":	0.99981999397277832,
					"bytes":	1954800,
					"bits_per_second":	15641215.513065426,
					"retransmits":	0,
					"snd_cwnd":	350416,
					"rtt":	272164,
					"rttvar":	953,
					"pmtu":	1500,
					"omitted":	false
				}],
			"sum":	{
				"start":	5.0002429485321045,
				"end":	6.0000629425048828,
				"seconds":	0.99981999397277832,
				"bytes":	1954800,
				"bits_per_second":	15641215.513065426,
				"retransmits":	0,
				"omitted":	false
			}
		}, {
			"streams":	[{
					"socket":	6,
					"start":	6.0000629425048828,
					"end":	7.0004940032958984,
					"seconds":	1.0004310607910156,
					"bytes":	781920,
					"bits_per_second":	6252664.7213992383,
					"retransmits":	0,
					"snd_cwnd":	408336,
					"rtt":	315439,
					"rttvar":	1663,
					"pmtu":	1500,
					"omitted":	false
				}],
			"sum":	{
				"start":	6.0000629425048828,
				"end":	7.0004940032958984,
				"seconds":	1.0004310607910156,
				"bytes":	781920,
				"bits_per_second":	6252664.7213992383,
				"retransmits":	0,
				"omitted":	false
			}
		}, {
			"streams":	[{
					"socket":	6,
					"start":	7.0004940032958984,
					"end":	8.0004098415374756,
					"seconds":	0.99991583824157715,
					"bytes":	1759320,
					"bits_per_second":	14075744.639419965,
					"retransmits":	0,
					"snd_cwnd":	466256,
					"rtt":	416785,
					"rttvar":	3330,
					"pmtu":	1500,
					"omitted":	false
				}],
			"sum":	{
				"start":	7.0004940032958984,
				"end":	8.0004098415374756,
				"seconds":	0.99991583824157715,
				"bytes":	1759320,
				"bits_per_second":	14075744.639419965,
				"retransmits":	0,
				"omitted":	false
			}
		}, {
			"streams":	[{
					"socket":	6,
					"start":	8.0004098415374756,
					"end":	9.0005350112915039,
					"seconds":	1.0001251697540283,
					"bytes":	977400,
					"bits_per_second":	7818221.39515103,
					"retransmits":	0,
					"snd_cwnd":	515488,
					"rtt":	492486,
					"rttvar":	2580,
					"pmtu":	1500,
					"omitted":	false
				}],
			"sum":	{
				"start":	8.0004098415374756,
				"end":	9.0005350112915039,
				"seconds":	1.0001251697540283,
				"bytes":	977400,
				"bits_per_second":	7818221.39515103,
				"retransmits":	0,
				"omitted":	false
			}
		}, {
			"streams":	[{
					"socket":	6,
					"start":	9.0005350112915039,
					"end":	10.000702857971191,
					"seconds":	1.0001678466796875,
					"bytes":	1042560,
					"bits_per_second":	8339080.3130578054,
					"retransmits":	0,
					"snd_cwnd":	566168,
					"rtt":	530867,
					"rttvar":	1585,
					"pmtu":	1500,
					"omitted":	false
				}],
			"sum":	{
				"start":	9.0005350112915039,
				"end":	10.000702857971191,
				"seconds":	1.0001678466796875,
				"bytes":	1042560,
				"bits_per_second":	8339080.3130578054,
				"retransmits":	0,
				"omitted":	false
			}
		}, {
			"streams":	[{
					"socket":	6,
					"start":	10.000702857971191,
					"end":	11.000057935714722,
					"seconds":	0.99935507774353027,
					"bytes":	2483600,
					"bits_per_second":	19881622.10058739,
					"retransmits":	0,
					"snd_cwnd":	686352,
					"rtt":	575240,
					"rttvar":	1219,
					"pmtu":	1500,
					"omitted":	false
				}],
			"sum":	{
				"start":	10.000702857971191,
				"end":	11.000057935714722,
				"seconds":	0.99935507774353027,
				"bytes":	2483600,
				"bits_per_second":	19881622.10058739,
				"retransmits":	0,
				"omitted":	false
			}
		}, {
			"streams":	[{
					"socket":	6,
					"start":	11.000057935714722,
					"end":	12.000355958938599,
					"seconds":	1.000298023223877,
					"bytes":	1310720,
					"bits_per_second":	10482635.931045102,
					"retransmits":	0,
					"snd_cwnd":	867352,
					"rtt":	636236,
					"rttvar":	908,
					"pmtu":	1500,
					"omitted":	false
				}],
			"sum":	{
				"start":	11.000057935714722,
				"end":	12.000355958938599,
				"seconds":	1.000298023223877,
				"bytes":	1310720,
				"bits_per_second":	10482635.931045102,
				"retransmits":	0,
				"omitted":	false
			}
		}, {
			"streams":	[{
					"socket":	6,
					"start":	12.000355958938599,
					"end":	13.000056028366089,
					"seconds":	0.99970006942749023,
					"bytes":	2621440,
					"bits_per_second":	20977811.887129311,
					"retransmits":	0,
					"snd_cwnd":	1086000,
					"rtt":	713686,
					"rttvar":	1332,
					"pmtu":	1500,
					"omitted":	false
				}],