{
	"start":	{
		"connected":	[{
				"socket":	6,
				"local_host":	"192.168.26.2",
				"local_port":	48576,
				"remote_host":	"192.168.58.1",
				"remote_port":	5012
			}],
		"version":	"iperf 3.6",
		"system_info":	"Linux ba-thesis 4.19.0-23-amd64 #1 SMP Debian 4.19.269-1 (2022-12-20) x86_64",
		"timestamp":	{
			"time":	"Sun, 04 Jun 2023 17:04:56 GMT",
			"timesecs":	1685898296
		},
		"connecting_to":	{
			"host":	"h18",
			"port":	5012
		},
		"cookie":	"7ukrd6ryhpdfprltg7gxvh6vz42qasl4yc46",
		"tcp_mss_default":	1448,
		"sock_bufsize":	0,
		"sndbuf_actual":	87380,
		"rcvbuf_actual":	87380,
		"test_start":	{
			"protocol":	"TCP",
			"num_streams":	1,
			"blksize":	131072,
			"omit":	0,
			"duration":	0,
			"bytes":	106592982,
			"blocks":	0,
			"reverse":	0,
			"tos":	0
		}
	},
	"intervals":	[{
			"streams":	[{
					"socket":	6,
					"start":	0,
					"end":	1.0000820159912109,
					"seconds":	1.0000820159912109,
					"bytes":	16950192,
					"bits_per_second":	135590415.41768083,
					"retransmits":	0,
					"snd_cwnd":	1388632,
					"rtt":	110209,
					"rttvar":	600,
					"pmtu":	1500,
					"omitted":	false
				}],
			"sum":	{
				"start":	0,
				"end":	1.0000820159912109,
				"seconds":	1.0000820159912109,
				"bytes":	16950192,
				"bits_per_second":	135590415.41768083,
				"retransmits":	0,
				"omitted":	false
			}
		}, {
			"streams":	[{
					"socket":	6,
					"start":	1.0000820159912109,
					"end":	2.0000851154327393,
					"seconds":	1.0000030994415283,
					"bytes":	14417920,
					"bits_per_second":	115343002.50110805,
					"retransmits":	0,
					"snd_cwnd":	1983760,
					"rtt":	157531,
					"rttvar":	522,
					"pmtu":	1500,
					"omitted":	false
				}],
			"sum":	{
				"start":	1.0000820159912109,
				"end":	2.0000851154327393,
				"seconds":	1.0000030994415283,
				"bytes":	14417920,
				"bits_per_second":	115343002.50110805,
				"retransmits":	0,
				"omitted":	false
			}
		}, {
			"streams":	[{
					"socket":	6,
					"start":	2.0000851154327393,
					"end":	3.0000290870666504,
					"seconds":	0.99994397163391113,
					"bytes":	14417920,
					"bits_per_second":	115349822.86210361,
					"retransmits":	0,
					"snd_cwnd":	2577440,
					"rtt":	206182,
					"rttvar":	474,
					"pmtu":	1500,
					"omitted":	false
				}],
			"sum":	{
				"start":	2.0000851154327393,
				"end":	3.0000290870666504,
				"seconds":	0.99994397163391113,
				"bytes":	14417920,
				"bits_per_second":	115349822.86210361,
				"retransmits":	0,
				"omitted":	false
			}
		}, {
			"streams":	[{
					"socket":	6,
					"start":	3.0000290870666504,
					"end":	4.0000829696655273,
					"seconds":	1.000053882598877,
					"bytes":	11796480,
					"bits_per_second":	94366755.273978248,
					"retransmits":	0,
					"snd_cwnd":	3155192,
					"rtt":	254550,
					"rttvar":	1947,
					"pmtu":	1500,
					"omitted":	false
				}],
			"sum":	{
				"start":	3.0000290870666504,
				"end":	4.0000829696655273,
				"seconds":	1.000053882598877,
				"bytes":	11796480,
				"bits_per_second":	94366755.273978248,
				"retransmits":	0,
				"omitted":	false
			}
		}, {
			"streams":	[{
					"socket":	6,
					"start":	4.0000829696655273,
					"end":	5.0000791549682617,
					"seconds":	0.99999618530273438,
					"bytes":	11796480,
					"bits_per_second":	94372200.001373291,
					"retransmits":	0,
					"snd_cwnd":	3745976,
					"rtt":	300708,
					"rttvar":	486,
					"pmtu":	1500,
					"omitted":	false
				}],
			"sum":	{
				"start":	4.0000829696655273,
				"end":	5.0000791549682617,
				"seconds":	0.99999618530273438,
				"bytes":	11796480,
				"bits_per_second":	94372200.001373291,
				"retransmits":	0,
				"omitted":	false
			}
		}, {
			"streams":	[{
					"socket":	6,
					"start":	5.0000791549682617,
					"end":	6.0000820159912109,
					"seconds":	1.0000028610229492,
					"bytes":	11796480,
					"bits_per_second":	94371570.000772476,
					"retransmits":	0,
					"snd_cwnd":	4338208,
					"rtt":	347983,
					"rttvar":	606,
					"pmtu":	1500,
					"omitted":	false
				}],
			"sum":	{
				"start":	5.0000791549682617,
				"end":	6.0000820159912109,
				"seconds":	1.0000028610229492,
				"bytes":	11796480,
				"bits_per_second":	94371570.000772476,
				"retransmits":	0,
				"omitted":	false
			}
		}, {
			"streams":	[{
					"socket":	6,
					"start":	6.0000820159912109,
					"end":	7.0000820159912109,
					"seconds":	1,
					"bytes":	11796480,
					"bits_per_second":	94371840,
					"retransmits":	0,
					"snd_cwnd":	4911616,
					"rtt":	394728,
					"rttvar":	574,
					"pmtu":	1500,
					"omitted":	false
				}],
			"sum":	{
				"start":	6.0000820159912109,
				"end":	7.0000820159912109,
				"seconds":	1,
				"bytes":	11796480,
				"bits_per_second":	94371840,
				"retransmits":	0,
				"omitted":	false
			}
		}, {
			"streams":	[{
					"socket":	6,
					"start":	7.0000820159912109,
					"end":	8.0000860691070557,
					"seconds":	1.0000040531158447,
					"bytes":	11796480,
					"bits_per_second":	94371457.501550317,
					"retransmits":	0,
					"snd_cwnd":	5502400,
					"rtt":	441848,
					"rttvar":	478,
					"pmtu":	1500,
					"omitted":	false
				}],
			"sum":	{
				"start":	7.0000820159912109,
				"end":	8.0000860691070557,
				"seconds":	1.0000040531158447,
				"bytes":	11796480,
				"bits_per_second":	94371457.501550317,
				"retransmits":	0,
				"omitted":	false
			}
		}, {
			"streams":	[{
					"socket":	6,
					"start":	8.0000860691070557,
					"end":	8.2040700912475586,
					"seconds":	0.20398402214050293,
					"bytes":	2621440,
					"bits_per_second":	102809620.96901368,
					"retransmits":	0,
					"snd_cwnd":	5622584,
					"rtt":	451529,
					"rttvar":	455,
					"pmtu":	1500,
					"omitted":	false
				}],
			"sum":	{
				"start":	8.0000860691070557,
				"end":	8.2040700912475586,
				"seconds":	0.20398402214050293,
				"bytes":	2621440,
				"bits_per_second":	102809620.96901368,
				"retransmits":	0,
				"omitted":	false
			}
		}],
	"end":	{
		"streams":	[{
				"sender":	{
					"socket":	6,
					"start":	0,
					"end":	8.2040700912475586,
					"seconds":	8.2040700912475586,
					"bytes":	107389872,
					"bits_per_second":	104718629.46618943,
					"retransmits":	0,
					"max_snd_cwnd":	5622584,
					"max_rtt":	451529,
					"min_rtt":	110209,
					"mean_rtt":	296140
				},
				"receiver":	{
					"socket":	6,
					"start":	0,
					"end":	8.6700921058654785,
					"seconds":	8.2040700912475586,
					"bytes":	101174656,
					"bits_per_second":	93355092.208585382
				}
			}],
		"sum_sent":	{
			"start":	0,
			"end":	8.2040700912475586,
			"seconds":	8.2040700912475586,
			"bytes":	107389872,
			"bits_per_second":	104718629.46618943,
			"retransmits":	0
		},
		"sum_received":	{
			"start":	0,
			"end":	8.6700921058654785,
			"seconds":	8.6700921058654785,
			"bytes":	101174656,
			"bits_per_second":	93355092.208585382
		},
		"cpu_utilization_percent":	{
			"host_total":	0.723235984509495,
			"host_user":	0,
			"host_system":	0.723235984509495,
			"remote_total":	1.5499531161824305,
			"remote_user":	0.20797803940049769,
			"remote_system":	1.3419750767819327
		},
		"sender_tcp_congestion":	"cubic",
		"receiver_tcp_congestion":	"cubic"
	}
}
