{
	"start":	{
		"connected":	[{
				"socket":	6,
				"local_host":	"192.168.0.1",
				"local_port":	34976,
				"remote_host":	"192.168.0.2",
				"remote_port":	5005
			}],
		"version":	"iperf 3.6",
		"system_info":	"Linux ba-thesis 4.19.0-23-amd64 #1 SMP Debian 4.19.269-1 (2022-12-20) x86_64",
		"timestamp":	{
			"time":	"Sun, 04 Jun 2023 17:05:15 GMT",
			"timesecs":	1685898315
		},
		"connecting_to":	{
			"host":	"h0",
			"port":	5005
		},
		"cookie":	"o544nuc2nsif7jlv66oxknz7kyd76is5rpsz",
		"tcp_mss_default":	1448,
		"sock_bufsize":	0,
		"sndbuf_actual":	87380,
		"rcvbuf_actual":	87380,
		"test_start":	{
			"protocol":	"TCP",
			"num_streams":	1,
			"blksize":	131072,
			"omit":	0,
			"duration":	0,
			"bytes":	276341783,
			"blocks":	0,
			"reverse":	0,
			"tos":	0
		}
	},
	"intervals":	[{
			"streams":	[{
					"socket":	6,
					"start":	0,
					"end":	1.0000629425048828,
					"seconds":	1.0000629425048828,
					"bytes":	15284480,
					"bits_per_second":	122268144.13674065,
					"retransmits":	0,
					"snd_cwnd":	797848,
					"rtt":	62887,
					"rttvar":	569,
					"pmtu":	1500,
					"omitted":	false
				}],
			"sum":	{
				"start":	0,
				"end":	1.0000629425048828,
				"seconds":	1.0000629425048828,
				"bytes":	15284480,
				"bits_per_second":	122268144.13674065,
				"retransmits":	0,
				"omitted":	false
			}
		}, {
			"streams":	[{
					"socket":	6,
					"start":	1.0000629425048828,
					"end":	2.00007700920105,
					"seconds":	1.000014066696167,
					"bytes":	14417920,
					"bits_per_second":	115341737.52282289,
					"retransmits":	0,
					"snd_cwnd":	1395872,
					"rtt":	110575,
					"rttvar":	553,
					"pmtu":	1500,
					"omitted":	false
				}],
			"sum":	{
				"start":	1.0000629425048828,
				"end":	2.00007700920105,
				"seconds":	1.000014066696167,
				"bytes":	14417920,
				"bits_per_second":	115341737.52282289,
				"retransmits":	0,
				"omitted":	false
			}
		}, {
			"streams":	[{
					"socket":	6,
					"start":	2.00007700920105,
					"end":	3.0000889301300049,
					"seconds":	1.0000119209289551,
					"bytes":	14417920,
					"bits_per_second":	115341985.01639108,
					"retransmits":	0,
					"snd_cwnd":	1993896,
					"rtt":	158083,
					"rttvar":	524,
					"pmtu":	1500,
					"omitted":	false
				}],
			"sum":	{
				"start":	2.00007700920105,
				"end":	3.0000889301300049,
				"seconds":	1.0000119209289551,
				"bytes":	14417920,
				"bits_per_second":	115341985.01639108,
				"retransmits":	0,
				"omitted":	false
			}
		}, {
			"streams":	[{
					"socket":	6,
					"start":	3.0000889301300049,
					"end":	4.0000698566436768,
					"seconds":	0.99998092651367188,
					"bytes":	14417920,
					"bits_per_second":	115345560.04196247,
					"retransmits":	0,
					"snd_cwnd":	2591920,
					"rtt":	205748,
					"rttvar":	399,
					"pmtu":	1500,
					"omitted":	false
				}],
			"sum":	{
				"start":	3.0000889301300049,
				"end":	4.0000698566436768,
				"seconds":	0.99998092651367188,
				"bytes":	14417920,
				"bits_per_second":	115345560.04196247,
				"retransmits":	0,
				"omitted":	false
			}
		}, {
			"streams":	[{
					"socket":	6,
					"start":	4.0000698566436768,
					"end":	5.0000779628753662,
					"seconds":	1.0000081062316895,
					"bytes":	11796480,
					"bits_per_second":	94371075.006201223,
					"retransmits":	0,
					"snd_cwnd":	3188496,
					"rtt":	253003,
					"rttvar":	249,
					"pmtu":	1500,
					"omitted":	false
				}],
			"sum":	{
				"start":	4.0000698566436768,
				"end":	5.0000779628753662,
				"seconds":	1.0000081062316895,
				"bytes":	11796480,
				"bits_per_second":	94371075.006201223,
				"retransmits":	0,
				"omitted":	false
			}
		}, {
			"streams":	[{
					"socket":	6,
					"start":	5.0000779628753662,
					"end":	6.00009298324585,
					"seconds":	1.0000150203704834,
					"bytes":	11796480,
					"bits_per_second":	94370422.521291062,
					"retransmits":	0,
					"snd_cwnd":	3786520,
					"rtt":	301083,
					"rttvar":	670,
					"pmtu":	1500,
					"omitted":	false
				}],
			"sum":	{
				"start":	5.0000779628753662,
				"end":	6.00009298324585,
				"seconds":	1.0000150203704834,
				"bytes":	11796480,
				"bits_per_second":	94370422.521291062,
				"retransmits":	0,
				"omitted":	false
			}
		}, {
			"streams":	[{
					"socket":	6,
					"start":	6.00009298324585,
					"end":	7.0001339912414551,
					"seconds":	1.0000410079956055,
					"bytes":	11796480,
					"bits_per_second":	94367970.158694431,
					"retransmits":	0,
					"snd_cwnd":	4384544,
					"rtt":	348580,
					"rttvar":	444,
					"pmtu":	1500,
					"omitted":	false
				}],
			"sum":	{
				"start":	6.00009298324585,
				"end":	7.0001339912414551,
				"seconds":	1.0000410079956055,
				"bytes":	11796480,
				"bits_per_second":	94367970.158694431,
				"retransmits":	0,
				"omitted":	false
			}
		}, {
			"streams":	[{
					"socket":	6,
					"start":	7.0001339912414551,
					"end":	8.00006890296936,
					"seconds":	0.99993491172790527,
					"bytes":	13107200,
					"bits_per_second":	104864425.44425638,
					"retransmits":	0,
					"snd_cwnd":	4982568,
					"rtt":	396224,
					"rttvar":	657,
					"pmtu":	1500,
					"omitted":	false
				}],
			"sum":	{
				"start":	7.0001339912414551,
				"end":	8.00006890296936,
				"seconds":	0.99993491172790527,
				"bytes":	13107200,
				"bits_per_second":	104864425.44425638,
				"retransmits":	0,
				"omitted":	false
			}
		}, {
			"streams":	[{
					"socket":	6,
					"start":	8.00006890296936,
					"end":	9.000169038772583,
					"seconds":	1.0001001358032227,
					"bytes":	11796480,
					"bits_per_second":	94362390.9461886,
					"retransmits":	0,
					"snd_cwnd":	5579144,
					"rtt":	443607,
					"rttvar":	367,
					"pmtu":	1500,
					"omitted":	false
				}],
			"sum":	{
				"start":	8.00006890296936,
				"end":	9.000169038772583,
				"seconds":	1.0001001358032227,
				"bytes":	11796480,
				"bits_per_second":	94362390.9461886,
				"retransmits":	0,
				"omitted":	false
			}
		}, {
			"streams":	[{
					"socket":	6,
					"start":	9.000169038772583,
					"end":	10.0000319480896,
					"seconds":	0.9998629093170166,
					"bytes":	11796480,
					"bits_per_second":	94384779.273853883,
					"retransmits":	0,
					"snd_cwnd":	6177168,
					"rtt":	491306,
					"rttvar":	472,
					"pmtu":	1500,
					"omitted":	false
				}],
			"sum":	{
				"start":	9.000169038772583,
				"end":	10.0000319480896,
				"seconds":	0.9998629093170166,
				"bytes":	11796480,
				"bits_per_second":	94384779.273853883,
				"retransmits":	0,
				"omitted":	false
			}
		}, {
			"streams":	[{
					"socket":	6,
					"start":	10.0000319480896,
					"end":	11.000037908554077,
					"seconds":	1.0000059604644775,
					"bytes":	11796480,
					"bits_per_second":	94371277.503352746,
					"retransmits":	0,
					"snd_cwnd":	6775192,
					"rtt":	538823,
					"rttvar":	723,
					"pmtu":	1500,
					"omitted":	false
				}],
			"sum":	{
				"start":	10.0000319480896,
				"end":	11.000037908554077,
				"seconds":	1.0000059604644775,
				"bytes":	11796480,
				"bits_per_second":	94371277.503352746,
				"retransmits":	0,
				"omitted":	false
			}
		}, {
			"streams":	[{
					"socket":	6,
					"start":	11.000037908554077,
					"end":	12.00008487701416,
					"seconds":	1.000046968460083,
					"bytes":	11796480,
					"bits_per_second":	94367407.708177924,
					"retransmits":	0,
					"snd_cwnd":	7371768,
					"rtt":	586689,
					"rttvar":	310,
					"pmtu":	1500,
					"omitted":	false
				}],
			"sum":	{
				"start":	11.000037908554077,
				"end":	12.00008487701416,
				"seconds":	1.000046968460083,
				"bytes":	11796480,
				"bits_per_second":	94367407.708177924,
				"retransmits":	0,
				"omitted":	false
			}
		}, {
			"streams":	[{
					"socket":	6,
					"start":	12.00008487701416,
					"end":	13.00007700920105,
					"seconds":	0.99999213218688965,
					"bytes":	11796480,
					"bits_per_second":	94372582.5058419,
					"retransmits":	0,
					"snd_cwnd":	7945176,
					"rtt":	673912,
					"rttvar":	266,
					"pmtu":	1500,
					"omitted":	false
				}],