{
	"start":	{
		"connected":	[{
				"socket":	6,
				"local_host":	"192.168.10.2",
				"local_port":	53114,
				"remote_host":	"192.168.10.1",
				"remote_port":	5002
			}],
		"version":	"iperf 3.6",
		"system_info":	"Linux ba-thesis 4.19.0-23-amd64 #1 SMP Debian 4.19.269-1 (2022-12-20) x86_64",
		"timestamp":	{
			"time":	"Mon, 12 Jun 2023 10:51:36 GMT",
			"timesecs":	1686567096
		},
		"connecting_to":	{
			"host":	"h4",
			"port":	5002
		},
		"cookie":	"grh2ginixr3lkaloemzr45ajq4u6gjrb6xj2",
		"tcp_mss_default":	1448,
		"sock_bufsize":	0,
		"sndbuf_actual":	87380,
		"rcvbuf_actual":	87380,
		"test_start":	{
			"protocol":	"TCP",
			"num_streams":	1,
			"blksize":	131072,
			"omit":	0,
			"duration":	0,
			"bytes":	88361960,
			"blocks":	0,
			"reverse":	0,
			"tos":	0
		}
	},
	"intervals":	[{
			"streams":	[{
					"socket":	6,
					"start":	0,
					"end":	1.0001089572906494,
					"seconds":	1.0001089572906494,
					"bytes":	14763200,
					"bits_per_second":	118092732.93577394,
					"retransmits":	0,
					"snd_cwnd":	816672,
					"rtt":	64148,
					"rttvar":	298,
					"pmtu":	1500,
					"omitted":	false
				}],
			"sum":	{
				"start":	0,
				"end":	1.0001089572906494,
				"seconds":	1.0001089572906494,
				"bytes":	14763200,
				"bits_per_second":	118092732.93577394,
				"retransmits":	0,
				"omitted":	false
			}
		}, {
			"streams":	[{
					"socket":	6,
					"start":	1.0001089572906494,
					"end":	2.0002119541168213,
					"seconds":	1.0001029968261719,
					"bytes":	14417920,
					"bits_per_second":	115331481.22347628,
					"retransmits":	0,
					"snd_cwnd":	1413248,
					"rtt":	111896,
					"rttvar":	337,
					"pmtu":	1500,
					"omitted":	false
				}],
			"sum":	{
				"start":	1.0001089572906494,
				"end":	2.0002119541168213,
				"seconds":	1.0001029968261719,
				"bytes":	14417920,
				"bits_per_second":	115331481.22347628,
				"retransmits":	0,
				"omitted":	false
			}
		}, {
			"streams":	[{
					"socket":	6,
					"start":	2.0002119541168213,
					"end":	3.0000920295715332,
					"seconds":	0.99988007545471191,
					"bytes":	14417920,
					"bits_per_second":	115357194.15905523,
					"retransmits":	0,
					"snd_cwnd":	2011272,
					"rtt":	159500,
					"rttvar":	483,
					"pmtu":	1500,
					"omitted":	false
				}],
			"sum":	{
				"start":	2.0002119541168213,
				"end":	3.0000920295715332,
				"seconds":	0.99988007545471191,
				"bytes":	14417920,
				"bits_per_second":	115357194.15905523,
				"retransmits":	0,
				"omitted":	false
			}
		}, {
			"streams":	[{
					"socket":	6,
					"start":	3.0000920295715332,
					"end":	4.00008487701416,
					"seconds":	0.999992847442627,
					"bytes":	14417920,
					"bits_per_second":	115344185.0059009,
					"retransmits":	0,
					"snd_cwnd":	2609296,
					"rtt":	207017,
					"rttvar":	271,
					"pmtu":	1500,
					"omitted":	false
				}],
			"sum":	{
				"start":	3.0000920295715332,
				"end":	4.00008487701416,
				"seconds":	0.999992847442627,
				"bytes":	14417920,
				"bits_per_second":	115344185.0059009,
				"retransmits":	0,
				"omitted":	false
			}
		}, {
			"streams":	[{
					"socket":	6,
					"start":	4.00008487701416,
					"end":	5.0000829696655273,
					"seconds":	0.99999809265136719,
					"bytes":	13107200,
					"bits_per_second":	104857800.00038147,
					"retransmits":	0,
					"snd_cwnd":	3207320,
					"rtt":	254786,
					"rttvar":	595,
					"pmtu":	1500,
					"omitted":	false
				}],
			"sum":	{
				"start":	4.00008487701416,
				"end":	5.0000829696655273,
				"seconds":	0.99999809265136719,
				"bytes":	13107200,
				"bits_per_second":	104857800.00038147,
				"retransmits":	0,
				"omitted":	false
			}
		}, {
			"streams":	[{
					"socket":	6,
					"start":	5.0000829696655273,
					"end":	6.0001058578491211,
					"seconds":	1.0000228881835938,
					"bytes":	10485760,
					"bits_per_second":	83884160.043944314,
					"retransmits":	0,
					"snd_cwnd":	3782176,
					"rtt":	300562,
					"rttvar":	254,
					"pmtu":	1500,
					"omitted":	false
				}],
			"sum":	{
				"start":	5.0000829696655273,
				"end":	6.0001058578491211,
				"seconds":	1.0000228881835938,
				"bytes":	10485760,
				"bits_per_second":	83884160.043944314,
				"retransmits":	0,
				"omitted":	false
			}
		}, {
			"streams":	[{
					"socket":	6,
					"start":	6.0001058578491211,
					"end":	6.5647099018096924,
					"seconds":	0.56460404396057129,
					"bytes":	7864320,
					"bits_per_second":	111431295.38830152,
					"retransmits":	0,
					"snd_cwnd":	4121008,
					"rtt":	327400,
					"rttvar":	542,
					"pmtu":	1500,
					"omitted":	false
				}],
			"sum":	{
				"start":	6.0001058578491211,
				"end":	6.5647099018096924,
				"seconds":	0.56460404396057129,
				"bytes":	7864320,
				"bits_per_second":	111431295.38830152,
				"retransmits":	0,
				"omitted":	false
			}
		}],
	"end":	{
		"streams":	[{
				"sender":	{
					"socket":	6,
					"start":	0,
					"end":	6.5647099018096924,
					"seconds":	6.5647099018096924,
					"bytes":	89474240,
					"bits_per_second":	109036641.48246326,
					"retransmits":	0,
					"max_snd_cwnd":	4121008,
					"max_rtt":	327400,
					"min_rtt":	64148,
					"mean_rtt":	203615
				},
				"receiver":	{
					"socket":	6,
					"start":	0,
					"end":	6.9399619102478027,
					"seconds":	6.5647099018096924,
					"bytes":	81638240,
					"bits_per_second":	94107997.773820609
				}
			}],
		"sum_sent":	{
			"start":	0,
			"end":	6.5647099018096924,
			"seconds":	6.5647099018096924,
			"bytes":	89474240,
			"bits_per_second":	109036641.48246326,
			"retransmits":	0
		},
		"sum_received":	{
			"start":	0,
			"end":	6.9399619102478027,
			"seconds":	6.9399619102478027,
			"bytes":	81638240,
			"bits_per_second":	94107997.773820609
		},
		"cpu_utilization_percent":	{
			"host_total":	0.83526706425620223,
			"host_user":	0.14610854568228981,
			"host_system":	0.68915851857391242,
			"remote_total":	0.0731195129341303,
			"remote_user":	0.0048401584769652362,
			"remote_system":	0.068279354457165056
		},
		"sender_tcp_congestion":	"cubic",
		"receiver_tcp_congestion":	"cubic"
	}
}
