{
	"start":	{
		"connected":	[{
				"socket":	6,
				"local_host":	"192.168.15.1",
				"local_port":	41686,
				"remote_host":	"192.168.15.2",
				"remote_port":	5006
			}],
		"version":	"iperf 3.6",
		"system_info":	"Linux ba-thesis 4.19.0-23-amd64 #1 SMP Debian 4.19.269-1 (2022-12-20) x86_64",
		"timestamp":	{
			"time":	"Mon, 12 Jun 2023 10:50:18 GMT",
			"timesecs":	1686567018
		},
		"connecting_to":	{
			"host":	"h4",
			"port":	5006
		},
		"cookie":	"4x7cqnmgrgan7yj6lsjkes3armv66sg5mv44",
		"tcp_mss_default":	1448,
		"sock_bufsize":	0,
		"sndbuf_actual":	87380,
		"rcvbuf_actual":	87380,
		"test_start":	{
			"protocol":	"TCP",
			"num_streams":	1,
			"blksize":	131072,
			"omit":	0,
			"duration":	0,
			"bytes":	2554225,
			"blocks":	0,
			"reverse":	0,
			"tos":	0
		}
	},
	"intervals":	[{
			"streams":	[{
					"socket":	6,
					"start":	0,
					"end":	0.14937591552734375,
					"seconds":	0.14937591552734375,
					"bytes":	3011840,
					"bits_per_second":	161302576.22146177,
					"retransmits":	0,
					"snd_cwnd":	289600,
					"rtt":	22317,
					"rttvar":	659,
					"pmtu":	1500,
					"omitted":	false
				}],
			"sum":	{
				"start":	0,
				"end":	0.14937591552734375,
				"seconds":	0.14937591552734375,
				"bytes":	3011840,
				"bits_per_second":	161302576.22146177,
				"retransmits":	0,
				"omitted":	false
			}
		}],
	"end":	{
		"streams":	[{
				"sender":	{
					"socket":	6,
					"start":	0,
					"end":	0.14937591552734375,
					"seconds":	0.14937591552734375,
					"bytes":	3011840,
					"bits_per_second":	161302576.22146177,
					"retransmits":	0,
					"max_snd_cwnd":	289600,
					"max_rtt":	22317,
					"min_rtt":	22317,
					"mean_rtt":	22317
				},
				"receiver":	{
					"socket":	6,
					"start":	0,
					"end":	0.20360302925109863,
					"seconds":	0.14937591552734375,
					"bytes":	1607280,
					"bits_per_second":	63153480.8067234
				}
			}],
		"sum_sent":	{
			"start":	0,
			"end":	0.14937591552734375,
			"seconds":	0.14937591552734375,
			"bytes":	3011840,
			"bits_per_second":	161302576.22146177,
			"retransmits":	0
		},
		"sum_received":	{
			"start":	0,
			"end":	0.20360302925109863,
			"seconds":	0.20360302925109863,
			"bytes":	1607280,
			"bits_per_second":	63153480.8067234
		},
		"cpu_utilization_percent":	{
			"host_total":	14.967772041881764,
			"host_user":	4.380304488581678,
			"host_system":	10.587102983638113,
			"remote_total":	0.00808101070026338,
			"remote_user":	0.00807820284386996,
			"remote_system":	0
		},
		"sender_tcp_congestion":	"cubic",
		"receiver_tcp_congestion":	"cubic"
	}
}
