{
	"start":	{
		"connected":	[{
				"socket":	6,
				"local_host":	"192.168.17.2",
				"local_port":	34256,
				"remote_host":	"192.168.29.1",
				"remote_port":	5007
			}],
		"version":	"iperf 3.6",
		"system_info":	"Linux ba-thesis 4.19.0-23-amd64 #1 SMP Debian 4.19.269-1 (2022-12-20) x86_64",
		"timestamp":	{
			"time":	"Mon, 12 Jun 2023 00:49:19 GMT",
			"timesecs":	1686530959
		},
		"connecting_to":	{
			"host":	"h9",
			"port":	5007
		},
		"cookie":	"gsgzszntq6yji4sv3kwhqu6a2dnaz2g75jp7",
		"tcp_mss_default":	1448,
		"sock_bufsize":	0,
		"sndbuf_actual":	87380,
		"rcvbuf_actual":	87380,
		"test_start":	{
			"protocol":	"TCP",
			"num_streams":	1,
			"blksize":	131072,
			"omit":	0,
			"duration":	0,
			"bytes":	85563878,
			"blocks":	0,
			"reverse":	0,
			"tos":	0
		}
	},
	"intervals":	[{
			"streams":	[{
					"socket":	6,
					"start":	0,
					"end":	1.0001049041748047,
					"seconds":	1.0001049041748047,
					"bytes":	15639472,
					"bits_per_second":	125102652.20950408,
					"retransmits":	0,
					"snd_cwnd":	1348088,
					"rtt":	126460,
					"rttvar":	869,
					"pmtu":	1500,
					"omitted":	false
				}],
			"sum":	{
				"start":	0,
				"end":	1.0001049041748047,
				"seconds":	1.0001049041748047,
				"bytes":	15639472,
				"bits_per_second":	125102652.20950408,
				"retransmits":	0,
				"omitted":	false
			}
		}, {
			"streams":	[{
					"socket":	6,
					"start":	1.0001049041748047,
					"end":	2.0000698566436768,
					"seconds":	0.99996495246887207,
					"bytes":	13107200,
					"bits_per_second":	104861275.12880419,
					"retransmits":	0,
					"snd_cwnd":	1880952,
					"rtt":	166596,
					"rttvar":	499,
					"pmtu":	1500,
					"omitted":	false
				}],
			"sum":	{
				"start":	1.0001049041748047,
				"end":	2.0000698566436768,
				"seconds":	0.99996495246887207,
				"bytes":	13107200,
				"bits_per_second":	104861275.12880419,
				"retransmits":	0,
				"omitted":	false
			}
		}, {
			"streams":	[{
					"socket":	6,
					"start":	2.0000698566436768,
					"end":	3.00007700920105,
					"seconds":	1.000007152557373,
					"bytes":	13107200,
					"bits_per_second":	104856850.00536437,
					"retransmits":	0,
					"snd_cwnd":	2416712,
					"rtt":	214090,
					"rttvar":	284,
					"pmtu":	1500,
					"omitted":	false
				}],
			"sum":	{
				"start":	2.0000698566436768,
				"end":	3.00007700920105,
				"seconds":	1.000007152557373,
				"bytes":	13107200,
				"bits_per_second":	104856850.00536437,
				"retransmits":	0,
				"omitted":	false
			}
		}, {
			"streams":	[{
					"socket":	6,
					"start":	3.00007700920105,
					"end":	4.0000739097595215,
					"seconds":	0.99999690055847168,
					"bytes":	11796480,
					"bits_per_second":	94372132.500906587,
					"retransmits":	0,
					"snd_cwnd":	2952472,
					"rtt":	261631,
					"rttvar":	343,
					"pmtu":	1500,
					"omitted":	false
				}],
			"sum":	{
				"start":	3.00007700920105,
				"end":	4.0000739097595215,
				"seconds":	0.99999690055847168,
				"bytes":	11796480,
				"bits_per_second":	94372132.500906587,
				"retransmits":	0,
				"omitted":	false
			}
		}, {
			"streams":	[{
					"socket":	6,
					"start":	4.0000739097595215,
					"end":	5.0000858306884766,
					"seconds":	1.0000119209289551,
					"bytes":	10485760,
					"bits_per_second":	83885080.01192078,
					"retransmits":	0,
					"snd_cwnd":	3486784,
					"rtt":	309216,
					"rttvar":	236,
					"pmtu":	1500,
					"omitted":	false
				}],
			"sum":	{
				"start":	4.0000739097595215,
				"end":	5.0000858306884766,
				"seconds":	1.0000119209289551,
				"bytes":	10485760,
				"bits_per_second":	83885080.01192078,
				"retransmits":	0,
				"omitted":	false
			}
		}, {
			"streams":	[{
					"socket":	6,
					"start":	5.0000858306884766,
					"end":	6.0001020431518555,
					"seconds":	1.0000162124633789,
					"bytes":	10485760,
					"bits_per_second":	83884720.0220486,
					"retransmits":	0,
					"snd_cwnd":	4021096,
					"rtt":	356730,
					"rttvar":	166,
					"pmtu":	1500,
					"omitted":	false
				}],
			"sum":	{
				"start":	5.0000858306884766,
				"end":	6.0001020431518555,
				"seconds":	1.0000162124633789,
				"bytes":	10485760,
				"bits_per_second":	83884720.0220486,
				"retransmits":	0,
				"omitted":	false
			}
		}, {
			"streams":	[{
					"socket":	6,
					"start":	6.0001020431518555,
					"end":	7.0002000331878662,
					"seconds":	1.0000979900360107,
					"bytes":	10485760,
					"bits_per_second":	83877860.805399179,
					"retransmits":	0,
					"snd_cwnd":	4558304,
					"rtt":	404728,
					"rttvar":	678,
					"pmtu":	1500,
					"omitted":	false
				}],
			"sum":	{
				"start":	6.0001020431518555,
				"end":	7.0002000331878662,
				"seconds":	1.0000979900360107,
				"bytes":	10485760,
				"bits_per_second":	83877860.805399179,
				"retransmits":	0,
				"omitted":	false
			}
		}, {
			"streams":	[{
					"socket":	6,
					"start":	7.0002000331878662,
					"end":	7.0210878849029541,
					"seconds":	0.020887851715087891,
					"bytes":	1310720,
					"bits_per_second":	502002797.75185484,
					"retransmits":	0,
					"snd_cwnd":	4569888,
					"rtt":	405479,
					"rttvar":	383,
					"pmtu":	1500,
					"omitted":	false
				}],
			"sum":	{
				"start":	7.0002000331878662,
				"end":	7.0210878849029541,
				"seconds":	0.020887851715087891,
				"bytes":	1310720,
				"bits_per_second":	502002797.75185484,
				"retransmits":	0,
				"omitted":	false
			}
		}],
	"end":	{
		"streams":	[{
				"sender":	{
					"socket":	6,
					"start":	0,
					"end":	7.0210878849029541,
					"seconds":	7.0210878849029541,
					"bytes":	86418352,
					"bits_per_second":	98467193.023828074,
					"retransmits":	0,
					"max_snd_cwnd":	4569888,
					"max_rtt":	405479,
					"min_rtt":	126460,
					"mean_rtt":	280616
				},
				"receiver":	{
					"socket":	6,
					"start":	0,
					"end":	7.4742698669433594,
					"seconds":	7.0210878849029541,
					"bytes":	79063696,
					"bits_per_second":	84624930.496210188
				}
			}],
		"sum_sent":	{
			"start":	0,
			"end":	7.0210878849029541,
			"seconds":	7.0210878849029541,
			"bytes":	86418352,
			"bits_per_second":	98467193.023828074,
			"retransmits":	0
		},
		"sum_received":	{
			"start":	0,
			"end":	7.4742698669433594,
			"seconds":	7.4742698669433594,
			"bytes":	79063696,
			"bits_per_second":	84624930.496210188
		},
		"cpu_utilization_percent":	{
			"host_total":	0.66917249065188089,
			"host_user":	0.059035624331307761,
			"host_system":	0.61009510568086678,
			"remote_total":	1.0417485985798454,
			"remote_user":	0.11617590841197598,
			"remote_system":	0.92555960287391736
		},
		"sender_tcp_congestion":	"cubic",
		"receiver_tcp_congestion":	"cubic"
	}
}
