{
	"start":	{
		"connected":	[{
				"socket":	6,
				"local_host":	"192.168.11.2",
				"local_port":	33134,
				"remote_host":	"192.168.20.1",
				"remote_port":	5003
			}],
		"version":	"iperf 3.6",
		"system_info":	"Linux ba-thesis 4.19.0-23-amd64 #1 SMP Debian 4.19.269-1 (2022-12-20) x86_64",
		"timestamp":	{
			"time":	"Wed, 31 May 2023 13:16:21 GMT",
			"timesecs":	1685538981
		},
		"connecting_to":	{
			"host":	"h1",
			"port":	5003
		},
		"cookie":	"yyze6sutimcvb33unlaxzw6mcfzzbrbvfqtg",
		"tcp_mss_default":	1448,
		"sock_bufsize":	0,
		"sndbuf_actual":	87380,
		"rcvbuf_actual":	87380,
		"test_start":	{
			"protocol":	"TCP",
			"num_streams":	1,
			"blksize":	131072,
			"omit":	0,
			"duration":	0,
			"bytes":	211693568,
			"blocks":	0,
			"reverse":	0,
			"tos":	0
		}
	},
	"intervals":	[{
			"streams":	[{
					"socket":	6,
					"start":	0,
					"end":	1.0003759860992432,
					"seconds":	1.0003759860992432,
					"bytes":	79640,
					"bits_per_second":	636880.54176941619,
					"retransmits":	0,
					"snd_cwnd":	14480,
					"rtt":	710797,
					"rttvar":	266752,
					"pmtu":	1500,
					"omitted":	false
				}],
			"sum":	{
				"start":	0,
				"end":	1.0003759860992432,
				"seconds":	1.0003759860992432,
				"bytes":	79640,
				"bits_per_second":	636880.54176941619,
				"retransmits":	0,
				"omitted":	false
			}
		}, {
			"streams":	[{
					"socket":	6,
					"start":	1.0003759860992432,
					"end":	2.000662088394165,
					"seconds":	1.0002861022949219,
					"bytes":	65160,
					"bits_per_second":	521130.90325262473,
					"retransmits":	0,
					"snd_cwnd":	28960,
					"rtt":	711563,
					"rttvar":	64404,
					"pmtu":	1500,
					"omitted":	false
				}],
			"sum":	{
				"start":	1.0003759860992432,
				"end":	2.000662088394165,
				"seconds":	1.0002861022949219,
				"bytes":	65160,
				"bits_per_second":	521130.90325262473,
				"retransmits":	0,
				"omitted":	false
			}
		}, {
			"streams":	[{
					"socket":	6,
					"start":	2.000662088394165,
					"end":	3.0002338886260986,
					"seconds":	0.99957180023193359,
					"bytes":	434400,
					"bits_per_second":	3476688.717302388,
					"retransmits":	0,
					"snd_cwnd":	99912,
					"rtt":	714413,
					"rttvar":	939,
					"pmtu":	1500,
					"omitted":	false
				}],
			"sum":	{
				"start":	2.000662088394165,
				"end":	3.0002338886260986,
				"seconds":	0.99957180023193359,
				"bytes":	434400,
				"bits_per_second":	3476688.717302388,
				"retransmits":	0,
				"omitted":	false
			}
		}, {
			"streams":	[{
					"socket":	6,
					"start":	3.0002338886260986,
					"end":	4.000525951385498,
					"seconds":	1.0002920627593994,
					"bytes":	343176,
					"bits_per_second":	2744606.4026805679,
					"retransmits":	0,
					"snd_cwnd":	199824,
					"rtt":	718822,
					"rttvar":	1528,
					"pmtu":	1500,
					"omitted":	false
				}],
			"sum":	{
				"start":	3.0002338886260986,
				"end":	4.000525951385498,
				"seconds":	1.0002920627593994,
				"bytes":	343176,
				"bits_per_second":	2744606.4026805679,
				"retransmits":	0,
				"omitted":	false
			}
		}, {
			"streams":	[{
					"socket":	6,
					"start":	4.000525951385498,
					"end":	5.0007779598236084,
					"seconds":	1.0002520084381104,
					"bytes":	1107720,
					"bits_per_second":	8859527.3243565932,
					"retransmits":	0,
					"snd_cwnd":	370688,
					"rtt":	755653,
					"rttvar":	1482,
					"pmtu":	1500,
					"omitted":	false
				}],
			"sum":	{
				"start":	4.000525951385498,
				"end":	5.0007779598236084,
				"seconds":	1.0002520084381104,
				"bytes":	1107720,
				"bits_per_second":	8859527.3243565932,
				"retransmits":	0,
				"omitted":	false
			}
		}, {
			"streams":	[{
					"socket":	6,
					"start":	5.0007779598236084,
					"end":	6.001039981842041,
					"seconds":	1.0002620220184326,
					"bytes":	781920,
					"bits_per_second":	6253721.3872993849,
					"retransmits":	0,
					"snd_cwnd":	408336,
					"rtt":	742760,
					"rttvar":	874,
					"pmtu":	1500,
					"omitted":	false
				}],
			"sum":	{
				"start":	5.0007779598236084,
				"end":	6.001039981842041,
				"seconds":	1.0002620220184326,
				"bytes":	781920,
				"bits_per_second":	6253721.3872993849,
				"retransmits":	0,
				"omitted":	false
			}
		}, {
			"streams":	[{
					"socket":	6,
					"start":	6.001039981842041,
					"end":	7.000560998916626,
					"seconds":	0.999521017074585,
					"bytes":	847080,
					"bits_per_second":	6779887.4503249414,
					"retransmits":	0,
					"snd_cwnd":	428608,
					"rtt":	744292,
					"rttvar":	935,
					"pmtu":	1500,
					"omitted":	false
				}],
			"sum":	{
				"start":	6.001039981842041,
				"end":	7.000560998916626,
				"seconds":	0.999521017074585,
				"bytes":	847080,
				"bits_per_second":	6779887.4503249414,
				"retransmits":	0,
				"omitted":	false
			}
		}, {
			"streams":	[{
					"socket":	6,
					"start":	7.000560998916626,
					"end":	8.0002748966217041,
					"seconds":	0.99971389770507812,
					"bytes":	0,
					"bits_per_second":	0,
					"retransmits":	0,
					"snd_cwnd":	450328,
					"rtt":	792548,
					"rttvar":	11687,
					"pmtu":	1500,
					"omitted":	false
				}],
			"sum":	{
				"start":	7.000560998916626,
				"end":	8.0002748966217041,
				"seconds":	0.99971389770507812,
				"bytes":	0,
				"bits_per_second":	0,
				"retransmits":	0,
				"omitted":	false
			}
		}, {
			"streams":	[{
					"socket":	6,
					"start":	8.0002748966217041,
					"end":	9.0001780986785889,
					"seconds":	0.99990320205688477,
					"bytes":	1889640,
					"bits_per_second":	15118583.447780561,
					"retransmits":	0,
					"snd_cwnd":	496664,
					"rtt":	752011,
					"rttvar":	866,
					"pmtu":	1500,
					"omitted":	false
				}],
			"sum":	{
				"start":	8.0002748966217041,
				"end":	9.0001780986785889,
				"seconds":	0.99990320205688477,
				"bytes":	1889640,
				"bits_per_second":	15118583.447780561,
				"retransmits":	0,
				"omitted":	false
			}
		}, {
			"streams":	[{
					"socket":	6,
					"start":	9.0001780986785889,
					"end":	10.001013994216919,
					"seconds":	1.00083589553833,
					"bytes":	0,
					"bits_per_second":	0,
					"retransmits":	0,
					"snd_cwnd":	521280,
					"rtt":	757051,
					"rttvar":	11194,
					"pmtu":	1500,
					"omitted":	false
				}],
			"sum":	{
				"start":	9.0001780986785889,
				"end":	10.001013994216919,
				"seconds":	1.00083589553833,
				"bytes":	0,
				"bits_per_second":	0,
				"retransmits":	0,
				"omitted":	false
			}
		}, {
			"streams":	[{
					"socket":	6,
					"start":	10.001013994216919,
					"end":	11.000153064727783,
					"seconds":	0.99913907051086426,
					"bytes":	1107720,
					"bits_per_second":	8869395.9245022237,
					"retransmits":	0,
					"snd_cwnd":	547344,
					"rtt":	757793,
					"rttvar":	11275,
					"pmtu":	1500,
					"omitted":	false
				}],
			"sum":	{
				"start":	10.001013994216919,
				"end":	11.000153064727783,
				"seconds":	0.99913907051086426,
				"bytes":	1107720,
				"bits_per_second":	8869395.9245022237,
				"retransmits":	0,
				"omitted":	false
			}
		}, {
			"streams":	[{
					"socket":	6,
					"start":	11.000153064727783,
					"end":	12.000256061553955,
					"seconds":	1.0001029968261719,
					"bytes":	1238040,
					"bits_per_second":	9903299.9915322438,
					"retransmits":	0,
					"snd_cwnd":	651600,
					"rtt":	779862,
					"rttvar":	525,
					"pmtu":	1500,
					"omitted":	false
				}],
			"sum":	{
				"start":	11.000153064727783,
				"end":	12.000256061553955,
				"seconds":	1.0001029968261719,
				"bytes":	1238040,
				"bits_per_second":	9903299.9915322438,
				"retransmits":	0,
				"omitted":	false
			}
		}, {
			"streams":	[{
					"socket":	6,
					"start":	12.000256061553955,
					"end":	13.000452041625977,
					"seconds":	1.0001959800720215,
					"bytes":	1310720,
					"bits_per_second":	10483705.402660135,
					"retransmits":	0,
					"snd_cwnd":	739928,
					"rtt":	765298,
					"rttvar":	383,
					"pmtu":	1500,
					"omitted":	false
				}],
			"sum":	{
				"start":	12.000256061553955,
				"end":	13.000452041625977,
				"seconds":	1.0001959800720215,
				"bytes":	1310720,