{
	"start":	{
		"connected":	[{
				"socket":	6,
				"local_host":	"192.168.17.2",
				"local_port":	60762,
				"remote_host":	"192.168.17.1",
				"remote_port":	5007
			}],
		"version":	"iperf 3.6",
		"system_info":	"Linux ba-thesis 4.19.0-23-amd64 #1 SMP Debian 4.19.269-1 (2022-12-20) x86_64",
		"timestamp":	{
			"time":	"Tue, 13 Jun 2023 09:14:21 GMT",
			"timesecs":	1686647661
		},
		"connecting_to":	{
			"host":	"h6",
			"port":	5007
		},
		"cookie":	"mnu4pso4cmvmyofiurd3uyagvbfn3rpefk2d",
		"tcp_mss_default":	1448,
		"sock_bufsize":	0,
		"sndbuf_actual":	87380,
		"rcvbuf_actual":	87380,
		"test_start":	{
			"protocol":	"TCP",
			"num_streams":	1,
			"blksize":	131072,
			"omit":	0,
			"duration":	0,
			"bytes":	3368513,
			"blocks":	0,
			"reverse":	0,
			"tos":	0
		}
	},
	"intervals":	[{
			"streams":	[{
					"socket":	6,
					"start":	0,
					"end":	0.20305109024047852,
					"seconds":	0.20305109024047852,
					"bytes":	3663440,
					"bits_per_second":	144335693.86547181,
					"retransmits":	0,
					"snd_cwnd":	314216,
					"rtt":	28091,
					"rttvar":	1040,
					"pmtu":	1500,
					"omitted":	false
				}],
			"sum":	{
				"start":	0,
				"end":	0.20305109024047852,
				"seconds":	0.20305109024047852,
				"bytes":	3663440,
				"bits_per_second":	144335693.86547181,
				"retransmits":	0,
				"omitted":	false
			}
		}],
	"end":	{
		"streams":	[{
				"sender":	{
					"socket":	6,
					"start":	0,
					"end":	0.20305109024047852,
					"seconds":	0.20305109024047852,
					"bytes":	3663440,
					"bits_per_second":	144335693.86547181,
					"retransmits":	0,
					"max_snd_cwnd":	314216,
					"max_rtt":	28091,
					"min_rtt":	28091,
					"mean_rtt":	28091
				},
				"receiver":	{
					"socket":	6,
					"start":	0,
					"end":	0.26613593101501465,
					"seconds":	0.20305109024047852,
					"bytes":	2125664,
					"bits_per_second":	63897091.742342025
				}
			}],
		"sum_sent":	{
			"start":	0,
			"end":	0.20305109024047852,
			"seconds":	0.20305109024047852,
			"bytes":	3663440,
			"bits_per_second":	144335693.86547181,
			"retransmits":	0
		},
		"sum_received":	{
			"start":	0,
			"end":	0.26613593101501465,
			"seconds":	0.26613593101501465,
			"bytes":	2125664,
			"bits_per_second":	63897091.742342025
		},
		"cpu_utilization_percent":	{
			"host_total":	12.551166707936304,
			"host_user":	0.43745815717312153,
			"host_system":	12.113708550763183,
			"remote_total":	0.71067520877262425,
			"remote_user":	0.71121380309530158,
			"remote_system":	0
		},
		"sender_tcp_congestion":	"cubic",
		"receiver_tcp_congestion":	"cubic"
	}
}
