{
	"start":	{
		"connected":	[{
				"socket":	6,
				"local_host":	"192.168.4.1",
				"local_port":	33820,
				"remote_host":	"192.168.32.1",
				"remote_port":	5001
			}],
		"version":	"iperf 3.6",
		"system_info":	"Linux ba-thesis 4.19.0-23-amd64 #1 SMP Debian 4.19.269-1 (2022-12-20) x86_64",
		"timestamp":	{
			"time":	"Mon, 05 Jun 2023 15:39:58 GMT",
			"timesecs":	1685979598
		},
		"connecting_to":	{
			"host":	"h2",
			"port":	5001
		},
		"cookie":	"3zec665urdmc3hwaw2t4ogqd27prquvj2m2z",
		"tcp_mss_default":	1448,
		"sock_bufsize":	0,
		"sndbuf_actual":	87380,
		"rcvbuf_actual":	87380,
		"test_start":	{
			"protocol":	"TCP",
			"num_streams":	1,
			"blksize":	131072,
			"omit":	0,
			"duration":	0,
			"bytes":	14493922,
			"blocks":	0,
			"reverse":	0,
			"tos":	0
		}
	},
	"intervals":	[{
			"streams":	[{
					"socket":	6,
					"start":	0,
					"end":	1.0002281665802002,
					"seconds":	1.0002281665802002,
					"bytes":	1200392,
					"bits_per_second":	9600945.3851247877,
					"retransmits":	0,
					"snd_cwnd":	114392,
					"rtt":	125084,
					"rttvar":	1897,
					"pmtu":	1500,
					"omitted":	false
				}],
			"sum":	{
				"start":	0,
				"end":	1.0002281665802002,
				"seconds":	1.0002281665802002,
				"bytes":	1200392,
				"bits_per_second":	9600945.3851247877,
				"retransmits":	0,
				"omitted":	false
			}
		}, {
			"streams":	[{
					"socket":	6,
					"start":	1.0002281665802002,
					"end":	2.0000760555267334,
					"seconds":	0.9998478889465332,
					"bytes":	1238040,
					"bits_per_second":	9905826.78574784,
					"retransmits":	0,
					"snd_cwnd":	159280,
					"rtt":	170524,
					"rttvar":	699,
					"pmtu":	1500,
					"omitted":	false
				}],
			"sum":	{
				"start":	1.0002281665802002,
				"end":	2.0000760555267334,
				"seconds":	0.9998478889465332,
				"bytes":	1238040,
				"bits_per_second":	9905826.78574784,
				"retransmits":	0,
				"omitted":	false
			}
		}, {
			"streams":	[{
					"socket":	6,
					"start":	2.0000760555267334,
					"end":	3.0000791549682617,
					"seconds":	1.0000030994415283,
					"bytes":	1238040,
					"bits_per_second":	9904289.302234428,
					"retransmits":	0,
					"snd_cwnd":	202720,
					"rtt":	217733,
					"rttvar":	504,
					"pmtu":	1500,
					"omitted":	false
				}],
			"sum":	{
				"start":	2.0000760555267334,
				"end":	3.0000791549682617,
				"seconds":	1.0000030994415283,
				"bytes":	1238040,
				"bits_per_second":	9904289.302234428,
				"retransmits":	0,
				"omitted":	false
			}
		}, {
			"streams":	[{
					"socket":	6,
					"start":	3.0000791549682617,
					"end":	4.0001060962677,
					"seconds":	1.0000269412994385,
					"bytes":	977400,
					"bits_per_second":	7818989.3462667158,
					"retransmits":	0,
					"snd_cwnd":	246160,
					"rtt":	261901,
					"rttvar":	593,
					"pmtu":	1500,
					"omitted":	false
				}],
			"sum":	{
				"start":	3.0000791549682617,
				"end":	4.0001060962677,
				"seconds":	1.0000269412994385,
				"bytes":	977400,
				"bits_per_second":	7818989.3462667158,
				"retransmits":	0,
				"omitted":	false
			}
		}, {
			"streams":	[{
					"socket":	6,
					"start":	4.0001060962677,
					"end":	5.0005640983581543,
					"seconds":	1.0004580020904541,
					"bytes":	586440,
					"bits_per_second":	4689372.2577030547,
					"retransmits":	0,
					"snd_cwnd":	285256,
					"rtt":	306259,
					"rttvar":	4022,
					"pmtu":	1500,
					"omitted":	false
				}],
			"sum":	{
				"start":	4.0001060962677,
				"end":	5.0005640983581543,
				"seconds":	1.0004580020904541,
				"bytes":	586440,
				"bits_per_second":	4689372.2577030547,
				"retransmits":	0,
				"omitted":	false
			}
		}, {
			"streams":	[{
					"socket":	6,
					"start":	5.0005640983581543,
					"end":	6.0005741119384766,
					"seconds":	1.0000100135803223,
					"bytes":	1238040,
					"bits_per_second":	9904220.8232892565,
					"retransmits":	0,
					"snd_cwnd":	330144,
					"rtt":	351887,
					"rttvar":	2822,
					"pmtu":	1500,
					"omitted":	false
				}],
			"sum":	{
				"start":	5.0005640983581543,
				"end":	6.0005741119384766,
				"seconds":	1.0000100135803223,
				"bytes":	1238040,
				"bits_per_second":	9904220.8232892565,
				"retransmits":	0,
				"omitted":	false
			}
		}, {
			"streams":	[{
					"socket":	6,
					"start":	6.0005741119384766,
					"end":	7.0000979900360107,
					"seconds":	0.99952387809753418,
					"bytes":	1498680,
					"bits_per_second":	11995151.154187897,
					"retransmits":	0,
					"snd_cwnd":	380824,
					"rtt":	405381,
					"rttvar":	416,
					"pmtu":	1500,
					"omitted":	false
				}],
			"sum":	{
				"start":	6.0005741119384766,
				"end":	7.0000979900360107,
				"seconds":	0.99952387809753418,
				"bytes":	1498680,
				"bits_per_second":	11995151.154187897,
				"retransmits":	0,
				"omitted":	false
			}
		}, {
			"streams":	[{
					"socket":	6,
					"start":	7.0000979900360107,
					"end":	8.0002460479736328,
					"seconds":	1.0001480579376221,
					"bytes":	847080,
					"bits_per_second":	6775636.8131873636,
					"retransmits":	0,
					"snd_cwnd":	421368,
					"rtt":	451003,
					"rttvar":	4473,
					"pmtu":	1500,
					"omitted":	false
				}],
			"sum":	{
				"start":	7.0000979900360107,
				"end":	8.0002460479736328,
				"seconds":	1.0001480579376221,
				"bytes":	847080,
				"bits_per_second":	6775636.8131873636,
				"retransmits":	0,
				"omitted":	false
			}
		}, {
			"streams":	[{
					"socket":	6,
					"start":	8.0002460479736328,
					"end":	9.0006890296936035,
					"seconds":	1.0004429817199707,
					"bytes":	912240,
					"bits_per_second":	7294688.5863033887,
					"retransmits":	0,
					"snd_cwnd":	463360,
					"rtt":	499102,
					"rttvar":	3756,
					"pmtu":	1500,
					"omitted":	false
				}],
			"sum":	{
				"start":	8.0002460479736328,
				"end":	9.0006890296936035,
				"seconds":	1.0004429817199707,
				"bytes":	912240,
				"bits_per_second":	7294688.5863033887,
				"retransmits":	0,
				"omitted":	false
			}
		}, {
			"streams":	[{
					"socket":	6,
					"start":	9.0006890296936035,
					"end":	10.000125169754028,
					"seconds":	0.9994361400604248,
					"bytes":	2150280,
					"bits_per_second":	17211945.12633891,
					"retransmits":	0,
					"snd_cwnd":	574856,
					"rtt":	550844,
					"rttvar":	620,
					"pmtu":	1500,
					"omitted":	false
				}],
			"sum":	{
				"start":	9.0006890296936035,
				"end":	10.000125169754028,
				"seconds":	0.9994361400604248,
				"bytes":	2150280,
				"bits_per_second":	17211945.12633891,
				"retransmits":	0,
				"omitted":	false
			}
		}, {
			"streams":	[{
					"socket":	6,
					"start":	10.000125169754028,
					"end":	11.000060081481934,
					"seconds":	0.99993491172790527,
					"bytes":	1310720,
					"bits_per_second":	10486442.544425637,
					"retransmits":	0,
					"snd_cwnd":	712416,
					"rtt":	608994,
					"rttvar":	274,
					"pmtu":	1500,
					"omitted":	false
				}],
			"sum":	{
				"start":	10.000125169754028,
				"end":	11.000060081481934,
				"seconds":	0.99993491172790527,
				"bytes":	1310720,
				"bits_per_second":	10486442.544425637,
				"retransmits":	0,
				"omitted":	false
			}
		}, {
			"streams":	[{
					"socket":	6,
					"start":	11.000060081481934,
					"end":	11.644778966903687,
					"seconds":	0.64471888542175293,
					"bytes":	1310720,
					"bits_per_second":	16264080.728984037,
					"retransmits":	0,
					"snd_cwnd":	838392,
					"rtt":	639775,
					"rttvar":	286,
					"pmtu":	1500,
					"omitted":	false
				}],
			"sum":	{
				"start":	11.000060081481934,
				"end":	11.644778966903687,
				"seconds":	0.64471888542175293,
				"bytes":	1310720,
				"bits_per_second":	16264080.728984037,
				"retransmits":	0,
				"omitted":	false
			}
		}],
	"end":	{
		"streams":	[{
				"sender":	{
					"socket":	6,
					"start":	0,
					"end":	11.644778966903687,
					"seconds":	11.644778966903687,
					"bytes":	14508072,
					"bits_per_second":	9967091.3745871838,
					"retransmits":	0,
					"max_snd_cwnd":	838392,
					"max_rtt":	639775,
					"min_rtt":	125084,
					"mean_rtt":	382373
				},
				"receiver":	{
					"socket":	6,