{
	"start":	{
		"connected":	[{
				"socket":	6,
				"local_host":	"192.168.12.1",
				"local_port":	52476,
				"remote_host":	"192.168.12.2",
				"remote_port":	5004
			}],
		"version":	"iperf 3.6",
		"system_info":	"Linux ba-thesis 4.19.0-23-amd64 #1 SMP Debian 4.19.269-1 (2022-12-20) x86_64",
		"timestamp":	{
			"time":	"Sun, 11 Jun 2023 09:13:27 GMT",
			"timesecs":	1686474807
		},
		"connecting_to":	{
			"host":	"h8",
			"port":	5004
		},
		"cookie":	"opy766hp7m5moz26qifa2yhgfpxfzgnlowvn",
		"tcp_mss_default":	1448,
		"sock_bufsize":	0,
		"sndbuf_actual":	87380,
		"rcvbuf_actual":	87380,
		"test_start":	{
			"protocol":	"TCP",
			"num_streams":	1,
			"blksize":	131072,
			"omit":	0,
			"duration":	0,
			"bytes":	4100458,
			"blocks":	0,
			"reverse":	0,
			"tos":	0
		}
	},
	"intervals":	[{
			"streams":	[{
					"socket":	6,
					"start":	0,
					"end":	0.19141101837158203,
					"seconds":	0.19141101837158203,
					"bytes":	4662560,
					"bits_per_second":	194871122.45330304,
					"retransmits":	0,
					"snd_cwnd":	487976,
					"rtt":	38299,
					"rttvar":	513,
					"pmtu":	1500,
					"omitted":	false
				}],
			"sum":	{
				"start":	0,
				"end":	0.19141101837158203,
				"seconds":	0.19141101837158203,
				"bytes":	4662560,
				"bits_per_second":	194871122.45330304,
				"retransmits":	0,
				"omitted":	false
			}
		}],
	"end":	{
		"streams":	[{
				"sender":	{
					"socket":	6,
					"start":	0,
					"end":	0.19141101837158203,
					"seconds":	0.19141101837158203,
					"bytes":	4662560,
					"bits_per_second":	194871122.45330304,
					"retransmits":	0,
					"max_snd_cwnd":	487976,
					"max_rtt":	38299,
					"min_rtt":	38299,
					"mean_rtt":	38299
				},
				"receiver":	{
					"socket":	6,
					"start":	0,
					"end":	0.25366806983947754,
					"seconds":	0.19141101837158203,
					"bytes":	2295080,
					"bits_per_second":	72380572.027132571
				}
			}],
		"sum_sent":	{
			"start":	0,
			"end":	0.19141101837158203,
			"seconds":	0.19141101837158203,
			"bytes":	4662560,
			"bits_per_second":	194871122.45330304,
			"retransmits":	0
		},
		"sum_received":	{
			"start":	0,
			"end":	0.25366806983947754,
			"seconds":	0.25366806983947754,
			"bytes":	2295080,
			"bits_per_second":	72380572.027132571
		},
		"cpu_utilization_percent":	{
			"host_total":	12.876456641275286,
			"host_user":	1.6682010795540534,
			"host_system":	11.208255561721232,
			"remote_total":	0.014918612647485443,
			"remote_user":	0,
			"remote_system":	0.014913163921171532
		},
		"sender_tcp_congestion":	"cubic",
		"receiver_tcp_congestion":	"cubic"
	}
}
