{
	"start":	{
		"connected":	[{
				"socket":	6,
				"local_host":	"192.168.18.1",
				"local_port":	33822,
				"remote_host":	"192.168.25.1",
				"remote_port":	5006
			}],
		"version":	"iperf 3.6",
		"system_info":	"Linux ba-thesis 4.19.0-23-amd64 #1 SMP Debian 4.19.269-1 (2022-12-20) x86_64",
		"timestamp":	{
			"time":	"Mon, 12 Jun 2023 00:57:25 GMT",
			"timesecs":	1686531445
		},
		"connecting_to":	{
			"host":	"h5",
			"port":	5006
		},
		"cookie":	"d4em4zgyo6ia4rj2cnxxomqscgosuy7jdhcx",
		"tcp_mss_default":	1448,
		"sock_bufsize":	0,
		"sndbuf_actual":	87380,
		"rcvbuf_actual":	87380,
		"test_start":	{
			"protocol":	"TCP",
			"num_streams":	1,
			"blksize":	131072,
			"omit":	0,
			"duration":	0,
			"bytes":	47330484,
			"blocks":	0,
			"reverse":	0,
			"tos":	0
		}
	},
	"intervals":	[{
			"streams":	[{
					"socket":	6,
					"start":	0,
					"end":	1.0000820159912109,
					"seconds":	1.0000820159912109,
					"bytes":	2604952,
					"bits_per_second":	20837906.958406046,
					"retransmits":	0,
					"snd_cwnd":	192584,
					"rtt":	143593,
					"rttvar":	1245,
					"pmtu":	1500,
					"omitted":	false
				}],
			"sum":	{
				"start":	0,
				"end":	1.0000820159912109,
				"seconds":	1.0000820159912109,
				"bytes":	2604952,
				"bits_per_second":	20837906.958406046,
				"retransmits":	0,
				"omitted":	false
			}
		}, {
			"streams":	[{
					"socket":	6,
					"start":	1.0000820159912109,
					"end":	2.0000979900360107,
					"seconds":	1.0000159740447998,
					"bytes":	1433520,
					"bits_per_second":	11467976.810024673,
					"retransmits":	0,
					"snd_cwnd":	254848,
					"rtt":	189090,
					"rttvar":	613,
					"pmtu":	1500,
					"omitted":	false
				}],
			"sum":	{
				"start":	1.0000820159912109,
				"end":	2.0000979900360107,
				"seconds":	1.0000159740447998,
				"bytes":	1433520,
				"bits_per_second":	11467976.810024673,
				"retransmits":	0,
				"omitted":	false
			}
		}, {
			"streams":	[{
					"socket":	6,
					"start":	2.0000979900360107,
					"end":	3.0000810623168945,
					"seconds":	0.99998307228088379,
					"bytes":	1824480,
					"bits_per_second":	14596087.07846226,
					"retransmits":	0,
					"snd_cwnd":	320008,
					"rtt":	239035,
					"rttvar":	982,
					"pmtu":	1500,
					"omitted":	false
				}],
			"sum":	{
				"start":	2.0000979900360107,
				"end":	3.0000810623168945,
				"seconds":	0.99998307228088379,
				"bytes":	1824480,
				"bits_per_second":	14596087.07846226,
				"retransmits":	0,
				"omitted":	false
			}
		}, {
			"streams":	[{
					"socket":	6,
					"start":	3.0000810623168945,
					"end":	4.0000729560852051,
					"seconds":	0.99999189376831055,
					"bytes":	1498680,
					"bits_per_second":	11989537.189966312,
					"retransmits":	0,
					"snd_cwnd":	382272,
					"rtt":	286786,
					"rttvar":	1858,
					"pmtu":	1500,
					"omitted":	false
				}],
			"sum":	{
				"start":	3.0000810623168945,
				"end":	4.0000729560852051,
				"seconds":	0.99999189376831055,
				"bytes":	1498680,
				"bits_per_second":	11989537.189966312,
				"retransmits":	0,
				"omitted":	false
			}
		}, {
			"streams":	[{
					"socket":	6,
					"start":	4.0000729560852051,
					"end":	5.0005900859832764,
					"seconds":	1.0005171298980713,
					"bytes":	847080,
					"bits_per_second":	6773137.4081425043,
					"retransmits":	0,
					"snd_cwnd":	444536,
					"rtt":	333699,
					"rttvar":	704,
					"pmtu":	1500,
					"omitted":	false
				}],
			"sum":	{
				"start":	4.0000729560852051,
				"end":	5.0005900859832764,
				"seconds":	1.0005171298980713,
				"bytes":	847080,
				"bits_per_second":	6773137.4081425043,
				"retransmits":	0,
				"omitted":	false
			}
		}, {
			"streams":	[{
					"socket":	6,
					"start":	5.0005900859832764,
					"end":	6.000385046005249,
					"seconds":	0.99979496002197266,
					"bytes":	1889640,
					"bits_per_second":	15120220.249627752,
					"retransmits":	0,
					"snd_cwnd":	506800,
					"rtt":	380777,
					"rttvar":	1664,
					"pmtu":	1500,
					"omitted":	false
				}],
			"sum":	{
				"start":	5.0005900859832764,
				"end":	6.000385046005249,
				"seconds":	0.99979496002197266,
				"bytes":	1889640,
				"bits_per_second":	15120220.249627752,
				"retransmits":	0,
				"omitted":	false
			}
		}, {
			"streams":	[{
					"socket":	6,
					"start":	6.000385046005249,
					"end":	7.0006959438323975,
					"seconds":	1.0003108978271484,
					"bytes":	1042560,
					"bits_per_second":	8337887.76880967,
					"retransmits":	0,
					"snd_cwnd":	570512,
					"rtt":	427839,
					"rttvar":	320,
					"pmtu":	1500,
					"omitted":	false
				}],
			"sum":	{
				"start":	6.000385046005249,
				"end":	7.0006959438323975,
				"seconds":	1.0003108978271484,
				"bytes":	1042560,
				"bits_per_second":	8337887.76880967,
				"retransmits":	0,
				"omitted":	false
			}
		}, {
			"streams":	[{
					"socket":	6,
					"start":	7.0006959438323975,
					"end":	8.0000989437103271,
					"seconds":	0.99940299987792969,
					"bytes":	10275240,
					"bits_per_second":	82251023.871291563,
					"retransmits":	0,
					"snd_cwnd":	946992,
					"rtt":	74788,
					"rttvar":	594,
					"pmtu":	1500,
					"omitted":	false
				}],
			"sum":	{
				"start":	7.0006959438323975,
				"end":	8.0000989437103271,
				"seconds":	0.99940299987792969,
				"bytes":	10275240,
				"bits_per_second":	82251023.871291563,
				"retransmits":	0,
				"omitted":	false
			}
		}, {
			"streams":	[{
					"socket":	6,
					"start":	8.0000989437103271,
					"end":	9.0001330375671387,
					"seconds":	1.0000340938568115,
					"bytes":	13107200,
					"bits_per_second":	104854025.12188138,
					"retransmits":	0,
					"snd_cwnd":	1542120,
					"rtt":	123084,
					"rttvar":	426,
					"pmtu":	1500,
					"omitted":	false
				}],
			"sum":	{
				"start":	8.0000989437103271,
				"end":	9.0001330375671387,
				"seconds":	1.0000340938568115,
				"bytes":	13107200,
				"bits_per_second":	104854025.12188138,
				"retransmits":	0,
				"omitted":	false
			}
		}, {
			"streams":	[{
					"socket":	6,
					"start":	9.0001330375671387,
					"end":	9.829319953918457,
					"seconds":	0.82918691635131836,
					"bytes":	13107200,
					"bits_per_second":	126458338.80424237,
					"retransmits":	0,
					"snd_cwnd":	2037336,
					"rtt":	161537,
					"rttvar":	633,
					"pmtu":	1500,
					"omitted":	false
				}],
			"sum":	{
				"start":	9.0001330375671387,
				"end":	9.829319953918457,
				"seconds":	0.82918691635131836,
				"bytes":	13107200,
				"bits_per_second":	126458338.80424237,
				"retransmits":	0,
				"omitted":	false
			}
		}],
	"end":	{
		"streams":	[{
				"sender":	{
					"socket":	6,
					"start":	0,
					"end":	9.829319953918457,
					"seconds":	9.829319953918457,
					"bytes":	47630552,
					"bits_per_second":	38766101.60076198,
					"retransmits":	0,
					"max_snd_cwnd":	2037336,
					"max_rtt":	427839,
					"min_rtt":	74788,
					"mean_rtt":	236022
				},
				"receiver":	{
					"socket":	6,
					"start":	0,
					"end":	10.019894123077393,
					"seconds":	9.829319953918457,
					"bytes":	40506352,
					"bits_per_second":	32340742.528771836
				}
			}],
		"sum_sent":	{
			"start":	0,
			"end":	9.829319953918457,
			"seconds":	9.829319953918457,
			"bytes":	47630552,
			"bits_per_second":	38766101.60076198,
			"retransmits":	0
		},
		"sum_received":	{
			"start":	0,
			"end":	10.019894123077393,
			"seconds":	10.019894123077393,
			"bytes":	40506352,
			"bits_per_second":	32340742.528771836
		},
		"cpu_utilization_percent":	{
			"host_total":	0.48895540844329233,
			"host_user":	0.058516976326086323,
			"host_system":	0.430438432117206,
			"remote_total":	0.67405852383728937,
			"remote_user":	0.093219570085926684,
			"remote_system":	0.5807736804703183
		},
		"sender_tcp_congestion":	"cubic",
		"receiver_tcp_congestion":	"cubic"
	}
}
