{
	"start":	{
		"connected":	[{
				"socket":	6,
				"local_host":	"192.168.13.2",
				"local_port":	51782,
				"remote_host":	"192.168.13.1",
				"remote_port":	5006
			}],
		"version":	"iperf 3.6",
		"system_info":	"Linux ba-thesis 4.19.0-23-amd64 #1 SMP Debian 4.19.269-1 (2022-12-20) x86_64",
		"timestamp":	{
			"time":	"Sun, 11 Jun 2023 08:40:50 GMT",
			"timesecs":	1686472850
		},
		"connecting_to":	{
			"host":	"h4",
			"port":	5006
		},
		"cookie":	"qa7p5bsmcl3pn3c2ztbs5m237dxllvue6ca3",
		"tcp_mss_default":	1448,
		"sock_bufsize":	0,
		"sndbuf_actual":	87380,
		"rcvbuf_actual":	87380,
		"test_start":	{
			"protocol":	"TCP",
			"num_streams":	1,
			"blksize":	131072,
			"omit":	0,
			"duration":	0,
			"bytes":	23296771,
			"blocks":	0,
			"reverse":	0,
			"tos":	0
		}
	},
	"intervals":	[{
			"streams":	[{
					"socket":	6,
					"start":	0,
					"end":	1.0000870227813721,
					"seconds":	1.0000870227813721,
					"bytes":	15284480,
					"bits_per_second":	122265200.1422186,
					"retransmits":	0,
					"snd_cwnd":	797848,
					"rtt":	62881,
					"rttvar":	570,
					"pmtu":	1500,
					"omitted":	false
				}],
			"sum":	{
				"start":	0,
				"end":	1.0000870227813721,
				"seconds":	1.0000870227813721,
				"bytes":	15284480,
				"bits_per_second":	122265200.1422186,
				"retransmits":	0,
				"omitted":	false
			}
		}, {
			"streams":	[{
					"socket":	6,
					"start":	1.0000870227813721,
					"end":	1.6024200916290283,
					"seconds":	0.60233306884765625,
					"bytes":	9175040,
					"bits_per_second":	121860020.30475371,
					"retransmits":	0,
					"snd_cwnd":	1158400,
					"rtt":	91397,
					"rttvar":	211,
					"pmtu":	1500,
					"omitted":	false
				}],
			"sum":	{
				"start":	1.0000870227813721,
				"end":	1.6024200916290283,
				"seconds":	0.60233306884765625,
				"bytes":	9175040,
				"bits_per_second":	121860020.30475371,
				"retransmits":	0,
				"omitted":	false
			}
		}],
	"end":	{
		"streams":	[{
				"sender":	{
					"socket":	6,
					"start":	0,
					"end":	1.6024200916290283,
					"seconds":	1.6024200916290283,
					"bytes":	24459520,
					"bits_per_second":	122112897.24973096,
					"retransmits":	0,
					"max_snd_cwnd":	1158400,
					"max_rtt":	91397,
					"min_rtt":	62881,
					"mean_rtt":	77139
				},
				"receiver":	{
					"socket":	6,
					"start":	0,
					"end":	1.7303459644317627,
					"seconds":	1.6024200916290283,
					"bytes":	19852080,
					"bits_per_second":	91783171.264339969
				}
			}],
		"sum_sent":	{
			"start":	0,
			"end":	1.6024200916290283,
			"seconds":	1.6024200916290283,
			"bytes":	24459520,
			"bits_per_second":	122112897.24973096,
			"retransmits":	0
		},
		"sum_received":	{
			"start":	0,
			"end":	1.7303459644317627,
			"seconds":	1.7303459644317627,
			"bytes":	19852080,
			"bits_per_second":	91783171.264339969
		},
		"cpu_utilization_percent":	{
			"host_total":	2.5898871294688659,
			"host_user":	0.46016046235032332,
			"host_system":	2.1296108014601391,
			"remote_total":	1.0106594091965755,
			"remote_user":	0,
			"remote_system":	1.0106048909416829
		},
		"sender_tcp_congestion":	"cubic",
		"receiver_tcp_congestion":	"cubic"
	}
}
