{
	"start":	{
		"connected":	[{
				"socket":	6,
				"local_host":	"192.168.23.1",
				"local_port":	43248,
				"remote_host":	"192.168.40.1",
				"remote_port":	5006
			}],
		"version":	"iperf 3.6",
		"system_info":	"Linux ba-thesis 4.19.0-23-amd64 #1 SMP Debian 4.19.269-1 (2022-12-20) x86_64",
		"timestamp":	{
			"time":	"Mon, 05 Jun 2023 10:19:47 GMT",
			"timesecs":	1685960387
		},
		"connecting_to":	{
			"host":	"h2",
			"port":	5006
		},
		"cookie":	"nbvbaxo4ldbcwrl3sec34igom5zi3f34d7oj",
		"tcp_mss_default":	1448,
		"sock_bufsize":	0,
		"sndbuf_actual":	87380,
		"rcvbuf_actual":	87380,
		"test_start":	{
			"protocol":	"TCP",
			"num_streams":	1,
			"blksize":	131072,
			"omit":	0,
			"duration":	0,
			"bytes":	123347760,
			"blocks":	0,
			"reverse":	0,
			"tos":	0
		}
	},
	"intervals":	[{
			"streams":	[{
					"socket":	6,
					"start":	0,
					"end":	1.0000882148742676,
					"seconds":	1.0000882148742676,
					"bytes":	13290256,
					"bits_per_second":	106312669.64121455,
					"retransmits":	0,
					"snd_cwnd":	1181568,
					"rtt":	115714,
					"rttvar":	245,
					"pmtu":	1500,
					"omitted":	false
				}],
			"sum":	{
				"start":	0,
				"end":	1.0000882148742676,
				"seconds":	1.0000882148742676,
				"bytes":	13290256,
				"bits_per_second":	106312669.64121455,
				"retransmits":	0,
				"omitted":	false
			}
		}, {
			"streams":	[{
					"socket":	6,
					"start":	1.0000882148742676,
					"end":	2.0000600814819336,
					"seconds":	0.999971866607666,
					"bytes":	11796480,
					"bits_per_second":	94374495.074696258,
					"retransmits":	0,
					"snd_cwnd":	1662304,
					"rtt":	162140,
					"rttvar":	421,
					"pmtu":	1500,
					"omitted":	false
				}],
			"sum":	{
				"start":	1.0000882148742676,
				"end":	2.0000600814819336,
				"seconds":	0.999971866607666,
				"bytes":	11796480,
				"bits_per_second":	94374495.074696258,
				"retransmits":	0,
				"omitted":	false
			}
		}, {
			"streams":	[{
					"socket":	6,
					"start":	2.0000600814819336,
					"end":	3.0001461505889893,
					"seconds":	1.0000860691070557,
					"bytes":	10485760,
					"bits_per_second":	83878860.621365473,
					"retransmits":	0,
					"snd_cwnd":	2130008,
					"rtt":	210293,
					"rttvar":	669,
					"pmtu":	1500,
					"omitted":	false
				}],
			"sum":	{
				"start":	2.0000600814819336,
				"end":	3.0001461505889893,
				"seconds":	1.0000860691070557,
				"bytes":	10485760,
				"bits_per_second":	83878860.621365473,
				"retransmits":	0,
				"omitted":	false
			}
		}, {
			"streams":	[{
					"socket":	6,
					"start":	3.0001461505889893,
					"end":	4.0000460147857666,
					"seconds":	0.99989986419677734,
					"bytes":	11796480,
					"bits_per_second":	94381290.946378112,
					"retransmits":	0,
					"snd_cwnd":	2613640,
					"rtt":	259753,
					"rttvar":	436,
					"pmtu":	1500,
					"omitted":	false
				}],
			"sum":	{
				"start":	3.0001461505889893,
				"end":	4.0000460147857666,
				"seconds":	0.99989986419677734,
				"bytes":	11796480,
				"bits_per_second":	94381290.946378112,
				"retransmits":	0,
				"omitted":	false
			}
		}, {
			"streams":	[{
					"socket":	6,
					"start":	4.0000460147857666,
					"end":	5.0001020431518555,
					"seconds":	1.0000560283660889,
					"bytes":	10485760,
					"bits_per_second":	83881380.263318568,
					"retransmits":	0,
					"snd_cwnd":	3108856,
					"rtt":	306196,
					"rttvar":	289,
					"pmtu":	1500,
					"omitted":	false
				}],
			"sum":	{
				"start":	4.0000460147857666,
				"end":	5.0001020431518555,
				"seconds":	1.0000560283660889,
				"bytes":	10485760,
				"bits_per_second":	83881380.263318568,
				"retransmits":	0,
				"omitted":	false
			}
		}, {
			"streams":	[{
					"socket":	6,
					"start":	5.0001020431518555,
					"end":	6.0000841617584229,
					"seconds":	0.99998211860656738,
					"bytes":	10485760,
					"bits_per_second":	83887580.026822567,
					"retransmits":	0,
					"snd_cwnd":	3591040,
					"rtt":	353541,
					"rttvar":	294,
					"pmtu":	1500,
					"omitted":	false
				}],
			"sum":	{
				"start":	5.0001020431518555,
				"end":	6.0000841617584229,
				"seconds":	0.99998211860656738,
				"bytes":	10485760,
				"bits_per_second":	83887580.026822567,
				"retransmits":	0,
				"omitted":	false
			}
		}, {
			"streams":	[{
					"socket":	6,
					"start":	6.0000841617584229,
					"end":	7.00019907951355,
					"seconds":	1.000114917755127,
					"bytes":	7864320,
					"bits_per_second":	62907330.8307599,
					"retransmits":	0,
					"snd_cwnd":	4042816,
					"rtt":	400217,
					"rttvar":	469,
					"pmtu":	1500,
					"omitted":	false
				}],
			"sum":	{
				"start":	6.0000841617584229,
				"end":	7.00019907951355,
				"seconds":	1.000114917755127,
				"bytes":	7864320,
				"bits_per_second":	62907330.8307599,
				"retransmits":	0,
				"omitted":	false
			}
		}, {
			"streams":	[{
					"socket":	6,
					"start":	7.00019907951355,
					"end":	8.0000360012054443,
					"seconds":	0.99983692169189453,
					"bytes":	10485760,
					"bits_per_second":	83899762.231275126,
					"retransmits":	0,
					"snd_cwnd":	4536584,
					"rtt":	447872,
					"rttvar":	402,
					"pmtu":	1500,
					"omitted":	false
				}],
			"sum":	{
				"start":	7.00019907951355,
				"end":	8.0000360012054443,
				"seconds":	0.99983692169189453,
				"bytes":	10485760,
				"bits_per_second":	83899762.231275126,
				"retransmits":	0,
				"omitted":	false
			}
		}, {
			"streams":	[{
					"socket":	6,
					"start":	8.0000360012054443,
					"end":	9.000089168548584,
					"seconds":	1.0000531673431396,
					"bytes":	9175040,
					"bits_per_second":	73396417.70747453,
					"retransmits":	0,
					"snd_cwnd":	5014424,
					"rtt":	507311,
					"rttvar":	199,
					"pmtu":	1500,
					"omitted":	false
				}],
			"sum":	{
				"start":	8.0000360012054443,
				"end":	9.000089168548584,
				"seconds":	1.0000531673431396,
				"bytes":	9175040,
				"bits_per_second":	73396417.70747453,
				"retransmits":	0,
				"omitted":	false
			}
		}, {
			"streams":	[{
					"socket":	6,
					"start":	9.000089168548584,
					"end":	10.000104188919067,
					"seconds":	1.0000150203704834,
					"bytes":	9175040,
					"bits_per_second":	73399217.5165597,
					"retransmits":	0,
					"snd_cwnd":	5482128,
					"rtt":	551472,
					"rttvar":	412,
					"pmtu":	1500,
					"omitted":	false
				}],
			"sum":	{
				"start":	9.000089168548584,
				"end":	10.000104188919067,
				"seconds":	1.0000150203704834,
				"bytes":	9175040,
				"bits_per_second":	73399217.5165597,
				"retransmits":	0,
				"omitted":	false
			}
		}, {
			"streams":	[{
					"socket":	6,
					"start":	10.000104188919067,
					"end":	11.000207185745239,
					"seconds":	1.0001029968261719,
					"bytes":	9175040,
					"bits_per_second":	73392760.778575808,
					"retransmits":	0,
					"snd_cwnd":	3960280,
					"rtt":	604085,
					"rttvar":	523,
					"pmtu":	1500,
					"omitted":	false
				}],
			"sum":	{
				"start":	10.000104188919067,
				"end":	11.000207185745239,
				"seconds":	1.0001029968261719,
				"bytes":	9175040,
				"bits_per_second":	73392760.778575808,
				"retransmits":	0,
				"omitted":	false
			}
		}, {
			"streams":	[{
					"socket":	6,
					"start":	11.000207185745239,
					"end":	11.96161413192749,
					"seconds":	0.961406946182251,
					"bytes":	9175040,
					"bits_per_second":	76346775.204269975,
					"retransmits":	0,
					"snd_cwnd":	2163312,
					"rtt":	367260,
					"rttvar":	205,
					"pmtu":	1500,
					"omitted":	false
				}],
			"sum":	{
				"start":	11.000207185745239,
				"end":	11.96161413192749,
				"seconds":	0.961406946182251,
				"bytes":	9175040,
				"bits_per_second":	76346775.204269975,
				"retransmits":	0,
				"omitted":	false
			}
		}],
	"end":	{
		"streams":	[{
				"sender":	{
					"socket":	6,
					"start":	0,
					"end":	11.96161413192749,
					"seconds":	11.96161413192749,
					"bytes":	123390736,
					"bits_per_second":	82524471.790575549,
					"retransmits":	0,
					"max_snd_cwnd":	5482128,
					"max_rtt":	604085,
					"min_rtt":	115714,
					"mean_rtt":	357154
				},