{
	"start":	{
		"connected":	[{
				"socket":	6,
				"local_host":	"192.168.1.1",
				"local_port":	51152,
				"remote_host":	"192.168.17.1",
				"remote_port":	5003
			}],
		"version":	"iperf 3.6",
		"system_info":	"Linux ba-thesis 4.19.0-23-amd64 #1 SMP Debian 4.19.269-1 (2022-12-20) x86_64",
		"timestamp":	{
			"time":	"Tue, 13 Jun 2023 08:27:01 GMT",
			"timesecs":	1686644821
		},
		"connecting_to":	{
			"host":	"h2",
			"port":	5003
		},
		"cookie":	"hggak6bvmpjf6krurevikflkwnuq5wdrbatz",
		"tcp_mss_default":	1448,
		"sock_bufsize":	0,
		"sndbuf_actual":	87380,
		"rcvbuf_actual":	87380,
		"test_start":	{
			"protocol":	"TCP",
			"num_streams":	1,
			"blksize":	131072,
			"omit":	0,
			"duration":	0,
			"bytes":	286123179,
			"blocks":	0,
			"reverse":	0,
			"tos":	0
		}
	},
	"intervals":	[{
			"streams":	[{
					"socket":	6,
					"start":	0,
					"end":	1.0000820159912109,
					"seconds":	1.0000820159912109,
					"bytes":	16950192,
					"bits_per_second":	135590415.41768083,
					"retransmits":	0,
					"snd_cwnd":	1397320,
					"rtt":	110426,
					"rttvar":	423,
					"pmtu":	1500,
					"omitted":	false
				}],
			"sum":	{
				"start":	0,
				"end":	1.0000820159912109,
				"seconds":	1.0000820159912109,
				"bytes":	16950192,
				"bits_per_second":	135590415.41768083,
				"retransmits":	0,
				"omitted":	false
			}
		}, {
			"streams":	[{
					"socket":	6,
					"start":	1.0000820159912109,
					"end":	2.0000679492950439,
					"seconds":	0.999985933303833,
					"bytes":	14417920,
					"bits_per_second":	115344982.52282354,
					"retransmits":	0,
					"snd_cwnd":	1995344,
					"rtt":	158184,
					"rttvar":	319,
					"pmtu":	1500,
					"omitted":	false
				}],
			"sum":	{
				"start":	1.0000820159912109,
				"end":	2.0000679492950439,
				"seconds":	0.999985933303833,
				"bytes":	14417920,
				"bits_per_second":	115344982.52282354,
				"retransmits":	0,
				"omitted":	false
			}
		}, {
			"streams":	[{
					"socket":	6,
					"start":	2.0000679492950439,
					"end":	3.0000641345977783,
					"seconds":	0.99999618530273438,
					"bytes":	14417920,
					"bits_per_second":	115343800.00167847,
					"retransmits":	0,
					"snd_cwnd":	2593368,
					"rtt":	205944,
					"rttvar":	284,
					"pmtu":	1500,
					"omitted":	false
				}],
			"sum":	{
				"start":	2.0000679492950439,
				"end":	3.0000641345977783,
				"seconds":	0.99999618530273438,
				"bytes":	14417920,
				"bits_per_second":	115343800.00167847,
				"retransmits":	0,
				"omitted":	false
			}
		}, {
			"streams":	[{
					"socket":	6,
					"start":	3.0000641345977783,
					"end":	4.0001099109649658,
					"seconds":	1.0000457763671875,
					"bytes":	11796480,
					"bits_per_second":	94367520.197744861,
					"retransmits":	0,
					"snd_cwnd":	3191392,
					"rtt":	253417,
					"rttvar":	524,
					"pmtu":	1500,
					"omitted":	false
				}],
			"sum":	{
				"start":	3.0000641345977783,
				"end":	4.0001099109649658,
				"seconds":	1.0000457763671875,
				"bytes":	11796480,
				"bits_per_second":	94367520.197744861,
				"retransmits":	0,
				"omitted":	false
			}
		}, {
			"streams":	[{
					"socket":	6,
					"start":	4.0001099109649658,
					"end":	5.0001020431518555,
					"seconds":	0.99999213218688965,
					"bytes":	11796480,
					"bits_per_second":	94372582.5058419,
					"retransmits":	0,
					"snd_cwnd":	3789416,
					"rtt":	301224,
					"rttvar":	623,
					"pmtu":	1500,
					"omitted":	false
				}],
			"sum":	{
				"start":	4.0001099109649658,
				"end":	5.0001020431518555,
				"seconds":	0.99999213218688965,
				"bytes":	11796480,
				"bits_per_second":	94372582.5058419,
				"retransmits":	0,
				"omitted":	false
			}
		}, {
			"streams":	[{
					"socket":	6,
					"start":	5.0001020431518555,
					"end":	6.0000720024108887,
					"seconds":	0.9999699592590332,
					"bytes":	13107200,
					"bits_per_second":	104860750.09463118,
					"retransmits":	0,
					"snd_cwnd":	4385992,
					"rtt":	348787,
					"rttvar":	501,
					"pmtu":	1500,
					"omitted":	false
				}],
			"sum":	{
				"start":	5.0001020431518555,
				"end":	6.0000720024108887,
				"seconds":	0.9999699592590332,
				"bytes":	13107200,
				"bits_per_second":	104860750.09463118,
				"retransmits":	0,
				"omitted":	false
			}
		}, {
			"streams":	[{
					"socket":	6,
					"start":	6.0000720024108887,
					"end":	7.0000340938568115,
					"seconds":	0.99996209144592285,
					"bytes":	11796480,
					"bits_per_second":	94375417.635623,
					"retransmits":	0,
					"snd_cwnd":	4981120,
					"rtt":	396104,
					"rttvar":	671,
					"pmtu":	1500,
					"omitted":	false
				}],
			"sum":	{
				"start":	6.0000720024108887,
				"end":	7.0000340938568115,
				"seconds":	0.99996209144592285,
				"bytes":	11796480,
				"bits_per_second":	94375417.635623,
				"retransmits":	0,
				"omitted":	false
			}
		}, {
			"streams":	[{
					"socket":	6,
					"start":	7.0000340938568115,
					"end":	8.0000901222229,
					"seconds":	1.0000560283660889,
					"bytes":	11796480,
					"bits_per_second":	94366552.796233386,
					"retransmits":	0,
					"snd_cwnd":	5579144,
					"rtt":	443553,
					"rttvar":	353,
					"pmtu":	1500,
					"omitted":	false
				}],
			"sum":	{
				"start":	7.0000340938568115,
				"end":	8.0000901222229,
				"seconds":	1.0000560283660889,
				"bytes":	11796480,
				"bits_per_second":	94366552.796233386,
				"retransmits":	0,
				"omitted":	false
			}
		}, {
			"streams":	[{
					"socket":	6,
					"start":	8.0000901222229,
					"end":	9.0000710487365723,
					"seconds":	0.99998092651367188,
					"bytes":	11796480,
					"bits_per_second":	94373640.034332931,
					"retransmits":	0,
					"snd_cwnd":	6177168,
					"rtt":	491264,
					"rttvar":	508,
					"pmtu":	1500,
					"omitted":	false
				}],
			"sum":	{
				"start":	8.0000901222229,
				"end":	9.0000710487365723,
				"seconds":	0.99998092651367188,
				"bytes":	11796480,
				"bits_per_second":	94373640.034332931,
				"retransmits":	0,
				"omitted":	false
			}
		}, {
			"streams":	[{
					"socket":	6,
					"start":	9.0000710487365723,
					"end":	10.000082969665527,
					"seconds":	1.0000119209289551,
					"bytes":	11796480,
					"bits_per_second":	94370715.013410881,
					"retransmits":	0,
					"snd_cwnd":	6773744,
					"rtt":	538912,
					"rttvar":	653,
					"pmtu":	1500,
					"omitted":	false
				}],
			"sum":	{
				"start":	9.0000710487365723,
				"end":	10.000082969665527,
				"seconds":	1.0000119209289551,
				"bytes":	11796480,
				"bits_per_second":	94370715.013410881,
				"retransmits":	0,
				"omitted":	false
			}
		}, {
			"streams":	[{
					"socket":	6,
					"start":	10.000082969665527,
					"end":	11.000072956085205,
					"seconds":	0.99998998641967773,
					"bytes":	11796480,
					"bits_per_second":	94372785.009462923,
					"retransmits":	0,
					"snd_cwnd":	7371768,
					"rtt":	586406,
					"rttvar":	296,
					"pmtu":	1500,
					"omitted":	false
				}],
			"sum":	{
				"start":	10.000082969665527,
				"end":	11.000072956085205,
				"seconds":	0.99998998641967773,
				"bytes":	11796480,
				"bits_per_second":	94372785.009462923,
				"retransmits":	0,
				"omitted":	false
			}
		}, {
			"streams":	[{
					"socket":	6,
					"start":	11.000072956085205,
					"end":	12.000081062316895,
					"seconds":	1.0000081062316895,
					"bytes":	11796480,
					"bits_per_second":	94371075.006201223,
					"retransmits":	0,
					"snd_cwnd":	7969792,
					"rtt":	634374,
					"rttvar":	457,
					"pmtu":	1500,
					"omitted":	false
				}],
			"sum":	{
				"start":	11.000072956085205,
				"end":	12.000081062316895,
				"seconds":	1.0000081062316895,
				"bytes":	11796480,
				"bits_per_second":	94371075.006201223,
				"retransmits":	0,
				"omitted":	false
			}
		}, {
			"streams":	[{
					"socket":	6,
					"start":	12.000081062316895,
					"end":	13.000082969665527,
					"seconds":	1.0000019073486328,
					"bytes":	11796480,
					"bits_per_second":	94371660.000343323,
					"retransmits":	0,
					"snd_cwnd":	8567816,
					"rtt":	681680,
					"rttvar":	524,
					"pmtu":	1500,