{
	"start":	{
		"connected":	[{
				"socket":	6,
				"local_host":	"192.168.7.1",
				"local_port":	56398,
				"remote_host":	"192.168.15.1",
				"remote_port":	5008
			}],
		"version":	"iperf 3.6",
		"system_info":	"Linux ba-thesis 4.19.0-23-amd64 #1 SMP Debian 4.19.269-1 (2022-12-20) x86_64",
		"timestamp":	{
			"time":	"Tue, 13 Jun 2023 08:25:56 GMT",
			"timesecs":	1686644756
		},
		"connecting_to":	{
			"host":	"h0",
			"port":	5008
		},
		"cookie":	"ctx2bxeo24nspbhzp44ydhcfss3u5clmzcy6",
		"tcp_mss_default":	1448,
		"sock_bufsize":	0,
		"sndbuf_actual":	87380,
		"rcvbuf_actual":	87380,
		"test_start":	{
			"protocol":	"TCP",
			"num_streams":	1,
			"blksize":	131072,
			"omit":	0,
			"duration":	0,
			"bytes":	56698110,
			"blocks":	0,
			"reverse":	0,
			"tos":	0
		}
	},
	"intervals":	[{
			"streams":	[{
					"socket":	6,
					"start":	0,
					"end":	1.0001230239868164,
					"seconds":	1.0001230239868164,
					"bytes":	2664320,
					"bits_per_second":	21311938.120405644,
					"retransmits":	0,
					"snd_cwnd":	185344,
					"rtt":	70121,
					"rttvar":	497,
					"pmtu":	1500,
					"omitted":	false
				}],
			"sum":	{
				"start":	0,
				"end":	1.0001230239868164,
				"seconds":	1.0001230239868164,
				"bytes":	2664320,
				"bits_per_second":	21311938.120405644,
				"retransmits":	0,
				"omitted":	false
			}
		}, {
			"streams":	[{
					"socket":	6,
					"start":	1.0001230239868164,
					"end":	2.000169038772583,
					"seconds":	1.0000460147857666,
					"bytes":	2997360,
					"bits_per_second":	23977776.667743474,
					"retransmits":	0,
					"snd_cwnd":	309872,
					"rtt":	118183,
					"rttvar":	226,
					"pmtu":	1500,
					"omitted":	false
				}],
			"sum":	{
				"start":	1.0001230239868164,
				"end":	2.000169038772583,
				"seconds":	1.0000460147857666,
				"bytes":	2997360,
				"bits_per_second":	23977776.667743474,
				"retransmits":	0,
				"omitted":	false
			}
		}, {
			"streams":	[{
					"socket":	6,
					"start":	2.000169038772583,
					"end":	3.000236988067627,
					"seconds":	1.0000679492950439,
					"bytes":	2997360,
					"bits_per_second":	23977250.762713581,
					"retransmits":	0,
					"snd_cwnd":	432952,
					"rtt":	165460,
					"rttvar":	728,
					"pmtu":	1500,
					"omitted":	false
				}],
			"sum":	{
				"start":	2.000169038772583,
				"end":	3.000236988067627,
				"seconds":	1.0000679492950439,
				"bytes":	2997360,
				"bits_per_second":	23977250.762713581,
				"retransmits":	0,
				"omitted":	false
			}
		}, {
			"streams":	[{
					"socket":	6,
					"start":	3.000236988067627,
					"end":	4.0001389980316162,
					"seconds":	0.99990200996398926,
					"bytes":	4105080,
					"bits_per_second":	32843858.370864492,
					"retransmits":	0,
					"snd_cwnd":	599472,
					"rtt":	110259,
					"rttvar":	473,
					"pmtu":	1500,
					"omitted":	false
				}],
			"sum":	{
				"start":	3.000236988067627,
				"end":	4.0001389980316162,
				"seconds":	0.99990200996398926,
				"bytes":	4105080,
				"bits_per_second":	32843858.370864492,
				"retransmits":	0,
				"omitted":	false
			}
		}, {
			"streams":	[{
					"socket":	6,
					"start":	4.0001389980316162,
					"end":	5.0000760555267334,
					"seconds":	0.99993705749511719,
					"bytes":	6480920,
					"bits_per_second":	51850623.608129628,
					"retransmits":	0,
					"snd_cwnd":	845632,
					"rtt":	159209,
					"rttvar":	548,
					"pmtu":	1500,
					"omitted":	false
				}],
			"sum":	{
				"start":	4.0001389980316162,
				"end":	5.0000760555267334,
				"seconds":	0.99993705749511719,
				"bytes":	6480920,
				"bits_per_second":	51850623.608129628,
				"retransmits":	0,
				"omitted":	false
			}
		}, {
			"streams":	[{
					"socket":	6,
					"start":	5.0000760555267334,
					"end":	6.00019097328186,
					"seconds":	1.000114917755127,
					"bytes":	5242880,
					"bits_per_second":	41938220.553839937,
					"retransmits":	0,
					"snd_cwnd":	1094688,
					"rtt":	205763,
					"rttvar":	316,
					"pmtu":	1500,
					"omitted":	false
				}],
			"sum":	{
				"start":	5.0000760555267334,
				"end":	6.00019097328186,
				"seconds":	1.000114917755127,
				"bytes":	5242880,
				"bits_per_second":	41938220.553839937,
				"retransmits":	0,
				"omitted":	false
			}
		}, {
			"streams":	[{
					"socket":	6,
					"start":	6.00019097328186,
					"end":	7.0000741481781006,
					"seconds":	0.99988317489624023,
					"bytes":	6553600,
					"bits_per_second":	52434925.715637363,
					"retransmits":	0,
					"snd_cwnd":	1339400,
					"rtt":	252672,
					"rttvar":	736,
					"pmtu":	1500,
					"omitted":	false
				}],
			"sum":	{
				"start":	6.00019097328186,
				"end":	7.0000741481781006,
				"seconds":	0.99988317489624023,
				"bytes":	6553600,
				"bits_per_second":	52434925.715637363,
				"retransmits":	0,
				"omitted":	false
			}
		}, {
			"streams":	[{
					"socket":	6,
					"start":	7.0000741481781006,
					"end":	8.0000901222229,
					"seconds":	1.0000159740447998,
					"bytes":	5242880,
					"bits_per_second":	41942370.010702439,
					"retransmits":	0,
					"snd_cwnd":	1591352,
					"rtt":	302094,
					"rttvar":	984,
					"pmtu":	1500,
					"omitted":	false
				}],
			"sum":	{
				"start":	7.0000741481781006,
				"end":	8.0000901222229,
				"seconds":	1.0000159740447998,
				"bytes":	5242880,
				"bits_per_second":	41942370.010702439,
				"retransmits":	0,
				"omitted":	false
			}
		}, {
			"streams":	[{
					"socket":	6,
					"start":	8.0000901222229,
					"end":	9.0000741481781,
					"seconds":	0.9999840259552002,
					"bytes":	6553600,
					"bits_per_second":	52429637.513378479,
					"retransmits":	0,
					"snd_cwnd":	1840408,
					"rtt":	356404,
					"rttvar":	541,
					"pmtu":	1500,
					"omitted":	false
				}],
			"sum":	{
				"start":	8.0000901222229,
				"end":	9.0000741481781,
				"seconds":	0.9999840259552002,
				"bytes":	6553600,
				"bits_per_second":	52429637.513378479,
				"retransmits":	0,
				"omitted":	false
			}
		}, {
			"streams":	[{
					"socket":	6,
					"start":	9.0000741481781,
					"end":	10.000198125839233,
					"seconds":	1.0001239776611328,
					"bytes":	5242880,
					"bits_per_second":	41937840.644603923,
					"retransmits":	0,
					"snd_cwnd":	2090912,
					"rtt":	395505,
					"rttvar":	450,
					"pmtu":	1500,
					"omitted":	false
				}],
			"sum":	{
				"start":	9.0000741481781,
				"end":	10.000198125839233,
				"seconds":	1.0001239776611328,
				"bytes":	5242880,
				"bits_per_second":	41937840.644603923,
				"retransmits":	0,
				"omitted":	false
			}
		}, {
			"streams":	[{
					"socket":	6,
					"start":	10.000198125839233,
					"end":	11.000087022781372,
					"seconds":	0.99988889694213867,
					"bytes":	6553600,
					"bits_per_second":	52434625.647247225,
					"retransmits":	0,
					"snd_cwnd":	2339968,
					"rtt":	447234,
					"rttvar":	762,
					"pmtu":	1500,
					"omitted":	false
				}],
			"sum":	{
				"start":	10.000198125839233,
				"end":	11.000087022781372,
				"seconds":	0.99988889694213867,
				"bytes":	6553600,
				"bits_per_second":	52434625.647247225,
				"retransmits":	0,
				"omitted":	false
			}
		}, {
			"streams":	[{
					"socket":	6,
					"start":	11.000087022781372,
					"end":	11.370326995849609,
					"seconds":	0.3702399730682373,
					"bytes":	2621440,
					"bits_per_second":	56643046.4712,
					"retransmits":	0,
					"snd_cwnd":	2434088,
					"rtt":	460107,
					"rttvar":	326,
					"pmtu":	1500,
					"omitted":	false
				}],
			"sum":	{
				"start":	11.000087022781372,
				"end":	11.370326995849609,
				"seconds":	0.3702399730682373,
				"bytes":	2621440,
				"bits_per_second":	56643046.4712,
				"retransmits":	0,
				"omitted":	false
			}
		}],
	"end":	{
		"streams":	[{
				"sender":	{
					"socket":	6,
					"start":	0,
					"end":	11.370326995849609,
					"seconds":	11.370326995849609,
					"bytes":	57255920,
					"bits_per_second":	40284449.177864119,
					"retransmits":	0,
					"max_snd_cwnd":	2434088,
					"max_rtt":	460107,
					"min_rtt":	70121,
					"mean_rtt":	253584
				},
				"receiver":	{
					"socket":	6,
					"start":	0,