{
	"start":	{
		"connected":	[{
				"socket":	6,
				"local_host":	"192.168.12.1",
				"local_port":	58868,
				"remote_host":	"192.168.12.2",
				"remote_port":	5004
			}],
		"version":	"iperf 3.6",
		"system_info":	"Linux ba-thesis 4.19.0-23-amd64 #1 SMP Debian 4.19.269-1 (2022-12-20) x86_64",
		"timestamp":	{
			"time":	"Sun, 11 Jun 2023 08:49:02 GMT",
			"timesecs":	1686473342
		},
		"connecting_to":	{
			"host":	"h5",
			"port":	5004
		},
		"cookie":	"qny4esmwqz34de5hkjkfj54vfe6ipyewbapz",
		"tcp_mss_default":	1448,
		"sock_bufsize":	0,
		"sndbuf_actual":	87380,
		"rcvbuf_actual":	87380,
		"test_start":	{
			"protocol":	"TCP",
			"num_streams":	1,
			"blksize":	131072,
			"omit":	0,
			"duration":	0,
			"bytes":	24634037,
			"blocks":	0,
			"reverse":	0,
			"tos":	0
		}
	},
	"intervals":	[{
			"streams":	[{
					"socket":	6,
					"start":	0,
					"end":	1.000169038772583,
					"seconds":	1.000169038772583,
					"bytes":	2781608,
					"bits_per_second":	22249103.038931224,
					"retransmits":	0,
					"snd_cwnd":	212856,
					"rtt":	157257,
					"rttvar":	1825,
					"pmtu":	1500,
					"omitted":	false
				}],
			"sum":	{
				"start":	0,
				"end":	1.000169038772583,
				"seconds":	1.000169038772583,
				"bytes":	2781608,
				"bits_per_second":	22249103.038931224,
				"retransmits":	0,
				"omitted":	false
			}
		}, {
			"streams":	[{
					"socket":	6,
					"start":	1.000169038772583,
					"end":	2.0001020431518555,
					"seconds":	0.99993300437927246,
					"bytes":	1563840,
					"bits_per_second":	12511558.219609192,
					"retransmits":	0,
					"snd_cwnd":	267880,
					"rtt":	246891,
					"rttvar":	1717,
					"pmtu":	1500,
					"omitted":	false
				}],
			"sum":	{
				"start":	1.000169038772583,
				"end":	2.0001020431518555,
				"seconds":	0.99993300437927246,
				"bytes":	1563840,
				"bits_per_second":	12511558.219609192,
				"retransmits":	0,
				"omitted":	false
			}
		}, {
			"streams":	[{
					"socket":	6,
					"start":	2.0001020431518555,
					"end":	3.0000729560852051,
					"seconds":	0.99997091293334961,
					"bytes":	1238040,
					"bits_per_second":	9904608.0959958341,
					"retransmits":	0,
					"snd_cwnd":	315664,
					"rtt":	323384,
					"rttvar":	1953,
					"pmtu":	1500,
					"omitted":	false
				}],
			"sum":	{
				"start":	2.0001020431518555,
				"end":	3.0000729560852051,
				"seconds":	0.99997091293334961,
				"bytes":	1238040,
				"bits_per_second":	9904608.0959958341,
				"retransmits":	0,
				"omitted":	false
			}
		}, {
			"streams":	[{
					"socket":	6,
					"start":	3.0000729560852051,
					"end":	4.0003161430358887,
					"seconds":	1.0002431869506836,
					"bytes":	716760,
					"bits_per_second":	5732685.8856002539,
					"retransmits":	0,
					"snd_cwnd":	360552,
					"rtt":	392397,
					"rttvar":	1852,
					"pmtu":	1500,
					"omitted":	false
				}],
			"sum":	{
				"start":	3.0000729560852051,
				"end":	4.0003161430358887,
				"seconds":	1.0002431869506836,
				"bytes":	716760,
				"bits_per_second":	5732685.8856002539,
				"retransmits":	0,
				"omitted":	false
			}
		}, {
			"streams":	[{
					"socket":	6,
					"start":	4.0003161430358887,
					"end":	5.0006420612335205,
					"seconds":	1.0003259181976318,
					"bytes":	781920,
					"bits_per_second":	6253321.9285878232,
					"retransmits":	0,
					"snd_cwnd":	402544,
					"rtt":	457546,
					"rttvar":	1551,
					"pmtu":	1500,
					"omitted":	false
				}],
			"sum":	{
				"start":	4.0003161430358887,
				"end":	5.0006420612335205,
				"seconds":	1.0003259181976318,
				"bytes":	781920,
				"bits_per_second":	6253321.9285878232,
				"retransmits":	0,
				"omitted":	false
			}
		}, {
			"streams":	[{
					"socket":	6,
					"start":	5.0006420612335205,
					"end":	6.0004911422729492,
					"seconds":	0.99984908103942871,
					"bytes":	1759320,
					"bits_per_second":	14076684.438583761,
					"retransmits":	0,
					"snd_cwnd":	443088,
					"rtt":	520952,
					"rttvar":	2343,
					"pmtu":	1500,
					"omitted":	false
				}],
			"sum":	{
				"start":	5.0006420612335205,
				"end":	6.0004911422729492,
				"seconds":	0.99984908103942871,
				"bytes":	1759320,
				"bits_per_second":	14076684.438583761,
				"retransmits":	0,
				"omitted":	false
			}
		}, {
			"streams":	[{
					"socket":	6,
					"start":	6.0004911422729492,
					"end":	7.0000829696655273,
					"seconds":	0.99959182739257812,
					"bytes":	977400,
					"bits_per_second":	7822392.8865007609,
					"retransmits":	0,
					"snd_cwnd":	482184,
					"rtt":	582105,
					"rttvar":	1766,
					"pmtu":	1500,
					"omitted":	false
				}],
			"sum":	{
				"start":	6.0004911422729492,
				"end":	7.0000829696655273,
				"seconds":	0.99959182739257812,
				"bytes":	977400,
				"bits_per_second":	7822392.8865007609,
				"retransmits":	0,
				"omitted":	false
			}
		}, {
			"streams":	[{
					"socket":	6,
					"start":	7.0000829696655273,
					"end":	8.0008859634399414,
					"seconds":	1.0008029937744141,
					"bytes":	0,
					"bits_per_second":	0,
					"retransmits":	0,
					"snd_cwnd":	521280,
					"rtt":	639013,
					"rttvar":	1776,
					"pmtu":	1500,
					"omitted":	false
				}],
			"sum":	{
				"start":	7.0000829696655273,
				"end":	8.0008859634399414,
				"seconds":	1.0008029937744141,
				"bytes":	0,
				"bits_per_second":	0,
				"retransmits":	0,
				"omitted":	false
			}
		}, {
			"streams":	[{
					"socket":	6,
					"start":	8.0008859634399414,
					"end":	9.0008230209350586,
					"seconds":	0.99993705749511719,
					"bytes":	1042560,
					"bits_per_second":	8341005.0037481757,
					"retransmits":	0,
					"snd_cwnd":	558928,
					"rtt":	700729,
					"rttvar":	1748,
					"pmtu":	1500,
					"omitted":	false
				}],
			"sum":	{
				"start":	8.0008859634399414,
				"end":	9.0008230209350586,
				"seconds":	0.99993705749511719,
				"bytes":	1042560,
				"bits_per_second":	8341005.0037481757,
				"retransmits":	0,
				"omitted":	false
			}
		}, {
			"streams":	[{
					"socket":	6,
					"start":	9.0008230209350586,
					"end":	10.000322103500366,
					"seconds":	0.99949908256530762,
					"bytes":	1172880,
					"bits_per_second":	9387742.48388258,
					"retransmits":	0,
					"snd_cwnd":	621192,
					"rtt":	740020,
					"rttvar":	255,
					"pmtu":	1500,
					"omitted":	false
				}],
			"sum":	{
				"start":	9.0008230209350586,
				"end":	10.000322103500366,
				"seconds":	0.99949908256530762,
				"bytes":	1172880,
				"bits_per_second":	9387742.48388258,
				"retransmits":	0,
				"omitted":	false
			}
		}, {
			"streams":	[{
					"socket":	6,
					"start":	10.000322103500366,
					"end":	11.000688076019287,
					"seconds":	1.0003659725189209,
					"bytes":	1303200,
					"bits_per_second":	10421785.912757853,
					"retransmits":	0,
					"snd_cwnd":	763096,
					"rtt":	746292,
					"rttvar":	273,
					"pmtu":	1500,
					"omitted":	false
				}],
			"sum":	{
				"start":	10.000322103500366,
				"end":	11.000688076019287,
				"seconds":	1.0003659725189209,
				"bytes":	1303200,
				"bits_per_second":	10421785.912757853,
				"retransmits":	0,
				"omitted":	false
			}
		}, {
			"streams":	[{
					"socket":	6,
					"start":	11.000688076019287,
					"end":	11.857963085174561,
					"seconds":	0.85727500915527344,
					"bytes":	11796480,
					"bits_per_second":	110083507.61675704,
					"retransmits":	0,
					"snd_cwnd":	1268448,
					"rtt":	100109,
					"rttvar":	368,
					"pmtu":	1500,
					"omitted":	false
				}],
			"sum":	{
				"start":	11.000688076019287,
				"end":	11.857963085174561,
				"seconds":	0.85727500915527344,
				"bytes":	11796480,
				"bits_per_second":	110083507.61675704,
				"retransmits":	0,
				"omitted":	false
			}
		}],
	"end":	{
		"streams":	[{
				"sender":	{
					"socket":	6,
					"start":	0,
					"end":	11.857963085174561,
					"seconds":	11.857963085174561,
					"bytes":	25134008,
					"bits_per_second":	16956711.920565069,
					"retransmits":	0,
					"max_snd_cwnd":	1268448,
					"max_rtt":	746292,
					"min_rtt":	100109,
					"mean_rtt":	467224
				},
				"receiver":	{
					"socket":	6,
					"start":	0,