{
	"start":	{
		"connected":	[{
				"socket":	6,
				"local_host":	"192.168.14.2",
				"local_port":	56698,
				"remote_host":	"192.168.21.1",
				"remote_port":	5004
			}],
		"version":	"iperf 3.6",
		"system_info":	"Linux ba-thesis 4.19.0-23-amd64 #1 SMP Debian 4.19.269-1 (2022-12-20) x86_64",
		"timestamp":	{
			"time":	"Sun, 11 Jun 2023 08:49:15 GMT",
			"timesecs":	1686473355
		},
		"connecting_to":	{
			"host":	"h2",
			"port":	5004
		},
		"cookie":	"hxipiot7tvurgsbewflpq4pcnofw2excvadt",
		"tcp_mss_default":	1448,
		"sock_bufsize":	0,
		"sndbuf_actual":	87380,
		"rcvbuf_actual":	87380,
		"test_start":	{
			"protocol":	"TCP",
			"num_streams":	1,
			"blksize":	131072,
			"omit":	0,
			"duration":	0,
			"bytes":	87396231,
			"blocks":	0,
			"reverse":	0,
			"tos":	0
		}
	},
	"intervals":	[{
			"streams":	[{
					"socket":	6,
					"start":	0,
					"end":	1.0000741481781006,
					"seconds":	1.0000741481781006,
					"bytes":	16950192,
					"bits_per_second":	135591482.13863346,
					"retransmits":	0,
					"snd_cwnd":	1390080,
					"rtt":	109852,
					"rttvar":	419,
					"pmtu":	1500,
					"omitted":	false
				}],
			"sum":	{
				"start":	0,
				"end":	1.0000741481781006,
				"seconds":	1.0000741481781006,
				"bytes":	16950192,
				"bits_per_second":	135591482.13863346,
				"retransmits":	0,
				"omitted":	false
			}
		}, {
			"streams":	[{
					"socket":	6,
					"start":	1.0000741481781006,
					"end":	2.0000572204589844,
					"seconds":	0.99998307228088379,
					"bytes":	14417920,
					"bits_per_second":	115345312.53305194,
					"retransmits":	0,
					"snd_cwnd":	1988104,
					"rtt":	157484,
					"rttvar":	672,
					"pmtu":	1500,
					"omitted":	false
				}],
			"sum":	{
				"start":	1.0000741481781006,
				"end":	2.0000572204589844,
				"seconds":	0.99998307228088379,
				"bytes":	14417920,
				"bits_per_second":	115345312.53305194,
				"retransmits":	0,
				"omitted":	false
			}
		}, {
			"streams":	[{
					"socket":	6,
					"start":	2.0000572204589844,
					"end":	3.0000810623168945,
					"seconds":	1.0000238418579102,
					"bytes":	14417920,
					"bits_per_second":	115340610.06556354,
					"retransmits":	0,
					"snd_cwnd":	2584680,
					"rtt":	205164,
					"rttvar":	685,
					"pmtu":	1500,
					"omitted":	false
				}],
			"sum":	{
				"start":	2.0000572204589844,
				"end":	3.0000810623168945,
				"seconds":	1.0000238418579102,
				"bytes":	14417920,
				"bits_per_second":	115340610.06556354,
				"retransmits":	0,
				"omitted":	false
			}
		}, {
			"streams":	[{
					"socket":	6,
					"start":	3.0000810623168945,
					"end":	4.0001351833343506,
					"seconds":	1.0000541210174561,
					"bytes":	11796480,
					"bits_per_second":	94366732.776408136,
					"retransmits":	0,
					"snd_cwnd":	3182704,
					"rtt":	252687,
					"rttvar":	381,
					"pmtu":	1500,
					"omitted":	false
				}],
			"sum":	{
				"start":	3.0000810623168945,
				"end":	4.0001351833343506,
				"seconds":	1.0000541210174561,
				"bytes":	11796480,
				"bits_per_second":	94366732.776408136,
				"retransmits":	0,
				"omitted":	false
			}
		}, {
			"streams":	[{
					"socket":	6,
					"start":	4.0001351833343506,
					"end":	5.0000731945037842,
					"seconds":	0.99993801116943359,
					"bytes":	13107200,
					"bits_per_second":	104864100.40295237,
					"retransmits":	0,
					"snd_cwnd":	3780728,
					"rtt":	300490,
					"rttvar":	456,
					"pmtu":	1500,
					"omitted":	false
				}],
			"sum":	{
				"start":	4.0001351833343506,
				"end":	5.0000731945037842,
				"seconds":	0.99993801116943359,
				"bytes":	13107200,
				"bits_per_second":	104864100.40295237,
				"retransmits":	0,
				"omitted":	false
			}
		}, {
			"streams":	[{
					"socket":	6,
					"start":	5.0000731945037842,
					"end":	6.00006103515625,
					"seconds":	0.99998784065246582,
					"bytes":	11796480,
					"bits_per_second":	94372987.513953015,
					"retransmits":	0,
					"snd_cwnd":	4378752,
					"rtt":	347798,
					"rttvar":	425,
					"pmtu":	1500,
					"omitted":	false
				}],
			"sum":	{
				"start":	5.0000731945037842,
				"end":	6.00006103515625,
				"seconds":	0.99998784065246582,
				"bytes":	11796480,
				"bits_per_second":	94372987.513953015,
				"retransmits":	0,
				"omitted":	false
			}
		}, {
			"streams":	[{
					"socket":	6,
					"start":	6.00006103515625,
					"end":	6.4292402267456055,
					"seconds":	0.42917919158935547,
					"bytes":	5242880,
					"bits_per_second":	97728503.203230023,
					"retransmits":	0,
					"snd_cwnd":	4635048,
					"rtt":	368300,
					"rttvar":	254,
					"pmtu":	1500,
					"omitted":	false
				}],
			"sum":	{
				"start":	6.00006103515625,
				"end":	6.4292402267456055,
				"seconds":	0.42917919158935547,
				"bytes":	5242880,
				"bits_per_second":	97728503.203230023,
				"retransmits":	0,
				"omitted":	false
			}
		}],
	"end":	{
		"streams":	[{
				"sender":	{
					"socket":	6,
					"start":	0,
					"end":	6.4292402267456055,
					"seconds":	6.4292402267456055,
					"bytes":	87729072,
					"bits_per_second":	109162599.5059852,
					"retransmits":	0,
					"max_snd_cwnd":	4635048,
					"max_rtt":	368300,
					"min_rtt":	109852,
					"mean_rtt":	248825
				},
				"receiver":	{
					"socket":	6,
					"start":	0,
					"end":	6.8374929428100586,
					"seconds":	6.4292402267456055,
					"bytes":	80434952,
					"bits_per_second":	94110461.448687673
				}
			}],
		"sum_sent":	{
			"start":	0,
			"end":	6.4292402267456055,
			"seconds":	6.4292402267456055,
			"bytes":	87729072,
			"bits_per_second":	109162599.5059852,
			"retransmits":	0
		},
		"sum_received":	{
			"start":	0,
			"end":	6.8374929428100586,
			"seconds":	6.8374929428100586,
			"bytes":	80434952,
			"bits_per_second":	94110461.448687673
		},
		"cpu_utilization_percent":	{
			"host_total":	0.86126375292647717,
			"host_user":	0.15871210742749009,
			"host_system":	0.70255164549898708,
			"remote_total":	0.31872392476924716,
			"remote_user":	0.038410288568370851,
			"remote_system":	0.28031761036420466
		},
		"sender_tcp_congestion":	"cubic",
		"receiver_tcp_congestion":	"cubic"
	}
}
