{
	"start":	{
		"connected":	[{
				"socket":	6,
				"local_host":	"192.168.15.1",
				"local_port":	43350,
				"remote_host":	"192.168.21.1",
				"remote_port":	5007
			}],
		"version":	"iperf 3.6",
		"system_info":	"Linux ba-thesis 4.19.0-23-amd64 #1 SMP Debian 4.19.269-1 (2022-12-20) x86_64",
		"timestamp":	{
			"time":	"Thu, 01 Jun 2023 10:15:06 GMT",
			"timesecs":	1685614506
		},
		"connecting_to":	{
			"host":	"h3",
			"port":	5007
		},
		"cookie":	"3mmbalurfhkvnejlkbkvj2m5n5k4d2yoyrel",
		"tcp_mss_default":	1448,
		"sock_bufsize":	0,
		"sndbuf_actual":	87380,
		"rcvbuf_actual":	87380,
		"test_start":	{
			"protocol":	"TCP",
			"num_streams":	1,
			"blksize":	131072,
			"omit":	0,
			"duration":	0,
			"bytes":	8542208,
			"blocks":	0,
			"reverse":	0,
			"tos":	0
		}
	},
	"intervals":	[{
			"streams":	[{
					"socket":	6,
					"start":	0,
					"end":	1.0003070831298828,
					"seconds":	1.0003070831298828,
					"bytes":	926720,
					"bits_per_second":	7411484.0582783073,
					"retransmits":	0,
					"snd_cwnd":	89776,
					"rtt":	139938,
					"rttvar":	3531,
					"pmtu":	1500,
					"omitted":	false
				}],
			"sum":	{
				"start":	0,
				"end":	1.0003070831298828,
				"seconds":	1.0003070831298828,
				"bytes":	926720,
				"bits_per_second":	7411484.0582783073,
				"retransmits":	0,
				"omitted":	false
			}
		}, {
			"streams":	[{
					"socket":	6,
					"start":	1.0003070831298828,
					"end":	2.0002210140228271,
					"seconds":	0.99991393089294434,
					"bytes":	716760,
					"bits_per_second":	5734573.5696264831,
					"retransmits":	0,
					"snd_cwnd":	115840,
					"rtt":	234463,
					"rttvar":	10979,
					"pmtu":	1500,
					"omitted":	false
				}],
			"sum":	{
				"start":	1.0003070831298828,
				"end":	2.0002210140228271,
				"seconds":	0.99991393089294434,
				"bytes":	716760,
				"bits_per_second":	5734573.5696264831,
				"retransmits":	0,
				"omitted":	false
			}
		}, {
			"streams":	[{
					"socket":	6,
					"start":	2.0002210140228271,
					"end":	3.0001130104064941,
					"seconds":	0.999891996383667,
					"bytes":	586440,
					"bits_per_second":	4692026.7558575636,
					"retransmits":	0,
					"snd_cwnd":	139008,
					"rtt":	334002,
					"rttvar":	703,
					"pmtu":	1500,
					"omitted":	false
				}],
			"sum":	{
				"start":	2.0002210140228271,
				"end":	3.0001130104064941,
				"seconds":	0.999891996383667,
				"bytes":	586440,
				"bits_per_second":	4692026.7558575636,
				"retransmits":	0,
				"omitted":	false
			}
		}, {
			"streams":	[{
					"socket":	6,
					"start":	3.0001130104064941,
					"end":	4.0003299713134766,
					"seconds":	1.0002169609069824,
					"bytes":	325800,
					"bits_per_second":	2605834.6357539808,
					"retransmits":	0,
					"snd_cwnd":	153488,
					"rtt":	413268,
					"rttvar":	10794,
					"pmtu":	1500,
					"omitted":	false
				}],
			"sum":	{
				"start":	3.0001130104064941,
				"end":	4.0003299713134766,
				"seconds":	1.0002169609069824,
				"bytes":	325800,
				"bits_per_second":	2605834.6357539808,
				"retransmits":	0,
				"omitted":	false
			}
		}, {
			"streams":	[{
					"socket":	6,
					"start":	4.0003299713134766,
					"end":	5.0000360012054443,
					"seconds":	0.99970602989196777,
					"bytes":	325800,
					"bits_per_second":	2607166.42899679,
					"retransmits":	0,
					"snd_cwnd":	169416,
					"rtt":	502583,
					"rttvar":	12450,
					"pmtu":	1500,
					"omitted":	false
				}],
			"sum":	{
				"start":	4.0003299713134766,
				"end":	5.0000360012054443,
				"seconds":	0.99970602989196777,
				"bytes":	325800,
				"bits_per_second":	2607166.42899679,
				"retransmits":	0,
				"omitted":	false
			}
		}, {
			"streams":	[{
					"socket":	6,
					"start":	5.0000360012054443,
					"end":	6.0006370544433594,
					"seconds":	1.000601053237915,
					"bytes":	390960,
					"bits_per_second":	3125801.227051402,
					"retransmits":	0,
					"snd_cwnd":	186792,
					"rtt":	601369,
					"rttvar":	723,
					"pmtu":	1500,
					"omitted":	false
				}],
			"sum":	{
				"start":	5.0000360012054443,
				"end":	6.0006370544433594,
				"seconds":	1.000601053237915,
				"bytes":	390960,
				"bits_per_second":	3125801.227051402,
				"retransmits":	0,
				"omitted":	false
			}
		}, {
			"streams":	[{
					"socket":	6,
					"start":	6.0006370544433594,
					"end":	7.0005021095275879,
					"seconds":	0.99986505508422852,
					"bytes":	390960,
					"bits_per_second":	3128102.1214773073,
					"retransmits":	0,
					"snd_cwnd":	205616,
					"rtt":	676331,
					"rttvar":	21218,
					"pmtu":	1500,
					"omitted":	false
				}],
			"sum":	{
				"start":	6.0006370544433594,
				"end":	7.0005021095275879,
				"seconds":	0.99986505508422852,
				"bytes":	390960,
				"bits_per_second":	3128102.1214773073,
				"retransmits":	0,
				"omitted":	false
			}
		}, {
			"streams":	[{
					"socket":	6,
					"start":	7.0005021095275879,
					"end":	8.00068187713623,
					"seconds":	1.0001797676086426,
					"bytes":	521280,
					"bits_per_second":	4169490.4606706272,
					"retransmits":	0,
					"snd_cwnd":	280912,
					"rtt":	798609,
					"rttvar":	2540,
					"pmtu":	1500,
					"omitted":	false
				}],
			"sum":	{
				"start":	7.0005021095275879,
				"end":	8.00068187713623,
				"seconds":	1.0001797676086426,
				"bytes":	521280,
				"bits_per_second":	4169490.4606706272,
				"retransmits":	0,
				"omitted":	false
			}
		}, {
			"streams":	[{
					"socket":	6,
					"start":	8.00068187713623,
					"end":	9.0008499622344971,
					"seconds":	1.0001680850982666,
					"bytes":	651600,
					"bits_per_second":	5211923.9532501595,
					"retransmits":	0,
					"snd_cwnd":	398200,
					"rtt":	889160,
					"rttvar":	1026,
					"pmtu":	1500,
					"omitted":	false
				}],
			"sum":	{
				"start":	8.00068187713623,
				"end":	9.0008499622344971,
				"seconds":	1.0001680850982666,
				"bytes":	651600,
				"bits_per_second":	5211923.9532501595,
				"retransmits":	0,
				"omitted":	false
			}
		}, {
			"streams":	[{
					"socket":	6,
					"start":	9.0008499622344971,
					"end":	10.000293970108032,
					"seconds":	0.99944400787353516,
					"bytes":	847080,
					"bits_per_second":	6780409.8544933032,
					"retransmits":	0,
					"snd_cwnd":	524176,
					"rtt":	980341,
					"rttvar":	642,
					"pmtu":	1500,
					"omitted":	false
				}],
			"sum":	{
				"start":	9.0008499622344971,
				"end":	10.000293970108032,
				"seconds":	0.99944400787353516,
				"bytes":	847080,
				"bits_per_second":	6780409.8544933032,
				"retransmits":	0,
				"omitted":	false
			}
		}, {
			"streams":	[{
					"socket":	6,
					"start":	10.000293970108032,
					"end":	11.000452995300293,
					"seconds":	1.0001590251922607,
					"bytes":	1107720,
					"bits_per_second":	8860350.9809817523,
					"retransmits":	0,
					"snd_cwnd":	671872,
					"rtt":	1077796,
					"rttvar":	1483,
					"pmtu":	1500,
					"omitted":	false
				}],
			"sum":	{
				"start":	10.000293970108032,
				"end":	11.000452995300293,
				"seconds":	1.0001590251922607,
				"bytes":	1107720,
				"bits_per_second":	8860350.9809817523,
				"retransmits":	0,
				"omitted":	false
			}
		}, {
			"streams":	[{
					"socket":	6,
					"start":	11.000452995300293,
					"end":	12.00064492225647,
					"seconds":	1.0001919269561768,
					"bytes":	1310720,
					"bits_per_second":	10483747.886178881,
					"retransmits":	0,
					"snd_cwnd":	857216,
					"rtt":	1009830,
					"rttvar":	2039,
					"pmtu":	1500,
					"omitted":	false
				}],
			"sum":	{
				"start":	11.000452995300293,
				"end":	12.00064492225647,
				"seconds":	1.0001919269561768,
				"bytes":	1310720,
				"bits_per_second":	10483747.886178881,
				"retransmits":	0,
				"omitted":	false
			}
		}, {
			"streams":	[{
					"socket":	6,
					"start":	12.00064492225647,
					"end":	12.019185066223145,
					"seconds":	0.018540143966674805,
					"bytes":	1310720,
					"bits_per_second":	565570581.26666927,
					"retransmits":	0,
					"snd_cwnd":	890520,
					"rtt":	1007814,
					"rttvar":	1040,
					"pmtu":	1500,
					"omitted":	false
				}],