{
	"start":	{
		"connected":	[{
				"socket":	6,
				"local_host":	"192.168.15.1",
				"local_port":	51038,
				"remote_host":	"192.168.20.1",
				"remote_port":	5008
			}],
		"version":	"iperf 3.6",
		"system_info":	"Linux ba-thesis 4.19.0-23-amd64 #1 SMP Debian 4.19.269-1 (2022-12-20) x86_64",
		"timestamp":	{
			"time":	"Sat, 10 Jun 2023 17:36:26 GMT",
			"timesecs":	1686418586
		},
		"connecting_to":	{
			"host":	"h0",
			"port":	5008
		},
		"cookie":	"fre34sf7s4lwyiyjsduyefn2pg7ge6xlovsd",
		"tcp_mss_default":	1448,
		"sock_bufsize":	0,
		"sndbuf_actual":	87380,
		"rcvbuf_actual":	87380,
		"test_start":	{
			"protocol":	"TCP",
			"num_streams":	1,
			"blksize":	131072,
			"omit":	0,
			"duration":	0,
			"bytes":	56698110,
			"blocks":	0,
			"reverse":	0,
			"tos":	0
		}
	},
	"intervals":	[{
			"streams":	[{
					"socket":	6,
					"start":	0,
					"end":	1.0000870227813721,
					"seconds":	1.0000870227813721,
					"bytes":	16950192,
					"bits_per_second":	135589736.6039952,
					"retransmits":	0,
					"snd_cwnd":	1400216,
					"rtt":	110552,
					"rttvar":	414,
					"pmtu":	1500,
					"omitted":	false
				}],
			"sum":	{
				"start":	0,
				"end":	1.0000870227813721,
				"seconds":	1.0000870227813721,
				"bytes":	16950192,
				"bits_per_second":	135589736.6039952,
				"retransmits":	0,
				"omitted":	false
			}
		}, {
			"streams":	[{
					"socket":	6,
					"start":	1.0000870227813721,
					"end":	2.00007700920105,
					"seconds":	0.99998998641967773,
					"bytes":	14417920,
					"bits_per_second":	115344515.0115658,
					"retransmits":	0,
					"snd_cwnd":	1996792,
					"rtt":	158205,
					"rttvar":	304,
					"pmtu":	1500,
					"omitted":	false
				}],
			"sum":	{
				"start":	1.0000870227813721,
				"end":	2.00007700920105,
				"seconds":	0.99998998641967773,
				"bytes":	14417920,
				"bits_per_second":	115344515.0115658,
				"retransmits":	0,
				"omitted":	false
			}
		}, {
			"streams":	[{
					"socket":	6,
					"start":	2.00007700920105,
					"end":	3.0000901222229004,
					"seconds":	1.0000131130218506,
					"bytes":	14417920,
					"bits_per_second":	115341847.51983319,
					"retransmits":	0,
					"snd_cwnd":	2594816,
					"rtt":	205896,
					"rttvar":	311,
					"pmtu":	1500,
					"omitted":	false
				}],
			"sum":	{
				"start":	2.00007700920105,
				"end":	3.0000901222229004,
				"seconds":	1.0000131130218506,
				"bytes":	14417920,
				"bits_per_second":	115341847.51983319,
				"retransmits":	0,
				"omitted":	false
			}
		}, {
			"streams":	[{
					"socket":	6,
					"start":	3.0000901222229004,
					"end":	3.9297559261322021,
					"seconds":	0.92966580390930176,
					"bytes":	11796480,
					"bits_per_second":	101511575.02315415,
					"retransmits":	0,
					"snd_cwnd":	3132024,
					"rtt":	280378,
					"rttvar":	681,
					"pmtu":	1500,
					"omitted":	false
				}],
			"sum":	{
				"start":	3.0000901222229004,
				"end":	3.9297559261322021,
				"seconds":	0.92966580390930176,
				"bytes":	11796480,
				"bits_per_second":	101511575.02315415,
				"retransmits":	0,
				"omitted":	false
			}
		}],
	"end":	{
		"streams":	[{
				"sender":	{
					"socket":	6,
					"start":	0,
					"end":	3.9297559261322021,
					"seconds":	3.9297559261322021,
					"bytes":	57582512,
					"bits_per_second":	117223589.62211609,
					"retransmits":	0,
					"max_snd_cwnd":	3132024,
					"max_rtt":	280378,
					"min_rtt":	110552,
					"mean_rtt":	188757
				},
				"receiver":	{
					"socket":	6,
					"start":	0,
					"end":	4.2128150463104248,
					"seconds":	3.9297559261322021,
					"bytes":	48673072,
					"bits_per_second":	92428595.0651981
				}
			}],
		"sum_sent":	{
			"start":	0,
			"end":	3.9297559261322021,
			"seconds":	3.9297559261322021,
			"bytes":	57582512,
			"bits_per_second":	117223589.62211609,
			"retransmits":	0
		},
		"sum_received":	{
			"start":	0,
			"end":	4.2128150463104248,
			"seconds":	4.2128150463104248,
			"bytes":	48673072,
			"bits_per_second":	92428595.0651981
		},
		"cpu_utilization_percent":	{
			"host_total":	1.250048842434307,
			"host_user":	0.11026179544788511,
			"host_system":	1.1398114682035754,
			"remote_total":	0.054181124354451833,
			"remote_user":	0.0035713471023747492,
			"remote_system":	0.050609777252077083
		},
		"sender_tcp_congestion":	"cubic",
		"receiver_tcp_congestion":	"cubic"
	}
}
