{
	"start":	{
		"connected":	[{
				"socket":	6,
				"local_host":	"192.168.12.1",
				"local_port":	40262,
				"remote_host":	"192.168.26.1",
				"remote_port":	5003
			}],
		"version":	"iperf 3.6",
		"system_info":	"Linux ba-thesis 4.19.0-23-amd64 #1 SMP Debian 4.19.269-1 (2022-12-20) x86_64",
		"timestamp":	{
			"time":	"Mon, 12 Jun 2023 20:52:17 GMT",
			"timesecs":	1686603137
		},
		"connecting_to":	{
			"host":	"h6",
			"port":	5003
		},
		"cookie":	"aj6y7pz3tdbhbierky5m3rk53yrkjexkgozh",
		"tcp_mss_default":	1448,
		"sock_bufsize":	0,
		"sndbuf_actual":	87380,
		"rcvbuf_actual":	87380,
		"test_start":	{
			"protocol":	"TCP",
			"num_streams":	1,
			"blksize":	131072,
			"omit":	0,
			"duration":	0,
			"bytes":	24035328,
			"blocks":	0,
			"reverse":	0,
			"tos":	0
		}
	},
	"intervals":	[{
			"streams":	[{
					"socket":	6,
					"start":	0,
					"end":	1.0001227855682373,
					"seconds":	1.0001227855682373,
					"bytes":	16950192,
					"bits_per_second":	135584888.13246626,
					"retransmits":	0,
					"snd_cwnd":	1392976,
					"rtt":	111223,
					"rttvar":	579,
					"pmtu":	1500,
					"omitted":	false
				}],
			"sum":	{
				"start":	0,
				"end":	1.0001227855682373,
				"seconds":	1.0001227855682373,
				"bytes":	16950192,
				"bits_per_second":	135584888.13246626,
				"retransmits":	0,
				"omitted":	false
			}
		}, {
			"streams":	[{
					"socket":	6,
					"start":	1.0001227855682373,
					"end":	1.5218589305877686,
					"seconds":	0.52173614501953125,
					"bytes":	7864320,
					"bits_per_second":	120586930.00394824,
					"retransmits":	0,
					"snd_cwnd":	1699952,
					"rtt":	137586,
					"rttvar":	691,
					"pmtu":	1500,
					"omitted":	false
				}],
			"sum":	{
				"start":	1.0001227855682373,
				"end":	1.5218589305877686,
				"seconds":	0.52173614501953125,
				"bytes":	7864320,
				"bits_per_second":	120586930.00394824,
				"retransmits":	0,
				"omitted":	false
			}
		}],
	"end":	{
		"streams":	[{
				"sender":	{
					"socket":	6,
					"start":	0,
					"end":	1.5218589305877686,
					"seconds":	1.5218589305877686,
					"bytes":	24814512,
					"bits_per_second":	130443165.26981224,
					"retransmits":	0,
					"max_snd_cwnd":	1699952,
					"max_rtt":	137586,
					"min_rtt":	111223,
					"mean_rtt":	124404
				},
				"receiver":	{
					"socket":	6,
					"start":	0,
					"end":	1.6765511035919189,
					"seconds":	1.5218589305877686,
					"bytes":	18647344,
					"bits_per_second":	88979543.588258475
				}
			}],
		"sum_sent":	{
			"start":	0,
			"end":	1.5218589305877686,
			"seconds":	1.5218589305877686,
			"bytes":	24814512,
			"bits_per_second":	130443165.26981224,
			"retransmits":	0
		},
		"sum_received":	{
			"start":	0,
			"end":	1.6765511035919189,
			"seconds":	1.6765511035919189,
			"bytes":	18647344,
			"bits_per_second":	88979543.588258475
		},
		"cpu_utilization_percent":	{
			"host_total":	2.61372017665708,
			"host_user":	0.25318949337773294,
			"host_system":	2.3604713466275125,
			"remote_total":	0.98891846749517043,
			"remote_user":	0,
			"remote_system":	0.98891846749517043
		},
		"sender_tcp_congestion":	"cubic",
		"receiver_tcp_congestion":	"cubic"
	}
}
