{
	"start":	{
		"connected":	[{
				"socket":	6,
				"local_host":	"192.168.16.1",
				"local_port":	50338,
				"remote_host":	"192.168.16.2",
				"remote_port":	5006
			}],
		"version":	"iperf 3.6",
		"system_info":	"Linux ba-thesis 4.19.0-23-amd64 #1 SMP Debian 4.19.269-1 (2022-12-20) x86_64",
		"timestamp":	{
			"time":	"Sun, 11 Jun 2023 23:44:42 GMT",
			"timesecs":	1686527082
		},
		"connecting_to":	{
			"host":	"h5",
			"port":	5006
		},
		"cookie":	"5syjvgvravmydn55ljrf7gg2ko6glorzln7c",
		"tcp_mss_default":	1448,
		"sock_bufsize":	0,
		"sndbuf_actual":	87380,
		"rcvbuf_actual":	87380,
		"test_start":	{
			"protocol":	"TCP",
			"num_streams":	1,
			"blksize":	131072,
			"omit":	0,
			"duration":	0,
			"bytes":	47330484,
			"blocks":	0,
			"reverse":	0,
			"tos":	0
		}
	},
	"intervals":	[{
			"streams":	[{
					"socket":	6,
					"start":	0,
					"end":	1.0000879764556885,
					"seconds":	1.0000879764556885,
					"bytes":	15239592,
					"bits_per_second":	121906011.14121267,
					"retransmits":	0,
					"snd_cwnd":	796400,
					"rtt":	62633,
					"rttvar":	382,
					"pmtu":	1500,
					"omitted":	false
				}],
			"sum":	{
				"start":	0,
				"end":	1.0000879764556885,
				"seconds":	1.0000879764556885,
				"bytes":	15239592,
				"bits_per_second":	121906011.14121267,
				"retransmits":	0,
				"omitted":	false
			}
		}, {
			"streams":	[{
					"socket":	6,
					"start":	1.0000879764556885,
					"end":	2.0000870227813721,
					"seconds":	0.99999904632568359,
					"bytes":	14417920,
					"bits_per_second":	115343470.0001049,
					"retransmits":	0,
					"snd_cwnd":	1394424,
					"rtt":	110280,
					"rttvar":	359,
					"pmtu":	1500,
					"omitted":	false
				}],
			"sum":	{
				"start":	1.0000879764556885,
				"end":	2.0000870227813721,
				"seconds":	0.99999904632568359,
				"bytes":	14417920,
				"bits_per_second":	115343470.0001049,
				"retransmits":	0,
				"omitted":	false
			}
		}, {
			"streams":	[{
					"socket":	6,
					"start":	2.0000870227813721,
					"end":	3.0000858306884766,
					"seconds":	0.99999880790710449,
					"bytes":	14417920,
					"bits_per_second":	115343497.50016391,
					"retransmits":	0,
					"snd_cwnd":	1991000,
					"rtt":	157965,
					"rttvar":	735,
					"pmtu":	1500,
					"omitted":	false
				}],
			"sum":	{
				"start":	2.0000870227813721,
				"end":	3.0000858306884766,
				"seconds":	0.99999880790710449,
				"bytes":	14417920,
				"bits_per_second":	115343497.50016391,
				"retransmits":	0,
				"omitted":	false
			}
		}, {
			"streams":	[{
					"socket":	6,
					"start":	3.0000858306884766,
					"end":	3.2619948387145996,
					"seconds":	0.26190900802612305,
					"bytes":	3932160,
					"bits_per_second":	120107667.30429685,
					"retransmits":	0,
					"snd_cwnd":	2148832,
					"rtt":	170397,
					"rttvar":	485,
					"pmtu":	1500,
					"omitted":	false
				}],
			"sum":	{
				"start":	3.0000858306884766,
				"end":	3.2619948387145996,
				"seconds":	0.26190900802612305,
				"bytes":	3932160,
				"bits_per_second":	120107667.30429685,
				"retransmits":	0,
				"omitted":	false
			}
		}],
	"end":	{
		"streams":	[{
				"sender":	{
					"socket":	6,
					"start":	0,
					"end":	3.2619948387145996,
					"seconds":	3.2619948387145996,
					"bytes":	48007592,
					"bits_per_second":	117737996.22299233,
					"retransmits":	0,
					"max_snd_cwnd":	2148832,
					"max_rtt":	170397,
					"min_rtt":	62633,
					"mean_rtt":	125318
				},
				"receiver":	{
					"socket":	6,
					"start":	0,
					"end":	3.4747109413146973,
					"seconds":	3.2619948387145996,
					"bytes":	40564272,
					"bits_per_second":	93393143.050114065
				}
			}],
		"sum_sent":	{
			"start":	0,
			"end":	3.2619948387145996,
			"seconds":	3.2619948387145996,
			"bytes":	48007592,
			"bits_per_second":	117737996.22299233,
			"retransmits":	0
		},
		"sum_received":	{
			"start":	0,
			"end":	3.4747109413146973,
			"seconds":	3.4747109413146973,
			"bytes":	40564272,
			"bits_per_second":	93393143.050114065
		},
		"cpu_utilization_percent":	{
			"host_total":	1.4600189834333106,
			"host_user":	0.61564861588229447,
			"host_system":	0.84431135781116351,
			"remote_total":	1.0030019946985946,
			"remote_user":	0.20390953161216382,
			"remote_system":	0.799092463086431
		},
		"sender_tcp_congestion":	"cubic",
		"receiver_tcp_congestion":	"cubic"
	}
}
