{
	"start":	{
		"connected":	[{
				"socket":	6,
				"local_host":	"192.168.34.1",
				"local_port":	49054,
				"remote_host":	"192.168.34.2",
				"remote_port":	5013
			}],
		"version":	"iperf 3.6",
		"system_info":	"Linux ba-thesis 4.19.0-23-amd64 #1 SMP Debian 4.19.269-1 (2022-12-20) x86_64",
		"timestamp":	{
			"time":	"Mon, 05 Jun 2023 11:49:42 GMT",
			"timesecs":	1685965782
		},
		"connecting_to":	{
			"host":	"h19",
			"port":	5013
		},
		"cookie":	"k3vmaelh6lkpiiahms7jbtxufft5zyftmgdx",
		"tcp_mss_default":	1448,
		"sock_bufsize":	0,
		"sndbuf_actual":	87380,
		"rcvbuf_actual":	87380,
		"test_start":	{
			"protocol":	"TCP",
			"num_streams":	1,
			"blksize":	131072,
			"omit":	0,
			"duration":	0,
			"bytes":	359287986,
			"blocks":	0,
			"reverse":	0,
			"tos":	0
		}
	},
	"intervals":	[{
			"streams":	[{
					"socket":	6,
					"start":	0,
					"end":	1.0000779628753662,
					"seconds":	1.0000779628753662,
					"bytes":	1799864,
					"bits_per_second":	14397789.506931122,
					"retransmits":	0,
					"snd_cwnd":	383720,
					"rtt":	170641,
					"rttvar":	783,
					"pmtu":	1500,
					"omitted":	false
				}],
			"sum":	{
				"start":	0,
				"end":	1.0000779628753662,
				"seconds":	1.0000779628753662,
				"bytes":	1799864,
				"bits_per_second":	14397789.506931122,
				"retransmits":	0,
				"omitted":	false
			}
		}, {
			"streams":	[{
					"socket":	6,
					"start":	1.0000779628753662,
					"end":	2.0001318454742432,
					"seconds":	1.000053882598877,
					"bytes":	11195000,
					"bits_per_second":	89555174.5344532,
					"retransmits":	0,
					"snd_cwnd":	1691264,
					"rtt":	170352,
					"rttvar":	536,
					"pmtu":	1500,
					"omitted":	false
				}],
			"sum":	{
				"start":	1.0000779628753662,
				"end":	2.0001318454742432,
				"seconds":	1.000053882598877,
				"bytes":	11195000,
				"bits_per_second":	89555174.5344532,
				"retransmits":	0,
				"omitted":	false
			}
		}, {
			"streams":	[{
					"socket":	6,
					"start":	2.0001318454742432,
					"end":	3.0000708103179932,
					"seconds":	0.99993896484375,
					"bytes":	13107200,
					"bits_per_second":	104864000.39064884,
					"retransmits":	0,
					"snd_cwnd":	2238608,
					"rtt":	180222,
					"rttvar":	633,
					"pmtu":	1500,
					"omitted":	false
				}],
			"sum":	{
				"start":	2.0001318454742432,
				"end":	3.0000708103179932,
				"seconds":	0.99993896484375,
				"bytes":	13107200,
				"bits_per_second":	104864000.39064884,
				"retransmits":	0,
				"omitted":	false
			}
		}, {
			"streams":	[{
					"socket":	6,
					"start":	3.0000708103179932,
					"end":	4.0000638961791992,
					"seconds":	0.999993085861206,
					"bytes":	14417920,
					"bits_per_second":	115344157.50551407,
					"retransmits":	0,
					"snd_cwnd":	2830840,
					"rtt":	226875,
					"rttvar":	446,
					"pmtu":	1500,
					"omitted":	false
				}],
			"sum":	{
				"start":	3.0000708103179932,
				"end":	4.0000638961791992,
				"seconds":	0.999993085861206,
				"bytes":	14417920,
				"bits_per_second":	115344157.50551407,
				"retransmits":	0,
				"omitted":	false
			}
		}, {
			"streams":	[{
					"socket":	6,
					"start":	4.0000638961791992,
					"end":	5.0000870227813721,
					"seconds":	1.0000231266021729,
					"bytes":	11796480,
					"bits_per_second":	94369657.550472647,
					"retransmits":	0,
					"snd_cwnd":	3421624,
					"rtt":	274333,
					"rttvar":	522,
					"pmtu":	1500,
					"omitted":	false
				}],
			"sum":	{
				"start":	4.0000638961791992,
				"end":	5.0000870227813721,
				"seconds":	1.0000231266021729,
				"bytes":	11796480,
				"bits_per_second":	94369657.550472647,
				"retransmits":	0,
				"omitted":	false
			}
		}, {
			"streams":	[{
					"socket":	6,
					"start":	5.0000870227813721,
					"end":	6.0000448226928711,
					"seconds":	0.999957799911499,
					"bytes":	11796480,
					"bits_per_second":	94375822.668068945,
					"retransmits":	0,
					"snd_cwnd":	4010960,
					"rtt":	325946,
					"rttvar":	484,
					"pmtu":	1500,
					"omitted":	false
				}],
			"sum":	{
				"start":	5.0000870227813721,
				"end":	6.0000448226928711,
				"seconds":	0.999957799911499,
				"bytes":	11796480,
				"bits_per_second":	94375822.668068945,
				"retransmits":	0,
				"omitted":	false
			}
		}, {
			"streams":	[{
					"socket":	6,
					"start":	6.0000448226928711,
					"end":	7.0000648498535156,
					"seconds":	1.0000200271606445,
					"bytes":	11796480,
					"bits_per_second":	94369950.037850574,
					"retransmits":	0,
					"snd_cwnd":	4603192,
					"rtt":	369985,
					"rttvar":	575,
					"pmtu":	1500,
					"omitted":	false
				}],
			"sum":	{
				"start":	6.0000448226928711,
				"end":	7.0000648498535156,
				"seconds":	1.0000200271606445,
				"bytes":	11796480,
				"bits_per_second":	94369950.037850574,
				"retransmits":	0,
				"omitted":	false
			}
		}, {
			"streams":	[{
					"socket":	6,
					"start":	7.0000648498535156,
					"end":	8.00008487701416,
					"seconds":	1.0000200271606445,
					"bytes":	11796480,
					"bits_per_second":	94369950.037850574,
					"retransmits":	0,
					"snd_cwnd":	5195424,
					"rtt":	417043,
					"rttvar":	515,
					"pmtu":	1500,
					"omitted":	false
				}],
			"sum":	{
				"start":	7.0000648498535156,
				"end":	8.00008487701416,
				"seconds":	1.0000200271606445,
				"bytes":	11796480,
				"bits_per_second":	94369950.037850574,
				"retransmits":	0,
				"omitted":	false
			}
		}, {
			"streams":	[{
					"socket":	6,
					"start":	8.00008487701416,
					"end":	9.0000698566436768,
					"seconds":	0.9999849796295166,
					"bytes":	11796480,
					"bits_per_second":	94373257.521291688,
					"retransmits":	0,
					"snd_cwnd":	5776072,
					"rtt":	464056,
					"rttvar":	638,
					"pmtu":	1500,
					"omitted":	false
				}],
			"sum":	{
				"start":	8.00008487701416,
				"end":	9.0000698566436768,
				"seconds":	0.9999849796295166,
				"bytes":	11796480,
				"bits_per_second":	94373257.521291688,
				"retransmits":	0,
				"omitted":	false
			}
		}, {
			"streams":	[{
					"socket":	6,
					"start":	9.0000698566436768,
					"end":	10.00003981590271,
					"seconds":	0.9999699592590332,
					"bytes":	11796480,
					"bits_per_second":	94374675.085168064,
					"retransmits":	0,
					"snd_cwnd":	6369752,
					"rtt":	511929,
					"rttvar":	300,
					"pmtu":	1500,
					"omitted":	false
				}],
			"sum":	{
				"start":	9.0000698566436768,
				"end":	10.00003981590271,
				"seconds":	0.9999699592590332,
				"bytes":	11796480,
				"bits_per_second":	94374675.085168064,
				"retransmits":	0,
				"omitted":	false
			}
		}, {
			"streams":	[{
					"socket":	6,
					"start":	10.00003981590271,
					"end":	11.000034809112549,
					"seconds":	0.99999499320983887,
					"bytes":	14417920,
					"bits_per_second":	115343937.50289144,
					"retransmits":	0,
					"snd_cwnd":	7083616,
					"rtt":	563352,
					"rttvar":	690,
					"pmtu":	1500,
					"omitted":	false
				}],
			"sum":	{
				"start":	10.00003981590271,
				"end":	11.000034809112549,
				"seconds":	0.99999499320983887,
				"bytes":	14417920,
				"bits_per_second":	115343937.50289144,
				"retransmits":	0,
				"omitted":	false
			}
		}, {
			"streams":	[{
					"socket":	6,
					"start":	11.000034809112549,
					"end":	12.000053882598877,
					"seconds":	1.0000190734863281,
					"bytes":	11796480,
					"bits_per_second":	94370040.03433162,
					"retransmits":	0,
					"snd_cwnd":	7681640,
					"rtt":	611216,
					"rttvar":	573,
					"pmtu":	1500,
					"omitted":	false
				}],
			"sum":	{
				"start":	11.000034809112549,
				"end":	12.000053882598877,
				"seconds":	1.0000190734863281,
				"bytes":	11796480,
				"bits_per_second":	94370040.03433162,
				"retransmits":	0,
				"omitted":	false
			}
		}, {
			"streams":	[{
					"socket":	6,
					"start":	12.000053882598877,
					"end":	13.000067949295044,
					"seconds":	1.000014066696167,
					"bytes":	11796480,
					"bits_per_second":	94370512.518673271,
					"retransmits":	0,
					"snd_cwnd":	8278216,
					"rtt":	658541,
					"rttvar":	403,
					"pmtu":	1500,
					"omitted":	false
				}],