{
	"start":	{
		"connected":	[{
				"socket":	6,
				"local_host":	"192.168.17.1",
				"local_port":	44184,
				"remote_host":	"192.168.22.1",
				"remote_port":	5007
			}],
		"version":	"iperf 3.6",
		"system_info":	"Linux ba-thesis 4.19.0-23-amd64 #1 SMP Debian 4.19.269-1 (2022-12-20) x86_64",
		"timestamp":	{
			"time":	"Mon, 12 Jun 2023 13:56:23 GMT",
			"timesecs":	1686578183
		},
		"connecting_to":	{
			"host":	"h4",
			"port":	5007
		},
		"cookie":	"mbnqpss4tzzx7me6il6m4un4wsev35hshegz",
		"tcp_mss_default":	1448,
		"sock_bufsize":	0,
		"sndbuf_actual":	87380,
		"rcvbuf_actual":	87380,
		"test_start":	{
			"protocol":	"TCP",
			"num_streams":	1,
			"blksize":	131072,
			"omit":	0,
			"duration":	0,
			"bytes":	140624896,
			"blocks":	0,
			"reverse":	0,
			"tos":	0
		}
	},
	"intervals":	[{
			"streams":	[{
					"socket":	6,
					"start":	0,
					"end":	1.0000829696655273,
					"seconds":	1.0000829696655273,
					"bytes":	16950192,
					"bits_per_second":	135590286.11931193,
					"retransmits":	0,
					"snd_cwnd":	1390080,
					"rtt":	109897,
					"rttvar":	418,
					"pmtu":	1500,
					"omitted":	false
				}],
			"sum":	{
				"start":	0,
				"end":	1.0000829696655273,
				"seconds":	1.0000829696655273,
				"bytes":	16950192,
				"bits_per_second":	135590286.11931193,
				"retransmits":	0,
				"omitted":	false
			}
		}, {
			"streams":	[{
					"socket":	6,
					"start":	1.0000829696655273,
					"end":	2.0000808238983154,
					"seconds":	0.99999785423278809,
					"bytes":	14417920,
					"bits_per_second":	115343607.50053108,
					"retransmits":	0,
					"snd_cwnd":	1986656,
					"rtt":	157522,
					"rttvar":	648,
					"pmtu":	1500,
					"omitted":	false
				}],
			"sum":	{
				"start":	1.0000829696655273,
				"end":	2.0000808238983154,
				"seconds":	0.99999785423278809,
				"bytes":	14417920,
				"bits_per_second":	115343607.50053108,
				"retransmits":	0,
				"omitted":	false
			}
		}, {
			"streams":	[{
					"socket":	6,
					"start":	2.0000808238983154,
					"end":	3.00014591217041,
					"seconds":	1.0000650882720947,
					"bytes":	14417920,
					"bits_per_second":	115335852.9886184,
					"retransmits":	0,
					"snd_cwnd":	2584680,
					"rtt":	205154,
					"rttvar":	699,
					"pmtu":	1500,
					"omitted":	false
				}],
			"sum":	{
				"start":	2.0000808238983154,
				"end":	3.00014591217041,
				"seconds":	1.0000650882720947,
				"bytes":	14417920,
				"bits_per_second":	115335852.9886184,
				"retransmits":	0,
				"omitted":	false
			}
		}, {
			"streams":	[{
					"socket":	6,
					"start":	3.00014591217041,
					"end":	4.000154972076416,
					"seconds":	1.0000090599060059,
					"bytes":	11796480,
					"bits_per_second":	94370985.007746145,
					"retransmits":	0,
					"snd_cwnd":	3182704,
					"rtt":	252646,
					"rttvar":	382,
					"pmtu":	1500,
					"omitted":	false
				}],
			"sum":	{
				"start":	3.00014591217041,
				"end":	4.000154972076416,
				"seconds":	1.0000090599060059,
				"bytes":	11796480,
				"bits_per_second":	94370985.007746145,
				"retransmits":	0,
				"omitted":	false
			}
		}, {
			"streams":	[{
					"socket":	6,
					"start":	4.000154972076416,
					"end":	5.0001499652862549,
					"seconds":	0.99999499320983887,
					"bytes":	11796480,
					"bits_per_second":	94372312.502365723,
					"retransmits":	0,
					"snd_cwnd":	3779280,
					"rtt":	300399,
					"rttvar":	632,
					"pmtu":	1500,
					"omitted":	false
				}],
			"sum":	{
				"start":	4.000154972076416,
				"end":	5.0001499652862549,
				"seconds":	0.99999499320983887,
				"bytes":	11796480,
				"bits_per_second":	94372312.502365723,
				"retransmits":	0,
				"omitted":	false
			}
		}, {
			"streams":	[{
					"socket":	6,
					"start":	5.0001499652862549,
					"end":	6.0000739097595215,
					"seconds":	0.9999239444732666,
					"bytes":	13107200,
					"bits_per_second":	104865575.60658896,
					"retransmits":	0,
					"snd_cwnd":	4377304,
					"rtt":	347664,
					"rttvar":	209,
					"pmtu":	1500,
					"omitted":	false
				}],
			"sum":	{
				"start":	5.0001499652862549,
				"end":	6.0000739097595215,
				"seconds":	0.9999239444732666,
				"bytes":	13107200,
				"bits_per_second":	104865575.60658896,
				"retransmits":	0,
				"omitted":	false
			}
		}, {
			"streams":	[{
					"socket":	6,
					"start":	6.0000739097595215,
					"end":	7.0000820159912109,
					"seconds":	1.0000081062316895,
					"bytes":	11796480,
					"bits_per_second":	94371075.006201223,
					"retransmits":	0,
					"snd_cwnd":	4975328,
					"rtt":	395505,
					"rttvar":	292,
					"pmtu":	1500,
					"omitted":	false
				}],
			"sum":	{
				"start":	6.0000739097595215,
				"end":	7.0000820159912109,
				"seconds":	1.0000081062316895,
				"bytes":	11796480,
				"bits_per_second":	94371075.006201223,
				"retransmits":	0,
				"omitted":	false
			}
		}, {
			"streams":	[{
					"socket":	6,
					"start":	7.0000820159912109,
					"end":	8.0000748634338379,
					"seconds":	0.999992847442627,
					"bytes":	11796480,
					"bits_per_second":	94372515.004828,
					"retransmits":	0,
					"snd_cwnd":	5573352,
					"rtt":	443301,
					"rttvar":	614,
					"pmtu":	1500,
					"omitted":	false
				}],
			"sum":	{
				"start":	7.0000820159912109,
				"end":	8.0000748634338379,
				"seconds":	0.999992847442627,
				"bytes":	11796480,
				"bits_per_second":	94372515.004828,
				"retransmits":	0,
				"omitted":	false
			}
		}, {
			"streams":	[{
					"socket":	6,
					"start":	8.0000748634338379,
					"end":	9.0000808238983154,
					"seconds":	1.0000059604644775,
					"bytes":	11796480,
					"bits_per_second":	94371277.503352746,
					"retransmits":	0,
					"snd_cwnd":	6169928,
					"rtt":	490587,
					"rttvar":	254,
					"pmtu":	1500,
					"omitted":	false
				}],
			"sum":	{
				"start":	8.0000748634338379,
				"end":	9.0000808238983154,
				"seconds":	1.0000059604644775,
				"bytes":	11796480,
				"bits_per_second":	94371277.503352746,
				"retransmits":	0,
				"omitted":	false
			}
		}, {
			"streams":	[{
					"socket":	6,
					"start":	9.0000808238983154,
					"end":	10.000079870223999,
					"seconds":	0.99999904632568359,
					"bytes":	11796480,
					"bits_per_second":	94371930.000085831,
					"retransmits":	0,
					"snd_cwnd":	6767952,
					"rtt":	538300,
					"rttvar":	446,
					"pmtu":	1500,
					"omitted":	false
				}],
			"sum":	{
				"start":	9.0000808238983154,
				"end":	10.000079870223999,
				"seconds":	0.99999904632568359,
				"bytes":	11796480,
				"bits_per_second":	94371930.000085831,
				"retransmits":	0,
				"omitted":	false
			}
		}, {
			"streams":	[{
					"socket":	6,
					"start":	10.000079870223999,
					"end":	10.951550006866455,
					"seconds":	0.951470136642456,
					"bytes":	11796480,
					"bits_per_second":	99185288.497880727,
					"retransmits":	0,
					"snd_cwnd":	7332672,
					"rtt":	590025,
					"rttvar":	337,
					"pmtu":	1500,
					"omitted":	false
				}],
			"sum":	{
				"start":	10.000079870223999,
				"end":	10.951550006866455,
				"seconds":	0.951470136642456,
				"bytes":	11796480,
				"bits_per_second":	99185288.497880727,
				"retransmits":	0,
				"omitted":	false
			}
		}],
	"end":	{
		"streams":	[{
				"sender":	{
					"socket":	6,
					"start":	0,
					"end":	10.951550006866455,
					"seconds":	10.951550006866455,
					"bytes":	141468592,
					"bits_per_second":	103341420.64734314,
					"retransmits":	0,
					"max_snd_cwnd":	7332672,
					"max_rtt":	590025,
					"min_rtt":	109897,
					"mean_rtt":	348272
				},
				"receiver":	{
					"socket":	6,
					"start":	0,
					"end":	11.585479974746704,
					"seconds":	10.951550006866455,
					"bytes":	137087952,
					"bits_per_second":	94661905.971140176
				}
			}],
		"sum_sent":	{
			"start":	0,
			"end":	10.951550006866455,
			"seconds":	10.951550006866455,
			"bytes":	141468592,
			"bits_per_second":	103341420.64734314,
			"retransmits":	0
		},
		"sum_received":	{
			"start":	0,
			"end":	11.585479974746704,
			"seconds":	11.585479974746704,
			"bytes":	137087952,
			"bits_per_second":	94661905.971140176
		},