{
	"start":	{
		"connected":	[{
				"socket":	6,
				"local_host":	"192.168.5.2",
				"local_port":	46162,
				"remote_host":	"192.168.5.1",
				"remote_port":	5008
			}],
		"version":	"iperf 3.6",
		"system_info":	"Linux ba-thesis 4.19.0-23-amd64 #1 SMP Debian 4.19.269-1 (2022-12-20) x86_64",
		"timestamp":	{
			"time":	"Mon, 12 Jun 2023 12:10:42 GMT",
			"timesecs":	1686571842
		},
		"connecting_to":	{
			"host":	"h1",
			"port":	5008
		},
		"cookie":	"rkhoell4raqkuuja3qvhh4j4vcl7qrrth2v6",
		"tcp_mss_default":	1448,
		"sock_bufsize":	0,
		"sndbuf_actual":	87380,
		"rcvbuf_actual":	87380,
		"test_start":	{
			"protocol":	"TCP",
			"num_streams":	1,
			"blksize":	131072,
			"omit":	0,
			"duration":	0,
			"bytes":	73016320,
			"blocks":	0,
			"reverse":	0,
			"tos":	0
		}
	},
	"intervals":	[{
			"streams":	[{
					"socket":	6,
					"start":	0,
					"end":	1.0000829696655273,
					"seconds":	1.0000829696655273,
					"bytes":	12264560,
					"bits_per_second":	98108339.9838461,
					"retransmits":	0,
					"snd_cwnd":	621192,
					"rtt":	48618,
					"rttvar":	224,
					"pmtu":	1500,
					"omitted":	false
				}],
			"sum":	{
				"start":	0,
				"end":	1.0000829696655273,
				"seconds":	1.0000829696655273,
				"bytes":	12264560,
				"bits_per_second":	98108339.9838461,
				"retransmits":	0,
				"omitted":	false
			}
		}, {
			"streams":	[{
					"socket":	6,
					"start":	1.0000829696655273,
					"end":	2.0000629425048828,
					"seconds":	0.99997997283935547,
					"bytes":	9175040,
					"bits_per_second":	73401790.029440522,
					"retransmits":	0,
					"snd_cwnd":	996224,
					"rtt":	123659,
					"rttvar":	616,
					"pmtu":	1500,
					"omitted":	false
				}],
			"sum":	{
				"start":	1.0000829696655273,
				"end":	2.0000629425048828,
				"seconds":	0.99997997283935547,
				"bytes":	9175040,
				"bits_per_second":	73401790.029440522,
				"retransmits":	0,
				"omitted":	false
			}
		}, {
			"streams":	[{
					"socket":	6,
					"start":	2.0000629425048828,
					"end":	3.0001540184020996,
					"seconds":	1.0000910758972168,
					"bytes":	7864320,
					"bits_per_second":	62908830.521817364,
					"retransmits":	0,
					"snd_cwnd":	1352432,
					"rtt":	210863,
					"rttvar":	5365,
					"pmtu":	1500,
					"omitted":	false
				}],
			"sum":	{
				"start":	2.0000629425048828,
				"end":	3.0001540184020996,
				"seconds":	1.0000910758972168,
				"bytes":	7864320,
				"bits_per_second":	62908830.521817364,
				"retransmits":	0,
				"omitted":	false
			}
		}, {
			"streams":	[{
					"socket":	6,
					"start":	3.0001540184020996,
					"end":	4.0000579357147217,
					"seconds":	0.99990391731262207,
					"bytes":	6553600,
					"bits_per_second":	52433837.984063044,
					"retransmits":	0,
					"snd_cwnd":	1649272,
					"rtt":	269730,
					"rttvar":	356,
					"pmtu":	1500,
					"omitted":	false
				}],
			"sum":	{
				"start":	3.0001540184020996,
				"end":	4.0000579357147217,
				"seconds":	0.99990391731262207,
				"bytes":	6553600,
				"bits_per_second":	52433837.984063044,
				"retransmits":	0,
				"omitted":	false
			}
		}, {
			"streams":	[{
					"socket":	6,
					"start":	4.0000579357147217,
					"end":	5.0000700950622559,
					"seconds":	1.0000121593475342,
					"bytes":	6553600,
					"bits_per_second":	52428162.507751487,
					"retransmits":	0,
					"snd_cwnd":	1937424,
					"rtt":	322546,
					"rttvar":	335,
					"pmtu":	1500,
					"omitted":	false
				}],
			"sum":	{
				"start":	4.0000579357147217,
				"end":	5.0000700950622559,
				"seconds":	1.0000121593475342,
				"bytes":	6553600,
				"bits_per_second":	52428162.507751487,
				"retransmits":	0,
				"omitted":	false
			}
		}, {
			"streams":	[{
					"socket":	6,
					"start":	5.0000700950622559,
					"end":	6.0000898838043213,
					"seconds":	1.0000197887420654,
					"bytes":	7864320,
					"bits_per_second":	62913315.0246365,
					"retransmits":	0,
					"snd_cwnd":	2218336,
					"rtt":	378443,
					"rttvar":	635,
					"pmtu":	1500,
					"omitted":	false
				}],
			"sum":	{
				"start":	5.0000700950622559,
				"end":	6.0000898838043213,
				"seconds":	1.0000197887420654,
				"bytes":	7864320,
				"bits_per_second":	62913315.0246365,
				"retransmits":	0,
				"omitted":	false
			}
		}, {
			"streams":	[{
					"socket":	6,
					"start":	6.0000898838043213,
					"end":	7.00019907951355,
					"seconds":	1.0001091957092285,
					"bytes":	5242880,
					"bits_per_second":	41938460.500061743,
					"retransmits":	0,
					"snd_cwnd":	2489112,
					"rtt":	442678,
					"rttvar":	691,
					"pmtu":	1500,
					"omitted":	false
				}],
			"sum":	{
				"start":	6.0000898838043213,
				"end":	7.00019907951355,
				"seconds":	1.0001091957092285,
				"bytes":	5242880,
				"bits_per_second":	41938460.500061743,
				"retransmits":	0,
				"omitted":	false
			}
		}, {
			"streams":	[{
					"socket":	6,
					"start":	7.00019907951355,
					"end":	8.0001308917999268,
					"seconds":	0.999931812286377,
					"bytes":	6553600,
					"bits_per_second":	52432375.2437877,
					"retransmits":	0,
					"snd_cwnd":	2235712,
					"rtt":	496373,
					"rttvar":	391,
					"pmtu":	1500,
					"omitted":	false
				}],
			"sum":	{
				"start":	7.00019907951355,
				"end":	8.0001308917999268,
				"seconds":	0.999931812286377,
				"bytes":	6553600,
				"bits_per_second":	52432375.2437877,
				"retransmits":	0,
				"omitted":	false
			}
		}, {
			"streams":	[{
					"socket":	6,
					"start":	8.0001308917999268,
					"end":	9.0000789165496826,
					"seconds":	0.99994802474975586,
					"bytes":	5242880,
					"bits_per_second":	41945220.113311931,
					"retransmits":	0,
					"snd_cwnd":	1969280,
					"rtt":	370223,
					"rttvar":	1056,
					"pmtu":	1500,
					"omitted":	false
				}],
			"sum":	{
				"start":	8.0001308917999268,
				"end":	9.0000789165496826,
				"seconds":	0.99994802474975586,
				"bytes":	5242880,
				"bits_per_second":	41945220.113311931,
				"retransmits":	0,
				"omitted":	false
			}
		}, {
			"streams":	[{
					"socket":	6,
					"start":	9.0000789165496826,
					"end":	10.000163078308105,
					"seconds":	1.0000841617584229,
					"bytes":	5242880,
					"bits_per_second":	41939510.297066,
					"retransmits":	0,
					"snd_cwnd":	2145936,
					"rtt":	366615,
					"rttvar":	770,
					"pmtu":	1500,
					"omitted":	false
				}],
			"sum":	{
				"start":	9.0000789165496826,
				"end":	10.000163078308105,
				"seconds":	1.0000841617584229,
				"bytes":	5242880,
				"bits_per_second":	41939510.297066,
				"retransmits":	0,
				"omitted":	false
			}
		}, {
			"streams":	[{
					"socket":	6,
					"start":	10.000163078308105,
					"end":	10.079149007797241,
					"seconds":	0.078985929489135742,
					"bytes":	1310720,
					"bits_per_second":	132754783.89403878,
					"retransmits":	0,
					"snd_cwnd":	2157520,
					"rtt":	367253,
					"rttvar":	645,
					"pmtu":	1500,
					"omitted":	false
				}],
			"sum":	{
				"start":	10.000163078308105,
				"end":	10.079149007797241,
				"seconds":	0.078985929489135742,
				"bytes":	1310720,
				"bits_per_second":	132754783.89403878,
				"retransmits":	0,
				"omitted":	false
			}
		}],
	"end":	{
		"streams":	[{
				"sender":	{
					"socket":	6,
					"start":	0,
					"end":	10.079149007797241,
					"seconds":	10.079149007797241,
					"bytes":	73868400,
					"bits_per_second":	58630664.110912792,
					"retransmits":	0,
					"max_snd_cwnd":	2489112,
					"max_rtt":	496373,
					"min_rtt":	48618,
					"mean_rtt":	308818
				},
				"receiver":	{
					"socket":	6,
					"start":	0,
					"end":	10.494035959243774,
					"seconds":	10.079149007797241,
					"bytes":	64640168,
					"bits_per_second":	49277641.701283537
				}
			}],
		"sum_sent":	{
			"start":	0,
			"end":	10.079149007797241,
			"seconds":	10.079149007797241,
			"bytes":	73868400,
			"bits_per_second":	58630664.110912792,
			"retransmits":	0
		},
		"sum_received":	{
			"start":	0,
			"end":	10.494035959243774,
			"seconds":	10.494035959243774,
			"bytes":	64640168,
			"bits_per_second":	49277641.701283537
		},