{
	"start":	{
		"connected":	[{
				"socket":	6,
				"local_host":	"192.168.0.2",
				"local_port":	33934,
				"remote_host":	"192.168.0.1",
				"remote_port":	5000
			}],
		"version":	"iperf 3.6",
		"system_info":	"Linux ba-thesis 4.19.0-23-amd64 #1 SMP Debian 4.19.269-1 (2022-12-20) x86_64",
		"timestamp":	{
			"time":	"Tue, 13 Jun 2023 11:15:37 GMT",
			"timesecs":	1686654937
		},
		"connecting_to":	{
			"host":	"h2",
			"port":	5000
		},
		"cookie":	"zdvzd5nntmpk7oywxako4spa3l6fzdrh2cpp",
		"tcp_mss_default":	1448,
		"sock_bufsize":	0,
		"sndbuf_actual":	87380,
		"rcvbuf_actual":	87380,
		"test_start":	{
			"protocol":	"TCP",
			"num_streams":	1,
			"blksize":	131072,
			"omit":	0,
			"duration":	0,
			"bytes":	77669376,
			"blocks":	0,
			"reverse":	0,
			"tos":	0
		}
	},
	"intervals":	[{
			"streams":	[{
					"socket":	6,
					"start":	0,
					"end":	1.0001940727233887,
					"seconds":	1.0001940727233887,
					"bytes":	12663040,
					"bits_per_second":	101284663.4095346,
					"retransmits":	0,
					"snd_cwnd":	702280,
					"rtt":	211459,
					"rttvar":	3410,
					"pmtu":	1500,
					"omitted":	false
				}],
			"sum":	{
				"start":	0,
				"end":	1.0001940727233887,
				"seconds":	1.0001940727233887,
				"bytes":	12663040,
				"bits_per_second":	101284663.4095346,
				"retransmits":	0,
				"omitted":	false
			}
		}, {
			"streams":	[{
					"socket":	6,
					"start":	1.0001940727233887,
					"end":	2.0000889301300049,
					"seconds":	0.99989485740661621,
					"bytes":	14417920,
					"bits_per_second":	115355488.77525088,
					"retransmits":	0,
					"snd_cwnd":	1297408,
					"rtt":	102757,
					"rttvar":	178,
					"pmtu":	1500,
					"omitted":	false
				}],
			"sum":	{
				"start":	1.0001940727233887,
				"end":	2.0000889301300049,
				"seconds":	0.99989485740661621,
				"bytes":	14417920,
				"bits_per_second":	115355488.77525088,
				"retransmits":	0,
				"omitted":	false
			}
		}, {
			"streams":	[{
					"socket":	6,
					"start":	2.0000889301300049,
					"end":	3.0000791549682617,
					"seconds":	0.99999022483825684,
					"bytes":	14417920,
					"bits_per_second":	115344487.5110216,
					"retransmits":	0,
					"snd_cwnd":	1893984,
					"rtt":	150587,
					"rttvar":	486,
					"pmtu":	1500,
					"omitted":	false
				}],
			"sum":	{
				"start":	2.0000889301300049,
				"end":	3.0000791549682617,
				"seconds":	0.99999022483825684,
				"bytes":	14417920,
				"bits_per_second":	115344487.5110216,
				"retransmits":	0,
				"omitted":	false
			}
		}, {
			"streams":	[{
					"socket":	6,
					"start":	3.0000791549682617,
					"end":	4.0000391006469727,
					"seconds":	0.99995994567871094,
					"bytes":	11796480,
					"bits_per_second":	94375620.1514114,
					"retransmits":	0,
					"snd_cwnd":	2415264,
					"rtt":	192822,
					"rttvar":	231,
					"pmtu":	1500,
					"omitted":	false
				}],
			"sum":	{
				"start":	3.0000791549682617,
				"end":	4.0000391006469727,
				"seconds":	0.99995994567871094,
				"bytes":	11796480,
				"bits_per_second":	94375620.1514114,
				"retransmits":	0,
				"omitted":	false
			}
		}, {
			"streams":	[{
					"socket":	6,
					"start":	4.0000391006469727,
					"end":	5.0000691413879395,
					"seconds":	1.0000300407409668,
					"bytes":	14417920,
					"bits_per_second":	115339895.10408804,
					"retransmits":	0,
					"snd_cwnd":	3010392,
					"rtt":	239824,
					"rttvar":	731,
					"pmtu":	1500,
					"omitted":	false
				}],
			"sum":	{
				"start":	4.0000391006469727,
				"end":	5.0000691413879395,
				"seconds":	1.0000300407409668,
				"bytes":	14417920,
				"bits_per_second":	115339895.10408804,
				"retransmits":	0,
				"omitted":	false
			}
		}, {
			"streams":	[{
					"socket":	6,
					"start":	5.0000691413879395,
					"end":	5.87680196762085,
					"seconds":	0.87673282623291016,
					"bytes":	10485760,
					"bits_per_second":	95680323.0015196,
					"retransmits":	0,
					"snd_cwnd":	3533120,
					"rtt":	281602,
					"rttvar":	655,
					"pmtu":	1500,
					"omitted":	false
				}],
			"sum":	{
				"start":	5.0000691413879395,
				"end":	5.87680196762085,
				"seconds":	0.87673282623291016,
				"bytes":	10485760,
				"bits_per_second":	95680323.0015196,
				"retransmits":	0,
				"omitted":	false
			}
		}],
	"end":	{
		"streams":	[{
				"sender":	{
					"socket":	6,
					"start":	0,
					"end":	5.87680196762085,
					"seconds":	5.87680196762085,
					"bytes":	78199040,
					"bits_per_second":	106451148.67691608,
					"retransmits":	0,
					"max_snd_cwnd":	3533120,
					"max_rtt":	281602,
					"min_rtt":	102757,
					"mean_rtt":	196508
				},
				"receiver":	{
					"socket":	6,
					"start":	0,
					"end":	6.202610969543457,
					"seconds":	5.87680196762085,
					"bytes":	69713960,
					"bits_per_second":	89915631.133166224
				}
			}],
		"sum_sent":	{
			"start":	0,
			"end":	5.87680196762085,
			"seconds":	5.87680196762085,
			"bytes":	78199040,
			"bits_per_second":	106451148.67691608,
			"retransmits":	0
		},
		"sum_received":	{
			"start":	0,
			"end":	6.202610969543457,
			"seconds":	6.202610969543457,
			"bytes":	69713960,
			"bits_per_second":	89915631.133166224
		},
		"cpu_utilization_percent":	{
			"host_total":	0.89125620627515456,
			"host_user":	0,
			"host_system":	0.89127287804616173,
			"remote_total":	1.1744677883247487,
			"remote_user":	0.12062487170728575,
			"remote_system":	1.053842916617463
		},
		"sender_tcp_congestion":	"cubic",
		"receiver_tcp_congestion":	"cubic"
	}
}
