{
	"start":	{
		"connected":	[{
				"socket":	6,
				"local_host":	"192.168.17.2",
				"local_port":	57764,
				"remote_host":	"192.168.29.1",
				"remote_port":	5007
			}],
		"version":	"iperf 3.6",
		"system_info":	"Linux ba-thesis 4.19.0-23-amd64 #1 SMP Debian 4.19.269-1 (2022-12-20) x86_64",
		"timestamp":	{
			"time":	"Mon, 12 Jun 2023 01:05:29 GMT",
			"timesecs":	1686531929
		},
		"connecting_to":	{
			"host":	"h9",
			"port":	5007
		},
		"cookie":	"hebng5fx6shxm4h77oy2dp4rplev4lpfgw2q",
		"tcp_mss_default":	1448,
		"sock_bufsize":	0,
		"sndbuf_actual":	87380,
		"rcvbuf_actual":	87380,
		"test_start":	{
			"protocol":	"TCP",
			"num_streams":	1,
			"blksize":	131072,
			"omit":	0,
			"duration":	0,
			"bytes":	85563878,
			"blocks":	0,
			"reverse":	0,
			"tos":	0
		}
	},
	"intervals":	[{
			"streams":	[{
					"socket":	6,
					"start":	0,
					"end":	1.0001289844512939,
					"seconds":	1.0001289844512939,
					"bytes":	15639472,
					"bits_per_second":	125099640.09156571,
					"retransmits":	0,
					"snd_cwnd":	1348088,
					"rtt":	126506,
					"rttvar":	1401,
					"pmtu":	1500,
					"omitted":	false
				}],
			"sum":	{
				"start":	0,
				"end":	1.0001289844512939,
				"seconds":	1.0001289844512939,
				"bytes":	15639472,
				"bits_per_second":	125099640.09156571,
				"retransmits":	0,
				"omitted":	false
			}
		}, {
			"streams":	[{
					"socket":	6,
					"start":	1.0001289844512939,
					"end":	2.0000791549682617,
					"seconds":	0.99995017051696777,
					"bytes":	13107200,
					"bits_per_second":	104862825.26037203,
					"retransmits":	0,
					"snd_cwnd":	1879504,
					"rtt":	166578,
					"rttvar":	543,
					"pmtu":	1500,
					"omitted":	false
				}],
			"sum":	{
				"start":	1.0001289844512939,
				"end":	2.0000791549682617,
				"seconds":	0.99995017051696777,
				"bytes":	13107200,
				"bits_per_second":	104862825.26037203,
				"retransmits":	0,
				"omitted":	false
			}
		}, {
			"streams":	[{
					"socket":	6,
					"start":	2.0000791549682617,
					"end":	3.0001161098480225,
					"seconds":	1.0000369548797607,
					"bytes":	11796480,
					"bits_per_second":	94368352.628875375,
					"retransmits":	0,
					"snd_cwnd":	2399336,
					"rtt":	212639,
					"rttvar":	670,
					"pmtu":	1500,
					"omitted":	false
				}],
			"sum":	{
				"start":	2.0000791549682617,
				"end":	3.0001161098480225,
				"seconds":	1.0000369548797607,
				"bytes":	11796480,
				"bits_per_second":	94368352.628875375,
				"retransmits":	0,
				"omitted":	false
			}
		}, {
			"streams":	[{
					"socket":	6,
					"start":	3.0001161098480225,
					"end":	4.0000691413879395,
					"seconds":	0.999953031539917,
					"bytes":	13107200,
					"bits_per_second":	104862525.23133053,
					"retransmits":	0,
					"snd_cwnd":	2936544,
					"rtt":	260395,
					"rttvar":	420,
					"pmtu":	1500,
					"omitted":	false
				}],
			"sum":	{
				"start":	3.0001161098480225,
				"end":	4.0000691413879395,
				"seconds":	0.999953031539917,
				"bytes":	13107200,
				"bits_per_second":	104862525.23133053,
				"retransmits":	0,
				"omitted":	false
			}
		}, {
			"streams":	[{
					"socket":	6,
					"start":	4.0000691413879395,
					"end":	5.0000860691070557,
					"seconds":	1.0000169277191162,
					"bytes":	10485760,
					"bits_per_second":	83884660.024036959,
					"retransmits":	0,
					"snd_cwnd":	3454928,
					"rtt":	323983,
					"rttvar":	16772,
					"pmtu":	1500,
					"omitted":	false
				}],
			"sum":	{
				"start":	4.0000691413879395,
				"end":	5.0000860691070557,
				"seconds":	1.0000169277191162,
				"bytes":	10485760,
				"bits_per_second":	83884660.024036959,
				"retransmits":	0,
				"omitted":	false
			}
		}, {
			"streams":	[{
					"socket":	6,
					"start":	5.0000860691070557,
					"end":	6.0000731945037842,
					"seconds":	0.99998712539672852,
					"bytes":	10485760,
					"bits_per_second":	83887160.01390475,
					"retransmits":	0,
					"snd_cwnd":	3984896,
					"rtt":	353853,
					"rttvar":	337,
					"pmtu":	1500,
					"omitted":	false
				}],
			"sum":	{
				"start":	5.0000860691070557,
				"end":	6.0000731945037842,
				"seconds":	0.99998712539672852,
				"bytes":	10485760,
				"bits_per_second":	83887160.01390475,
				"retransmits":	0,
				"omitted":	false
			}
		}, {
			"streams":	[{
					"socket":	6,
					"start":	6.0000731945037842,
					"end":	7.0000920295715332,
					"seconds":	1.000018835067749,
					"bytes":	10485760,
					"bits_per_second":	83884500.029758841,
					"retransmits":	0,
					"snd_cwnd":	4519208,
					"rtt":	401616,
					"rttvar":	587,
					"pmtu":	1500,
					"omitted":	false
				}],
			"sum":	{
				"start":	6.0000731945037842,
				"end":	7.0000920295715332,
				"seconds":	1.000018835067749,
				"bytes":	10485760,
				"bits_per_second":	83884500.029758841,
				"retransmits":	0,
				"omitted":	false
			}
		}, {
			"streams":	[{
					"socket":	6,
					"start":	7.0000920295715332,
					"end":	7.0923941135406494,
					"seconds":	0.092302083969116211,
					"bytes":	1310720,
					"bits_per_second":	113602635.48879871,
					"retransmits":	0,
					"snd_cwnd":	4569888,
					"rtt":	406109,
					"rttvar":	413,
					"pmtu":	1500,
					"omitted":	false
				}],
			"sum":	{
				"start":	7.0000920295715332,
				"end":	7.0923941135406494,
				"seconds":	0.092302083969116211,
				"bytes":	1310720,
				"bits_per_second":	113602635.48879871,
				"retransmits":	0,
				"omitted":	false
			}
		}],
	"end":	{
		"streams":	[{
				"sender":	{
					"socket":	6,
					"start":	0,
					"end":	7.0923941135406494,
					"seconds":	7.0923941135406494,
					"bytes":	86418352,
					"bits_per_second":	97477213.608320951,
					"retransmits":	0,
					"max_snd_cwnd":	4569888,
					"max_rtt":	406109,
					"min_rtt":	126506,
					"mean_rtt":	281459
				},
				"receiver":	{
					"socket":	6,
					"start":	0,
					"end":	7.5585651397705078,
					"seconds":	7.0923941135406494,
					"bytes":	79063696,
					"bits_per_second":	83681169.151001617
				}
			}],
		"sum_sent":	{
			"start":	0,
			"end":	7.0923941135406494,
			"seconds":	7.0923941135406494,
			"bytes":	86418352,
			"bits_per_second":	97477213.608320951,
			"retransmits":	0
		},
		"sum_received":	{
			"start":	0,
			"end":	7.5585651397705078,
			"seconds":	7.5585651397705078,
			"bytes":	79063696,
			"bits_per_second":	83681169.151001617
		},
		"cpu_utilization_percent":	{
			"host_total":	0.77621959942085339,
			"host_user":	0.11529460210132197,
			"host_system":	0.66089743466064987,
			"remote_total":	1.3920894507565866,
			"remote_user":	0.043462705072631572,
			"remote_system":	1.3486267456839551
		},
		"sender_tcp_congestion":	"cubic",
		"receiver_tcp_congestion":	"cubic"
	}
}
