{
	"start":	{
		"connected":	[{
				"socket":	6,
				"local_host":	"192.168.7.1",
				"local_port":	39682,
				"remote_host":	"192.168.7.2",
				"remote_port":	5001
			}],
		"version":	"iperf 3.6",
		"system_info":	"Linux ba-thesis 4.19.0-23-amd64 #1 SMP Debian 4.19.269-1 (2022-12-20) x86_64",
		"timestamp":	{
			"time":	"Sat, 10 Jun 2023 18:47:47 GMT",
			"timesecs":	1686422867
		},
		"connecting_to":	{
			"host":	"h3",
			"port":	5001
		},
		"cookie":	"bnhgkwnacqtqebgivxwr3ptclb7jkvumogwo",
		"tcp_mss_default":	1448,
		"sock_bufsize":	0,
		"sndbuf_actual":	87380,
		"rcvbuf_actual":	87380,
		"test_start":	{
			"protocol":	"TCP",
			"num_streams":	1,
			"blksize":	131072,
			"omit":	0,
			"duration":	0,
			"bytes":	182344856,
			"blocks":	0,
			"reverse":	0,
			"tos":	0
		}
	},
	"intervals":	[{
			"streams":	[{
					"socket":	6,
					"start":	0,
					"end":	1.0000901222229004,
					"seconds":	1.0000901222229004,
					"bytes":	15151672,
					"bits_per_second":	121202452.96551777,
					"retransmits":	0,
					"snd_cwnd":	894864,
					"rtt":	70791,
					"rttvar":	585,
					"pmtu":	1500,
					"omitted":	false
				}],
			"sum":	{
				"start":	0,
				"end":	1.0000901222229004,
				"seconds":	1.0000901222229004,
				"bytes":	15151672,
				"bits_per_second":	121202452.96551777,
				"retransmits":	0,
				"omitted":	false
			}
		}, {
			"streams":	[{
					"socket":	6,
					"start":	1.0000901222229004,
					"end":	2.0000729560852051,
					"seconds":	0.99998283386230469,
					"bytes":	14417920,
					"bits_per_second":	115345340.03398953,
					"retransmits":	0,
					"snd_cwnd":	1489992,
					"rtt":	118510,
					"rttvar":	469,
					"pmtu":	1500,
					"omitted":	false
				}],
			"sum":	{
				"start":	1.0000901222229004,
				"end":	2.0000729560852051,
				"seconds":	0.99998283386230469,
				"bytes":	14417920,
				"bits_per_second":	115345340.03398953,
				"retransmits":	0,
				"omitted":	false
			}
		}, {
			"streams":	[{
					"socket":	6,
					"start":	2.0000729560852051,
					"end":	3.0000789165496826,
					"seconds":	1.0000059604644775,
					"bytes":	14417920,
					"bits_per_second":	115342672.50409779,
					"retransmits":	0,
					"snd_cwnd":	2083672,
					"rtt":	166302,
					"rttvar":	647,
					"pmtu":	1500,
					"omitted":	false
				}],
			"sum":	{
				"start":	2.0000729560852051,
				"end":	3.0000789165496826,
				"seconds":	1.0000059604644775,
				"bytes":	14417920,
				"bits_per_second":	115342672.50409779,
				"retransmits":	0,
				"omitted":	false
			}
		}, {
			"streams":	[{
					"socket":	6,
					"start":	3.0000789165496826,
					"end":	4.0000679492950439,
					"seconds":	0.99998903274536133,
					"bytes":	14417920,
					"bits_per_second":	115344625.01387373,
					"retransmits":	0,
					"snd_cwnd":	2678800,
					"rtt":	213538,
					"rttvar":	428,
					"pmtu":	1500,
					"omitted":	false
				}],
			"sum":	{
				"start":	3.0000789165496826,
				"end":	4.0000679492950439,
				"seconds":	0.99998903274536133,
				"bytes":	14417920,
				"bits_per_second":	115344625.01387373,
				"retransmits":	0,
				"omitted":	false
			}
		}, {
			"streams":	[{
					"socket":	6,
					"start":	4.0000679492950439,
					"end":	5.000154972076416,
					"seconds":	1.0000870227813721,
					"bytes":	11796480,
					"bits_per_second":	94363628.214612409,
					"retransmits":	0,
					"snd_cwnd":	3272480,
					"rtt":	261291,
					"rttvar":	578,
					"pmtu":	1500,
					"omitted":	false
				}],
			"sum":	{
				"start":	4.0000679492950439,
				"end":	5.000154972076416,
				"seconds":	1.0000870227813721,
				"bytes":	11796480,
				"bits_per_second":	94363628.214612409,
				"retransmits":	0,
				"omitted":	false
			}
		}, {
			"streams":	[{
					"socket":	6,
					"start":	5.000154972076416,
					"end":	6.0000619888305664,
					"seconds":	0.99990701675415039,
					"bytes":	11796480,
					"bits_per_second":	94380615.816003859,
					"retransmits":	0,
					"snd_cwnd":	3867608,
					"rtt":	308375,
					"rttvar":	1171,
					"pmtu":	1500,
					"omitted":	false
				}],
			"sum":	{
				"start":	5.000154972076416,
				"end":	6.0000619888305664,
				"seconds":	0.99990701675415039,
				"bytes":	11796480,
				"bits_per_second":	94380615.816003859,
				"retransmits":	0,
				"omitted":	false
			}
		}, {
			"streams":	[{
					"socket":	6,
					"start":	6.0000619888305664,
					"end":	7.00009298324585,
					"seconds":	1.0000309944152832,
					"bytes":	11796480,
					"bits_per_second":	94368915.090655848,
					"retransmits":	0,
					"snd_cwnd":	4461288,
					"rtt":	356858,
					"rttvar":	565,
					"pmtu":	1500,
					"omitted":	false
				}],
			"sum":	{
				"start":	6.0000619888305664,
				"end":	7.00009298324585,
				"seconds":	1.0000309944152832,
				"bytes":	11796480,
				"bits_per_second":	94368915.090655848,
				"retransmits":	0,
				"omitted":	false
			}
		}, {
			"streams":	[{
					"socket":	6,
					"start":	7.00009298324585,
					"end":	8.0000641345977783,
					"seconds":	0.99997115135192871,
					"bytes":	11796480,
					"bits_per_second":	94374562.578542709,
					"retransmits":	0,
					"snd_cwnd":	5056416,
					"rtt":	404337,
					"rttvar":	310,
					"pmtu":	1500,
					"omitted":	false
				}],
			"sum":	{
				"start":	7.00009298324585,
				"end":	8.0000641345977783,
				"seconds":	0.99997115135192871,
				"bytes":	11796480,
				"bits_per_second":	94374562.578542709,
				"retransmits":	0,
				"omitted":	false
			}
		}, {
			"streams":	[{
					"socket":	6,
					"start":	8.0000641345977783,
					"end":	9.00003695487976,
					"seconds":	0.99997282028198242,
					"bytes":	11796480,
					"bits_per_second":	94374405.069717869,
					"retransmits":	0,
					"snd_cwnd":	5650096,
					"rtt":	452063,
					"rttvar":	678,
					"pmtu":	1500,
					"omitted":	false
				}],
			"sum":	{
				"start":	8.0000641345977783,
				"end":	9.00003695487976,
				"seconds":	0.99997282028198242,
				"bytes":	11796480,
				"bits_per_second":	94374405.069717869,
				"retransmits":	0,
				"omitted":	false
			}
		}, {
			"streams":	[{
					"socket":	6,
					"start":	9.00003695487976,
					"end":	10.0001060962677,
					"seconds":	1.0000691413879395,
					"bytes":	11796480,
					"bits_per_second":	94365315.451116368,
					"retransmits":	0,
					"snd_cwnd":	5254792,
					"rtt":	499520,
					"rttvar":	504,
					"pmtu":	1500,
					"omitted":	false
				}],
			"sum":	{
				"start":	9.00003695487976,
				"end":	10.0001060962677,
				"seconds":	1.0000691413879395,
				"bytes":	11796480,
				"bits_per_second":	94365315.451116368,
				"retransmits":	0,
				"omitted":	false
			}
		}, {
			"streams":	[{
					"socket":	6,
					"start":	10.0001060962677,
					"end":	11.000133991241455,
					"seconds":	1.0000278949737549,
					"bytes":	11796480,
					"bits_per_second":	94369207.573431477,
					"retransmits":	0,
					"snd_cwnd":	3019080,
					"rtt":	253455,
					"rttvar":	204,
					"pmtu":	1500,
					"omitted":	false
				}],
			"sum":	{
				"start":	10.0001060962677,
				"end":	11.000133991241455,
				"seconds":	1.0000278949737549,
				"bytes":	11796480,
				"bits_per_second":	94369207.573431477,
				"retransmits":	0,
				"omitted":	false
			}
		}, {
			"streams":	[{
					"socket":	6,
					"start":	11.000133991241455,
					"end":	12.000124931335449,
					"seconds":	0.99999094009399414,
					"bytes":	11796480,
					"bits_per_second":	94372695.0077463,
					"retransmits":	0,
					"snd_cwnd":	3171120,
					"rtt":	264641,
					"rttvar":	464,
					"pmtu":	1500,
					"omitted":	false
				}],
			"sum":	{
				"start":	11.000133991241455,
				"end":	12.000124931335449,
				"seconds":	0.99999094009399414,
				"bytes":	11796480,
				"bits_per_second":	94372695.0077463,
				"retransmits":	0,
				"omitted":	false
			}
		}, {
			"streams":	[{
					"socket":	6,
					"start":	12.000124931335449,
					"end":	13.000159978866577,
					"seconds":	1.0000350475311279,
					"bytes":	11796480,
					"bits_per_second":	94368532.615915641,
					"retransmits":	0,
					"snd_cwnd":	3304336,
					"rtt":	275825,
					"rttvar":	450,
					"pmtu":	1500,
					"omitted":	false
				}],