{
	"start":	{
		"connected":	[{
				"socket":	6,
				"local_host":	"192.168.22.1",
				"local_port":	51200,
				"remote_host":	"192.168.57.1",
				"remote_port":	5006
			}],
		"version":	"iperf 3.6",
		"system_info":	"Linux ba-thesis 4.19.0-23-amd64 #1 SMP Debian 4.19.269-1 (2022-12-20) x86_64",
		"timestamp":	{
			"time":	"Mon, 05 Jun 2023 19:44:18 GMT",
			"timesecs":	1685994258
		},
		"connecting_to":	{
			"host":	"h17",
			"port":	5006
		},
		"cookie":	"pdhqnzm6d37tjjeqqphumnwgtizcqptefqhx",
		"tcp_mss_default":	1448,
		"sock_bufsize":	0,
		"sndbuf_actual":	87380,
		"rcvbuf_actual":	87380,
		"test_start":	{
			"protocol":	"TCP",
			"num_streams":	1,
			"blksize":	131072,
			"omit":	0,
			"duration":	0,
			"bytes":	6741829,
			"blocks":	0,
			"reverse":	0,
			"tos":	0
		}
	},
	"intervals":	[{
			"streams":	[{
					"socket":	6,
					"start":	0,
					"end":	0.57990503311157227,
					"seconds":	0.57990503311157227,
					"bytes":	8047376,
					"bits_per_second":	111016467.04903428,
					"retransmits":	0,
					"snd_cwnd":	928168,
					"rtt":	134808,
					"rttvar":	733,
					"pmtu":	1500,
					"omitted":	false
				}],
			"sum":	{
				"start":	0,
				"end":	0.57990503311157227,
				"seconds":	0.57990503311157227,
				"bytes":	8047376,
				"bits_per_second":	111016467.04903428,
				"retransmits":	0,
				"omitted":	false
			}
		}],
	"end":	{
		"streams":	[{
				"sender":	{
					"socket":	6,
					"start":	0,
					"end":	0.57990503311157227,
					"seconds":	0.57990503311157227,
					"bytes":	8047376,
					"bits_per_second":	111016467.04903428,
					"retransmits":	0,
					"max_snd_cwnd":	928168,
					"max_rtt":	134808,
					"min_rtt":	134808,
					"mean_rtt":	134808
				},
				"receiver":	{
					"socket":	6,
					"start":	0,
					"end":	0.73144698143005371,
					"seconds":	0.57990503311157227,
					"bytes":	4165896,
					"bits_per_second":	45563340.674182527
				}
			}],
		"sum_sent":	{
			"start":	0,
			"end":	0.57990503311157227,
			"seconds":	0.57990503311157227,
			"bytes":	8047376,
			"bits_per_second":	111016467.04903428,
			"retransmits":	0
		},
		"sum_received":	{
			"start":	0,
			"end":	0.73144698143005371,
			"seconds":	0.73144698143005371,
			"bytes":	4165896,
			"bits_per_second":	45563340.674182527
		},
		"cpu_utilization_percent":	{
			"host_total":	5.4516270804272642,
			"host_user":	0.80815801374531038,
			"host_system":	4.6434690666819529,
			"remote_total":	0.011143151015029234,
			"remote_user":	0,
			"remote_system":	0.011141284177868062
		},
		"sender_tcp_congestion":	"cubic",
		"receiver_tcp_congestion":	"cubic"
	}
}
