{
	"start":	{
		"connected":	[{
				"socket":	6,
				"local_host":	"192.168.14.2",
				"local_port":	49154,
				"remote_host":	"192.168.26.1",
				"remote_port":	5004
			}],
		"version":	"iperf 3.6",
		"system_info":	"Linux ba-thesis 4.19.0-23-amd64 #1 SMP Debian 4.19.269-1 (2022-12-20) x86_64",
		"timestamp":	{
			"time":	"Thu, 01 Jun 2023 22:59:19 GMT",
			"timesecs":	1685660359
		},
		"connecting_to":	{
			"host":	"h7",
			"port":	5004
		},
		"cookie":	"oqhavrpe37zupuqol6z7cz2nuiltrjob5abm",
		"tcp_mss_default":	1448,
		"sock_bufsize":	0,
		"sndbuf_actual":	87380,
		"rcvbuf_actual":	87380,
		"test_start":	{
			"protocol":	"TCP",
			"num_streams":	1,
			"blksize":	131072,
			"omit":	0,
			"duration":	0,
			"bytes":	159435776,
			"blocks":	0,
			"reverse":	0,
			"tos":	0
		}
	},
	"intervals":	[{
			"streams":	[{
					"socket":	6,
					"start":	0,
					"end":	1.000075101852417,
					"seconds":	1.000075101852417,
					"bytes":	16950192,
					"bits_per_second":	135591352.83823013,
					"retransmits":	0,
					"snd_cwnd":	1387184,
					"rtt":	110677,
					"rttvar":	804,
					"pmtu":	1500,
					"omitted":	false
				}],
			"sum":	{
				"start":	0,
				"end":	1.000075101852417,
				"seconds":	1.000075101852417,
				"bytes":	16950192,
				"bits_per_second":	135591352.83823013,
				"retransmits":	0,
				"omitted":	false
			}
		}, {
			"streams":	[{
					"socket":	6,
					"start":	1.000075101852417,
					"end":	2.0000391006469727,
					"seconds":	0.99996399879455566,
					"bytes":	14417920,
					"bits_per_second":	115347512.64950038,
					"retransmits":	0,
					"snd_cwnd":	1982312,
					"rtt":	157738,
					"rttvar":	431,
					"pmtu":	1500,
					"omitted":	false
				}],
			"sum":	{
				"start":	1.000075101852417,
				"end":	2.0000391006469727,
				"seconds":	0.99996399879455566,
				"bytes":	14417920,
				"bits_per_second":	115347512.64950038,
				"retransmits":	0,
				"omitted":	false
			}
		}, {
			"streams":	[{
					"socket":	6,
					"start":	2.0000391006469727,
					"end":	3.0000741481781006,
					"seconds":	1.0000350475311279,
					"bytes":	14417920,
					"bits_per_second":	115339317.64167468,
					"retransmits":	0,
					"snd_cwnd":	2575992,
					"rtt":	205830,
					"rttvar":	508,
					"pmtu":	1500,
					"omitted":	false
				}],
			"sum":	{
				"start":	2.0000391006469727,
				"end":	3.0000741481781006,
				"seconds":	1.0000350475311279,
				"bytes":	14417920,
				"bits_per_second":	115339317.64167468,
				"retransmits":	0,
				"omitted":	false
			}
		}, {
			"streams":	[{
					"socket":	6,
					"start":	3.0000741481781006,
					"end":	4.0001461505889893,
					"seconds":	1.0000720024108887,
					"bytes":	11796480,
					"bits_per_second":	94365045.489221156,
					"retransmits":	0,
					"snd_cwnd":	3169672,
					"rtt":	253002,
					"rttvar":	393,
					"pmtu":	1500,
					"omitted":	false
				}],
			"sum":	{
				"start":	3.0000741481781006,
				"end":	4.0001461505889893,
				"seconds":	1.0000720024108887,
				"bytes":	11796480,
				"bits_per_second":	94365045.489221156,
				"retransmits":	0,
				"omitted":	false
			}
		}, {
			"streams":	[{
					"socket":	6,
					"start":	4.0001461505889893,
					"end":	5.0000529289245605,
					"seconds":	0.99990677833557129,
					"bytes":	11796480,
					"bits_per_second":	94380638.320194051,
					"retransmits":	0,
					"snd_cwnd":	3763352,
					"rtt":	300490,
					"rttvar":	778,
					"pmtu":	1500,
					"omitted":	false
				}],
			"sum":	{
				"start":	4.0001461505889893,
				"end":	5.0000529289245605,
				"seconds":	0.99990677833557129,
				"bytes":	11796480,
				"bits_per_second":	94380638.320194051,
				"retransmits":	0,
				"omitted":	false
			}
		}, {
			"streams":	[{
					"socket":	6,
					"start":	5.0000529289245605,
					"end":	6.0000860691070557,
					"seconds":	1.0000331401824951,
					"bytes":	11796480,
					"bits_per_second":	94368712.603642479,
					"retransmits":	0,
					"snd_cwnd":	4358480,
					"rtt":	348442,
					"rttvar":	438,
					"pmtu":	1500,
					"omitted":	false
				}],
			"sum":	{
				"start":	5.0000529289245605,
				"end":	6.0000860691070557,
				"seconds":	1.0000331401824951,
				"bytes":	11796480,
				"bits_per_second":	94368712.603642479,
				"retransmits":	0,
				"omitted":	false
			}
		}, {
			"streams":	[{
					"socket":	6,
					"start":	6.0000860691070557,
					"end":	7.0000810623168945,
					"seconds":	0.99999499320983887,
					"bytes":	11796480,
					"bits_per_second":	94372312.502365723,
					"retransmits":	0,
					"snd_cwnd":	4952160,
					"rtt":	396262,
					"rttvar":	766,
					"pmtu":	1500,
					"omitted":	false
				}],
			"sum":	{
				"start":	6.0000860691070557,
				"end":	7.0000810623168945,
				"seconds":	0.99999499320983887,
				"bytes":	11796480,
				"bits_per_second":	94372312.502365723,
				"retransmits":	0,
				"omitted":	false
			}
		}, {
			"streams":	[{
					"socket":	6,
					"start":	7.0000810623168945,
					"end":	8.0000839233398438,
					"seconds":	1.0000028610229492,
					"bytes":	11796480,
					"bits_per_second":	94371570.000772476,
					"retransmits":	0,
					"snd_cwnd":	5544392,
					"rtt":	447283,
					"rttvar":	987,
					"pmtu":	1500,
					"omitted":	false
				}],
			"sum":	{
				"start":	7.0000810623168945,
				"end":	8.0000839233398438,
				"seconds":	1.0000028610229492,
				"bytes":	11796480,
				"bits_per_second":	94371570.000772476,
				"retransmits":	0,
				"omitted":	false
			}
		}, {
			"streams":	[{
					"socket":	6,
					"start":	8.0000839233398438,
					"end":	9.0001230239868164,
					"seconds":	1.0000391006469727,
					"bytes":	11796480,
					"bits_per_second":	94368150.14427574,
					"retransmits":	0,
					"snd_cwnd":	6138072,
					"rtt":	491012,
					"rttvar":	436,
					"pmtu":	1500,
					"omitted":	false
				}],
			"sum":	{
				"start":	8.0000839233398438,
				"end":	9.0001230239868164,
				"seconds":	1.0000391006469727,
				"bytes":	11796480,
				"bits_per_second":	94368150.14427574,
				"retransmits":	0,
				"omitted":	false
			}
		}, {
			"streams":	[{
					"socket":	6,
					"start":	9.0001230239868164,
					"end":	10.000096082687378,
					"seconds":	0.99997305870056152,
					"bytes":	11796480,
					"bits_per_second":	94374382.5685001,
					"retransmits":	0,
					"snd_cwnd":	6733200,
					"rtt":	538769,
					"rttvar":	490,
					"pmtu":	1500,
					"omitted":	false
				}],
			"sum":	{
				"start":	9.0001230239868164,
				"end":	10.000096082687378,
				"seconds":	0.99997305870056152,
				"bytes":	11796480,
				"bits_per_second":	94374382.5685001,
				"retransmits":	0,
				"omitted":	false
			}
		}, {
			"streams":	[{
					"socket":	6,
					"start":	10.000096082687378,
					"end":	11.000087022781372,
					"seconds":	0.99999094009399414,
					"bytes":	11796480,
					"bits_per_second":	94372695.0077463,
					"retransmits":	0,
					"snd_cwnd":	7326880,
					"rtt":	586273,
					"rttvar":	464,
					"pmtu":	1500,
					"omitted":	false
				}],
			"sum":	{
				"start":	10.000096082687378,
				"end":	11.000087022781372,
				"seconds":	0.99999094009399414,
				"bytes":	11796480,
				"bits_per_second":	94372695.0077463,
				"retransmits":	0,
				"omitted":	false
			}
		}, {
			"streams":	[{
					"socket":	6,
					"start":	11.000087022781372,
					"end":	12.000137090682983,
					"seconds":	1.0000500679016113,
					"bytes":	11796480,
					"bits_per_second":	94367115.236558989,
					"retransmits":	0,
					"snd_cwnd":	7922008,
					"rtt":	633786,
					"rttvar":	791,
					"pmtu":	1500,
					"omitted":	false
				}],
			"sum":	{
				"start":	11.000087022781372,
				"end":	12.000137090682983,
				"seconds":	1.0000500679016113,
				"bytes":	11796480,
				"bits_per_second":	94367115.236558989,
				"retransmits":	0,
				"omitted":	false
			}
		}, {
			"streams":	[{
					"socket":	6,
					"start":	12.000137090682983,
					"end":	12.558665037155151,
					"seconds":	0.558527946472168,
					"bytes":	7864320,
					"bits_per_second":	112643530.90545864,
					"retransmits":	0,
					"snd_cwnd":	8253600,
					"rtt":	660335,
					"rttvar":	518,
					"pmtu":	1500,