{
	"start":	{
		"connected":	[{
				"socket":	6,
				"local_host":	"192.168.9.2",
				"local_port":	38314,
				"remote_host":	"192.168.26.1",
				"remote_port":	5008
			}],
		"version":	"iperf 3.6",
		"system_info":	"Linux ba-thesis 4.19.0-23-amd64 #1 SMP Debian 4.19.269-1 (2022-12-20) x86_64",
		"timestamp":	{
			"time":	"Sun, 11 Jun 2023 14:04:06 GMT",
			"timesecs":	1686492246
		},
		"connecting_to":	{
			"host":	"h7",
			"port":	5008
		},
		"cookie":	"6zxqk3zks336yssnri26a6bmx24q7jltj3gu",
		"tcp_mss_default":	1448,
		"sock_bufsize":	0,
		"sndbuf_actual":	87380,
		"rcvbuf_actual":	87380,
		"test_start":	{
			"protocol":	"TCP",
			"num_streams":	1,
			"blksize":	131072,
			"omit":	0,
			"duration":	0,
			"bytes":	110352130,
			"blocks":	0,
			"reverse":	0,
			"tos":	0
		}
	},
	"intervals":	[{
			"streams":	[{
					"socket":	6,
					"start":	0,
					"end":	1.0000720024108887,
					"seconds":	1.0000720024108887,
					"bytes":	16950192,
					"bits_per_second":	135591773.06544262,
					"retransmits":	0,
					"snd_cwnd":	1400216,
					"rtt":	110635,
					"rttvar":	405,
					"pmtu":	1500,
					"omitted":	false
				}],
			"sum":	{
				"start":	0,
				"end":	1.0000720024108887,
				"seconds":	1.0000720024108887,
				"bytes":	16950192,
				"bits_per_second":	135591773.06544262,
				"retransmits":	0,
				"omitted":	false
			}
		}, {
			"streams":	[{
					"socket":	6,
					"start":	1.0000720024108887,
					"end":	2.0001070499420166,
					"seconds":	1.0000350475311279,
					"bytes":	14417920,
					"bits_per_second":	115339317.64167468,
					"retransmits":	0,
					"snd_cwnd":	1989552,
					"rtt":	163417,
					"rttvar":	357,
					"pmtu":	1500,
					"omitted":	false
				}],
			"sum":	{
				"start":	1.0000720024108887,
				"end":	2.0001070499420166,
				"seconds":	1.0000350475311279,
				"bytes":	14417920,
				"bits_per_second":	115339317.64167468,
				"retransmits":	0,
				"omitted":	false
			}
		}, {
			"streams":	[{
					"socket":	6,
					"start":	2.0001070499420166,
					"end":	3.0000820159912109,
					"seconds":	0.99997496604919434,
					"bytes":	11796480,
					"bits_per_second":	94374202.559144184,
					"retransmits":	9,
					"snd_cwnd":	1578320,
					"rtt":	137394,
					"rttvar":	193,
					"pmtu":	1500,
					"omitted":	false
				}],
			"sum":	{
				"start":	2.0001070499420166,
				"end":	3.0000820159912109,
				"seconds":	0.99997496604919434,
				"bytes":	11796480,
				"bits_per_second":	94374202.559144184,
				"retransmits":	9,
				"omitted":	false
			}
		}, {
			"streams":	[{
					"socket":	6,
					"start":	3.0000820159912109,
					"end":	4.0001120567321777,
					"seconds":	1.0000300407409668,
					"bytes":	10485760,
					"bits_per_second":	83883560.075700387,
					"retransmits":	0,
					"snd_cwnd":	1731808,
					"rtt":	153491,
					"rttvar":	126,
					"pmtu":	1500,
					"omitted":	false
				}],
			"sum":	{
				"start":	3.0000820159912109,
				"end":	4.0001120567321777,
				"seconds":	1.0000300407409668,
				"bytes":	10485760,
				"bits_per_second":	83883560.075700387,
				"retransmits":	0,
				"omitted":	false
			}
		}, {
			"streams":	[{
					"socket":	6,
					"start":	4.0001120567321777,
					"end":	5.0000369548797607,
					"seconds":	0.999924898147583,
					"bytes":	11796480,
					"bits_per_second":	94378928.032324359,
					"retransmits":	7,
					"snd_cwnd":	1837512,
					"rtt":	166858,
					"rttvar":	5649,
					"pmtu":	1500,
					"omitted":	false
				}],
			"sum":	{
				"start":	4.0001120567321777,
				"end":	5.0000369548797607,
				"seconds":	0.999924898147583,
				"bytes":	11796480,
				"bits_per_second":	94378928.032324359,
				"retransmits":	7,
				"omitted":	false
			}
		}, {
			"streams":	[{
					"socket":	6,
					"start":	5.0000369548797607,
					"end":	6.0000679492950439,
					"seconds":	1.0000309944152832,
					"bytes":	11796480,
					"bits_per_second":	94368915.090655848,
					"retransmits":	0,
					"snd_cwnd":	1841856,
					"rtt":	153692,
					"rttvar":	27,
					"pmtu":	1500,
					"omitted":	false
				}],
			"sum":	{
				"start":	5.0000369548797607,
				"end":	6.0000679492950439,
				"seconds":	1.0000309944152832,
				"bytes":	11796480,
				"bits_per_second":	94368915.090655848,
				"retransmits":	0,
				"omitted":	false
			}
		}, {
			"streams":	[{
					"socket":	6,
					"start":	6.0000679492950439,
					"end":	7.000053882598877,
					"seconds":	0.999985933303833,
					"bytes":	11796480,
					"bits_per_second":	94373167.5186738,
					"retransmits":	0,
					"snd_cwnd":	1847648,
					"rtt":	153693,
					"rttvar":	14,
					"pmtu":	1500,
					"omitted":	false
				}],
			"sum":	{
				"start":	6.0000679492950439,
				"end":	7.000053882598877,
				"seconds":	0.999985933303833,
				"bytes":	11796480,
				"bits_per_second":	94373167.5186738,
				"retransmits":	0,
				"omitted":	false
			}
		}, {
			"streams":	[{
					"socket":	6,
					"start":	7.000053882598877,
					"end":	8.00009298324585,
					"seconds":	1.0000391006469727,
					"bytes":	11796480,
					"bits_per_second":	94368150.14427574,
					"retransmits":	0,
					"snd_cwnd":	1853440,
					"rtt":	154920,
					"rttvar":	32,
					"pmtu":	1500,
					"omitted":	false
				}],
			"sum":	{
				"start":	7.000053882598877,
				"end":	8.00009298324585,
				"seconds":	1.0000391006469727,
				"bytes":	11796480,
				"bits_per_second":	94368150.14427574,
				"retransmits":	0,
				"omitted":	false
			}
		}, {
			"streams":	[{
					"socket":	6,
					"start":	8.00009298324585,
					"end":	8.8133370876312256,
					"seconds":	0.813244104385376,
					"bytes":	10485760,
					"bits_per_second":	103149939.29577692,
					"retransmits":	0,
					"snd_cwnd":	1869368,
					"rtt":	155870,
					"rttvar":	49,
					"pmtu":	1500,
					"omitted":	false
				}],
			"sum":	{
				"start":	8.00009298324585,
				"end":	8.8133370876312256,
				"seconds":	0.813244104385376,
				"bytes":	10485760,
				"bits_per_second":	103149939.29577692,
				"retransmits":	0,
				"omitted":	false
			}
		}],
	"end":	{
		"streams":	[{
				"sender":	{
					"socket":	6,
					"start":	0,
					"end":	8.8133370876312256,
					"seconds":	8.8133370876312256,
					"bytes":	111322032,
					"bits_per_second":	101048700.07183188,
					"retransmits":	16,
					"max_snd_cwnd":	1989552,
					"max_rtt":	166858,
					"min_rtt":	110635,
					"mean_rtt":	149996
				},
				"receiver":	{
					"socket":	6,
					"start":	0,
					"end":	9.0032119750976562,
					"seconds":	8.8133370876312256,
					"bytes":	103576888,
					"bits_per_second":	92035498.69667621
				}
			}],
		"sum_sent":	{
			"start":	0,
			"end":	8.8133370876312256,
			"seconds":	8.8133370876312256,
			"bytes":	111322032,
			"bits_per_second":	101048700.07183188,
			"retransmits":	16
		},
		"sum_received":	{
			"start":	0,
			"end":	9.0032119750976562,
			"seconds":	9.0032119750976562,
			"bytes":	103576888,
			"bits_per_second":	92035498.69667621
		},
		"cpu_utilization_percent":	{
			"host_total":	0.68887173943845847,
			"host_user":	0.013322508980440417,
			"host_system":	0.67554923045801807,
			"remote_total":	0.58137902720989831,
			"remote_user":	0.12817107687994864,
			"remote_system":	0.4532079503299497
		},
		"sender_tcp_congestion":	"cubic",
		"receiver_tcp_congestion":	"cubic"
	}
}
