{
	"start":	{
		"connected":	[{
				"socket":	6,
				"local_host":	"192.168.7.2",
				"local_port":	51688,
				"remote_host":	"192.168.50.1",
				"remote_port":	5008
			}],
		"version":	"iperf 3.6",
		"system_info":	"Linux ba-thesis 4.19.0-23-amd64 #1 SMP Debian 4.19.269-1 (2022-12-20) x86_64",
		"timestamp":	{
			"time":	"Sun, 04 Jun 2023 14:39:22 GMT",
			"timesecs":	1685889562
		},
		"connecting_to":	{
			"host":	"h12",
			"port":	5008
		},
		"cookie":	"may7ni6jlhbfkuziu6bmenibpme4espsw7u4",
		"tcp_mss_default":	1448,
		"sock_bufsize":	0,
		"sndbuf_actual":	87380,
		"rcvbuf_actual":	87380,
		"test_start":	{
			"protocol":	"TCP",
			"num_streams":	1,
			"blksize":	131072,
			"omit":	0,
			"duration":	0,
			"bytes":	146790037,
			"blocks":	0,
			"reverse":	0,
			"tos":	0
		}
	},
	"intervals":	[{
			"streams":	[{
					"socket":	6,
					"start":	0,
					"end":	1.000053882598877,
					"seconds":	1.000053882598877,
					"bytes":	2539792,
					"bits_per_second":	20317241.254239213,
					"retransmits":	0,
					"snd_cwnd":	185344,
					"rtt":	147146,
					"rttvar":	1939,
					"pmtu":	1500,
					"omitted":	false
				}],
			"sum":	{
				"start":	0,
				"end":	1.000053882598877,
				"seconds":	1.000053882598877,
				"bytes":	2539792,
				"bits_per_second":	20317241.254239213,
				"retransmits":	0,
				"omitted":	false
			}
		}, {
			"streams":	[{
					"socket":	6,
					"start":	1.000053882598877,
					"end":	2.0003118515014648,
					"seconds":	1.0002579689025879,
					"bytes":	912240,
					"bits_per_second":	7296037.8491228223,
					"retransmits":	0,
					"snd_cwnd":	236024,
					"rtt":	231661,
					"rttvar":	1896,
					"pmtu":	1500,
					"omitted":	false
				}],
			"sum":	{
				"start":	1.000053882598877,
				"end":	2.0003118515014648,
				"seconds":	1.0002579689025879,
				"bytes":	912240,
				"bits_per_second":	7296037.8491228223,
				"retransmits":	0,
				"omitted":	false
			}
		}, {
			"streams":	[{
					"socket":	6,
					"start":	2.0003118515014648,
					"end":	3.0004329681396484,
					"seconds":	1.0001211166381836,
					"bytes":	1107720,
					"bits_per_second":	8860686.8233999517,
					"retransmits":	0,
					"snd_cwnd":	282360,
					"rtt":	307791,
					"rttvar":	1842,
					"pmtu":	1500,
					"omitted":	false
				}],
			"sum":	{
				"start":	2.0003118515014648,
				"end":	3.0004329681396484,
				"seconds":	1.0001211166381836,
				"bytes":	1107720,
				"bits_per_second":	8860686.8233999517,
				"retransmits":	0,
				"omitted":	false
			}
		}, {
			"streams":	[{
					"socket":	6,
					"start":	3.0004329681396484,
					"end":	4.000269889831543,
					"seconds":	0.99983692169189453,
					"bytes":	1238040,
					"bits_per_second":	9905935.4431922771,
					"retransmits":	0,
					"snd_cwnd":	322904,
					"rtt":	377415,
					"rttvar":	1676,
					"pmtu":	1500,
					"omitted":	false
				}],
			"sum":	{
				"start":	3.0004329681396484,
				"end":	4.000269889831543,
				"seconds":	0.99983692169189453,
				"bytes":	1238040,
				"bits_per_second":	9905935.4431922771,
				"retransmits":	0,
				"omitted":	false
			}
		}, {
			"streams":	[{
					"socket":	6,
					"start":	4.000269889831543,
					"end":	5.0005550384521484,
					"seconds":	1.0002851486206055,
					"bytes":	716760,
					"bits_per_second":	5732445.4011011794,
					"retransmits":	0,
					"snd_cwnd":	363448,
					"rtt":	443260,
					"rttvar":	1800,
					"pmtu":	1500,
					"omitted":	false
				}],
			"sum":	{
				"start":	4.000269889831543,
				"end":	5.0005550384521484,
				"seconds":	1.0002851486206055,
				"bytes":	716760,
				"bits_per_second":	5732445.4011011794,
				"retransmits":	0,
				"omitted":	false
			}
		}, {
			"streams":	[{
					"socket":	6,
					"start":	5.0005550384521484,
					"end":	6.00079083442688,
					"seconds":	1.0002357959747314,
					"bytes":	781920,
					"bits_per_second":	6253885.3590059141,
					"retransmits":	0,
					"snd_cwnd":	399648,
					"rtt":	526958,
					"rttvar":	5528,
					"pmtu":	1500,
					"omitted":	false
				}],
			"sum":	{
				"start":	5.0005550384521484,
				"end":	6.00079083442688,
				"seconds":	1.0002357959747314,
				"bytes":	781920,
				"bits_per_second":	6253885.3590059141,
				"retransmits":	0,
				"omitted":	false
			}
		}, {
			"streams":	[{
					"socket":	6,
					"start":	6.00079083442688,
					"end":	7.0008599758148193,
					"seconds":	1.0000691413879395,
					"bytes":	847080,
					"bits_per_second":	6776171.4860985354,
					"retransmits":	0,
					"snd_cwnd":	435848,
					"rtt":	578355,
					"rttvar":	1802,
					"pmtu":	1500,
					"omitted":	false
				}],
			"sum":	{
				"start":	6.00079083442688,
				"end":	7.0008599758148193,
				"seconds":	1.0000691413879395,
				"bytes":	847080,
				"bits_per_second":	6776171.4860985354,
				"retransmits":	0,
				"omitted":	false
			}
		}, {
			"streams":	[{
					"socket":	6,
					"start":	7.0008599758148193,
					"end":	8.000330924987793,
					"seconds":	0.99947094917297363,
					"bytes":	912240,
					"bits_per_second":	7301783.0143425046,
					"retransmits":	0,
					"snd_cwnd":	470600,
					"rtt":	624267,
					"rttvar":	1999,
					"pmtu":	1500,
					"omitted":	false
				}],
			"sum":	{
				"start":	7.0008599758148193,
				"end":	8.000330924987793,
				"seconds":	0.99947094917297363,
				"bytes":	912240,
				"bits_per_second":	7301783.0143425046,
				"retransmits":	0,
				"omitted":	false
			}
		}, {
			"streams":	[{
					"socket":	6,
					"start":	8.000330924987793,
					"end":	9.0004270076751709,
					"seconds":	1.0000960826873779,
					"bytes":	977400,
					"bits_per_second":	7818448.7824298572,
					"retransmits":	0,
					"snd_cwnd":	506800,
					"rtt":	684553,
					"rttvar":	1642,
					"pmtu":	1500,
					"omitted":	false
				}],
			"sum":	{
				"start":	8.000330924987793,
				"end":	9.0004270076751709,
				"seconds":	1.0000960826873779,
				"bytes":	977400,
				"bits_per_second":	7818448.7824298572,
				"retransmits":	0,
				"omitted":	false
			}
		}, {
			"streams":	[{
					"socket":	6,
					"start":	9.0004270076751709,
					"end":	10.000623941421509,
					"seconds":	1.0001969337463379,
					"bytes":	1042560,
					"bits_per_second":	8338837.80143166,
					"retransmits":	0,
					"snd_cwnd":	587888,
					"rtt":	742155,
					"rttvar":	1957,
					"pmtu":	1500,
					"omitted":	false
				}],
			"sum":	{
				"start":	9.0004270076751709,
				"end":	10.000623941421509,
				"seconds":	1.0001969337463379,
				"bytes":	1042560,
				"bits_per_second":	8338837.80143166,
				"retransmits":	0,
				"omitted":	false
			}
		}, {
			"streams":	[{
					"socket":	6,
					"start":	10.000623941421509,
					"end":	11.000799894332886,
					"seconds":	1.000175952911377,
					"bytes":	1303200,
					"bits_per_second":	10423765.908040969,
					"retransmits":	0,
					"snd_cwnd":	739928,
					"rtt":	752443,
					"rttvar":	297,
					"pmtu":	1500,
					"omitted":	false
				}],
			"sum":	{
				"start":	10.000623941421509,
				"end":	11.000799894332886,
				"seconds":	1.000175952911377,
				"bytes":	1303200,
				"bits_per_second":	10423765.908040969,
				"retransmits":	0,
				"omitted":	false
			}
		}, {
			"streams":	[{
					"socket":	6,
					"start":	11.000799894332886,
					"end":	12.000072956085205,
					"seconds":	0.99927306175231934,
					"bytes":	2621440,
					"bits_per_second":	20986776.0902355,
					"retransmits":	0,
					"snd_cwnd":	939752,
					"rtt":	766706,
					"rttvar":	553,
					"pmtu":	1500,
					"omitted":	false
				}],
			"sum":	{
				"start":	11.000799894332886,
				"end":	12.000072956085205,
				"seconds":	0.99927306175231934,
				"bytes":	2621440,
				"bits_per_second":	20986776.0902355,
				"retransmits":	0,
				"omitted":	false
			}
		}, {
			"streams":	[{
					"socket":	6,
					"start":	12.000072956085205,
					"end":	13.000380039215088,
					"seconds":	1.0003070831298828,
					"bytes":	1310720,
					"bits_per_second":	10482540.988504125,
					"retransmits":	0,
					"snd_cwnd":	1168536,
					"rtt":	782901,
					"rttvar":	314,
					"pmtu":	1500,
					"omitted":	false
				}],
			"sum":	{
				"start":	12.000072956085205,