{
	"start":	{
		"connected":	[{
				"socket":	6,
				"local_host":	"192.168.6.2",
				"local_port":	33230,
				"remote_host":	"192.168.6.1",
				"remote_port":	5002
			}],
		"version":	"iperf 3.6",
		"system_info":	"Linux ba-thesis 4.19.0-23-amd64 #1 SMP Debian 4.19.269-1 (2022-12-20) x86_64",
		"timestamp":	{
			"time":	"Mon, 12 Jun 2023 23:25:45 GMT",
			"timesecs":	1686612345
		},
		"connecting_to":	{
			"host":	"h7",
			"port":	5002
		},
		"cookie":	"gxm5ocxzchzwlwonvmgwqm3bvcg6uiptqlri",
		"tcp_mss_default":	1448,
		"sock_bufsize":	0,
		"sndbuf_actual":	87380,
		"rcvbuf_actual":	87380,
		"test_start":	{
			"protocol":	"TCP",
			"num_streams":	1,
			"blksize":	131072,
			"omit":	0,
			"duration":	0,
			"bytes":	283609088,
			"blocks":	0,
			"reverse":	0,
			"tos":	0
		}
	},
	"intervals":	[{
			"streams":	[{
					"socket":	6,
					"start":	0,
					"end":	1.0001120567321777,
					"seconds":	1.0001120567321777,
					"bytes":	14350240,
					"bits_per_second":	114789057.11337011,
					"retransmits":	0,
					"snd_cwnd":	777576,
					"rtt":	61349,
					"rttvar":	236,
					"pmtu":	1500,
					"omitted":	false
				}],
			"sum":	{
				"start":	0,
				"end":	1.0001120567321777,
				"seconds":	1.0001120567321777,
				"bytes":	14350240,
				"bits_per_second":	114789057.11337011,
				"retransmits":	0,
				"omitted":	false
			}
		}, {
			"streams":	[{
					"socket":	6,
					"start":	1.0001120567321777,
					"end":	2.0001211166381836,
					"seconds":	1.0000090599060059,
					"bytes":	14417920,
					"bits_per_second":	115342315.00946751,
					"retransmits":	0,
					"snd_cwnd":	1375600,
					"rtt":	108831,
					"rttvar":	361,
					"pmtu":	1500,
					"omitted":	false
				}],
			"sum":	{
				"start":	1.0001120567321777,
				"end":	2.0001211166381836,
				"seconds":	1.0000090599060059,
				"bytes":	14417920,
				"bits_per_second":	115342315.00946751,
				"retransmits":	0,
				"omitted":	false
			}
		}, {
			"streams":	[{
					"socket":	6,
					"start":	2.0001211166381836,
					"end":	3.0001330375671387,
					"seconds":	1.0000119209289551,
					"bytes":	14417920,
					"bits_per_second":	115341985.01639108,
					"retransmits":	0,
					"snd_cwnd":	1972176,
					"rtt":	156826,
					"rttvar":	654,
					"pmtu":	1500,
					"omitted":	false
				}],
			"sum":	{
				"start":	2.0001211166381836,
				"end":	3.0001330375671387,
				"seconds":	1.0000119209289551,
				"bytes":	14417920,
				"bits_per_second":	115341985.01639108,
				"retransmits":	0,
				"omitted":	false
			}
		}, {
			"streams":	[{
					"socket":	6,
					"start":	3.0001330375671387,
					"end":	4.00012993812561,
					"seconds":	0.99999690055847168,
					"bytes":	14417920,
					"bits_per_second":	115343717.50110805,
					"retransmits":	0,
					"snd_cwnd":	2568752,
					"rtt":	203736,
					"rttvar":	361,
					"pmtu":	1500,
					"omitted":	false
				}],
			"sum":	{
				"start":	3.0001330375671387,
				"end":	4.00012993812561,
				"seconds":	0.99999690055847168,
				"bytes":	14417920,
				"bits_per_second":	115343717.50110805,
				"retransmits":	0,
				"omitted":	false
			}
		}, {
			"streams":	[{
					"socket":	6,
					"start":	4.00012993812561,
					"end":	5.0001389980316162,
					"seconds":	1.0000090599060059,
					"bytes":	13107200,
					"bits_per_second":	104856650.00860684,
					"retransmits":	0,
					"snd_cwnd":	3165328,
					"rtt":	251764,
					"rttvar":	487,
					"pmtu":	1500,
					"omitted":	false
				}],
			"sum":	{
				"start":	4.00012993812561,
				"end":	5.0001389980316162,
				"seconds":	1.0000090599060059,
				"bytes":	13107200,
				"bits_per_second":	104856650.00860684,
				"retransmits":	0,
				"omitted":	false
			}
		}, {
			"streams":	[{
					"socket":	6,
					"start":	5.0001389980316162,
					"end":	6.0000960826873779,
					"seconds":	0.99995708465576172,
					"bytes":	11796480,
					"bits_per_second":	94375890.17381461,
					"retransmits":	0,
					"snd_cwnd":	3763352,
					"rtt":	299099,
					"rttvar":	676,
					"pmtu":	1500,
					"omitted":	false
				}],
			"sum":	{
				"start":	5.0001389980316162,
				"end":	6.0000960826873779,
				"seconds":	0.99995708465576172,
				"bytes":	11796480,
				"bits_per_second":	94375890.17381461,
				"retransmits":	0,
				"omitted":	false
			}
		}, {
			"streams":	[{
					"socket":	6,
					"start":	6.0000960826873779,
					"end":	7.0000801086425781,
					"seconds":	0.9999840259552002,
					"bytes":	11796480,
					"bits_per_second":	94373347.52408126,
					"retransmits":	0,
					"snd_cwnd":	4359928,
					"rtt":	347006,
					"rttvar":	281,
					"pmtu":	1500,
					"omitted":	false
				}],
			"sum":	{
				"start":	6.0000960826873779,
				"end":	7.0000801086425781,
				"seconds":	0.9999840259552002,
				"bytes":	11796480,
				"bits_per_second":	94373347.52408126,
				"retransmits":	0,
				"omitted":	false
			}
		}, {
			"streams":	[{
					"socket":	6,
					"start":	7.0000801086425781,
					"end":	8.0001220703125,
					"seconds":	1.0000419616699219,
					"bytes":	11796480,
					"bits_per_second":	94367880.166161239,
					"retransmits":	0,
					"snd_cwnd":	4957952,
					"rtt":	393994,
					"rttvar":	826,
					"pmtu":	1500,
					"omitted":	false
				}],
			"sum":	{
				"start":	7.0000801086425781,
				"end":	8.0001220703125,
				"seconds":	1.0000419616699219,
				"bytes":	11796480,
				"bits_per_second":	94367880.166161239,
				"retransmits":	0,
				"omitted":	false
			}
		}, {
			"streams":	[{
					"socket":	6,
					"start":	8.0001220703125,
					"end":	9.0001111030578613,
					"seconds":	0.99998903274536133,
					"bytes":	11796480,
					"bits_per_second":	94372875.011351228,
					"retransmits":	0,
					"snd_cwnd":	5555976,
					"rtt":	441684,
					"rttvar":	380,
					"pmtu":	1500,
					"omitted":	false
				}],
			"sum":	{
				"start":	8.0001220703125,
				"end":	9.0001111030578613,
				"seconds":	0.99998903274536133,
				"bytes":	11796480,
				"bits_per_second":	94372875.011351228,
				"retransmits":	0,
				"omitted":	false
			}
		}, {
			"streams":	[{
					"socket":	6,
					"start":	9.0001111030578613,
					"end":	10.000128030776978,
					"seconds":	1.0000169277191162,
					"bytes":	11796480,
					"bits_per_second":	94370242.527041569,
					"retransmits":	0,
					"snd_cwnd":	6152552,
					"rtt":	489354,
					"rttvar":	259,
					"pmtu":	1500,
					"omitted":	false
				}],
			"sum":	{
				"start":	9.0001111030578613,
				"end":	10.000128030776978,
				"seconds":	1.0000169277191162,
				"bytes":	11796480,
				"bits_per_second":	94370242.527041569,
				"retransmits":	0,
				"omitted":	false
			}
		}, {
			"streams":	[{
					"socket":	6,
					"start":	10.000128030776978,
					"end":	11.000132083892822,
					"seconds":	1.0000040531158447,
					"bytes":	11796480,
					"bits_per_second":	94371457.501550317,
					"retransmits":	0,
					"snd_cwnd":	6749128,
					"rtt":	537016,
					"rttvar":	458,
					"pmtu":	1500,
					"omitted":	false
				}],
			"sum":	{
				"start":	10.000128030776978,
				"end":	11.000132083892822,
				"seconds":	1.0000040531158447,
				"bytes":	11796480,
				"bits_per_second":	94371457.501550317,
				"retransmits":	0,
				"omitted":	false
			}
		}, {
			"streams":	[{
					"socket":	6,
					"start":	11.000132083892822,
					"end":	12.000116109848022,
					"seconds":	0.9999840259552002,
					"bytes":	11796480,
					"bits_per_second":	94373347.52408126,
					"retransmits":	0,
					"snd_cwnd":	7342808,
					"rtt":	590905,
					"rttvar":	528,
					"pmtu":	1500,
					"omitted":	false
				}],
			"sum":	{
				"start":	11.000132083892822,
				"end":	12.000116109848022,
				"seconds":	0.9999840259552002,
				"bytes":	11796480,
				"bits_per_second":	94373347.52408126,
				"retransmits":	0,
				"omitted":	false
			}
		}, {
			"streams":	[{
					"socket":	6,
					"start":	12.000116109848022,
					"end":	13.000059127807617,
					"seconds":	0.99994301795959473,
					"bytes":	11796480,
					"bits_per_second":	94377217.806438386,
					"retransmits":	0,
					"snd_cwnd":	7939384,
					"rtt":	633194,
					"rttvar":	626,
					"pmtu":	1500,
					"omitted":	false
				}],