{
	"start":	{
		"connected":	[{
				"socket":	6,
				"local_host":	"192.168.10.1",
				"local_port":	45532,
				"remote_host":	"192.168.10.2",
				"remote_port":	5004
			}],
		"version":	"iperf 3.6",
		"system_info":	"Linux ba-thesis 4.19.0-23-amd64 #1 SMP Debian 4.19.269-1 (2022-12-20) x86_64",
		"timestamp":	{
			"time":	"Mon, 12 Jun 2023 23:25:45 GMT",
			"timesecs":	1686612345
		},
		"connecting_to":	{
			"host":	"h5",
			"port":	5004
		},
		"cookie":	"ufbag4shf3qdzstyv4alleuokzbccu64z3a7",
		"tcp_mss_default":	1448,
		"sock_bufsize":	0,
		"sndbuf_actual":	87380,
		"rcvbuf_actual":	87380,
		"test_start":	{
			"protocol":	"TCP",
			"num_streams":	1,
			"blksize":	131072,
			"omit":	0,
			"duration":	0,
			"bytes":	199682048,
			"blocks":	0,
			"reverse":	0,
			"tos":	0
		}
	},
	"intervals":	[{
			"streams":	[{
					"socket":	6,
					"start":	0,
					"end":	1.0000598430633545,
					"seconds":	1.0000598430633545,
					"bytes":	15284480,
					"bits_per_second":	122268523.07702725,
					"retransmits":	0,
					"snd_cwnd":	789160,
					"rtt":	62017,
					"rttvar":	334,
					"pmtu":	1500,
					"omitted":	false
				}],
			"sum":	{
				"start":	0,
				"end":	1.0000598430633545,
				"seconds":	1.0000598430633545,
				"bytes":	15284480,
				"bits_per_second":	122268523.07702725,
				"retransmits":	0,
				"omitted":	false
			}
		}, {
			"streams":	[{
					"socket":	6,
					"start":	1.0000598430633545,
					"end":	2.0000720024108887,
					"seconds":	1.0000121593475342,
					"bytes":	14417920,
					"bits_per_second":	115341957.51705328,
					"retransmits":	0,
					"snd_cwnd":	1387184,
					"rtt":	110064,
					"rttvar":	605,
					"pmtu":	1500,
					"omitted":	false
				}],
			"sum":	{
				"start":	1.0000598430633545,
				"end":	2.0000720024108887,
				"seconds":	1.0000121593475342,
				"bytes":	14417920,
				"bits_per_second":	115341957.51705328,
				"retransmits":	0,
				"omitted":	false
			}
		}, {
			"streams":	[{
					"socket":	6,
					"start":	2.0000720024108887,
					"end":	3.000086784362793,
					"seconds":	1.0000147819519043,
					"bytes":	14417920,
					"bits_per_second":	115341655.02520286,
					"retransmits":	0,
					"snd_cwnd":	1983760,
					"rtt":	157328,
					"rttvar":	587,
					"pmtu":	1500,
					"omitted":	false
				}],
			"sum":	{
				"start":	2.0000720024108887,
				"end":	3.000086784362793,
				"seconds":	1.0000147819519043,
				"bytes":	14417920,
				"bits_per_second":	115341655.02520286,
				"retransmits":	0,
				"omitted":	false
			}
		}, {
			"streams":	[{
					"socket":	6,
					"start":	3.000086784362793,
					"end":	4.00010085105896,
					"seconds":	1.000014066696167,
					"bytes":	13107200,
					"bits_per_second":	104856125.02074808,
					"retransmits":	0,
					"snd_cwnd":	2581784,
					"rtt":	204745,
					"rttvar":	295,
					"pmtu":	1500,
					"omitted":	false
				}],
			"sum":	{
				"start":	3.000086784362793,
				"end":	4.00010085105896,
				"seconds":	1.000014066696167,
				"bytes":	13107200,
				"bits_per_second":	104856125.02074808,
				"retransmits":	0,
				"omitted":	false
			}
		}, {
			"streams":	[{
					"socket":	6,
					"start":	4.00010085105896,
					"end":	5.0000739097595215,
					"seconds":	0.99997305870056152,
					"bytes":	13107200,
					"bits_per_second":	104860425.07611123,
					"retransmits":	0,
					"snd_cwnd":	3179808,
					"rtt":	252538,
					"rttvar":	561,
					"pmtu":	1500,
					"omitted":	false
				}],
			"sum":	{
				"start":	4.00010085105896,
				"end":	5.0000739097595215,
				"seconds":	0.99997305870056152,
				"bytes":	13107200,
				"bits_per_second":	104860425.07611123,
				"retransmits":	0,
				"omitted":	false
			}
		}, {
			"streams":	[{
					"socket":	6,
					"start":	5.0000739097595215,
					"end":	6.0000858306884766,
					"seconds":	1.0000119209289551,
					"bytes":	11796480,
					"bits_per_second":	94370715.013410881,
					"retransmits":	0,
					"snd_cwnd":	3776384,
					"rtt":	300004,
					"rttvar":	440,
					"pmtu":	1500,
					"omitted":	false
				}],
			"sum":	{
				"start":	5.0000739097595215,
				"end":	6.0000858306884766,
				"seconds":	1.0000119209289551,
				"bytes":	11796480,
				"bits_per_second":	94370715.013410881,
				"retransmits":	0,
				"omitted":	false
			}
		}, {
			"streams":	[{
					"socket":	6,
					"start":	6.0000858306884766,
					"end":	7.0001058578491211,
					"seconds":	1.0000200271606445,
					"bytes":	11796480,
					"bits_per_second":	94369950.037850574,
					"retransmits":	0,
					"snd_cwnd":	4374408,
					"rtt":	347621,
					"rttvar":	192,
					"pmtu":	1500,
					"omitted":	false
				}],
			"sum":	{
				"start":	6.0000858306884766,
				"end":	7.0001058578491211,
				"seconds":	1.0000200271606445,
				"bytes":	11796480,
				"bits_per_second":	94369950.037850574,
				"retransmits":	0,
				"omitted":	false
			}
		}, {
			"streams":	[{
					"socket":	6,
					"start":	7.0001058578491211,
					"end":	8.000108003616333,
					"seconds":	1.0000021457672119,
					"bytes":	11796480,
					"bits_per_second":	94371637.500434518,
					"retransmits":	0,
					"snd_cwnd":	4970984,
					"rtt":	395622,
					"rttvar":	609,
					"pmtu":	1500,
					"omitted":	false
				}],
			"sum":	{
				"start":	7.0001058578491211,
				"end":	8.000108003616333,
				"seconds":	1.0000021457672119,
				"bytes":	11796480,
				"bits_per_second":	94371637.500434518,
				"retransmits":	0,
				"omitted":	false
			}
		}, {
			"streams":	[{
					"socket":	6,
					"start":	8.000108003616333,
					"end":	9.0001339912414551,
					"seconds":	1.0000259876251221,
					"bytes":	11796480,
					"bits_per_second":	94369387.563733,
					"retransmits":	0,
					"snd_cwnd":	5569008,
					"rtt":	443482,
					"rttvar":	790,
					"pmtu":	1500,
					"omitted":	false
				}],
			"sum":	{
				"start":	8.000108003616333,
				"end":	9.0001339912414551,
				"seconds":	1.0000259876251221,
				"bytes":	11796480,
				"bits_per_second":	94369387.563733,
				"retransmits":	0,
				"omitted":	false
			}
		}, {
			"streams":	[{
					"socket":	6,
					"start":	9.0001339912414551,
					"end":	10.00006890296936,
					"seconds":	0.99993491172790527,
					"bytes":	13107200,
					"bits_per_second":	104864425.44425638,
					"retransmits":	0,
					"snd_cwnd":	6167032,
					"rtt":	490407,
					"rttvar":	221,
					"pmtu":	1500,
					"omitted":	false
				}],
			"sum":	{
				"start":	9.0001339912414551,
				"end":	10.00006890296936,
				"seconds":	0.99993491172790527,
				"bytes":	13107200,
				"bits_per_second":	104864425.44425638,
				"retransmits":	0,
				"omitted":	false
			}
		}, {
			"streams":	[{
					"socket":	6,
					"start":	10.00006890296936,
					"end":	11.000072956085205,
					"seconds":	1.0000040531158447,
					"bytes":	11796480,
					"bits_per_second":	94371457.501550317,
					"retransmits":	0,
					"snd_cwnd":	6763608,
					"rtt":	538624,
					"rttvar":	656,
					"pmtu":	1500,
					"omitted":	false
				}],
			"sum":	{
				"start":	10.00006890296936,
				"end":	11.000072956085205,
				"seconds":	1.0000040531158447,
				"bytes":	11796480,
				"bits_per_second":	94371457.501550317,
				"retransmits":	0,
				"omitted":	false
			}
		}, {
			"streams":	[{
					"socket":	6,
					"start":	11.000072956085205,
					"end":	12.000072002410889,
					"seconds":	0.99999904632568359,
					"bytes":	11796480,
					"bits_per_second":	94371930.000085831,
					"retransmits":	0,
					"snd_cwnd":	7357288,
					"rtt":	591929,
					"rttvar":	340,
					"pmtu":	1500,
					"omitted":	false
				}],
			"sum":	{
				"start":	11.000072956085205,
				"end":	12.000072002410889,
				"seconds":	0.99999904632568359,
				"bytes":	11796480,
				"bits_per_second":	94371930.000085831,
				"retransmits":	0,
				"omitted":	false
			}
		}, {
			"streams":	[{
					"socket":	6,
					"start":	12.000072002410889,
					"end":	13.000044822692871,
					"seconds":	0.99997282028198242,
					"bytes":	11796480,
					"bits_per_second":	94374405.069717869,
					"retransmits":	0,
					"snd_cwnd":	7955312,
					"rtt":	633024,
					"rttvar":	506,
					"pmtu":	1500,
					"omitted":	false
				}],