{
	"start":	{
		"connected":	[{
				"socket":	6,
				"local_host":	"192.168.3.2",
				"local_port":	34936,
				"remote_host":	"192.168.25.1",
				"remote_port":	5000
			}],
		"version":	"iperf 3.6",
		"system_info":	"Linux ba-thesis 4.19.0-23-amd64 #1 SMP Debian 4.19.269-1 (2022-12-20) x86_64",
		"timestamp":	{
			"time":	"Sun, 11 Jun 2023 06:55:53 GMT",
			"timesecs":	1686466553
		},
		"connecting_to":	{
			"host":	"h5",
			"port":	5000
		},
		"cookie":	"djigxmdjpkachaen6wwofliytmd6ydo7kzmr",
		"tcp_mss_default":	1448,
		"sock_bufsize":	0,
		"sndbuf_actual":	87380,
		"rcvbuf_actual":	87380,
		"test_start":	{
			"protocol":	"TCP",
			"num_streams":	1,
			"blksize":	131072,
			"omit":	0,
			"duration":	0,
			"bytes":	186188931,
			"blocks":	0,
			"reverse":	0,
			"tos":	0
		}
	},
	"intervals":	[{
			"streams":	[{
					"socket":	6,
					"start":	0,
					"end":	1.0000779628753662,
					"seconds":	1.0000779628753662,
					"bytes":	16015952,
					"bits_per_second":	128117627.58136865,
					"retransmits":	0,
					"snd_cwnd":	1342296,
					"rtt":	106237,
					"rttvar":	509,
					"pmtu":	1500,
					"omitted":	false
				}],
			"sum":	{
				"start":	0,
				"end":	1.0000779628753662,
				"seconds":	1.0000779628753662,
				"bytes":	16015952,
				"bits_per_second":	128117627.58136865,
				"retransmits":	0,
				"omitted":	false
			}
		}, {
			"streams":	[{
					"socket":	6,
					"start":	1.0000779628753662,
					"end":	2.0000419616699219,
					"seconds":	0.99996399879455566,
					"bytes":	14417920,
					"bits_per_second":	115347512.64950038,
					"retransmits":	0,
					"snd_cwnd":	1940320,
					"rtt":	153815,
					"rttvar":	393,
					"pmtu":	1500,
					"omitted":	false
				}],
			"sum":	{
				"start":	1.0000779628753662,
				"end":	2.0000419616699219,
				"seconds":	0.99996399879455566,
				"bytes":	14417920,
				"bits_per_second":	115347512.64950038,
				"retransmits":	0,
				"omitted":	false
			}
		}, {
			"streams":	[{
					"socket":	6,
					"start":	2.0000419616699219,
					"end":	3.0000820159912109,
					"seconds":	1.0000400543212891,
					"bytes":	14417920,
					"bits_per_second":	115338740.18504356,
					"retransmits":	0,
					"snd_cwnd":	2536896,
					"rtt":	201433,
					"rttvar":	416,
					"pmtu":	1500,
					"omitted":	false
				}],
			"sum":	{
				"start":	2.0000419616699219,
				"end":	3.0000820159912109,
				"seconds":	1.0000400543212891,
				"bytes":	14417920,
				"bits_per_second":	115338740.18504356,
				"retransmits":	0,
				"omitted":	false
			}
		}, {
			"streams":	[{
					"socket":	6,
					"start":	3.0000820159912109,
					"end":	4.0000400543212891,
					"seconds":	0.99995803833007812,
					"bytes":	13107200,
					"bits_per_second":	104862000.1846391,
					"retransmits":	0,
					"snd_cwnd":	3134920,
					"rtt":	249321,
					"rttvar":	624,
					"pmtu":	1500,
					"omitted":	false
				}],
			"sum":	{
				"start":	3.0000820159912109,
				"end":	4.0000400543212891,
				"seconds":	0.99995803833007812,
				"bytes":	13107200,
				"bits_per_second":	104862000.1846391,
				"retransmits":	0,
				"omitted":	false
			}
		}, {
			"streams":	[{
					"socket":	6,
					"start":	4.0000400543212891,
					"end":	5.0000820159912109,
					"seconds":	1.0000419616699219,
					"bytes":	10485760,
					"bits_per_second":	83882560.147698879,
					"retransmits":	0,
					"snd_cwnd":	3644616,
					"rtt":	331117,
					"rttvar":	382,
					"pmtu":	1500,
					"omitted":	false
				}],
			"sum":	{
				"start":	4.0000400543212891,
				"end":	5.0000820159912109,
				"seconds":	1.0000419616699219,
				"bytes":	10485760,
				"bits_per_second":	83882560.147698879,
				"retransmits":	0,
				"omitted":	false
			}
		}, {
			"streams":	[{
					"socket":	6,
					"start":	5.0000820159912109,
					"end":	6.0000419616699219,
					"seconds":	0.99995994567871094,
					"bytes":	10485760,
					"bits_per_second":	83889440.134587914,
					"retransmits":	0,
					"snd_cwnd":	4161552,
					"rtt":	364128,
					"rttvar":	166,
					"pmtu":	1500,
					"omitted":	false
				}],
			"sum":	{
				"start":	5.0000820159912109,
				"end":	6.0000419616699219,
				"seconds":	0.99995994567871094,
				"bytes":	10485760,
				"bits_per_second":	83889440.134587914,
				"retransmits":	0,
				"omitted":	false
			}
		}, {
			"streams":	[{
					"socket":	6,
					"start":	6.0000419616699219,
					"end":	7.0000789165496826,
					"seconds":	1.0000369548797607,
					"bytes":	10485760,
					"bits_per_second":	83882980.1145559,
					"retransmits":	0,
					"snd_cwnd":	4707448,
					"rtt":	407622,
					"rttvar":	929,
					"pmtu":	1500,
					"omitted":	false
				}],
			"sum":	{
				"start":	6.0000419616699219,
				"end":	7.0000789165496826,
				"seconds":	1.0000369548797607,
				"bytes":	10485760,
				"bits_per_second":	83882980.1145559,
				"retransmits":	0,
				"omitted":	false
			}
		}, {
			"streams":	[{
					"socket":	6,
					"start":	7.0000789165496826,
					"end":	8.000093936920166,
					"seconds":	1.0000150203704834,
					"bytes":	10485760,
					"bits_per_second":	83884820.018925384,
					"retransmits":	0,
					"snd_cwnd":	5243208,
					"rtt":	480934,
					"rttvar":	978,
					"pmtu":	1500,
					"omitted":	false
				}],
			"sum":	{
				"start":	7.0000789165496826,
				"end":	8.000093936920166,
				"seconds":	1.0000150203704834,
				"bytes":	10485760,
				"bits_per_second":	83884820.018925384,
				"retransmits":	0,
				"omitted":	false
			}
		}, {
			"streams":	[{
					"socket":	6,
					"start":	8.000093936920166,
					"end":	9.0000779628753662,
					"seconds":	0.9999840259552002,
					"bytes":	10485760,
					"bits_per_second":	83887420.021405563,
					"retransmits":	0,
					"snd_cwnd":	5793448,
					"rtt":	499325,
					"rttvar":	640,
					"pmtu":	1500,
					"omitted":	false
				}],
			"sum":	{
				"start":	8.000093936920166,
				"end":	9.0000779628753662,
				"seconds":	0.9999840259552002,
				"bytes":	10485760,
				"bits_per_second":	83887420.021405563,
				"retransmits":	0,
				"omitted":	false
			}
		}, {
			"streams":	[{
					"socket":	6,
					"start":	9.0000779628753662,
					"end":	10.00006890296936,
					"seconds":	0.99999094009399414,
					"bytes":	11796480,
					"bits_per_second":	94372695.0077463,
					"retransmits":	0,
					"snd_cwnd":	6346584,
					"rtt":	545275,
					"rttvar":	615,
					"pmtu":	1500,
					"omitted":	false
				}],
			"sum":	{
				"start":	9.0000779628753662,
				"end":	10.00006890296936,
				"seconds":	0.99999094009399414,
				"bytes":	11796480,
				"bits_per_second":	94372695.0077463,
				"retransmits":	0,
				"omitted":	false
			}
		}, {
			"streams":	[{
					"socket":	6,
					"start":	10.00006890296936,
					"end":	11.000088930130005,
					"seconds":	1.0000200271606445,
					"bytes":	10485760,
					"bits_per_second":	83884400.033644959,
					"retransmits":	0,
					"snd_cwnd":	6886688,
					"rtt":	578313,
					"rttvar":	503,
					"pmtu":	1500,
					"omitted":	false
				}],
			"sum":	{
				"start":	10.00006890296936,
				"end":	11.000088930130005,
				"seconds":	1.0000200271606445,
				"bytes":	10485760,
				"bits_per_second":	83884400.033644959,
				"retransmits":	0,
				"omitted":	false
			}
		}, {
			"streams":	[{
					"socket":	6,
					"start":	11.000088930130005,
					"end":	12.00006890296936,
					"seconds":	0.99997997283935547,
					"bytes":	11796480,
					"bits_per_second":	94373730.0378521,
					"retransmits":	0,
					"snd_cwnd":	7441272,
					"rtt":	636859,
					"rttvar":	216,
					"pmtu":	1500,
					"omitted":	false
				}],
			"sum":	{
				"start":	11.000088930130005,
				"end":	12.00006890296936,
				"seconds":	0.99997997283935547,
				"bytes":	11796480,
				"bits_per_second":	94373730.0378521,
				"retransmits":	0,
				"omitted":	false
			}
		}, {
			"streams":	[{
					"socket":	6,
					"start":	12.00006890296936,
					"end":	13.000073909759521,
					"seconds":	1.0000050067901611,
					"bytes":	10485760,
					"bits_per_second":	83885660.002102837,
					"retransmits":	0,
					"snd_cwnd":	7987168,
					"rtt":	700304,
					"rttvar":	652,
					"pmtu":	1500,
					"omitted":	false
				}],