{
	"start":	{
		"connected":	[{
				"socket":	6,
				"local_host":	"192.168.6.2",
				"local_port":	59094,
				"remote_host":	"192.168.24.1",
				"remote_port":	5001
			}],
		"version":	"iperf 3.6",
		"system_info":	"Linux ba-thesis 4.19.0-23-amd64 #1 SMP Debian 4.19.269-1 (2022-12-20) x86_64",
		"timestamp":	{
			"time":	"Sun, 11 Jun 2023 06:55:51 GMT",
			"timesecs":	1686466551
		},
		"connecting_to":	{
			"host":	"h4",
			"port":	5001
		},
		"cookie":	"sa2v57e4gy62gw7kmg3xibyaxhjdwjmgab5h",
		"tcp_mss_default":	1448,
		"sock_bufsize":	0,
		"sndbuf_actual":	87380,
		"rcvbuf_actual":	87380,
		"test_start":	{
			"protocol":	"TCP",
			"num_streams":	1,
			"blksize":	131072,
			"omit":	0,
			"duration":	0,
			"bytes":	9513981,
			"blocks":	0,
			"reverse":	0,
			"tos":	0
		}
	},
	"intervals":	[{
			"streams":	[{
					"socket":	6,
					"start":	0,
					"end":	1.0001609325408936,
					"seconds":	1.0001609325408936,
					"bytes":	2229920,
					"bits_per_second":	17836489.528419569,
					"retransmits":	0,
					"snd_cwnd":	150592,
					"rtt":	78940,
					"rttvar":	670,
					"pmtu":	1500,
					"omitted":	false
				}],
			"sum":	{
				"start":	0,
				"end":	1.0001609325408936,
				"seconds":	1.0001609325408936,
				"bytes":	2229920,
				"bits_per_second":	17836489.528419569,
				"retransmits":	0,
				"omitted":	false
			}
		}, {
			"streams":	[{
					"socket":	6,
					"start":	1.0001609325408936,
					"end":	2.0000851154327393,
					"seconds":	0.9999241828918457,
					"bytes":	2410920,
					"bits_per_second":	19288822.422735795,
					"retransmits":	0,
					"snd_cwnd":	237472,
					"rtt":	157729,
					"rttvar":	489,
					"pmtu":	1500,
					"omitted":	false
				}],
			"sum":	{
				"start":	1.0001609325408936,
				"end":	2.0000851154327393,
				"seconds":	0.9999241828918457,
				"bytes":	2410920,
				"bits_per_second":	19288822.422735795,
				"retransmits":	0,
				"omitted":	false
			}
		}, {
			"streams":	[{
					"socket":	6,
					"start":	2.0000851154327393,
					"end":	3.0001931190490723,
					"seconds":	1.000108003616333,
					"bytes":	1759320,
					"bits_per_second":	14073040.060780637,
					"retransmits":	0,
					"snd_cwnd":	327248,
					"rtt":	171752,
					"rttvar":	192,
					"pmtu":	1500,
					"omitted":	false
				}],
			"sum":	{
				"start":	2.0000851154327393,
				"end":	3.0001931190490723,
				"seconds":	1.000108003616333,
				"bytes":	1759320,
				"bits_per_second":	14073040.060780637,
				"retransmits":	0,
				"omitted":	false
			}
		}, {
			"streams":	[{
					"socket":	6,
					"start":	3.0001931190490723,
					"end":	4.0002920627593994,
					"seconds":	1.0000989437103271,
					"bytes":	2150280,
					"bits_per_second":	17200538.114939284,
					"retransmits":	0,
					"snd_cwnd":	417024,
					"rtt":	220489,
					"rttvar":	616,
					"pmtu":	1500,
					"omitted":	false
				}],
			"sum":	{
				"start":	3.0001931190490723,
				"end":	4.0002920627593994,
				"seconds":	1.0000989437103271,
				"bytes":	2150280,
				"bits_per_second":	17200538.114939284,
				"retransmits":	0,
				"omitted":	false
			}
		}, {
			"streams":	[{
					"socket":	6,
					"start":	4.0002920627593994,
					"end":	4.4757411479949951,
					"seconds":	0.4754490852355957,
					"bytes":	1759320,
					"bits_per_second":	29602665.010966923,
					"retransmits":	0,
					"snd_cwnd":	456120,
					"rtt":	271769,
					"rttvar":	14719,
					"pmtu":	1500,
					"omitted":	false
				}],
			"sum":	{
				"start":	4.0002920627593994,
				"end":	4.4757411479949951,
				"seconds":	0.4754490852355957,
				"bytes":	1759320,
				"bits_per_second":	29602665.010966923,
				"retransmits":	0,
				"omitted":	false
			}
		}],
	"end":	{
		"streams":	[{
				"sender":	{
					"socket":	6,
					"start":	0,
					"end":	4.4757411479949951,
					"seconds":	4.4757411479949951,
					"bytes":	10309760,
					"bits_per_second":	18427803.859244145,
					"retransmits":	0,
					"max_snd_cwnd":	456120,
					"max_rtt":	271769,
					"min_rtt":	78940,
					"mean_rtt":	180135
				},
				"receiver":	{
					"socket":	6,
					"start":	0,
					"end":	4.7513918876647949,
					"seconds":	4.4757411479949951,
					"bytes":	8259392,
					"bits_per_second":	13906479.945705865
				}
			}],
		"sum_sent":	{
			"start":	0,
			"end":	4.4757411479949951,
			"seconds":	4.4757411479949951,
			"bytes":	10309760,
			"bits_per_second":	18427803.859244145,
			"retransmits":	0
		},
		"sum_received":	{
			"start":	0,
			"end":	4.7513918876647949,
			"seconds":	4.7513918876647949,
			"bytes":	8259392,
			"bits_per_second":	13906479.945705865
		},
		"cpu_utilization_percent":	{
			"host_total":	0.92949843672226662,
			"host_user":	0.17518191553775245,
			"host_system":	0.75438116395777532,
			"remote_total":	0.59897337483965352,
			"remote_user":	0,
			"remote_system":	0.59897337483965352
		},
		"sender_tcp_congestion":	"cubic",
		"receiver_tcp_congestion":	"cubic"
	}
}
