{
	"start":	{
		"connected":	[{
				"socket":	6,
				"local_host":	"192.168.7.1",
				"local_port":	49624,
				"remote_host":	"192.168.7.2",
				"remote_port":	5001
			}],
		"version":	"iperf 3.6",
		"system_info":	"Linux ba-thesis 4.19.0-23-amd64 #1 SMP Debian 4.19.269-1 (2022-12-20) x86_64",
		"timestamp":	{
			"time":	"Wed, 31 May 2023 13:07:46 GMT",
			"timesecs":	1685538466
		},
		"connecting_to":	{
			"host":	"h9",
			"port":	5001
		},
		"cookie":	"2rlq2wcs6eefvycgmn3jyruhspvpjjfthtdp",
		"tcp_mss_default":	1448,
		"sock_bufsize":	0,
		"sndbuf_actual":	87380,
		"rcvbuf_actual":	87380,
		"test_start":	{
			"protocol":	"TCP",
			"num_streams":	1,
			"blksize":	131072,
			"omit":	0,
			"duration":	0,
			"bytes":	182001664,
			"blocks":	0,
			"reverse":	0,
			"tos":	0
		}
	},
	"intervals":	[{
			"streams":	[{
					"socket":	6,
					"start":	0,
					"end":	1.0000860691070557,
					"seconds":	1.0000860691070557,
					"bytes":	15284480,
					"bits_per_second":	122265316.73336488,
					"retransmits":	0,
					"snd_cwnd":	797848,
					"rtt":	62905,
					"rttvar":	543,
					"pmtu":	1500,
					"omitted":	false
				}],
			"sum":	{
				"start":	0,
				"end":	1.0000860691070557,
				"seconds":	1.0000860691070557,
				"bytes":	15284480,
				"bits_per_second":	122265316.73336488,
				"retransmits":	0,
				"omitted":	false
			}
		}, {
			"streams":	[{
					"socket":	6,
					"start":	1.0000860691070557,
					"end":	2.0000619888305664,
					"seconds":	0.99997591972351074,
					"bytes":	13107200,
					"bits_per_second":	104860125.06080416,
					"retransmits":	0,
					"snd_cwnd":	1368360,
					"rtt":	107983,
					"rttvar":	392,
					"pmtu":	1500,
					"omitted":	false
				}],
			"sum":	{
				"start":	1.0000860691070557,
				"end":	2.0000619888305664,
				"seconds":	0.99997591972351074,
				"bytes":	13107200,
				"bits_per_second":	104860125.06080416,
				"retransmits":	0,
				"omitted":	false
			}
		}, {
			"streams":	[{
					"socket":	6,
					"start":	2.0000619888305664,
					"end":	3.0000889301300049,
					"seconds":	1.0000269412994385,
					"bytes":	14417920,
					"bits_per_second":	115340252.58371784,
					"retransmits":	0,
					"snd_cwnd":	1964936,
					"rtt":	155695,
					"rttvar":	393,
					"pmtu":	1500,
					"omitted":	false
				}],
			"sum":	{
				"start":	2.0000619888305664,
				"end":	3.0000889301300049,
				"seconds":	1.0000269412994385,
				"bytes":	14417920,
				"bits_per_second":	115340252.58371784,
				"retransmits":	0,
				"omitted":	false
			}
		}, {
			"streams":	[{
					"socket":	6,
					"start":	3.0000889301300049,
					"end":	4.0000839233398438,
					"seconds":	0.99999499320983887,
					"bytes":	14417920,
					"bits_per_second":	115343937.50289144,
					"retransmits":	0,
					"snd_cwnd":	2562960,
					"rtt":	203354,
					"rttvar":	571,
					"pmtu":	1500,
					"omitted":	false
				}],
			"sum":	{
				"start":	3.0000889301300049,
				"end":	4.0000839233398438,
				"seconds":	0.99999499320983887,
				"bytes":	14417920,
				"bits_per_second":	115343937.50289144,
				"retransmits":	0,
				"omitted":	false
			}
		}, {
			"streams":	[{
					"socket":	6,
					"start":	4.0000839233398438,
					"end":	5.0000760555267334,
					"seconds":	0.99999213218688965,
					"bytes":	13107200,
					"bits_per_second":	104858425.00649099,
					"retransmits":	0,
					"snd_cwnd":	3160984,
					"rtt":	251140,
					"rttvar":	481,
					"pmtu":	1500,
					"omitted":	false
				}],
			"sum":	{
				"start":	4.0000839233398438,
				"end":	5.0000760555267334,
				"seconds":	0.99999213218688965,
				"bytes":	13107200,
				"bits_per_second":	104858425.00649099,
				"retransmits":	0,
				"omitted":	false
			}
		}, {
			"streams":	[{
					"socket":	6,
					"start":	5.0000760555267334,
					"end":	6.0000669956207275,
					"seconds":	0.99999094009399414,
					"bytes":	11796480,
					"bits_per_second":	94372695.0077463,
					"retransmits":	0,
					"snd_cwnd":	3759008,
					"rtt":	298547,
					"rttvar":	175,
					"pmtu":	1500,
					"omitted":	false
				}],
			"sum":	{
				"start":	5.0000760555267334,
				"end":	6.0000669956207275,
				"seconds":	0.99999094009399414,
				"bytes":	11796480,
				"bits_per_second":	94372695.0077463,
				"retransmits":	0,
				"omitted":	false
			}
		}, {
			"streams":	[{
					"socket":	6,
					"start":	6.0000669956207275,
					"end":	7.0000879764556885,
					"seconds":	1.0000209808349609,
					"bytes":	11796480,
					"bits_per_second":	94369860.041541189,
					"retransmits":	0,
					"snd_cwnd":	4336760,
					"rtt":	377505,
					"rttvar":	496,
					"pmtu":	1500,
					"omitted":	false
				}],
			"sum":	{
				"start":	6.0000669956207275,
				"end":	7.0000879764556885,
				"seconds":	1.0000209808349609,
				"bytes":	11796480,
				"bits_per_second":	94369860.041541189,
				"retransmits":	0,
				"omitted":	false
			}
		}, {
			"streams":	[{
					"socket":	6,
					"start":	7.0000879764556885,
					"end":	8.00002908706665,
					"seconds":	0.99994111061096191,
					"bytes":	11796480,
					"bits_per_second":	94377397.827297047,
					"retransmits":	0,
					"snd_cwnd":	4933336,
					"rtt":	392254,
					"rttvar":	337,
					"pmtu":	1500,
					"omitted":	false
				}],
			"sum":	{
				"start":	7.0000879764556885,
				"end":	8.00002908706665,
				"seconds":	0.99994111061096191,
				"bytes":	11796480,
				"bits_per_second":	94377397.827297047,
				"retransmits":	0,
				"omitted":	false
			}
		}, {
			"streams":	[{
					"socket":	6,
					"start":	8.00002908706665,
					"end":	9.0000510215759277,
					"seconds":	1.0000219345092773,
					"bytes":	11796480,
					"bits_per_second":	94369770.045403436,
					"retransmits":	0,
					"snd_cwnd":	5531360,
					"rtt":	440058,
					"rttvar":	551,
					"pmtu":	1500,
					"omitted":	false
				}],
			"sum":	{
				"start":	8.00002908706665,
				"end":	9.0000510215759277,
				"seconds":	1.0000219345092773,
				"bytes":	11796480,
				"bits_per_second":	94369770.045403436,
				"retransmits":	0,
				"omitted":	false
			}
		}, {
			"streams":	[{
					"socket":	6,
					"start":	9.0000510215759277,
					"end":	10.000052928924561,
					"seconds":	1.0000019073486328,
					"bytes":	11796480,
					"bits_per_second":	94371660.000343323,
					"retransmits":	0,
					"snd_cwnd":	6129384,
					"rtt":	487570,
					"rttvar":	652,
					"pmtu":	1500,
					"omitted":	false
				}],
			"sum":	{
				"start":	9.0000510215759277,
				"end":	10.000052928924561,
				"seconds":	1.0000019073486328,
				"bytes":	11796480,
				"bits_per_second":	94371660.000343323,
				"retransmits":	0,
				"omitted":	false
			}
		}, {
			"streams":	[{
					"socket":	6,
					"start":	10.000052928924561,
					"end":	11.000097036361694,
					"seconds":	1.0000441074371338,
					"bytes":	11796480,
					"bits_per_second":	94367677.683589116,
					"retransmits":	0,
					"snd_cwnd":	6727408,
					"rtt":	535150,
					"rttvar":	403,
					"pmtu":	1500,
					"omitted":	false
				}],
			"sum":	{
				"start":	10.000052928924561,
				"end":	11.000097036361694,
				"seconds":	1.0000441074371338,
				"bytes":	11796480,
				"bits_per_second":	94367677.683589116,
				"retransmits":	0,
				"omitted":	false
			}
		}, {
			"streams":	[{
					"socket":	6,
					"start":	11.000097036361694,
					"end":	12.000081062316895,
					"seconds":	0.9999840259552002,
					"bytes":	11796480,
					"bits_per_second":	94373347.52408126,
					"retransmits":	0,
					"snd_cwnd":	7325432,
					"rtt":	582901,
					"rttvar":	520,
					"pmtu":	1500,
					"omitted":	false
				}],
			"sum":	{
				"start":	11.000097036361694,
				"end":	12.000081062316895,
				"seconds":	0.9999840259552002,
				"bytes":	11796480,
				"bits_per_second":	94373347.52408126,
				"retransmits":	0,
				"omitted":	false
			}
		}, {
			"streams":	[{
					"socket":	6,
					"start":	12.000081062316895,
					"end":	13.000066995620728,
					"seconds":	0.999985933303833,
					"bytes":	11796480,
					"bits_per_second":	94373167.5186738,
					"retransmits":	0,
					"snd_cwnd":	7923456,
					"rtt":	630350,
					"rttvar":	513,
					"pmtu":	1500,