{
	"start":	{
		"connected":	[{
				"socket":	6,
				"local_host":	"192.168.12.2",
				"local_port":	37284,
				"remote_host":	"192.168.12.1",
				"remote_port":	5007
			}],
		"version":	"iperf 3.6",
		"system_info":	"Linux ba-thesis 4.19.0-23-amd64 #1 SMP Debian 4.19.269-1 (2022-12-20) x86_64",
		"timestamp":	{
			"time":	"Wed, 31 May 2023 13:07:38 GMT",
			"timesecs":	1685538458
		},
		"connecting_to":	{
			"host":	"h3",
			"port":	5007
		},
		"cookie":	"6usqczoguttwfsvyeosvr64qjf4v6s3ov3xk",
		"tcp_mss_default":	1448,
		"sock_bufsize":	0,
		"sndbuf_actual":	87380,
		"rcvbuf_actual":	87380,
		"test_start":	{
			"protocol":	"TCP",
			"num_streams":	1,
			"blksize":	131072,
			"omit":	0,
			"duration":	0,
			"bytes":	8542208,
			"blocks":	0,
			"reverse":	0,
			"tos":	0
		}
	},
	"intervals":	[{
			"streams":	[{
					"socket":	6,
					"start":	0,
					"end":	0.53295493125915527,
					"seconds":	0.53295493125915527,
					"bytes":	8941400,
					"bits_per_second":	134216226.93498854,
					"retransmits":	0,
					"snd_cwnd":	519832,
					"rtt":	40599,
					"rttvar":	641,
					"pmtu":	1500,
					"omitted":	false
				}],
			"sum":	{
				"start":	0,
				"end":	0.53295493125915527,
				"seconds":	0.53295493125915527,
				"bytes":	8941400,
				"bits_per_second":	134216226.93498854,
				"retransmits":	0,
				"omitted":	false
			}
		}],
	"end":	{
		"streams":	[{
				"sender":	{
					"socket":	6,
					"start":	0,
					"end":	0.53295493125915527,
					"seconds":	0.53295493125915527,
					"bytes":	8941400,
					"bits_per_second":	134216226.93498854,
					"retransmits":	0,
					"max_snd_cwnd":	519832,
					"max_rtt":	40599,
					"min_rtt":	40599,
					"mean_rtt":	40599
				},
				"receiver":	{
					"socket":	6,
					"start":	0,
					"end":	0.60635209083557129,
					"seconds":	0.53295493125915527,
					"bytes":	6414640,
					"bits_per_second":	84632543.988235414
				}
			}],
		"sum_sent":	{
			"start":	0,
			"end":	0.53295493125915527,
			"seconds":	0.53295493125915527,
			"bytes":	8941400,
			"bits_per_second":	134216226.93498854,
			"retransmits":	0
		},
		"sum_received":	{
			"start":	0,
			"end":	0.60635209083557129,
			"seconds":	0.60635209083557129,
			"bytes":	6414640,
			"bits_per_second":	84632543.988235414
		},
		"cpu_utilization_percent":	{
			"host_total":	6.4159113505250538,
			"host_user":	1.4686604069191171,
			"host_system":	4.9469464318068663,
			"remote_total":	1.5091341214194582,
			"remote_user":	0,
			"remote_system":	1.5091341214194582
		},
		"sender_tcp_congestion":	"cubic",
		"receiver_tcp_congestion":	"cubic"
	}
}
