{
	"start":	{
		"connected":	[{
				"socket":	6,
				"local_host":	"192.168.0.2",
				"local_port":	54190,
				"remote_host":	"192.168.0.1",
				"remote_port":	5005
			}],
		"version":	"iperf 3.6",
		"system_info":	"Linux ba-thesis 4.19.0-23-amd64 #1 SMP Debian 4.19.269-1 (2022-12-20) x86_64",
		"timestamp":	{
			"time":	"Mon, 05 Jun 2023 18:05:55 GMT",
			"timesecs":	1685988355
		},
		"connecting_to":	{
			"host":	"h0",
			"port":	5005
		},
		"cookie":	"6h7n3bzaedowhzitzs3uymg3d5rtch5uemld",
		"tcp_mss_default":	1448,
		"sock_bufsize":	0,
		"sndbuf_actual":	87380,
		"rcvbuf_actual":	87380,
		"test_start":	{
			"protocol":	"TCP",
			"num_streams":	1,
			"blksize":	131072,
			"omit":	0,
			"duration":	0,
			"bytes":	276341783,
			"blocks":	0,
			"reverse":	0,
			"tos":	0
		}
	},
	"intervals":	[{
			"streams":	[{
					"socket":	6,
					"start":	0,
					"end":	1.0001029968261719,
					"seconds":	1.0001029968261719,
					"bytes":	12663040,
					"bits_per_second":	101293887.05112313,
					"retransmits":	0,
					"snd_cwnd":	703728,
					"rtt":	55345,
					"rttvar":	564,
					"pmtu":	1500,
					"omitted":	false
				}],
			"sum":	{
				"start":	0,
				"end":	1.0001029968261719,
				"seconds":	1.0001029968261719,
				"bytes":	12663040,
				"bits_per_second":	101293887.05112313,
				"retransmits":	0,
				"omitted":	false
			}
		}, {
			"streams":	[{
					"socket":	6,
					"start":	1.0001029968261719,
					"end":	2.0000817775726318,
					"seconds":	0.99997878074646,
					"bytes":	14417920,
					"bits_per_second":	115345807.55193523,
					"retransmits":	0,
					"snd_cwnd":	1300304,
					"rtt":	102786,
					"rttvar":	648,
					"pmtu":	1500,
					"omitted":	false
				}],
			"sum":	{
				"start":	1.0001029968261719,
				"end":	2.0000817775726318,
				"seconds":	0.99997878074646,
				"bytes":	14417920,
				"bits_per_second":	115345807.55193523,
				"retransmits":	0,
				"omitted":	false
			}
		}, {
			"streams":	[{
					"socket":	6,
					"start":	2.0000817775726318,
					"end":	3.0000779628753662,
					"seconds":	0.99999618530273438,
					"bytes":	14417920,
					"bits_per_second":	115343800.00167847,
					"retransmits":	0,
					"snd_cwnd":	1898328,
					"rtt":	150365,
					"rttvar":	251,
					"pmtu":	1500,
					"omitted":	false
				}],
			"sum":	{
				"start":	2.0000817775726318,
				"end":	3.0000779628753662,
				"seconds":	0.99999618530273438,
				"bytes":	14417920,
				"bits_per_second":	115343800.00167847,
				"retransmits":	0,
				"omitted":	false
			}
		}, {
			"streams":	[{
					"socket":	6,
					"start":	3.0000779628753662,
					"end":	4.0000619888305664,
					"seconds":	0.9999840259552002,
					"bytes":	14417920,
					"bits_per_second":	115345202.52943265,
					"retransmits":	0,
					"snd_cwnd":	2494904,
					"rtt":	198040,
					"rttvar":	561,
					"pmtu":	1500,
					"omitted":	false
				}],
			"sum":	{
				"start":	3.0000779628753662,
				"end":	4.0000619888305664,
				"seconds":	0.9999840259552002,
				"bytes":	14417920,
				"bits_per_second":	115345202.52943265,
				"retransmits":	0,
				"omitted":	false
			}
		}, {
			"streams":	[{
					"socket":	6,
					"start":	4.0000619888305664,
					"end":	5.0000638961791992,
					"seconds":	1.0000019073486328,
					"bytes":	13107200,
					"bits_per_second":	104857400.00038147,
					"retransmits":	0,
					"snd_cwnd":	3094376,
					"rtt":	245742,
					"rttvar":	591,
					"pmtu":	1500,
					"omitted":	false
				}],
			"sum":	{
				"start":	4.0000619888305664,
				"end":	5.0000638961791992,
				"seconds":	1.0000019073486328,
				"bytes":	13107200,
				"bits_per_second":	104857400.00038147,
				"retransmits":	0,
				"omitted":	false
			}
		}, {
			"streams":	[{
					"socket":	6,
					"start":	5.0000638961791992,
					"end":	6.0000388622283936,
					"seconds":	0.99997496604919434,
					"bytes":	11796480,
					"bits_per_second":	94374202.559144184,
					"retransmits":	0,
					"snd_cwnd":	3690952,
					"rtt":	293311,
					"rttvar":	406,
					"pmtu":	1500,
					"omitted":	false
				}],
			"sum":	{
				"start":	5.0000638961791992,
				"end":	6.0000388622283936,
				"seconds":	0.99997496604919434,
				"bytes":	11796480,
				"bits_per_second":	94374202.559144184,
				"retransmits":	0,
				"omitted":	false
			}
		}, {
			"streams":	[{
					"socket":	6,
					"start":	6.0000388622283936,
					"end":	7.000079870223999,
					"seconds":	1.0000410079956055,
					"bytes":	11796480,
					"bits_per_second":	94367970.158694431,
					"retransmits":	0,
					"snd_cwnd":	4287528,
					"rtt":	344588,
					"rttvar":	593,
					"pmtu":	1500,
					"omitted":	false
				}],
			"sum":	{
				"start":	6.0000388622283936,
				"end":	7.000079870223999,
				"seconds":	1.0000410079956055,
				"bytes":	11796480,
				"bits_per_second":	94367970.158694431,
				"retransmits":	0,
				"omitted":	false
			}
		}, {
			"streams":	[{
					"socket":	6,
					"start":	7.000079870223999,
					"end":	8.0000758171081543,
					"seconds":	0.99999594688415527,
					"bytes":	11796480,
					"bits_per_second":	94372222.501550317,
					"retransmits":	0,
					"snd_cwnd":	4884104,
					"rtt":	388482,
					"rttvar":	591,
					"pmtu":	1500,
					"omitted":	false
				}],
			"sum":	{
				"start":	7.000079870223999,
				"end":	8.0000758171081543,
				"seconds":	0.99999594688415527,
				"bytes":	11796480,
				"bits_per_second":	94372222.501550317,
				"retransmits":	0,
				"omitted":	false
			}
		}, {
			"streams":	[{
					"socket":	6,
					"start":	8.0000758171081543,
					"end":	9.0001199245452881,
					"seconds":	1.0000441074371338,
					"bytes":	11796480,
					"bits_per_second":	94367677.683589116,
					"retransmits":	0,
					"snd_cwnd":	5480680,
					"rtt":	435848,
					"rttvar":	352,
					"pmtu":	1500,
					"omitted":	false
				}],
			"sum":	{
				"start":	8.0000758171081543,
				"end":	9.0001199245452881,
				"seconds":	1.0000441074371338,
				"bytes":	11796480,
				"bits_per_second":	94367677.683589116,
				"retransmits":	0,
				"omitted":	false
			}
		}, {
			"streams":	[{
					"socket":	6,
					"start":	9.0001199245452881,
					"end":	10.000111818313599,
					"seconds":	0.99999189376831055,
					"bytes":	11796480,
					"bits_per_second":	94372605.006201312,
					"retransmits":	0,
					"snd_cwnd":	6078704,
					"rtt":	483659,
					"rttvar":	543,
					"pmtu":	1500,
					"omitted":	false
				}],
			"sum":	{
				"start":	9.0001199245452881,
				"end":	10.000111818313599,
				"seconds":	0.99999189376831055,
				"bytes":	11796480,
				"bits_per_second":	94372605.006201312,
				"retransmits":	0,
				"omitted":	false
			}
		}, {
			"streams":	[{
					"socket":	6,
					"start":	10.000111818313599,
					"end":	11.000111818313599,
					"seconds":	1,
					"bytes":	11796480,
					"bits_per_second":	94371840,
					"retransmits":	0,
					"snd_cwnd":	6676728,
					"rtt":	531571,
					"rttvar":	653,
					"pmtu":	1500,
					"omitted":	false
				}],
			"sum":	{
				"start":	10.000111818313599,
				"end":	11.000111818313599,
				"seconds":	1,
				"bytes":	11796480,
				"bits_per_second":	94371840,
				"retransmits":	0,
				"omitted":	false
			}
		}, {
			"streams":	[{
					"socket":	6,
					"start":	11.000111818313599,
					"end":	12.000118970870972,
					"seconds":	1.000007152557373,
					"bytes":	11796480,
					"bits_per_second":	94371165.004827946,
					"retransmits":	0,
					"snd_cwnd":	7267512,
					"rtt":	588902,
					"rttvar":	538,
					"pmtu":	1500,
					"omitted":	false
				}],
			"sum":	{
				"start":	11.000111818313599,
				"end":	12.000118970870972,
				"seconds":	1.000007152557373,
				"bytes":	11796480,
				"bits_per_second":	94371165.004827946,
				"retransmits":	0,
				"omitted":	false
			}
		}, {
			"streams":	[{
					"socket":	6,
					"start":	12.000118970870972,
					"end":	13.000154972076416,
					"seconds":	1.0000360012054443,
					"bytes":	11796480,
					"bits_per_second":	94368442.622309685,
					"retransmits":	0,
					"snd_cwnd":	7865536,
					"rtt":	625805,
					"rttvar":	502,
					"pmtu":	1500,
					"omitted":	false
				}],