{
	"start":	{
		"connected":	[{
				"socket":	6,
				"local_host":	"192.168.9.1",
				"local_port":	48280,
				"remote_host":	"192.168.9.2",
				"remote_port":	5002
			}],
		"version":	"iperf 3.6",
		"system_info":	"Linux ba-thesis 4.19.0-23-amd64 #1 SMP Debian 4.19.269-1 (2022-12-20) x86_64",
		"timestamp":	{
			"time":	"Mon, 12 Jun 2023 17:01:44 GMT",
			"timesecs":	1686589304
		},
		"connecting_to":	{
			"host":	"h9",
			"port":	5002
		},
		"cookie":	"io7flrkz5ez42e5bdp5hxqnoyqjifmkxyfqx",
		"tcp_mss_default":	1448,
		"sock_bufsize":	0,
		"sndbuf_actual":	87380,
		"rcvbuf_actual":	87380,
		"test_start":	{
			"protocol":	"TCP",
			"num_streams":	1,
			"blksize":	131072,
			"omit":	0,
			"duration":	0,
			"bytes":	34554880,
			"blocks":	0,
			"reverse":	0,
			"tos":	0
		}
	},
	"intervals":	[{
			"streams":	[{
					"socket":	6,
					"start":	0,
					"end":	1.0000860691070557,
					"seconds":	1.0000860691070557,
					"bytes":	15284480,
					"bits_per_second":	122265316.73336488,
					"retransmits":	0,
					"snd_cwnd":	797848,
					"rtt":	62960,
					"rttvar":	635,
					"pmtu":	1500,
					"omitted":	false
				}],
			"sum":	{
				"start":	0,
				"end":	1.0000860691070557,
				"seconds":	1.0000860691070557,
				"bytes":	15284480,
				"bits_per_second":	122265316.73336488,
				"retransmits":	0,
				"omitted":	false
			}
		}, {
			"streams":	[{
					"socket":	6,
					"start":	1.0000860691070557,
					"end":	2.0000700950622559,
					"seconds":	0.9999840259552002,
					"bytes":	14417920,
					"bits_per_second":	115345202.52943265,
					"retransmits":	0,
					"snd_cwnd":	1395872,
					"rtt":	110663,
					"rttvar":	398,
					"pmtu":	1500,
					"omitted":	false
				}],
			"sum":	{
				"start":	1.0000860691070557,
				"end":	2.0000700950622559,
				"seconds":	0.9999840259552002,
				"bytes":	14417920,
				"bits_per_second":	115345202.52943265,
				"retransmits":	0,
				"omitted":	false
			}
		}, {
			"streams":	[{
					"socket":	6,
					"start":	2.0000700950622559,
					"end":	2.3383960723876953,
					"seconds":	0.33832597732543945,
					"bytes":	5242880,
					"bits_per_second":	123972271.74682638,
					"retransmits":	0,
					"snd_cwnd":	1598592,
					"rtt":	126506,
					"rttvar":	458,
					"pmtu":	1500,
					"omitted":	false
				}],
			"sum":	{
				"start":	2.0000700950622559,
				"end":	2.3383960723876953,
				"seconds":	0.33832597732543945,
				"bytes":	5242880,
				"bits_per_second":	123972271.74682638,
				"retransmits":	0,
				"omitted":	false
			}
		}],
	"end":	{
		"streams":	[{
				"sender":	{
					"socket":	6,
					"start":	0,
					"end":	2.3383960723876953,
					"seconds":	2.3383960723876953,
					"bytes":	34945280,
					"bits_per_second":	119552989.03429301,
					"retransmits":	0,
					"max_snd_cwnd":	1598592,
					"max_rtt":	126506,
					"min_rtt":	62960,
					"mean_rtt":	100043
				},
				"receiver":	{
					"socket":	6,
					"start":	0,
					"end":	2.5018138885498047,
					"seconds":	2.3383960723876953,
					"bytes":	29075840,
					"bits_per_second":	92975229.318449527
				}
			}],
		"sum_sent":	{
			"start":	0,
			"end":	2.3383960723876953,
			"seconds":	2.3383960723876953,
			"bytes":	34945280,
			"bits_per_second":	119552989.03429301,
			"retransmits":	0
		},
		"sum_received":	{
			"start":	0,
			"end":	2.5018138885498047,
			"seconds":	2.5018138885498047,
			"bytes":	29075840,
			"bits_per_second":	92975229.318449527
		},
		"cpu_utilization_percent":	{
			"host_total":	1.8941570511439878,
			"host_user":	0.037061449671607918,
			"host_system":	1.8570549639179152,
			"remote_total":	0.091752619534285082,
			"remote_user":	0.000690603043209869,
			"remote_system":	0.091062016491075218
		},
		"sender_tcp_congestion":	"cubic",
		"receiver_tcp_congestion":	"cubic"
	}
}
