{
	"start":	{
		"connected":	[{
				"socket":	6,
				"local_host":	"192.168.6.2",
				"local_port":	44236,
				"remote_host":	"192.168.18.1",
				"remote_port":	5007
			}],
		"version":	"iperf 3.6",
		"system_info":	"Linux ba-thesis 4.19.0-23-amd64 #1 SMP Debian 4.19.269-1 (2022-12-20) x86_64",
		"timestamp":	{
			"time":	"Sun, 11 Jun 2023 03:42:20 GMT",
			"timesecs":	1686454940
		},
		"connecting_to":	{
			"host":	"h3",
			"port":	5007
		},
		"cookie":	"h7uduvjj6a634cs3tjvzg36mxmbvo6irtfmy",
		"tcp_mss_default":	1448,
		"sock_bufsize":	0,
		"sndbuf_actual":	87380,
		"rcvbuf_actual":	87380,
		"test_start":	{
			"protocol":	"TCP",
			"num_streams":	1,
			"blksize":	131072,
			"omit":	0,
			"duration":	0,
			"bytes":	132888357,
			"blocks":	0,
			"reverse":	0,
			"tos":	0
		}
	},
	"intervals":	[{
			"streams":	[{
					"socket":	6,
					"start":	0,
					"end":	1.0000689029693604,
					"seconds":	1.0000689029693604,
					"bytes":	535760,
					"bits_per_second":	4285784.6967083579,
					"retransmits":	0,
					"snd_cwnd":	86880,
					"rtt":	96499,
					"rttvar":	24821,
					"pmtu":	1500,
					"omitted":	false
				}],
			"sum":	{
				"start":	0,
				"end":	1.0000689029693604,
				"seconds":	1.0000689029693604,
				"bytes":	535760,
				"bits_per_second":	4285784.6967083579,
				"retransmits":	0,
				"omitted":	false
			}
		}, {
			"streams":	[{
					"socket":	6,
					"start":	1.0000689029693604,
					"end":	2.0000758171081543,
					"seconds":	1.0000069141387939,
					"bytes":	17577456,
					"bits_per_second":	140618675.7429589,
					"retransmits":	0,
					"snd_cwnd":	2193720,
					"rtt":	174765,
					"rttvar":	522,
					"pmtu":	1500,
					"omitted":	false
				}],
			"sum":	{
				"start":	1.0000689029693604,
				"end":	2.0000758171081543,
				"seconds":	1.0000069141387939,
				"bytes":	17577456,
				"bits_per_second":	140618675.7429589,
				"retransmits":	0,
				"omitted":	false
			}
		}, {
			"streams":	[{
					"socket":	6,
					"start":	2.0000758171081543,
					"end":	3.0000748634338379,
					"seconds":	0.99999904632568359,
					"bytes":	14417920,
					"bits_per_second":	115343470.0001049,
					"retransmits":	0,
					"snd_cwnd":	2788848,
					"rtt":	222219,
					"rttvar":	325,
					"pmtu":	1500,
					"omitted":	false
				}],
			"sum":	{
				"start":	2.0000758171081543,
				"end":	3.0000748634338379,
				"seconds":	0.99999904632568359,
				"bytes":	14417920,
				"bits_per_second":	115343470.0001049,
				"retransmits":	0,
				"omitted":	false
			}
		}, {
			"streams":	[{
					"socket":	6,
					"start":	3.0000748634338379,
					"end":	4.0000588893890381,
					"seconds":	0.9999840259552002,
					"bytes":	11796480,
					"bits_per_second":	94373347.52408126,
					"retransmits":	0,
					"snd_cwnd":	3383976,
					"rtt":	270361,
					"rttvar":	629,
					"pmtu":	1500,
					"omitted":	false
				}],
			"sum":	{
				"start":	3.0000748634338379,
				"end":	4.0000588893890381,
				"seconds":	0.9999840259552002,
				"bytes":	11796480,
				"bits_per_second":	94373347.52408126,
				"retransmits":	0,
				"omitted":	false
			}
		}, {
			"streams":	[{
					"socket":	6,
					"start":	4.0000588893890381,
					"end":	5.0000579357147217,
					"seconds":	0.99999904632568359,
					"bytes":	11796480,
					"bits_per_second":	94371930.000085831,
					"retransmits":	0,
					"snd_cwnd":	3979104,
					"rtt":	317967,
					"rttvar":	677,
					"pmtu":	1500,
					"omitted":	false
				}],
			"sum":	{
				"start":	4.0000588893890381,
				"end":	5.0000579357147217,
				"seconds":	0.99999904632568359,
				"bytes":	11796480,
				"bits_per_second":	94371930.000085831,
				"retransmits":	0,
				"omitted":	false
			}
		}, {
			"streams":	[{
					"socket":	6,
					"start":	5.0000579357147217,
					"end":	6.0000720024108887,
					"seconds":	1.000014066696167,
					"bytes":	11796480,
					"bits_per_second":	94370512.518673271,
					"retransmits":	0,
					"snd_cwnd":	4566992,
					"rtt":	364923,
					"rttvar":	448,
					"pmtu":	1500,
					"omitted":	false
				}],
			"sum":	{
				"start":	5.0000579357147217,
				"end":	6.0000720024108887,
				"seconds":	1.000014066696167,
				"bytes":	11796480,
				"bits_per_second":	94370512.518673271,
				"retransmits":	0,
				"omitted":	false
			}
		}, {
			"streams":	[{
					"socket":	6,
					"start":	6.0000720024108887,
					"end":	7.0000560283660889,
					"seconds":	0.9999840259552002,
					"bytes":	11796480,
					"bits_per_second":	94373347.52408126,
					"retransmits":	0,
					"snd_cwnd":	5162120,
					"rtt":	412828,
					"rttvar":	452,
					"pmtu":	1500,
					"omitted":	false
				}],
			"sum":	{
				"start":	6.0000720024108887,
				"end":	7.0000560283660889,
				"seconds":	0.9999840259552002,
				"bytes":	11796480,
				"bits_per_second":	94373347.52408126,
				"retransmits":	0,
				"omitted":	false
			}
		}, {
			"streams":	[{
					"socket":	6,
					"start":	7.0000560283660889,
					"end":	8.0000748634338379,
					"seconds":	1.000018835067749,
					"bytes":	11796480,
					"bits_per_second":	94370062.5334787,
					"retransmits":	0,
					"snd_cwnd":	5755800,
					"rtt":	460231,
					"rttvar":	568,
					"pmtu":	1500,
					"omitted":	false
				}],
			"sum":	{
				"start":	7.0000560283660889,
				"end":	8.0000748634338379,
				"seconds":	1.000018835067749,
				"bytes":	11796480,
				"bits_per_second":	94370062.5334787,
				"retransmits":	0,
				"omitted":	false
			}
		}, {
			"streams":	[{
					"socket":	6,
					"start":	8.0000748634338379,
					"end":	9.0000908374786377,
					"seconds":	1.0000159740447998,
					"bytes":	11796480,
					"bits_per_second":	94370332.524080485,
					"retransmits":	0,
					"snd_cwnd":	6350928,
					"rtt":	507535,
					"rttvar":	606,
					"pmtu":	1500,
					"omitted":	false
				}],
			"sum":	{
				"start":	8.0000748634338379,
				"end":	9.0000908374786377,
				"seconds":	1.0000159740447998,
				"bytes":	11796480,
				"bits_per_second":	94370332.524080485,
				"retransmits":	0,
				"omitted":	false
			}
		}, {
			"streams":	[{
					"socket":	6,
					"start":	9.0000908374786377,
					"end":	10.000083923339844,
					"seconds":	0.999993085861206,
					"bytes":	11796480,
					"bits_per_second":	94372492.5045115,
					"retransmits":	0,
					"snd_cwnd":	6947504,
					"rtt":	554775,
					"rttvar":	380,
					"pmtu":	1500,
					"omitted":	false
				}],
			"sum":	{
				"start":	9.0000908374786377,
				"end":	10.000083923339844,
				"seconds":	0.999993085861206,
				"bytes":	11796480,
				"bits_per_second":	94372492.5045115,
				"retransmits":	0,
				"omitted":	false
			}
		}, {
			"streams":	[{
					"socket":	6,
					"start":	10.000083923339844,
					"end":	11.00007700920105,
					"seconds":	0.999993085861206,
					"bytes":	11796480,
					"bits_per_second":	94372492.5045115,
					"retransmits":	0,
					"snd_cwnd":	7542632,
					"rtt":	602402,
					"rttvar":	492,
					"pmtu":	1500,
					"omitted":	false
				}],
			"sum":	{
				"start":	10.000083923339844,
				"end":	11.00007700920105,
				"seconds":	0.999993085861206,
				"bytes":	11796480,
				"bits_per_second":	94372492.5045115,
				"retransmits":	0,
				"omitted":	false
			}
		}, {
			"streams":	[{
					"socket":	6,
					"start":	11.00007700920105,
					"end":	11.501710891723633,
					"seconds":	0.501633882522583,
					"bytes":	6553600,
					"bits_per_second":	104516066.05269474,
					"retransmits":	0,
					"snd_cwnd":	7335568,
					"rtt":	626069,
					"rttvar":	403,
					"pmtu":	1500,
					"omitted":	false
				}],
			"sum":	{
				"start":	11.00007700920105,
				"end":	11.501710891723633,
				"seconds":	0.501633882522583,
				"bytes":	6553600,
				"bits_per_second":	104516066.05269474,
				"retransmits":	0,
				"omitted":	false
			}
		}],
	"end":	{
		"streams":	[{
				"sender":	{
					"socket":	6,
					"start":	0,
					"end":	11.501710891723633,
					"seconds":	11.501710891723633,
					"bytes":	133456576,
					"bits_per_second":	92825547.264299467,
					"retransmits":	0,
					"max_snd_cwnd":	7542632,
					"max_rtt":	626069,
					"min_rtt":	96499,
					"mean_rtt":	384214
				},