{
	"start":	{
		"connected":	[{
				"socket":	6,
				"local_host":	"192.168.17.2",
				"local_port":	53566,
				"remote_host":	"192.168.17.1",
				"remote_port":	5007
			}],
		"version":	"iperf 3.6",
		"system_info":	"Linux ba-thesis 4.19.0-23-amd64 #1 SMP Debian 4.19.269-1 (2022-12-20) x86_64",
		"timestamp":	{
			"time":	"Fri, 09 Jun 2023 14:12:22 GMT",
			"timesecs":	1686319942
		},
		"connecting_to":	{
			"host":	"h6",
			"port":	5007
		},
		"cookie":	"kzmbvj6473k6g47fvxmalubk6ws57f5kec6t",
		"tcp_mss_default":	1448,
		"sock_bufsize":	0,
		"sndbuf_actual":	87380,
		"rcvbuf_actual":	87380,
		"test_start":	{
			"protocol":	"TCP",
			"num_streams":	1,
			"blksize":	131072,
			"omit":	0,
			"duration":	0,
			"bytes":	3368513,
			"blocks":	0,
			"reverse":	0,
			"tos":	0
		}
	},
	"intervals":	[{
			"streams":	[{
					"socket":	6,
					"start":	0,
					"end":	0.19942998886108398,
					"seconds":	0.19942998886108398,
					"bytes":	3887448,
					"bits_per_second":	155942364.42375219,
					"retransmits":	0,
					"snd_cwnd":	328696,
					"rtt":	25366,
					"rttvar":	666,
					"pmtu":	1500,
					"omitted":	false
				}],
			"sum":	{
				"start":	0,
				"end":	0.19942998886108398,
				"seconds":	0.19942998886108398,
				"bytes":	3887448,
				"bits_per_second":	155942364.42375219,
				"retransmits":	0,
				"omitted":	false
			}
		}],
	"end":	{
		"streams":	[{
				"sender":	{
					"socket":	6,
					"start":	0,
					"end":	0.19942998886108398,
					"seconds":	0.19942998886108398,
					"bytes":	3887448,
					"bits_per_second":	155942364.42375219,
					"retransmits":	0,
					"max_snd_cwnd":	328696,
					"max_rtt":	25366,
					"min_rtt":	25366,
					"mean_rtt":	25366
				},
				"receiver":	{
					"socket":	6,
					"start":	0,
					"end":	0.25751113891601562,
					"seconds":	0.19942998886108398,
					"bytes":	2236728,
					"bits_per_second":	69487572.7524776
				}
			}],
		"sum_sent":	{
			"start":	0,
			"end":	0.19942998886108398,
			"seconds":	0.19942998886108398,
			"bytes":	3887448,
			"bits_per_second":	155942364.42375219,
			"retransmits":	0
		},
		"sum_received":	{
			"start":	0,
			"end":	0.25751113891601562,
			"seconds":	0.25751113891601562,
			"bytes":	2236728,
			"bits_per_second":	69487572.7524776
		},
		"cpu_utilization_percent":	{
			"host_total":	12.349726436981253,
			"host_user":	2.4031363596888453,
			"host_system":	9.9465900772924076,
			"remote_total":	0.8657841763071441,
			"remote_user":	0,
			"remote_system":	0.86605955295355219
		},
		"sender_tcp_congestion":	"cubic",
		"receiver_tcp_congestion":	"cubic"
	}
}
