{
	"start":	{
		"connected":	[{
				"socket":	6,
				"local_host":	"192.168.27.2",
				"local_port":	35490,
				"remote_host":	"192.168.45.1",
				"remote_port":	5010
			}],
		"version":	"iperf 3.6",
		"system_info":	"Linux ba-thesis 4.19.0-23-amd64 #1 SMP Debian 4.19.269-1 (2022-12-20) x86_64",
		"timestamp":	{
			"time":	"Mon, 05 Jun 2023 11:00:20 GMT",
			"timesecs":	1685962820
		},
		"connecting_to":	{
			"host":	"h7",
			"port":	5010
		},
		"cookie":	"nrwycqxbgreqkzdhjy3pck4d4x6v5vh2koev",
		"tcp_mss_default":	1448,
		"sock_bufsize":	0,
		"sndbuf_actual":	87380,
		"rcvbuf_actual":	87380,
		"test_start":	{
			"protocol":	"TCP",
			"num_streams":	1,
			"blksize":	131072,
			"omit":	0,
			"duration":	0,
			"bytes":	35336332,
			"blocks":	0,
			"reverse":	0,
			"tos":	0
		}
	},
	"intervals":	[{
			"streams":	[{
					"socket":	6,
					"start":	0,
					"end":	1.0001869201660156,
					"seconds":	1.0001869201660156,
					"bytes":	1122200,
					"bits_per_second":	8975922.2191286571,
					"retransmits":	0,
					"snd_cwnd":	98464,
					"rtt":	129025,
					"rttvar":	877,
					"pmtu":	1500,
					"omitted":	false
				}],
			"sum":	{
				"start":	0,
				"end":	1.0001869201660156,
				"seconds":	1.0001869201660156,
				"bytes":	1122200,
				"bits_per_second":	8975922.2191286571,
				"retransmits":	0,
				"omitted":	false
			}
		}, {
			"streams":	[{
					"socket":	6,
					"start":	1.0001869201660156,
					"end":	2.0001339912414551,
					"seconds":	0.99994707107543945,
					"bytes":	847080,
					"bits_per_second":	6776998.6992529,
					"retransmits":	0,
					"snd_cwnd":	127424,
					"rtt":	203642,
					"rttvar":	9556,
					"pmtu":	1500,
					"omitted":	false
				}],
			"sum":	{
				"start":	1.0001869201660156,
				"end":	2.0001339912414551,
				"seconds":	0.99994707107543945,
				"bytes":	847080,
				"bits_per_second":	6776998.6992529,
				"retransmits":	0,
				"omitted":	false
			}
		}, {
			"streams":	[{
					"socket":	6,
					"start":	2.0001339912414551,
					"end":	3.0000989437103271,
					"seconds":	0.99996495246887207,
					"bytes":	651600,
					"bits_per_second":	5212982.7021735236,
					"retransmits":	0,
					"snd_cwnd":	153488,
					"rtt":	291579,
					"rttvar":	14299,
					"pmtu":	1500,
					"omitted":	false
				}],
			"sum":	{
				"start":	2.0001339912414551,
				"end":	3.0000989437103271,
				"seconds":	0.99996495246887207,
				"bytes":	651600,
				"bits_per_second":	5212982.7021735236,
				"retransmits":	0,
				"omitted":	false
			}
		}, {
			"streams":	[{
					"socket":	6,
					"start":	3.0000989437103271,
					"end":	4.0004899501800537,
					"seconds":	1.0003910064697266,
					"bytes":	390960,
					"bits_per_second":	3126457.534876538,
					"retransmits":	0,
					"snd_cwnd":	178104,
					"rtt":	328496,
					"rttvar":	20678,
					"pmtu":	1500,
					"omitted":	false
				}],
			"sum":	{
				"start":	3.0000989437103271,
				"end":	4.0004899501800537,
				"seconds":	1.0003910064697266,
				"bytes":	390960,
				"bits_per_second":	3126457.534876538,
				"retransmits":	0,
				"omitted":	false
			}
		}, {
			"streams":	[{
					"socket":	6,
					"start":	4.0004899501800537,
					"end":	5.0000650882720947,
					"seconds":	0.999575138092041,
					"bytes":	847080,
					"bits_per_second":	6779520.3599551776,
					"retransmits":	0,
					"snd_cwnd":	205616,
					"rtt":	368308,
					"rttvar":	486,
					"pmtu":	1500,
					"omitted":	false
				}],
			"sum":	{
				"start":	4.0004899501800537,
				"end":	5.0000650882720947,
				"seconds":	0.999575138092041,
				"bytes":	847080,
				"bits_per_second":	6779520.3599551776,
				"retransmits":	0,
				"omitted":	false
			}
		}, {
			"streams":	[{
					"socket":	6,
					"start":	5.0000650882720947,
					"end":	6.0003890991210938,
					"seconds":	1.000324010848999,
					"bytes":	456120,
					"bits_per_second":	3647778.0803272333,
					"retransmits":	0,
					"snd_cwnd":	227336,
					"rtt":	406491,
					"rttvar":	5408,
					"pmtu":	1500,
					"omitted":	false
				}],
			"sum":	{
				"start":	5.0000650882720947,
				"end":	6.0003890991210938,
				"seconds":	1.000324010848999,
				"bytes":	456120,
				"bits_per_second":	3647778.0803272333,
				"retransmits":	0,
				"omitted":	false
			}
		}, {
			"streams":	[{
					"socket":	6,
					"start":	6.0003890991210938,
					"end":	7.0001840591430664,
					"seconds":	0.99979496002197266,
					"bytes":	1042560,
					"bits_per_second":	8342190.4825532427,
					"retransmits":	0,
					"snd_cwnd":	263536,
					"rtt":	327715,
					"rttvar":	15580,
					"pmtu":	1500,
					"omitted":	false
				}],
			"sum":	{
				"start":	6.0003890991210938,
				"end":	7.0001840591430664,
				"seconds":	0.99979496002197266,
				"bytes":	1042560,
				"bits_per_second":	8342190.4825532427,
				"retransmits":	0,
				"omitted":	false
			}
		}, {
			"streams":	[{
					"socket":	6,
					"start":	7.0001840591430664,
					"end":	8.0005819797515869,
					"seconds":	1.0003979206085205,
					"bytes":	586440,
					"bits_per_second":	4689653.8900703127,
					"retransmits":	0,
					"snd_cwnd":	312768,
					"rtt":	319786,
					"rttvar":	1824,
					"pmtu":	1500,
					"omitted":	false
				}],
			"sum":	{
				"start":	7.0001840591430664,
				"end":	8.0005819797515869,
				"seconds":	1.0003979206085205,
				"bytes":	586440,
				"bits_per_second":	4689653.8900703127,
				"retransmits":	0,
				"omitted":	false
			}
		}, {
			"streams":	[{
					"socket":	6,
					"start":	8.0005819797515869,
					"end":	9.0006189346313477,
					"seconds":	1.0000369548797607,
					"bytes":	1433520,
					"bits_per_second":	11467736.211187188,
					"retransmits":	0,
					"snd_cwnd":	418472,
					"rtt":	348744,
					"rttvar":	3471,
					"pmtu":	1500,
					"omitted":	false
				}],
			"sum":	{
				"start":	8.0005819797515869,
				"end":	9.0006189346313477,
				"seconds":	1.0000369548797607,
				"bytes":	1433520,
				"bits_per_second":	11467736.211187188,
				"retransmits":	0,
				"omitted":	false
			}
		}, {
			"streams":	[{
					"socket":	6,
					"start":	9.0006189346313477,
					"end":	10.000547885894775,
					"seconds":	0.99992895126342773,
					"bytes":	1889640,
					"bits_per_second":	15118194.128592091,
					"retransmits":	0,
					"snd_cwnd":	570512,
					"rtt":	391382,
					"rttvar":	7914,
					"pmtu":	1500,
					"omitted":	false
				}],
			"sum":	{
				"start":	9.0006189346313477,
				"end":	10.000547885894775,
				"seconds":	0.99992895126342773,
				"bytes":	1889640,
				"bits_per_second":	15118194.128592091,
				"retransmits":	0,
				"omitted":	false
			}
		}, {
			"streams":	[{
					"socket":	6,
					"start":	10.000547885894775,
					"end":	11.000087976455688,
					"seconds":	0.99954009056091309,
					"bytes":	3794320,
					"bits_per_second":	30368526.772113658,
					"retransmits":	0,
					"snd_cwnd":	750064,
					"rtt":	274098,
					"rttvar":	2464,
					"pmtu":	1500,
					"omitted":	false
				}],
			"sum":	{
				"start":	10.000547885894775,
				"end":	11.000087976455688,
				"seconds":	0.99954009056091309,
				"bytes":	3794320,
				"bits_per_second":	30368526.772113658,
				"retransmits":	0,
				"omitted":	false
			}
		}, {
			"streams":	[{
					"socket":	6,
					"start":	11.000087976455688,
					"end":	12.000052928924561,
					"seconds":	0.99996495246887207,
					"bytes":	7864320,
					"bits_per_second":	62916765.077282518,
					"retransmits":	0,
					"snd_cwnd":	1113512,
					"rtt":	164708,
					"rttvar":	111,
					"pmtu":	1500,
					"omitted":	false
				}],
			"sum":	{
				"start":	11.000087976455688,
				"end":	12.000052928924561,
				"seconds":	0.99996495246887207,
				"bytes":	7864320,
				"bits_per_second":	62916765.077282518,
				"retransmits":	0,
				"omitted":	false
			}
		}, {
			"streams":	[{
					"socket":	6,
					"start":	12.000052928924561,
					"end":	13.00009298324585,
					"seconds":	1.0000400543212891,
					"bytes":	7864320,
					"bits_per_second":	62912040.100932844,
					"retransmits":	0,
					"snd_cwnd":	1439312,
					"rtt":	202907,
					"rttvar":	1013,
					"pmtu":	1500,
					"omitted":	false
				}],