{
	"start":	{
		"connected":	[{
				"socket":	6,
				"local_host":	"192.168.7.2",
				"local_port":	33004,
				"remote_host":	"192.168.19.1",
				"remote_port":	5002
			}],
		"version":	"iperf 3.6",
		"system_info":	"Linux ba-thesis 4.19.0-23-amd64 #1 SMP Debian 4.19.269-1 (2022-12-20) x86_64",
		"timestamp":	{
			"time":	"Sun, 11 Jun 2023 22:32:01 GMT",
			"timesecs":	1686522721
		},
		"connecting_to":	{
			"host":	"h4",
			"port":	5002
		},
		"cookie":	"yym7t2fre25p4yqx3nobar4wbzbcikldz2wx",
		"tcp_mss_default":	1448,
		"sock_bufsize":	0,
		"sndbuf_actual":	87380,
		"rcvbuf_actual":	87380,
		"test_start":	{
			"protocol":	"TCP",
			"num_streams":	1,
			"blksize":	131072,
			"omit":	0,
			"duration":	0,
			"bytes":	88361960,
			"blocks":	0,
			"reverse":	0,
			"tos":	0
		}
	},
	"intervals":	[{
			"streams":	[{
					"socket":	6,
					"start":	0,
					"end":	1.0000879764556885,
					"seconds":	1.0000879764556885,
					"bytes":	14328752,
					"bits_per_second":	114619932.14461866,
					"retransmits":	0,
					"snd_cwnd":	1298856,
					"rtt":	124333,
					"rttvar":	296,
					"pmtu":	1500,
					"omitted":	false
				}],
			"sum":	{
				"start":	0,
				"end":	1.0000879764556885,
				"seconds":	1.0000879764556885,
				"bytes":	14328752,
				"bits_per_second":	114619932.14461866,
				"retransmits":	0,
				"omitted":	false
			}
		}, {
			"streams":	[{
					"socket":	6,
					"start":	1.0000879764556885,
					"end":	2.0000789165496826,
					"seconds":	0.99999094009399414,
					"bytes":	11796480,
					"bits_per_second":	94372695.0077463,
					"retransmits":	0,
					"snd_cwnd":	1791176,
					"rtt":	172842,
					"rttvar":	463,
					"pmtu":	1500,
					"omitted":	false
				}],
			"sum":	{
				"start":	1.0000879764556885,
				"end":	2.0000789165496826,
				"seconds":	0.99999094009399414,
				"bytes":	11796480,
				"bits_per_second":	94372695.0077463,
				"retransmits":	0,
				"omitted":	false
			}
		}, {
			"streams":	[{
					"socket":	6,
					"start":	2.0000789165496826,
					"end":	3.0000789165496826,
					"seconds":	1,
					"bytes":	14417920,
					"bits_per_second":	115343360,
					"retransmits":	0,
					"snd_cwnd":	2389200,
					"rtt":	189504,
					"rttvar":	467,
					"pmtu":	1500,
					"omitted":	false
				}],
			"sum":	{
				"start":	2.0000789165496826,
				"end":	3.0000789165496826,
				"seconds":	1,
				"bytes":	14417920,
				"bits_per_second":	115343360,
				"retransmits":	0,
				"omitted":	false
			}
		}, {
			"streams":	[{
					"socket":	6,
					"start":	3.0000789165496826,
					"end":	4.0000560283660889,
					"seconds":	0.99997711181640625,
					"bytes":	13107200,
					"bits_per_second":	104860000.05493289,
					"retransmits":	0,
					"snd_cwnd":	2981432,
					"rtt":	243690,
					"rttvar":	652,
					"pmtu":	1500,
					"omitted":	false
				}],
			"sum":	{
				"start":	3.0000789165496826,
				"end":	4.0000560283660889,
				"seconds":	0.99997711181640625,
				"bytes":	13107200,
				"bits_per_second":	104860000.05493289,
				"retransmits":	0,
				"omitted":	false
			}
		}, {
			"streams":	[{
					"socket":	6,
					"start":	4.0000560283660889,
					"end":	5.0001170635223389,
					"seconds":	1.00006103515625,
					"bytes":	10485760,
					"bits_per_second":	83880960.312480927,
					"retransmits":	0,
					"snd_cwnd":	3509952,
					"rtt":	325245,
					"rttvar":	2990,
					"pmtu":	1500,
					"omitted":	false
				}],
			"sum":	{
				"start":	4.0000560283660889,
				"end":	5.0001170635223389,
				"seconds":	1.00006103515625,
				"bytes":	10485760,
				"bits_per_second":	83880960.312480927,
				"retransmits":	0,
				"omitted":	false
			}
		}, {
			"streams":	[{
					"socket":	6,
					"start":	5.0001170635223389,
					"end":	6.0000779628753662,
					"seconds":	0.99996089935302734,
					"bytes":	10485760,
					"bits_per_second":	83889360.128255144,
					"retransmits":	0,
					"snd_cwnd":	4034128,
					"rtt":	364975,
					"rttvar":	191,
					"pmtu":	1500,
					"omitted":	false
				}],
			"sum":	{
				"start":	5.0001170635223389,
				"end":	6.0000779628753662,
				"seconds":	0.99996089935302734,
				"bytes":	10485760,
				"bits_per_second":	83889360.128255144,
				"retransmits":	0,
				"omitted":	false
			}
		}, {
			"streams":	[{
					"socket":	6,
					"start":	6.0000779628753662,
					"end":	7.00004506111145,
					"seconds":	0.999967098236084,
					"bytes":	10485760,
					"bits_per_second":	83888840.090811864,
					"retransmits":	0,
					"snd_cwnd":	4552512,
					"rtt":	413005,
					"rttvar":	462,
					"pmtu":	1500,
					"omitted":	false
				}],
			"sum":	{
				"start":	6.0000779628753662,
				"end":	7.00004506111145,
				"seconds":	0.999967098236084,
				"bytes":	10485760,
				"bits_per_second":	83888840.090811864,
				"retransmits":	0,
				"omitted":	false
			}
		}, {
			"streams":	[{
					"socket":	6,
					"start":	7.00004506111145,
					"end":	7.30875301361084,
					"seconds":	0.30870795249938965,
					"bytes":	3932160,
					"bits_per_second":	101899804.47640783,
					"retransmits":	0,
					"snd_cwnd":	4716136,
					"rtt":	427719,
					"rttvar":	410,
					"pmtu":	1500,
					"omitted":	false
				}],
			"sum":	{
				"start":	7.00004506111145,
				"end":	7.30875301361084,
				"seconds":	0.30870795249938965,
				"bytes":	3932160,
				"bits_per_second":	101899804.47640783,
				"retransmits":	0,
				"omitted":	false
			}
		}],
	"end":	{
		"streams":	[{
				"sender":	{
					"socket":	6,
					"start":	0,
					"end":	7.30875301361084,
					"seconds":	7.30875301361084,
					"bytes":	89039792,
					"bits_per_second":	97460994.327414542,
					"retransmits":	0,
					"max_snd_cwnd":	4716136,
					"max_rtt":	427719,
					"min_rtt":	124333,
					"mean_rtt":	282664
				},
				"receiver":	{
					"socket":	6,
					"start":	0,
					"end":	7.7909500598907471,
					"seconds":	7.30875301361084,
					"bytes":	81939424,
					"bits_per_second":	84138055.9445137
				}
			}],
		"sum_sent":	{
			"start":	0,
			"end":	7.30875301361084,
			"seconds":	7.30875301361084,
			"bytes":	89039792,
			"bits_per_second":	97460994.327414542,
			"retransmits":	0
		},
		"sum_received":	{
			"start":	0,
			"end":	7.7909500598907471,
			"seconds":	7.7909500598907471,
			"bytes":	81939424,
			"bits_per_second":	84138055.9445137
		},
		"cpu_utilization_percent":	{
			"host_total":	0.74029987189330559,
			"host_user":	0.060788459639433315,
			"host_system":	0.67948465088048937,
			"remote_total":	1.2035587019366323,
			"remote_user":	0.080370610676986518,
			"remote_system":	1.1231755097614184
		},
		"sender_tcp_congestion":	"cubic",
		"receiver_tcp_congestion":	"cubic"
	}
}
