{
	"start":	{
		"connected":	[{
				"socket":	6,
				"local_host":	"192.168.7.1",
				"local_port":	58694,
				"remote_host":	"192.168.7.2",
				"remote_port":	5002
			}],
		"version":	"iperf 3.6",
		"system_info":	"Linux ba-thesis 4.19.0-23-amd64 #1 SMP Debian 4.19.269-1 (2022-12-20) x86_64",
		"timestamp":	{
			"time":	"Tue, 13 Jun 2023 04:00:21 GMT",
			"timesecs":	1686628821
		},
		"connecting_to":	{
			"host":	"h7",
			"port":	5002
		},
		"cookie":	"lzywjerye7mnqpvcduh2nqocb7wrmdyzjw2v",
		"tcp_mss_default":	1448,
		"sock_bufsize":	0,
		"sndbuf_actual":	87380,
		"rcvbuf_actual":	87380,
		"test_start":	{
			"protocol":	"TCP",
			"num_streams":	1,
			"blksize":	131072,
			"omit":	0,
			"duration":	0,
			"bytes":	283609088,
			"blocks":	0,
			"reverse":	0,
			"tos":	0
		}
	},
	"intervals":	[{
			"streams":	[{
					"socket":	6,
					"start":	0,
					"end":	1.0000720024108887,
					"seconds":	1.0000720024108887,
					"bytes":	15660960,
					"bits_per_second":	125278659.63447341,
					"retransmits":	0,
					"snd_cwnd":	792056,
					"rtt":	62333,
					"rttvar":	690,
					"pmtu":	1500,
					"omitted":	false
				}],
			"sum":	{
				"start":	0,
				"end":	1.0000720024108887,
				"seconds":	1.0000720024108887,
				"bytes":	15660960,
				"bits_per_second":	125278659.63447341,
				"retransmits":	0,
				"omitted":	false
			}
		}, {
			"streams":	[{
					"socket":	6,
					"start":	1.0000720024108887,
					"end":	2.0000898838043213,
					"seconds":	1.0000178813934326,
					"bytes":	13107200,
					"bits_per_second":	104855725.03352702,
					"retransmits":	0,
					"snd_cwnd":	1368360,
					"rtt":	107990,
					"rttvar":	399,
					"pmtu":	1500,
					"omitted":	false
				}],
			"sum":	{
				"start":	1.0000720024108887,
				"end":	2.0000898838043213,
				"seconds":	1.0000178813934326,
				"bytes":	13107200,
				"bits_per_second":	104855725.03352702,
				"retransmits":	0,
				"omitted":	false
			}
		}, {
			"streams":	[{
					"socket":	6,
					"start":	2.0000898838043213,
					"end":	3.0001289844512939,
					"seconds":	1.0000391006469727,
					"bytes":	14417920,
					"bits_per_second":	115338850.17633702,
					"retransmits":	0,
					"snd_cwnd":	1963488,
					"rtt":	155911,
					"rttvar":	370,
					"pmtu":	1500,
					"omitted":	false
				}],
			"sum":	{
				"start":	2.0000898838043213,
				"end":	3.0001289844512939,
				"seconds":	1.0000391006469727,
				"bytes":	14417920,
				"bits_per_second":	115338850.17633702,
				"retransmits":	0,
				"omitted":	false
			}
		}, {
			"streams":	[{
					"socket":	6,
					"start":	3.0001289844512939,
					"end":	4.0000660419464111,
					"seconds":	0.99993705749511719,
					"bytes":	13107200,
					"bits_per_second":	104864200.41544668,
					"retransmits":	0,
					"snd_cwnd":	2542688,
					"rtt":	233855,
					"rttvar":	302,
					"pmtu":	1500,
					"omitted":	false
				}],
			"sum":	{
				"start":	3.0001289844512939,
				"end":	4.0000660419464111,
				"seconds":	0.99993705749511719,
				"bytes":	13107200,
				"bits_per_second":	104864200.41544668,
				"retransmits":	0,
				"omitted":	false
			}
		}, {
			"streams":	[{
					"socket":	6,
					"start":	4.0000660419464111,
					"end":	5.0000429153442383,
					"seconds":	0.99997687339782715,
					"bytes":	13107200,
					"bits_per_second":	104860025.05608331,
					"retransmits":	0,
					"snd_cwnd":	3140712,
					"rtt":	249367,
					"rttvar":	340,
					"pmtu":	1500,
					"omitted":	false
				}],
			"sum":	{
				"start":	4.0000660419464111,
				"end":	5.0000429153442383,
				"seconds":	0.99997687339782715,
				"bytes":	13107200,
				"bits_per_second":	104860025.05608331,
				"retransmits":	0,
				"omitted":	false
			}
		}, {
			"streams":	[{
					"socket":	6,
					"start":	5.0000429153442383,
					"end":	6.000140905380249,
					"seconds":	1.0000979900360107,
					"bytes":	11796480,
					"bits_per_second":	94362593.406074077,
					"retransmits":	0,
					"snd_cwnd":	3738736,
					"rtt":	297124,
					"rttvar":	514,
					"pmtu":	1500,
					"omitted":	false
				}],
			"sum":	{
				"start":	5.0000429153442383,
				"end":	6.000140905380249,
				"seconds":	1.0000979900360107,
				"bytes":	11796480,
				"bits_per_second":	94362593.406074077,
				"retransmits":	0,
				"omitted":	false
			}
		}, {
			"streams":	[{
					"socket":	6,
					"start":	6.000140905380249,
					"end":	7.0001399517059326,
					"seconds":	0.99999904632568359,
					"bytes":	11796480,
					"bits_per_second":	94371930.000085831,
					"retransmits":	0,
					"snd_cwnd":	4330968,
					"rtt":	344256,
					"rttvar":	353,
					"pmtu":	1500,
					"omitted":	false
				}],
			"sum":	{
				"start":	6.000140905380249,
				"end":	7.0001399517059326,
				"seconds":	0.99999904632568359,
				"bytes":	11796480,
				"bits_per_second":	94371930.000085831,
				"retransmits":	0,
				"omitted":	false
			}
		}, {
			"streams":	[{
					"socket":	6,
					"start":	7.0001399517059326,
					"end":	8.00008487701416,
					"seconds":	0.99994492530822754,
					"bytes":	13107200,
					"bits_per_second":	104863375.31807387,
					"retransmits":	0,
					"snd_cwnd":	4928992,
					"rtt":	391849,
					"rttvar":	605,
					"pmtu":	1500,
					"omitted":	false
				}],
			"sum":	{
				"start":	7.0001399517059326,
				"end":	8.00008487701416,
				"seconds":	0.99994492530822754,
				"bytes":	13107200,
				"bits_per_second":	104863375.31807387,
				"retransmits":	0,
				"omitted":	false
			}
		}, {
			"streams":	[{
					"socket":	6,
					"start":	8.00008487701416,
					"end":	9.00009298324585,
					"seconds":	1.0000081062316895,
					"bytes":	11796480,
					"bits_per_second":	94371075.006201223,
					"retransmits":	0,
					"snd_cwnd":	5527016,
					"rtt":	439481,
					"rttvar":	607,
					"pmtu":	1500,
					"omitted":	false
				}],
			"sum":	{
				"start":	8.00008487701416,
				"end":	9.00009298324585,
				"seconds":	1.0000081062316895,
				"bytes":	11796480,
				"bits_per_second":	94371075.006201223,
				"retransmits":	0,
				"omitted":	false
			}
		}, {
			"streams":	[{
					"socket":	6,
					"start":	9.00009298324585,
					"end":	10.000093936920166,
					"seconds":	1.0000009536743164,
					"bytes":	11796480,
					"bits_per_second":	94371750.000085831,
					"retransmits":	0,
					"snd_cwnd":	6125040,
					"rtt":	487249,
					"rttvar":	396,
					"pmtu":	1500,
					"omitted":	false
				}],
			"sum":	{
				"start":	9.00009298324585,
				"end":	10.000093936920166,
				"seconds":	1.0000009536743164,
				"bytes":	11796480,
				"bits_per_second":	94371750.000085831,
				"retransmits":	0,
				"omitted":	false
			}
		}, {
			"streams":	[{
					"socket":	6,
					"start":	10.000093936920166,
					"end":	11.000082015991211,
					"seconds":	0.99998807907104492,
					"bytes":	11796480,
					"bits_per_second":	94372965.013411209,
					"retransmits":	0,
					"snd_cwnd":	6720168,
					"rtt":	534525,
					"rttvar":	622,
					"pmtu":	1500,
					"omitted":	false
				}],
			"sum":	{
				"start":	10.000093936920166,
				"end":	11.000082015991211,
				"seconds":	0.99998807907104492,
				"bytes":	11796480,
				"bits_per_second":	94372965.013411209,
				"retransmits":	0,
				"omitted":	false
			}
		}, {
			"streams":	[{
					"socket":	6,
					"start":	11.000082015991211,
					"end":	12.000069856643677,
					"seconds":	0.99998784065246582,
					"bytes":	11796480,
					"bits_per_second":	94372987.513953015,
					"retransmits":	0,
					"snd_cwnd":	7318192,
					"rtt":	582074,
					"rttvar":	229,
					"pmtu":	1500,
					"omitted":	false
				}],
			"sum":	{
				"start":	11.000082015991211,
				"end":	12.000069856643677,
				"seconds":	0.99998784065246582,
				"bytes":	11796480,
				"bits_per_second":	94372987.513953015,
				"retransmits":	0,
				"omitted":	false
			}
		}, {
			"streams":	[{
					"socket":	6,
					"start":	12.000069856643677,
					"end":	13.000081062316895,
					"seconds":	1.0000112056732178,
					"bytes":	11796480,
					"bits_per_second":	94370782.511849865,
					"retransmits":	0,
					"snd_cwnd":	7916216,
					"rtt":	630245,
					"rttvar":	303,
					"pmtu":	1500,