{
	"start":	{
		"connected":	[{
				"socket":	6,
				"local_host":	"192.168.9.1",
				"local_port":	44760,
				"remote_host":	"192.168.9.2",
				"remote_port":	5002
			}],
		"version":	"iperf 3.6",
		"system_info":	"Linux ba-thesis 4.19.0-23-amd64 #1 SMP Debian 4.19.269-1 (2022-12-20) x86_64",
		"timestamp":	{
			"time":	"Tue, 13 Jun 2023 04:01:07 GMT",
			"timesecs":	1686628867
		},
		"connecting_to":	{
			"host":	"h9",
			"port":	5002
		},
		"cookie":	"hxhxsbbmdj2szkcbvuujeo2q2t6rbhv7es3e",
		"tcp_mss_default":	1448,
		"sock_bufsize":	0,
		"sndbuf_actual":	87380,
		"rcvbuf_actual":	87380,
		"test_start":	{
			"protocol":	"TCP",
			"num_streams":	1,
			"blksize":	131072,
			"omit":	0,
			"duration":	0,
			"bytes":	34554880,
			"blocks":	0,
			"reverse":	0,
			"tos":	0
		}
	},
	"intervals":	[{
			"streams":	[{
					"socket":	6,
					"start":	0,
					"end":	1.0000739097595215,
					"seconds":	1.0000739097595215,
					"bytes":	15284480,
					"bits_per_second":	122266803.28997138,
					"retransmits":	0,
					"snd_cwnd":	797848,
					"rtt":	62871,
					"rttvar":	556,
					"pmtu":	1500,
					"omitted":	false
				}],
			"sum":	{
				"start":	0,
				"end":	1.0000739097595215,
				"seconds":	1.0000739097595215,
				"bytes":	15284480,
				"bits_per_second":	122266803.28997138,
				"retransmits":	0,
				"omitted":	false
			}
		}, {
			"streams":	[{
					"socket":	6,
					"start":	1.0000739097595215,
					"end":	2.0000739097595215,
					"seconds":	1,
					"bytes":	14417920,
					"bits_per_second":	115343360,
					"retransmits":	0,
					"snd_cwnd":	1395872,
					"rtt":	110546,
					"rttvar":	513,
					"pmtu":	1500,
					"omitted":	false
				}],
			"sum":	{
				"start":	1.0000739097595215,
				"end":	2.0000739097595215,
				"seconds":	1,
				"bytes":	14417920,
				"bits_per_second":	115343360,
				"retransmits":	0,
				"omitted":	false
			}
		}, {
			"streams":	[{
					"socket":	6,
					"start":	2.0000739097595215,
					"end":	2.338170051574707,
					"seconds":	0.33809614181518555,
					"bytes":	5242880,
					"bits_per_second":	124056547.27325295,
					"retransmits":	0,
					"snd_cwnd":	1598592,
					"rtt":	126502,
					"rttvar":	466,
					"pmtu":	1500,
					"omitted":	false
				}],
			"sum":	{
				"start":	2.0000739097595215,
				"end":	2.338170051574707,
				"seconds":	0.33809614181518555,
				"bytes":	5242880,
				"bits_per_second":	124056547.27325295,
				"retransmits":	0,
				"omitted":	false
			}
		}],
	"end":	{
		"streams":	[{
				"sender":	{
					"socket":	6,
					"start":	0,
					"end":	2.338170051574707,
					"seconds":	2.338170051574707,
					"bytes":	34945280,
					"bits_per_second":	119564545.70604087,
					"retransmits":	0,
					"max_snd_cwnd":	1598592,
					"max_rtt":	126502,
					"min_rtt":	62871,
					"mean_rtt":	99973
				},
				"receiver":	{
					"socket":	6,
					"start":	0,
					"end":	2.5058889389038086,
					"seconds":	2.338170051574707,
					"bytes":	29075840,
					"bits_per_second":	92824033.9740487
				}
			}],
		"sum_sent":	{
			"start":	0,
			"end":	2.338170051574707,
			"seconds":	2.338170051574707,
			"bytes":	34945280,
			"bits_per_second":	119564545.70604087,
			"retransmits":	0
		},
		"sum_received":	{
			"start":	0,
			"end":	2.5058889389038086,
			"seconds":	2.5058889389038086,
			"bytes":	29075840,
			"bits_per_second":	92824033.9740487
		},
		"cpu_utilization_percent":	{
			"host_total":	2.0427492526205455,
			"host_user":	0.16004694277469619,
			"host_system":	1.88262115013856,
			"remote_total":	0.0630388444623483,
			"remote_user":	0.0097892279097570121,
			"remote_system":	0.05325167268111676
		},
		"sender_tcp_congestion":	"cubic",
		"receiver_tcp_congestion":	"cubic"
	}
}
