{
	"start":	{
		"connected":	[{
				"socket":	6,
				"local_host":	"192.168.12.1",
				"local_port":	55470,
				"remote_host":	"192.168.27.1",
				"remote_port":	5003
			}],
		"version":	"iperf 3.6",
		"system_info":	"Linux ba-thesis 4.19.0-23-amd64 #1 SMP Debian 4.19.269-1 (2022-12-20) x86_64",
		"timestamp":	{
			"time":	"Tue, 13 Jun 2023 04:00:55 GMT",
			"timesecs":	1686628855
		},
		"connecting_to":	{
			"host":	"h8",
			"port":	5003
		},
		"cookie":	"oetiilzopucsduudfrfeyagfu367e2iemlxa",
		"tcp_mss_default":	1448,
		"sock_bufsize":	0,
		"sndbuf_actual":	87380,
		"rcvbuf_actual":	87380,
		"test_start":	{
			"protocol":	"TCP",
			"num_streams":	1,
			"blksize":	131072,
			"omit":	0,
			"duration":	0,
			"bytes":	364260352,
			"blocks":	0,
			"reverse":	0,
			"tos":	0
		}
	},
	"intervals":	[{
			"streams":	[{
					"socket":	6,
					"start":	0,
					"end":	1.0000920295715332,
					"seconds":	1.0000920295715332,
					"bytes":	15629336,
					"bits_per_second":	125023182.17011316,
					"retransmits":	0,
					"snd_cwnd":	1330712,
					"rtt":	106493,
					"rttvar":	555,
					"pmtu":	1500,
					"omitted":	false
				}],
			"sum":	{
				"start":	0,
				"end":	1.0000920295715332,
				"seconds":	1.0000920295715332,
				"bytes":	15629336,
				"bits_per_second":	125023182.17011316,
				"retransmits":	0,
				"omitted":	false
			}
		}, {
			"streams":	[{
					"socket":	6,
					"start":	1.0000920295715332,
					"end":	2.00004506111145,
					"seconds":	0.999953031539917,
					"bytes":	14417920,
					"bits_per_second":	115348777.75446358,
					"retransmits":	0,
					"snd_cwnd":	1922944,
					"rtt":	153707,
					"rttvar":	631,
					"pmtu":	1500,
					"omitted":	false
				}],
			"sum":	{
				"start":	1.0000920295715332,
				"end":	2.00004506111145,
				"seconds":	0.999953031539917,
				"bytes":	14417920,
				"bits_per_second":	115348777.75446358,
				"retransmits":	0,
				"omitted":	false
			}
		}, {
			"streams":	[{
					"socket":	6,
					"start":	2.00004506111145,
					"end":	3.0000970363616943,
					"seconds":	1.0000519752502441,
					"bytes":	14417920,
					"bits_per_second":	115337365.31157543,
					"retransmits":	0,
					"snd_cwnd":	2513728,
					"rtt":	201479,
					"rttvar":	955,
					"pmtu":	1500,
					"omitted":	false
				}],
			"sum":	{
				"start":	2.00004506111145,
				"end":	3.0000970363616943,
				"seconds":	1.0000519752502441,
				"bytes":	14417920,
				"bits_per_second":	115337365.31157543,
				"retransmits":	0,
				"omitted":	false
			}
		}, {
			"streams":	[{
					"socket":	6,
					"start":	3.0000970363616943,
					"end":	4.0001049041748047,
					"seconds":	1.0000078678131104,
					"bytes":	11796480,
					"bits_per_second":	94371097.5058418,
					"retransmits":	0,
					"snd_cwnd":	3105960,
					"rtt":	249262,
					"rttvar":	789,
					"pmtu":	1500,
					"omitted":	false
				}],
			"sum":	{
				"start":	3.0000970363616943,
				"end":	4.0001049041748047,
				"seconds":	1.0000078678131104,
				"bytes":	11796480,
				"bits_per_second":	94371097.5058418,
				"retransmits":	0,
				"omitted":	false
			}
		}, {
			"streams":	[{
					"socket":	6,
					"start":	4.0001049041748047,
					"end":	5.0001480579376221,
					"seconds":	1.0000431537628174,
					"bytes":	11796480,
					"bits_per_second":	94367767.675736114,
					"retransmits":	0,
					"snd_cwnd":	3698192,
					"rtt":	297158,
					"rttvar":	735,
					"pmtu":	1500,
					"omitted":	false
				}],
			"sum":	{
				"start":	4.0001049041748047,
				"end":	5.0001480579376221,
				"seconds":	1.0000431537628174,
				"bytes":	11796480,
				"bits_per_second":	94367767.675736114,
				"retransmits":	0,
				"omitted":	false
			}
		}, {
			"streams":	[{
					"socket":	6,
					"start":	5.0001480579376221,
					"end":	6.0001389980316162,
					"seconds":	0.99999094009399414,
					"bytes":	11796480,
					"bits_per_second":	94372695.0077463,
					"retransmits":	0,
					"snd_cwnd":	4290424,
					"rtt":	344278,
					"rttvar":	518,
					"pmtu":	1500,
					"omitted":	false
				}],
			"sum":	{
				"start":	5.0001480579376221,
				"end":	6.0001389980316162,
				"seconds":	0.99999094009399414,
				"bytes":	11796480,
				"bits_per_second":	94372695.0077463,
				"retransmits":	0,
				"omitted":	false
			}
		}, {
			"streams":	[{
					"socket":	6,
					"start":	6.0001389980316162,
					"end":	7.0001339912414551,
					"seconds":	0.99999499320983887,
					"bytes":	11796480,
					"bits_per_second":	94372312.502365723,
					"retransmits":	0,
					"snd_cwnd":	4881208,
					"rtt":	392010,
					"rttvar":	546,
					"pmtu":	1500,
					"omitted":	false
				}],
			"sum":	{
				"start":	6.0001389980316162,
				"end":	7.0001339912414551,
				"seconds":	0.99999499320983887,
				"bytes":	11796480,
				"bits_per_second":	94372312.502365723,
				"retransmits":	0,
				"omitted":	false
			}
		}, {
			"streams":	[{
					"socket":	6,
					"start":	7.0001339912414551,
					"end":	8.0000660419464111,
					"seconds":	0.999932050704956,
					"bytes":	11796480,
					"bits_per_second":	94378252.935754463,
					"retransmits":	0,
					"snd_cwnd":	5473440,
					"rtt":	439250,
					"rttvar":	379,
					"pmtu":	1500,
					"omitted":	false
				}],
			"sum":	{
				"start":	7.0001339912414551,
				"end":	8.0000660419464111,
				"seconds":	0.999932050704956,
				"bytes":	11796480,
				"bits_per_second":	94378252.935754463,
				"retransmits":	0,
				"omitted":	false
			}
		}, {
			"streams":	[{
					"socket":	6,
					"start":	8.0000660419464111,
					"end":	9.0001289844512939,
					"seconds":	1.0000629425048828,
					"bytes":	11796480,
					"bits_per_second":	94365900.37385495,
					"retransmits":	0,
					"snd_cwnd":	6065672,
					"rtt":	486803,
					"rttvar":	576,
					"pmtu":	1500,
					"omitted":	false
				}],
			"sum":	{
				"start":	8.0000660419464111,
				"end":	9.0001289844512939,
				"seconds":	1.0000629425048828,
				"bytes":	11796480,
				"bits_per_second":	94365900.37385495,
				"retransmits":	0,
				"omitted":	false
			}
		}, {
			"streams":	[{
					"socket":	6,
					"start":	9.0001289844512939,
					"end":	10.000025987625122,
					"seconds":	0.99989700317382812,
					"bytes":	11796480,
					"bits_per_second":	94381561.001232281,
					"retransmits":	0,
					"snd_cwnd":	6656456,
					"rtt":	534505,
					"rttvar":	417,
					"pmtu":	1500,
					"omitted":	false
				}],
			"sum":	{
				"start":	9.0001289844512939,
				"end":	10.000025987625122,
				"seconds":	0.99989700317382812,
				"bytes":	11796480,
				"bits_per_second":	94381561.001232281,
				"retransmits":	0,
				"omitted":	false
			}
		}, {
			"streams":	[{
					"socket":	6,
					"start":	10.000025987625122,
					"end":	11.00006890296936,
					"seconds":	1.0000429153442383,
					"bytes":	13107200,
					"bits_per_second":	104853100.19311076,
					"retransmits":	0,
					"snd_cwnd":	7281992,
					"rtt":	528385,
					"rttvar":	519,
					"pmtu":	1500,
					"omitted":	false
				}],
			"sum":	{
				"start":	10.000025987625122,
				"end":	11.00006890296936,
				"seconds":	1.0000429153442383,
				"bytes":	13107200,
				"bits_per_second":	104853100.19311076,
				"retransmits":	0,
				"omitted":	false
			}
		}, {
			"streams":	[{
					"socket":	6,
					"start":	11.00006890296936,
					"end":	12.000081062316895,
					"seconds":	1.0000121593475342,
					"bytes":	11796480,
					"bits_per_second":	94370692.513952687,
					"retransmits":	0,
					"snd_cwnd":	7878568,
					"rtt":	627535,
					"rttvar":	689,
					"pmtu":	1500,
					"omitted":	false
				}],
			"sum":	{
				"start":	11.00006890296936,
				"end":	12.000081062316895,
				"seconds":	1.0000121593475342,
				"bytes":	11796480,
				"bits_per_second":	94370692.513952687,
				"retransmits":	0,
				"omitted":	false
			}
		}, {
			"streams":	[{
					"socket":	6,
					"start":	12.000081062316895,
					"end":	13.000097036361694,
					"seconds":	1.0000159740447998,
					"bytes":	11796480,
					"bits_per_second":	94370332.524080485,
					"retransmits":	0,
					"snd_cwnd":	8476592,
					"rtt":	674658,
					"rttvar":	355,
					"pmtu":	1500,
					"omitted":	false
				}],