{
	"start":	{
		"connected":	[{
				"socket":	6,
				"local_host":	"192.168.1.1",
				"local_port":	52260,
				"remote_host":	"192.168.26.1",
				"remote_port":	5000
			}],
		"version":	"iperf 3.6",
		"system_info":	"Linux ba-thesis 4.19.0-23-amd64 #1 SMP Debian 4.19.269-1 (2022-12-20) x86_64",
		"timestamp":	{
			"time":	"Fri, 09 Jun 2023 20:32:30 GMT",
			"timesecs":	1686342750
		},
		"connecting_to":	{
			"host":	"h8",
			"port":	5000
		},
		"cookie":	"ytmx2nqb4afnpkllswhz2lqnqwh2y6wx3hv7",
		"tcp_mss_default":	1448,
		"sock_bufsize":	0,
		"sndbuf_actual":	87380,
		"rcvbuf_actual":	87380,
		"test_start":	{
			"protocol":	"TCP",
			"num_streams":	1,
			"blksize":	131072,
			"omit":	0,
			"duration":	0,
			"bytes":	66588989,
			"blocks":	0,
			"reverse":	0,
			"tos":	0
		}
	},
	"intervals":	[{
			"streams":	[{
					"socket":	6,
					"start":	0,
					"end":	1.0000801086425781,
					"seconds":	1.0000801086425781,
					"bytes":	16950192,
					"bits_per_second":	135590674.01515839,
					"retransmits":	0,
					"snd_cwnd":	1381392,
					"rtt":	133434,
					"rttvar":	692,
					"pmtu":	1500,
					"omitted":	false
				}],
			"sum":	{
				"start":	0,
				"end":	1.0000801086425781,
				"seconds":	1.0000801086425781,
				"bytes":	16950192,
				"bits_per_second":	135590674.01515839,
				"retransmits":	0,
				"omitted":	false
			}
		}, {
			"streams":	[{
					"socket":	6,
					"start":	1.0000801086425781,
					"end":	2.0001180171966553,
					"seconds":	1.0000379085540771,
					"bytes":	10485760,
					"bits_per_second":	83882900.120544627,
					"retransmits":	0,
					"snd_cwnd":	1859232,
					"rtt":	173569,
					"rttvar":	3093,
					"pmtu":	1500,
					"omitted":	false
				}],
			"sum":	{
				"start":	1.0000801086425781,
				"end":	2.0001180171966553,
				"seconds":	1.0000379085540771,
				"bytes":	10485760,
				"bits_per_second":	83882900.120544627,
				"retransmits":	0,
				"omitted":	false
			}
		}, {
			"streams":	[{
					"socket":	6,
					"start":	2.0001180171966553,
					"end":	3.0001139640808105,
					"seconds":	0.99999594688415527,
					"bytes":	11796480,
					"bits_per_second":	94372222.501550317,
					"retransmits":	0,
					"snd_cwnd":	2355896,
					"rtt":	209727,
					"rttvar":	1219,
					"pmtu":	1500,
					"omitted":	false
				}],
			"sum":	{
				"start":	2.0001180171966553,
				"end":	3.0001139640808105,
				"seconds":	0.99999594688415527,
				"bytes":	11796480,
				"bits_per_second":	94372222.501550317,
				"retransmits":	0,
				"omitted":	false
			}
		}, {
			"streams":	[{
					"socket":	6,
					"start":	3.0001139640808105,
					"end":	4.0001239776611328,
					"seconds":	1.0000100135803223,
					"bytes":	11796480,
					"bits_per_second":	94370895.009462744,
					"retransmits":	0,
					"snd_cwnd":	2859800,
					"rtt":	252428,
					"rttvar":	156,
					"pmtu":	1500,
					"omitted":	false
				}],
			"sum":	{
				"start":	3.0001139640808105,
				"end":	4.0001239776611328,
				"seconds":	1.0000100135803223,
				"bytes":	11796480,
				"bits_per_second":	94370895.009462744,
				"retransmits":	0,
				"omitted":	false
			}
		}, {
			"streams":	[{
					"socket":	6,
					"start":	4.0001239776611328,
					"end":	5.0000491142272949,
					"seconds":	0.99992513656616211,
					"bytes":	10485760,
					"bits_per_second":	83892360.470177561,
					"retransmits":	0,
					"snd_cwnd":	3365152,
					"rtt":	329827,
					"rttvar":	1011,
					"pmtu":	1500,
					"omitted":	false
				}],
			"sum":	{
				"start":	4.0001239776611328,
				"end":	5.0000491142272949,
				"seconds":	0.99992513656616211,
				"bytes":	10485760,
				"bits_per_second":	83892360.470177561,
				"retransmits":	0,
				"omitted":	false
			}
		}, {
			"streams":	[{
					"socket":	6,
					"start":	5.0000491142272949,
					"end":	5.4145159721374512,
					"seconds":	0.41446685791015625,
					"bytes":	5242880,
					"bits_per_second":	101197572.7359411,
					"retransmits":	0,
					"snd_cwnd":	3593936,
					"rtt":	315260,
					"rttvar":	1156,
					"pmtu":	1500,
					"omitted":	false
				}],
			"sum":	{
				"start":	5.0000491142272949,
				"end":	5.4145159721374512,
				"seconds":	0.41446685791015625,
				"bytes":	5242880,
				"bits_per_second":	101197572.7359411,
				"retransmits":	0,
				"omitted":	false
			}
		}],
	"end":	{
		"streams":	[{
				"sender":	{
					"socket":	6,
					"start":	0,
					"end":	5.4145159721374512,
					"seconds":	5.4145159721374512,
					"bytes":	66757552,
					"bits_per_second":	98634932.235535115,
					"retransmits":	0,
					"max_snd_cwnd":	3593936,
					"max_rtt":	329827,
					"min_rtt":	133434,
					"mean_rtt":	235707
				},
				"receiver":	{
					"socket":	6,
					"start":	0,
					"end":	5.8012158870697021,
					"seconds":	5.4145159721374512,
					"bytes":	58381912,
					"bits_per_second":	80509897.4235758
				}
			}],
		"sum_sent":	{
			"start":	0,
			"end":	5.4145159721374512,
			"seconds":	5.4145159721374512,
			"bytes":	66757552,
			"bits_per_second":	98634932.235535115,
			"retransmits":	0
		},
		"sum_received":	{
			"start":	0,
			"end":	5.8012158870697021,
			"seconds":	5.8012158870697021,
			"bytes":	58381912,
			"bits_per_second":	80509897.4235758
		},
		"cpu_utilization_percent":	{
			"host_total":	0.83875638646084638,
			"host_user":	0.067952517147701161,
			"host_system":	0.77082179873719481,
			"remote_total":	1.3048916579625247,
			"remote_user":	0.24335254870196041,
			"remote_system":	1.0615558829405134
		},
		"sender_tcp_congestion":	"cubic",
		"receiver_tcp_congestion":	"cubic"
	}
}
