{
	"start":	{
		"connected":	[{
				"socket":	6,
				"local_host":	"192.168.8.1",
				"local_port":	53284,
				"remote_host":	"192.168.23.1",
				"remote_port":	5003
			}],
		"version":	"iperf 3.6",
		"system_info":	"Linux ba-thesis 4.19.0-23-amd64 #1 SMP Debian 4.19.269-1 (2022-12-20) x86_64",
		"timestamp":	{
			"time":	"Tue, 13 Jun 2023 10:51:31 GMT",
			"timesecs":	1686653491
		},
		"connecting_to":	{
			"host":	"h8",
			"port":	5003
		},
		"cookie":	"wrbpft7mizy3iihcm447d43ye6a7fnwobkzn",
		"tcp_mss_default":	1448,
		"sock_bufsize":	0,
		"sndbuf_actual":	87380,
		"rcvbuf_actual":	87380,
		"test_start":	{
			"protocol":	"TCP",
			"num_streams":	1,
			"blksize":	131072,
			"omit":	0,
			"duration":	0,
			"bytes":	136353792,
			"blocks":	0,
			"reverse":	0,
			"tos":	0
		}
	},
	"intervals":	[{
			"streams":	[{
					"socket":	6,
					"start":	0,
					"end":	1.0061829090118408,
					"seconds":	1.0061829090118408,
					"bytes":	79640,
					"bits_per_second":	633204.95139964891,
					"retransmits":	0,
					"snd_cwnd":	14480,
					"rtt":	572837,
					"rttvar":	228710,
					"pmtu":	1500,
					"omitted":	false
				}],
			"sum":	{
				"start":	0,
				"end":	1.0061829090118408,
				"seconds":	1.0061829090118408,
				"bytes":	79640,
				"bits_per_second":	633204.95139964891,
				"retransmits":	0,
				"omitted":	false
			}
		}, {
			"streams":	[{
					"socket":	6,
					"start":	1.0061829090118408,
					"end":	2.0004010200500488,
					"seconds":	0.994218111038208,
					"bytes":	65160,
					"bits_per_second":	524311.51093763078,
					"retransmits":	0,
					"snd_cwnd":	23168,
					"rtt":	699694,
					"rttvar":	287150,
					"pmtu":	1500,
					"omitted":	false
				}],
			"sum":	{
				"start":	1.0061829090118408,
				"end":	2.0004010200500488,
				"seconds":	0.994218111038208,
				"bytes":	65160,
				"bits_per_second":	524311.51093763078,
				"retransmits":	0,
				"omitted":	false
			}
		}, {
			"streams":	[{
					"socket":	6,
					"start":	2.0004010200500488,
					"end":	3.0002040863037109,
					"seconds":	0.99980306625366211,
					"bytes":	430056,
					"bits_per_second":	3441125.6737705553,
					"retransmits":	0,
					"snd_cwnd":	89776,
					"rtt":	600167,
					"rttvar":	26943,
					"pmtu":	1500,
					"omitted":	false
				}],
			"sum":	{
				"start":	2.0004010200500488,
				"end":	3.0002040863037109,
				"seconds":	0.99980306625366211,
				"bytes":	430056,
				"bits_per_second":	3441125.6737705553,
				"retransmits":	0,
				"omitted":	false
			}
		}, {
			"streams":	[{
					"socket":	6,
					"start":	3.0002040863037109,
					"end":	4.0000889301300049,
					"seconds":	0.999884843826294,
					"bytes":	786264,
					"bits_per_second":	6290836.4286525343,
					"retransmits":	0,
					"snd_cwnd":	209960,
					"rtt":	577305,
					"rttvar":	729,
					"pmtu":	1500,
					"omitted":	false
				}],
			"sum":	{
				"start":	3.0002040863037109,
				"end":	4.0000889301300049,
				"seconds":	0.999884843826294,
				"bytes":	786264,
				"bits_per_second":	6290836.4286525343,
				"retransmits":	0,
				"omitted":	false
			}
		}, {
			"streams":	[{
					"socket":	6,
					"start":	4.0000889301300049,
					"end":	5.0000851154327393,
					"seconds":	0.99999618530273438,
					"bytes":	977400,
					"bits_per_second":	7819229.8279946437,
					"retransmits":	0,
					"snd_cwnd":	241816,
					"rtt":	349648,
					"rttvar":	653,
					"pmtu":	1500,
					"omitted":	false
				}],
			"sum":	{
				"start":	4.0000889301300049,
				"end":	5.0000851154327393,
				"seconds":	0.99999618530273438,
				"bytes":	977400,
				"bits_per_second":	7819229.8279946437,
				"retransmits":	0,
				"omitted":	false
			}
		}, {
			"streams":	[{
					"socket":	6,
					"start":	5.0000851154327393,
					"end":	6.0004141330718994,
					"seconds":	1.0003290176391602,
					"bytes":	586440,
					"bits_per_second":	4689976.914867755,
					"retransmits":	0,
					"snd_cwnd":	280912,
					"rtt":	347257,
					"rttvar":	11189,
					"pmtu":	1500,
					"omitted":	false
				}],
			"sum":	{
				"start":	5.0000851154327393,
				"end":	6.0004141330718994,
				"seconds":	1.0003290176391602,
				"bytes":	586440,
				"bits_per_second":	4689976.914867755,
				"retransmits":	0,
				"omitted":	false
			}
		}, {
			"streams":	[{
					"socket":	6,
					"start":	6.0004141330718994,
					"end":	7.000507116317749,
					"seconds":	1.0000929832458496,
					"bytes":	586440,
					"bits_per_second":	4691083.807800998,
					"retransmits":	0,
					"snd_cwnd":	309872,
					"rtt":	352845,
					"rttvar":	6212,
					"pmtu":	1500,
					"omitted":	false
				}],
			"sum":	{
				"start":	6.0004141330718994,
				"end":	7.000507116317749,
				"seconds":	1.0000929832458496,
				"bytes":	586440,
				"bits_per_second":	4691083.807800998,
				"retransmits":	0,
				"omitted":	false
			}
		}, {
			"streams":	[{
					"socket":	6,
					"start":	7.000507116317749,
					"end":	8.0004289150238037,
					"seconds":	0.99992179870605469,
					"bytes":	1368360,
					"bits_per_second":	10947736.127130913,
					"retransmits":	0,
					"snd_cwnd":	357656,
					"rtt":	342040,
					"rttvar":	3582,
					"pmtu":	1500,
					"omitted":	false
				}],
			"sum":	{
				"start":	7.000507116317749,
				"end":	8.0004289150238037,
				"seconds":	0.99992179870605469,
				"bytes":	1368360,
				"bits_per_second":	10947736.127130913,
				"retransmits":	0,
				"omitted":	false
			}
		}, {
			"streams":	[{
					"socket":	6,
					"start":	8.0004289150238037,
					"end":	9.0000560283660889,
					"seconds":	0.99962711334228516,
					"bytes":	1629000,
					"bits_per_second":	13036861.271626668,
					"retransmits":	0,
					"snd_cwnd":	406888,
					"rtt":	448613,
					"rttvar":	2260,
					"pmtu":	1500,
					"omitted":	false
				}],
			"sum":	{
				"start":	8.0004289150238037,
				"end":	9.0000560283660889,
				"seconds":	0.99962711334228516,
				"bytes":	1629000,
				"bits_per_second":	13036861.271626668,
				"retransmits":	0,
				"omitted":	false
			}
		}, {
			"streams":	[{
					"socket":	6,
					"start":	9.0000560283660889,
					"end":	10.000162124633789,
					"seconds":	1.0001060962677002,
					"bytes":	912240,
					"bits_per_second":	7297145.8000657493,
					"retransmits":	0,
					"snd_cwnd":	457568,
					"rtt":	458567,
					"rttvar":	603,
					"pmtu":	1500,
					"omitted":	false
				}],
			"sum":	{
				"start":	9.0000560283660889,
				"end":	10.000162124633789,
				"seconds":	1.0001060962677002,
				"bytes":	912240,
				"bits_per_second":	7297145.8000657493,
				"retransmits":	0,
				"omitted":	false
			}
		}, {
			"streams":	[{
					"socket":	6,
					"start":	10.000162124633789,
					"end":	11.000092029571533,
					"seconds":	0.99992990493774414,
					"bytes":	3127680,
					"bits_per_second":	25023194.002341434,
					"retransmits":	0,
					"snd_cwnd":	574856,
					"rtt":	103044,
					"rttvar":	252,
					"pmtu":	1500,
					"omitted":	false
				}],
			"sum":	{
				"start":	10.000162124633789,
				"end":	11.000092029571533,
				"seconds":	0.99992990493774414,
				"bytes":	3127680,
				"bits_per_second":	25023194.002341434,
				"retransmits":	0,
				"omitted":	false
			}
		}, {
			"streams":	[{
					"socket":	6,
					"start":	11.000092029571533,
					"end":	12.000052928924561,
					"seconds":	0.99996089935302734,
					"bytes":	6473400,
					"bits_per_second":	51789224.992203407,
					"retransmits":	0,
					"snd_cwnd":	849976,
					"rtt":	104750,
					"rttvar":	471,
					"pmtu":	1500,
					"omitted":	false
				}],
			"sum":	{
				"start":	11.000092029571533,
				"end":	12.000052928924561,
				"seconds":	0.99996089935302734,
				"bytes":	6473400,
				"bits_per_second":	51789224.992203407,
				"retransmits":	0,
				"omitted":	false
			}
		}, {
			"streams":	[{
					"socket":	6,
					"start":	12.000052928924561,
					"end":	13.000091075897217,
					"seconds":	1.0000381469726562,
					"bytes":	11796480,
					"bits_per_second":	94368240.137323856,
					"retransmits":	0,
					"snd_cwnd":	1340848,
					"rtt":	107881,
					"rttvar":	597,
					"pmtu":	1500,
					"omitted":	false
				}],