{
	"start":	{
		"connected":	[{
				"socket":	6,
				"local_host":	"192.168.6.1",
				"local_port":	39200,
				"remote_host":	"192.168.23.1",
				"remote_port":	5001
			}],
		"version":	"iperf 3.6",
		"system_info":	"Linux ba-thesis 4.19.0-23-amd64 #1 SMP Debian 4.19.269-1 (2022-12-20) x86_64",
		"timestamp":	{
			"time":	"Sun, 11 Jun 2023 13:23:42 GMT",
			"timesecs":	1686489822
		},
		"connecting_to":	{
			"host":	"h4",
			"port":	5001
		},
		"cookie":	"3vxtav2bdcaid5awheb4gopnumpkdkwk2h6z",
		"tcp_mss_default":	1448,
		"sock_bufsize":	0,
		"sndbuf_actual":	87380,
		"rcvbuf_actual":	87380,
		"test_start":	{
			"protocol":	"TCP",
			"num_streams":	1,
			"blksize":	131072,
			"omit":	0,
			"duration":	0,
			"bytes":	9513981,
			"blocks":	0,
			"reverse":	0,
			"tos":	0
		}
	},
	"intervals":	[{
			"streams":	[{
					"socket":	6,
					"start":	0,
					"end":	0.49468994140625,
					"seconds":	0.49468994140625,
					"bytes":	10396592,
					"bits_per_second":	168131043.38359037,
					"retransmits":	0,
					"snd_cwnd":	1097584,
					"rtt":	86641,
					"rttvar":	649,
					"pmtu":	1500,
					"omitted":	false
				}],
			"sum":	{
				"start":	0,
				"end":	0.49468994140625,
				"seconds":	0.49468994140625,
				"bytes":	10396592,
				"bits_per_second":	168131043.38359037,
				"retransmits":	0,
				"omitted":	false
			}
		}],
	"end":	{
		"streams":	[{
				"sender":	{
					"socket":	6,
					"start":	0,
					"end":	0.49468994140625,
					"seconds":	0.49468994140625,
					"bytes":	10396592,
					"bits_per_second":	168131043.38359037,
					"retransmits":	0,
					"max_snd_cwnd":	1097584,
					"max_rtt":	86641,
					"min_rtt":	86641,
					"mean_rtt":	86641
				},
				"receiver":	{
					"socket":	6,
					"start":	0,
					"end":	0.6068270206451416,
					"seconds":	0.49468994140625,
					"bytes":	5957072,
					"bits_per_second":	78534037.507648274
				}
			}],
		"sum_sent":	{
			"start":	0,
			"end":	0.49468994140625,
			"seconds":	0.49468994140625,
			"bytes":	10396592,
			"bits_per_second":	168131043.38359037,
			"retransmits":	0
		},
		"sum_received":	{
			"start":	0,
			"end":	0.6068270206451416,
			"seconds":	0.6068270206451416,
			"bytes":	5957072,
			"bits_per_second":	78534037.507648274
		},
		"cpu_utilization_percent":	{
			"host_total":	6.4366618257387476,
			"host_user":	1.0729542015810996,
			"host_system":	5.3630999763017337,
			"remote_total":	0.063606695093362489,
			"remote_user":	0.042063623737076283,
			"remote_system":	0.021543071356286209
		},
		"sender_tcp_congestion":	"cubic",
		"receiver_tcp_congestion":	"cubic"
	}
}
