{
	"start":	{
		"connected":	[{
				"socket":	6,
				"local_host":	"192.168.16.2",
				"local_port":	57758,
				"remote_host":	"192.168.16.1",
				"remote_port":	5008
			}],
		"version":	"iperf 3.6",
		"system_info":	"Linux ba-thesis 4.19.0-23-amd64 #1 SMP Debian 4.19.269-1 (2022-12-20) x86_64",
		"timestamp":	{
			"time":	"Sun, 11 Jun 2023 13:23:32 GMT",
			"timesecs":	1686489812
		},
		"connecting_to":	{
			"host":	"h5",
			"port":	5008
		},
		"cookie":	"umdw2s6la432q4aqwgdgetkmwpbgw5ak3g2h",
		"tcp_mss_default":	1448,
		"sock_bufsize":	0,
		"sndbuf_actual":	87380,
		"rcvbuf_actual":	87380,
		"test_start":	{
			"protocol":	"TCP",
			"num_streams":	1,
			"blksize":	131072,
			"omit":	0,
			"duration":	0,
			"bytes":	118466397,
			"blocks":	0,
			"reverse":	0,
			"tos":	0
		}
	},
	"intervals":	[{
			"streams":	[{
					"socket":	6,
					"start":	0,
					"end":	1.0000989437103271,
					"seconds":	1.0000989437103271,
					"bytes":	15284480,
					"bits_per_second":	122263742.77165169,
					"retransmits":	0,
					"snd_cwnd":	797848,
					"rtt":	62897,
					"rttvar":	565,
					"pmtu":	1500,
					"omitted":	false
				}],
			"sum":	{
				"start":	0,
				"end":	1.0000989437103271,
				"seconds":	1.0000989437103271,
				"bytes":	15284480,
				"bits_per_second":	122263742.77165169,
				"retransmits":	0,
				"omitted":	false
			}
		}, {
			"streams":	[{
					"socket":	6,
					"start":	1.0000989437103271,
					"end":	2.000075101852417,
					"seconds":	0.99997615814208984,
					"bytes":	14417920,
					"bits_per_second":	115346110.06556667,
					"retransmits":	0,
					"snd_cwnd":	1395872,
					"rtt":	110577,
					"rttvar":	543,
					"pmtu":	1500,
					"omitted":	false
				}],
			"sum":	{
				"start":	1.0000989437103271,
				"end":	2.000075101852417,
				"seconds":	0.99997615814208984,
				"bytes":	14417920,
				"bits_per_second":	115346110.06556667,
				"retransmits":	0,
				"omitted":	false
			}
		}, {
			"streams":	[{
					"socket":	6,
					"start":	2.000075101852417,
					"end":	3.0000920295715332,
					"seconds":	1.0000169277191162,
					"bytes":	14417920,
					"bits_per_second":	115341407.53305081,
					"retransmits":	0,
					"snd_cwnd":	1993896,
					"rtt":	157930,
					"rttvar":	248,
					"pmtu":	1500,
					"omitted":	false
				}],
			"sum":	{
				"start":	2.000075101852417,
				"end":	3.0000920295715332,
				"seconds":	1.0000169277191162,
				"bytes":	14417920,
				"bits_per_second":	115341407.53305081,
				"retransmits":	0,
				"omitted":	false
			}
		}, {
			"streams":	[{
					"socket":	6,
					"start":	3.0000920295715332,
					"end":	4.0000669956207275,
					"seconds":	0.99997496604919434,
					"bytes":	14417920,
					"bits_per_second":	115346247.57228734,
					"retransmits":	0,
					"snd_cwnd":	2591920,
					"rtt":	205744,
					"rttvar":	386,
					"pmtu":	1500,
					"omitted":	false
				}],
			"sum":	{
				"start":	3.0000920295715332,
				"end":	4.0000669956207275,
				"seconds":	0.99997496604919434,
				"bytes":	14417920,
				"bits_per_second":	115346247.57228734,
				"retransmits":	0,
				"omitted":	false
			}
		}, {
			"streams":	[{
					"socket":	6,
					"start":	4.0000669956207275,
					"end":	5.0001931190490723,
					"seconds":	1.0001261234283447,
					"bytes":	11796480,
					"bits_per_second":	94359939.0009948,
					"retransmits":	0,
					"snd_cwnd":	3188496,
					"rtt":	253124,
					"rttvar":	242,
					"pmtu":	1500,
					"omitted":	false
				}],
			"sum":	{
				"start":	4.0000669956207275,
				"end":	5.0001931190490723,
				"seconds":	1.0001261234283447,
				"bytes":	11796480,
				"bits_per_second":	94359939.0009948,
				"retransmits":	0,
				"omitted":	false
			}
		}, {
			"streams":	[{
					"socket":	6,
					"start":	5.0001931190490723,
					"end":	6.0000970363616943,
					"seconds":	0.99990391731262207,
					"bytes":	11796480,
					"bits_per_second":	94380908.371313483,
					"retransmits":	0,
					"snd_cwnd":	3786520,
					"rtt":	301064,
					"rttvar":	726,
					"pmtu":	1500,
					"omitted":	false
				}],
			"sum":	{
				"start":	5.0001931190490723,
				"end":	6.0000970363616943,
				"seconds":	0.99990391731262207,
				"bytes":	11796480,
				"bits_per_second":	94380908.371313483,
				"retransmits":	0,
				"omitted":	false
			}
		}, {
			"streams":	[{
					"socket":	6,
					"start":	6.0000970363616943,
					"end":	7.0001111030578613,
					"seconds":	1.000014066696167,
					"bytes":	11796480,
					"bits_per_second":	94370512.518673271,
					"retransmits":	0,
					"snd_cwnd":	4375856,
					"rtt":	362506,
					"rttvar":	226,
					"pmtu":	1500,
					"omitted":	false
				}],
			"sum":	{
				"start":	6.0000970363616943,
				"end":	7.0001111030578613,
				"seconds":	1.000014066696167,
				"bytes":	11796480,
				"bits_per_second":	94370512.518673271,
				"retransmits":	0,
				"omitted":	false
			}
		}, {
			"streams":	[{
					"socket":	6,
					"start":	7.0001111030578613,
					"end":	8.0000350475311279,
					"seconds":	0.9999239444732666,
					"bytes":	11796480,
					"bits_per_second":	94379018.045930058,
					"retransmits":	0,
					"snd_cwnd":	4973880,
					"rtt":	395566,
					"rttvar":	525,
					"pmtu":	1500,
					"omitted":	false
				}],
			"sum":	{
				"start":	7.0001111030578613,
				"end":	8.0000350475311279,
				"seconds":	0.9999239444732666,
				"bytes":	11796480,
				"bits_per_second":	94379018.045930058,
				"retransmits":	0,
				"omitted":	false
			}
		}, {
			"streams":	[{
					"socket":	6,
					"start":	8.0000350475311279,
					"end":	9.0001530647277832,
					"seconds":	1.0001180171966553,
					"bytes":	11796480,
					"bits_per_second":	94360703.814261422,
					"retransmits":	0,
					"snd_cwnd":	5570456,
					"rtt":	442917,
					"rttvar":	496,
					"pmtu":	1500,
					"omitted":	false
				}],
			"sum":	{
				"start":	8.0000350475311279,
				"end":	9.0001530647277832,
				"seconds":	1.0001180171966553,
				"bytes":	11796480,
				"bits_per_second":	94360703.814261422,
				"retransmits":	0,
				"omitted":	false
			}
		}, {
			"streams":	[{
					"socket":	6,
					"start":	9.0001530647277832,
					"end":	9.0030069351196289,
					"seconds":	0.0028538703918457031,
					"bytes":	1310720,
					"bits_per_second":	3674224320.0534668,
					"retransmits":	0,
					"snd_cwnd":	5573352,
					"rtt":	443110,
					"rttvar":	535,
					"pmtu":	1500,
					"omitted":	false
				}],
			"sum":	{
				"start":	9.0001530647277832,
				"end":	9.0030069351196289,
				"seconds":	0.0028538703918457031,
				"bytes":	1310720,
				"bits_per_second":	3674224320.0534668,
				"retransmits":	0,
				"omitted":	false
			}
		}],
	"end":	{
		"streams":	[{
				"sender":	{
					"socket":	6,
					"start":	0,
					"end":	9.0030069351196289,
					"seconds":	9.0030069351196289,
					"bytes":	118831360,
					"bits_per_second":	105592596.65697104,
					"retransmits":	0,
					"max_snd_cwnd":	5573352,
					"max_rtt":	443110,
					"min_rtt":	62897,
					"mean_rtt":	273543
				},
				"receiver":	{
					"socket":	6,
					"start":	0,
					"end":	9.4988570213317871,
					"seconds":	9.0030069351196289,
					"bytes":	112545800,
					"bits_per_second":	94786814.6639146
				}
			}],
		"sum_sent":	{
			"start":	0,
			"end":	9.0030069351196289,
			"seconds":	9.0030069351196289,
			"bytes":	118831360,
			"bits_per_second":	105592596.65697104,
			"retransmits":	0
		},
		"sum_received":	{
			"start":	0,
			"end":	9.4988570213317871,
			"seconds":	9.4988570213317871,
			"bytes":	112545800,
			"bits_per_second":	94786814.6639146
		},
		"cpu_utilization_percent":	{
			"host_total":	0.64825783036679963,
			"host_user":	0.053201456547395318,
			"host_system":	0.59502349959290746,
			"remote_total":	1.1545193242829166,
			"remote_user":	0.2441347703867521,
			"remote_system":	0.9103637374935053
		},
		"sender_tcp_congestion":	"cubic",
		"receiver_tcp_congestion":	"cubic"
	}
}
