{
	"start":	{
		"connected":	[{
				"socket":	6,
				"local_host":	"192.168.2.1",
				"local_port":	48374,
				"remote_host":	"192.168.24.1",
				"remote_port":	5000
			}],
		"version":	"iperf 3.6",
		"system_info":	"Linux ba-thesis 4.19.0-23-amd64 #1 SMP Debian 4.19.269-1 (2022-12-20) x86_64",
		"timestamp":	{
			"time":	"Sun, 11 Jun 2023 21:35:30 GMT",
			"timesecs":	1686519330
		},
		"connecting_to":	{
			"host":	"h5",
			"port":	5000
		},
		"cookie":	"ug6wq4nvbkqliww5xwr656okedqyioxxaki2",
		"tcp_mss_default":	1448,
		"sock_bufsize":	0,
		"sndbuf_actual":	87380,
		"rcvbuf_actual":	87380,
		"test_start":	{
			"protocol":	"TCP",
			"num_streams":	1,
			"blksize":	131072,
			"omit":	0,
			"duration":	0,
			"bytes":	33503762,
			"blocks":	0,
			"reverse":	0,
			"tos":	0
		}
	},
	"intervals":	[{
			"streams":	[{
					"socket":	6,
					"start":	0,
					"end":	1.0000491142272949,
					"seconds":	1.0000491142272949,
					"bytes":	16950192,
					"bits_per_second":	135594876.36242232,
					"retransmits":	0,
					"snd_cwnd":	1390080,
					"rtt":	109969,
					"rttvar":	328,
					"pmtu":	1500,
					"omitted":	false
				}],
			"sum":	{
				"start":	0,
				"end":	1.0000491142272949,
				"seconds":	1.0000491142272949,
				"bytes":	16950192,
				"bits_per_second":	135594876.36242232,
				"retransmits":	0,
				"omitted":	false
			}
		}, {
			"streams":	[{
					"socket":	6,
					"start":	1.0000491142272949,
					"end":	2.00007700920105,
					"seconds":	1.0000278949737549,
					"bytes":	14417920,
					"bits_per_second":	115340142.58974957,
					"retransmits":	0,
					"snd_cwnd":	1985208,
					"rtt":	159552,
					"rttvar":	949,
					"pmtu":	1500,
					"omitted":	false
				}],
			"sum":	{
				"start":	1.0000491142272949,
				"end":	2.00007700920105,
				"seconds":	1.0000278949737549,
				"bytes":	14417920,
				"bits_per_second":	115340142.58974957,
				"retransmits":	0,
				"omitted":	false
			}
		}, {
			"streams":	[{
					"socket":	6,
					"start":	2.00007700920105,
					"end":	2.157588005065918,
					"seconds":	0.15751099586486816,
					"bytes":	2621440,
					"bits_per_second":	133143212.54112244,
					"retransmits":	0,
					"snd_cwnd":	2079328,
					"rtt":	165056,
					"rttvar":	610,
					"pmtu":	1500,
					"omitted":	false
				}],
			"sum":	{
				"start":	2.00007700920105,
				"end":	2.157588005065918,
				"seconds":	0.15751099586486816,
				"bytes":	2621440,
				"bits_per_second":	133143212.54112244,
				"retransmits":	0,
				"omitted":	false
			}
		}],
	"end":	{
		"streams":	[{
				"sender":	{
					"socket":	6,
					"start":	0,
					"end":	2.157588005065918,
					"seconds":	2.157588005065918,
					"bytes":	33989552,
					"bits_per_second":	126027960.55667379,
					"retransmits":	0,
					"max_snd_cwnd":	2079328,
					"max_rtt":	165056,
					"min_rtt":	109969,
					"mean_rtt":	144859
				},
				"receiver":	{
					"socket":	6,
					"start":	0,
					"end":	2.3526601791381836,
					"seconds":	2.157588005065918,
					"bytes":	26757592,
					"bits_per_second":	90986678.780959263
				}
			}],
		"sum_sent":	{
			"start":	0,
			"end":	2.157588005065918,
			"seconds":	2.157588005065918,
			"bytes":	33989552,
			"bits_per_second":	126027960.55667379,
			"retransmits":	0
		},
		"sum_received":	{
			"start":	0,
			"end":	2.3526601791381836,
			"seconds":	2.3526601791381836,
			"bytes":	26757592,
			"bits_per_second":	90986678.780959263
		},
		"cpu_utilization_percent":	{
			"host_total":	2.0378163743505882,
			"host_user":	0.18368248506126625,
			"host_system":	1.8541338892893218,
			"remote_total":	0.77445554016322071,
			"remote_user":	0,
			"remote_system":	0.77450623769792637
		},
		"sender_tcp_congestion":	"cubic",
		"receiver_tcp_congestion":	"cubic"
	}
}
