{
	"start":	{
		"connected":	[{
				"socket":	6,
				"local_host":	"192.168.7.2",
				"local_port":	47552,
				"remote_host":	"192.168.7.1",
				"remote_port":	5002
			}],
		"version":	"iperf 3.6",
		"system_info":	"Linux ba-thesis 4.19.0-23-amd64 #1 SMP Debian 4.19.269-1 (2022-12-20) x86_64",
		"timestamp":	{
			"time":	"Mon, 12 Jun 2023 16:53:15 GMT",
			"timesecs":	1686588795
		},
		"connecting_to":	{
			"host":	"h7",
			"port":	5002
		},
		"cookie":	"3dmlr2zogcst577qhvugqyzz4movp247pzwz",
		"tcp_mss_default":	1448,
		"sock_bufsize":	0,
		"sndbuf_actual":	87380,
		"rcvbuf_actual":	87380,
		"test_start":	{
			"protocol":	"TCP",
			"num_streams":	1,
			"blksize":	131072,
			"omit":	0,
			"duration":	0,
			"bytes":	283609088,
			"blocks":	0,
			"reverse":	0,
			"tos":	0
		}
	},
	"intervals":	[{
			"streams":	[{
					"socket":	6,
					"start":	0,
					"end":	1.0001180171966553,
					"seconds":	1.0001180171966553,
					"bytes":	15284480,
					"bits_per_second":	122261411.05100864,
					"retransmits":	0,
					"snd_cwnd":	797848,
					"rtt":	62879,
					"rttvar":	563,
					"pmtu":	1500,
					"omitted":	false
				}],
			"sum":	{
				"start":	0,
				"end":	1.0001180171966553,
				"seconds":	1.0001180171966553,
				"bytes":	15284480,
				"bits_per_second":	122261411.05100864,
				"retransmits":	0,
				"omitted":	false
			}
		}, {
			"streams":	[{
					"socket":	6,
					"start":	1.0001180171966553,
					"end":	2.0000970363616943,
					"seconds":	0.99997901916503906,
					"bytes":	13107200,
					"bits_per_second":	104859800.04615881,
					"retransmits":	0,
					"snd_cwnd":	1362568,
					"rtt":	107760,
					"rttvar":	239,
					"pmtu":	1500,
					"omitted":	false
				}],
			"sum":	{
				"start":	1.0001180171966553,
				"end":	2.0000970363616943,
				"seconds":	0.99997901916503906,
				"bytes":	13107200,
				"bits_per_second":	104859800.04615881,
				"retransmits":	0,
				"omitted":	false
			}
		}, {
			"streams":	[{
					"socket":	6,
					"start":	2.0000970363616943,
					"end":	3.000108003616333,
					"seconds":	1.0000109672546387,
					"bytes":	14417920,
					"bits_per_second":	115342095.01387343,
					"retransmits":	0,
					"snd_cwnd":	1960592,
					"rtt":	155546,
					"rttvar":	544,
					"pmtu":	1500,
					"omitted":	false
				}],
			"sum":	{
				"start":	2.0000970363616943,
				"end":	3.000108003616333,
				"seconds":	1.0000109672546387,
				"bytes":	14417920,
				"bits_per_second":	115342095.01387343,
				"retransmits":	0,
				"omitted":	false
			}
		}, {
			"streams":	[{
					"socket":	6,
					"start":	3.000108003616333,
					"end":	4.0000789165496826,
					"seconds":	0.99997091293334961,
					"bytes":	14417920,
					"bits_per_second":	115346715.09758994,
					"retransmits":	0,
					"snd_cwnd":	2558616,
					"rtt":	203183,
					"rttvar":	470,
					"pmtu":	1500,
					"omitted":	false
				}],
			"sum":	{
				"start":	3.000108003616333,
				"end":	4.0000789165496826,
				"seconds":	0.99997091293334961,
				"bytes":	14417920,
				"bits_per_second":	115346715.09758994,
				"retransmits":	0,
				"omitted":	false
			}
		}, {
			"streams":	[{
					"socket":	6,
					"start":	4.0000789165496826,
					"end":	5.0000801086425781,
					"seconds":	1.0000011920928955,
					"bytes":	13107200,
					"bits_per_second":	104857475.00014901,
					"retransmits":	0,
					"snd_cwnd":	3156640,
					"rtt":	250686,
					"rttvar":	284,
					"pmtu":	1500,
					"omitted":	false
				}],
			"sum":	{
				"start":	4.0000789165496826,
				"end":	5.0000801086425781,
				"seconds":	1.0000011920928955,
				"bytes":	13107200,
				"bits_per_second":	104857475.00014901,
				"retransmits":	0,
				"omitted":	false
			}
		}, {
			"streams":	[{
					"socket":	6,
					"start":	5.0000801086425781,
					"end":	6.0000779628753662,
					"seconds":	0.99999785423278809,
					"bytes":	11796480,
					"bits_per_second":	94372042.500434518,
					"retransmits":	0,
					"snd_cwnd":	3754664,
					"rtt":	298389,
					"rttvar":	402,
					"pmtu":	1500,
					"omitted":	false
				}],
			"sum":	{
				"start":	5.0000801086425781,
				"end":	6.0000779628753662,
				"seconds":	0.99999785423278809,
				"bytes":	11796480,
				"bits_per_second":	94372042.500434518,
				"retransmits":	0,
				"omitted":	false
			}
		}, {
			"streams":	[{
					"socket":	6,
					"start":	6.0000779628753662,
					"end":	7.0000760555267334,
					"seconds":	0.99999809265136719,
					"bytes":	11796480,
					"bits_per_second":	94372020.000343323,
					"retransmits":	0,
					"snd_cwnd":	4352688,
					"rtt":	345845,
					"rttvar":	383,
					"pmtu":	1500,
					"omitted":	false
				}],
			"sum":	{
				"start":	6.0000779628753662,
				"end":	7.0000760555267334,
				"seconds":	0.99999809265136719,
				"bytes":	11796480,
				"bits_per_second":	94372020.000343323,
				"retransmits":	0,
				"omitted":	false
			}
		}, {
			"streams":	[{
					"socket":	6,
					"start":	7.0000760555267334,
					"end":	8.0000829696655273,
					"seconds":	1.0000069141387939,
					"bytes":	11796480,
					"bits_per_second":	94371187.504511446,
					"retransmits":	0,
					"snd_cwnd":	4947816,
					"rtt":	394150,
					"rttvar":	778,
					"pmtu":	1500,
					"omitted":	false
				}],
			"sum":	{
				"start":	7.0000760555267334,
				"end":	8.0000829696655273,
				"seconds":	1.0000069141387939,
				"bytes":	11796480,
				"bits_per_second":	94371187.504511446,
				"retransmits":	0,
				"omitted":	false
			}
		}, {
			"streams":	[{
					"socket":	6,
					"start":	8.0000829696655273,
					"end":	9.0000588893890381,
					"seconds":	0.99997591972351074,
					"bytes":	11796480,
					"bits_per_second":	94374112.55472374,
					"retransmits":	0,
					"snd_cwnd":	5544392,
					"rtt":	441133,
					"rttvar":	701,
					"pmtu":	1500,
					"omitted":	false
				}],
			"sum":	{
				"start":	8.0000829696655273,
				"end":	9.0000588893890381,
				"seconds":	0.99997591972351074,
				"bytes":	11796480,
				"bits_per_second":	94374112.55472374,
				"retransmits":	0,
				"omitted":	false
			}
		}, {
			"streams":	[{
					"socket":	6,
					"start":	9.0000588893890381,
					"end":	10.000098943710327,
					"seconds":	1.0000400543212891,
					"bytes":	11796480,
					"bits_per_second":	94368060.15139927,
					"retransmits":	0,
					"snd_cwnd":	6143864,
					"rtt":	488642,
					"rttvar":	623,
					"pmtu":	1500,
					"omitted":	false
				}],
			"sum":	{
				"start":	9.0000588893890381,
				"end":	10.000098943710327,
				"seconds":	1.0000400543212891,
				"bytes":	11796480,
				"bits_per_second":	94368060.15139927,
				"retransmits":	0,
				"omitted":	false
			}
		}, {
			"streams":	[{
					"socket":	6,
					"start":	10.000098943710327,
					"end":	11.000091075897217,
					"seconds":	0.99999213218688965,
					"bytes":	11796480,
					"bits_per_second":	94372582.5058419,
					"retransmits":	0,
					"snd_cwnd":	6740440,
					"rtt":	536092,
					"rttvar":	444,
					"pmtu":	1500,
					"omitted":	false
				}],
			"sum":	{
				"start":	10.000098943710327,
				"end":	11.000091075897217,
				"seconds":	0.99999213218688965,
				"bytes":	11796480,
				"bits_per_second":	94372582.5058419,
				"retransmits":	0,
				"omitted":	false
			}
		}, {
			"streams":	[{
					"socket":	6,
					"start":	11.000091075897217,
					"end":	12.000114917755127,
					"seconds":	1.0000238418579102,
					"bytes":	11796480,
					"bits_per_second":	94369590.0536429,
					"retransmits":	0,
					"snd_cwnd":	7338464,
					"rtt":	583685,
					"rttvar":	407,
					"pmtu":	1500,
					"omitted":	false
				}],
			"sum":	{
				"start":	11.000091075897217,
				"end":	12.000114917755127,
				"seconds":	1.0000238418579102,
				"bytes":	11796480,
				"bits_per_second":	94369590.0536429,
				"retransmits":	0,
				"omitted":	false
			}
		}, {
			"streams":	[{
					"socket":	6,
					"start":	12.000114917755127,
					"end":	13.000132083892822,
					"seconds":	1.0000171661376953,
					"bytes":	11796480,
					"bits_per_second":	94370220.027808666,
					"retransmits":	0,
					"snd_cwnd":	7936488,
					"rtt":	631230,
					"rttvar":	401,
					"pmtu":	1500,