{
	"start":	{
		"connected":	[{
				"socket":	6,
				"local_host":	"192.168.33.2",
				"local_port":	59756,
				"remote_host":	"192.168.33.1",
				"remote_port":	5013
			}],
		"version":	"iperf 3.6",
		"system_info":	"Linux ba-thesis 4.19.0-23-amd64 #1 SMP Debian 4.19.269-1 (2022-12-20) x86_64",
		"timestamp":	{
			"time":	"Mon, 05 Jun 2023 17:17:15 GMT",
			"timesecs":	1685985435
		},
		"connecting_to":	{
			"host":	"h19",
			"port":	5013
		},
		"cookie":	"kw424n5ofxyqz2serwmmgxwkyxoo563a2flx",
		"tcp_mss_default":	1448,
		"sock_bufsize":	0,
		"sndbuf_actual":	87380,
		"rcvbuf_actual":	87380,
		"test_start":	{
			"protocol":	"TCP",
			"num_streams":	1,
			"blksize":	131072,
			"omit":	0,
			"duration":	0,
			"bytes":	359287986,
			"blocks":	0,
			"reverse":	0,
			"tos":	0
		}
	},
	"intervals":	[{
			"streams":	[{
					"socket":	6,
					"start":	0,
					"end":	1.0000519752502441,
					"seconds":	1.0000519752502441,
					"bytes":	15284480,
					"bits_per_second":	122269485.01291923,
					"retransmits":	0,
					"snd_cwnd":	797848,
					"rtt":	62873,
					"rttvar":	568,
					"pmtu":	1500,
					"omitted":	false
				}],
			"sum":	{
				"start":	0,
				"end":	1.0000519752502441,
				"seconds":	1.0000519752502441,
				"bytes":	15284480,
				"bits_per_second":	122269485.01291923,
				"retransmits":	0,
				"omitted":	false
			}
		}, {
			"streams":	[{
					"socket":	6,
					"start":	1.0000519752502441,
					"end":	2.0000739097595215,
					"seconds":	1.0000219345092773,
					"bytes":	14417920,
					"bits_per_second":	115340830.05549309,
					"retransmits":	0,
					"snd_cwnd":	1395872,
					"rtt":	110626,
					"rttvar":	511,
					"pmtu":	1500,
					"omitted":	false
				}],
			"sum":	{
				"start":	1.0000519752502441,
				"end":	2.0000739097595215,
				"seconds":	1.0000219345092773,
				"bytes":	14417920,
				"bits_per_second":	115340830.05549309,
				"retransmits":	0,
				"omitted":	false
			}
		}, {
			"streams":	[{
					"socket":	6,
					"start":	2.0000739097595215,
					"end":	3.000175952911377,
					"seconds":	1.0001020431518555,
					"bytes":	14417920,
					"bits_per_second":	115331591.20092535,
					"retransmits":	0,
					"snd_cwnd":	1993896,
					"rtt":	158181,
					"rttvar":	400,
					"pmtu":	1500,
					"omitted":	false
				}],
			"sum":	{
				"start":	2.0000739097595215,
				"end":	3.000175952911377,
				"seconds":	1.0001020431518555,
				"bytes":	14417920,
				"bits_per_second":	115331591.20092535,
				"retransmits":	0,
				"omitted":	false
			}
		}, {
			"streams":	[{
					"socket":	6,
					"start":	3.000175952911377,
					"end":	4.000079870223999,
					"seconds":	0.99990391731262207,
					"bytes":	14417920,
					"bits_per_second":	115354443.56493871,
					"retransmits":	0,
					"snd_cwnd":	2590472,
					"rtt":	205850,
					"rttvar":	497,
					"pmtu":	1500,
					"omitted":	false
				}],
			"sum":	{
				"start":	3.000175952911377,
				"end":	4.000079870223999,
				"seconds":	0.99990391731262207,
				"bytes":	14417920,
				"bits_per_second":	115354443.56493871,
				"retransmits":	0,
				"omitted":	false
			}
		}, {
			"streams":	[{
					"socket":	6,
					"start":	4.000079870223999,
					"end":	5.00011682510376,
					"seconds":	1.0000369548797607,
					"bytes":	11796480,
					"bits_per_second":	94368352.628875375,
					"retransmits":	0,
					"snd_cwnd":	3188496,
					"rtt":	253221,
					"rttvar":	618,
					"pmtu":	1500,
					"omitted":	false
				}],
			"sum":	{
				"start":	4.000079870223999,
				"end":	5.00011682510376,
				"seconds":	1.0000369548797607,
				"bytes":	11796480,
				"bits_per_second":	94368352.628875375,
				"retransmits":	0,
				"omitted":	false
			}
		}, {
			"streams":	[{
					"socket":	6,
					"start":	5.00011682510376,
					"end":	6.0000958442687988,
					"seconds":	0.99997901916503906,
					"bytes":	11796480,
					"bits_per_second":	94373820.041542917,
					"retransmits":	0,
					"snd_cwnd":	3785072,
					"rtt":	300882,
					"rttvar":	599,
					"pmtu":	1500,
					"omitted":	false
				}],
			"sum":	{
				"start":	5.00011682510376,
				"end":	6.0000958442687988,
				"seconds":	0.99997901916503906,
				"bytes":	11796480,
				"bits_per_second":	94373820.041542917,
				"retransmits":	0,
				"omitted":	false
			}
		}, {
			"streams":	[{
					"socket":	6,
					"start":	6.0000958442687988,
					"end":	7.0000758171081543,
					"seconds":	0.99997997283935547,
					"bytes":	11796480,
					"bits_per_second":	94373730.0378521,
					"retransmits":	0,
					"snd_cwnd":	4383096,
					"rtt":	348707,
					"rttvar":	530,
					"pmtu":	1500,
					"omitted":	false
				}],
			"sum":	{
				"start":	6.0000958442687988,
				"end":	7.0000758171081543,
				"seconds":	0.99997997283935547,
				"bytes":	11796480,
				"bits_per_second":	94373730.0378521,
				"retransmits":	0,
				"omitted":	false
			}
		}, {
			"streams":	[{
					"socket":	6,
					"start":	7.0000758171081543,
					"end":	8.0000288486480713,
					"seconds":	0.999953031539917,
					"bytes":	11796480,
					"bits_per_second":	94376272.708197474,
					"retransmits":	0,
					"snd_cwnd":	4973880,
					"rtt":	395384,
					"rttvar":	230,
					"pmtu":	1500,
					"omitted":	false
				}],
			"sum":	{
				"start":	7.0000758171081543,
				"end":	8.0000288486480713,
				"seconds":	0.999953031539917,
				"bytes":	11796480,
				"bits_per_second":	94376272.708197474,
				"retransmits":	0,
				"omitted":	false
			}
		}, {
			"streams":	[{
					"socket":	6,
					"start":	8.0000288486480713,
					"end":	9.0001339912414551,
					"seconds":	1.0001051425933838,
					"bytes":	11796480,
					"bits_per_second":	94361918.5431677,
					"retransmits":	0,
					"snd_cwnd":	5571904,
					"rtt":	443127,
					"rttvar":	459,
					"pmtu":	1500,
					"omitted":	false
				}],
			"sum":	{
				"start":	8.0000288486480713,
				"end":	9.0001339912414551,
				"seconds":	1.0001051425933838,
				"bytes":	11796480,
				"bits_per_second":	94361918.5431677,
				"retransmits":	0,
				"omitted":	false
			}
		}, {
			"streams":	[{
					"socket":	6,
					"start":	9.0001339912414551,
					"end":	10.000111818313599,
					"seconds":	0.99997782707214355,
					"bytes":	13107200,
					"bits_per_second":	104859925.0515532,
					"retransmits":	0,
					"snd_cwnd":	6169928,
					"rtt":	490593,
					"rttvar":	231,
					"pmtu":	1500,
					"omitted":	false
				}],
			"sum":	{
				"start":	9.0001339912414551,
				"end":	10.000111818313599,
				"seconds":	0.99997782707214355,
				"bytes":	13107200,
				"bits_per_second":	104859925.0515532,
				"retransmits":	0,
				"omitted":	false
			}
		}, {
			"streams":	[{
					"socket":	6,
					"start":	10.000111818313599,
					"end":	11.000120878219604,
					"seconds":	1.0000090599060059,
					"bytes":	11796480,
					"bits_per_second":	94370985.007746145,
					"retransmits":	0,
					"snd_cwnd":	6767952,
					"rtt":	538463,
					"rttvar":	314,
					"pmtu":	1500,
					"omitted":	false
				}],
			"sum":	{
				"start":	10.000111818313599,
				"end":	11.000120878219604,
				"seconds":	1.0000090599060059,
				"bytes":	11796480,
				"bits_per_second":	94370985.007746145,
				"retransmits":	0,
				"omitted":	false
			}
		}, {
			"streams":	[{
					"socket":	6,
					"start":	11.000120878219604,
					"end":	12.000105857849121,
					"seconds":	0.9999849796295166,
					"bytes":	11796480,
					"bits_per_second":	94373257.521291688,
					"retransmits":	0,
					"snd_cwnd":	7361632,
					"rtt":	585770,
					"rttvar":	667,
					"pmtu":	1500,
					"omitted":	false
				}],
			"sum":	{
				"start":	11.000120878219604,
				"end":	12.000105857849121,
				"seconds":	0.9999849796295166,
				"bytes":	11796480,
				"bits_per_second":	94373257.521291688,
				"retransmits":	0,
				"omitted":	false
			}
		}, {
			"streams":	[{
					"socket":	6,
					"start":	12.000105857849121,
					"end":	13.000118970870972,
					"seconds":	1.0000131130218506,
					"bytes":	11796480,
					"bits_per_second":	94370602.516227156,
					"retransmits":	0,
					"snd_cwnd":	7958208,
					"rtt":	633312,
					"rttvar":	383,
					"pmtu":	1500,
					"omitted":	false
				}],