{
	"start":	{
		"connected":	[{
				"socket":	6,
				"local_host":	"192.168.30.2",
				"local_port":	33316,
				"remote_host":	"192.168.30.1",
				"remote_port":	5011
			}],
		"version":	"iperf 3.6",
		"system_info":	"Linux ba-thesis 4.19.0-23-amd64 #1 SMP Debian 4.19.269-1 (2022-12-20) x86_64",
		"timestamp":	{
			"time":	"Mon, 05 Jun 2023 17:17:50 GMT",
			"timesecs":	1685985470
		},
		"connecting_to":	{
			"host":	"h13",
			"port":	5011
		},
		"cookie":	"sbgha6dx3gkcdk7eoosoown7waws7dgrxaiy",
		"tcp_mss_default":	1448,
		"sock_bufsize":	0,
		"sndbuf_actual":	87380,
		"rcvbuf_actual":	87380,
		"test_start":	{
			"protocol":	"TCP",
			"num_streams":	1,
			"blksize":	131072,
			"omit":	0,
			"duration":	0,
			"bytes":	98285918,
			"blocks":	0,
			"reverse":	0,
			"tos":	0
		}
	},
	"intervals":	[{
			"streams":	[{
					"socket":	6,
					"start":	0,
					"end":	1.0000767707824707,
					"seconds":	1.0000767707824707,
					"bytes":	15284480,
					"bits_per_second":	122266453.50869422,
					"retransmits":	0,
					"snd_cwnd":	797848,
					"rtt":	62912,
					"rttvar":	600,
					"pmtu":	1500,
					"omitted":	false
				}],
			"sum":	{
				"start":	0,
				"end":	1.0000767707824707,
				"seconds":	1.0000767707824707,
				"bytes":	15284480,
				"bits_per_second":	122266453.50869422,
				"retransmits":	0,
				"omitted":	false
			}
		}, {
			"streams":	[{
					"socket":	6,
					"start":	1.0000767707824707,
					"end":	2.000093936920166,
					"seconds":	1.0000171661376953,
					"bytes":	13107200,
					"bits_per_second":	104855800.03089851,
					"retransmits":	0,
					"snd_cwnd":	1364016,
					"rtt":	107829,
					"rttvar":	208,
					"pmtu":	1500,
					"omitted":	false
				}],
			"sum":	{
				"start":	1.0000767707824707,
				"end":	2.000093936920166,
				"seconds":	1.0000171661376953,
				"bytes":	13107200,
				"bits_per_second":	104855800.03089851,
				"retransmits":	0,
				"omitted":	false
			}
		}, {
			"streams":	[{
					"socket":	6,
					"start":	2.000093936920166,
					"end":	3.0000448226928711,
					"seconds":	0.99995088577270508,
					"bytes":	14417920,
					"bits_per_second":	115349025.27824576,
					"retransmits":	0,
					"snd_cwnd":	1962040,
					"rtt":	155543,
					"rttvar":	329,
					"pmtu":	1500,
					"omitted":	false
				}],
			"sum":	{
				"start":	2.000093936920166,
				"end":	3.0000448226928711,
				"seconds":	0.99995088577270508,
				"bytes":	14417920,
				"bits_per_second":	115349025.27824576,
				"retransmits":	0,
				"omitted":	false
			}
		}, {
			"streams":	[{
					"socket":	6,
					"start":	3.0000448226928711,
					"end":	4.0000309944152832,
					"seconds":	0.99998617172241211,
					"bytes":	14417920,
					"bits_per_second":	115344955.0220564,
					"retransmits":	0,
					"snd_cwnd":	2560064,
					"rtt":	203410,
					"rttvar":	592,
					"pmtu":	1500,
					"omitted":	false
				}],
			"sum":	{
				"start":	3.0000448226928711,
				"end":	4.0000309944152832,
				"seconds":	0.99998617172241211,
				"bytes":	14417920,
				"bits_per_second":	115344955.0220564,
				"retransmits":	0,
				"omitted":	false
			}
		}, {
			"streams":	[{
					"socket":	6,
					"start":	4.0000309944152832,
					"end":	5.0000488758087158,
					"seconds":	1.0000178813934326,
					"bytes":	13107200,
					"bits_per_second":	104855725.03352702,
					"retransmits":	0,
					"snd_cwnd":	3153744,
					"rtt":	250466,
					"rttvar":	448,
					"pmtu":	1500,
					"omitted":	false
				}],
			"sum":	{
				"start":	4.0000309944152832,
				"end":	5.0000488758087158,
				"seconds":	1.0000178813934326,
				"bytes":	13107200,
				"bits_per_second":	104855725.03352702,
				"retransmits":	0,
				"omitted":	false
			}
		}, {
			"streams":	[{
					"socket":	6,
					"start":	5.0000488758087158,
					"end":	6.0000419616699219,
					"seconds":	0.999993085861206,
					"bytes":	11796480,
					"bits_per_second":	94372492.5045115,
					"retransmits":	0,
					"snd_cwnd":	3735840,
					"rtt":	320979,
					"rttvar":	529,
					"pmtu":	1500,
					"omitted":	false
				}],
			"sum":	{
				"start":	5.0000488758087158,
				"end":	6.0000419616699219,
				"seconds":	0.999993085861206,
				"bytes":	11796480,
				"bits_per_second":	94372492.5045115,
				"retransmits":	0,
				"omitted":	false
			}
		}, {
			"streams":	[{
					"socket":	6,
					"start":	6.0000419616699219,
					"end":	7.0000228881835938,
					"seconds":	0.99998092651367188,
					"bytes":	11796480,
					"bits_per_second":	94373640.034332931,
					"retransmits":	0,
					"snd_cwnd":	4333864,
					"rtt":	344650,
					"rttvar":	697,
					"pmtu":	1500,
					"omitted":	false
				}],
			"sum":	{
				"start":	6.0000419616699219,
				"end":	7.0000228881835938,
				"seconds":	0.99998092651367188,
				"bytes":	11796480,
				"bits_per_second":	94373640.034332931,
				"retransmits":	0,
				"omitted":	false
			}
		}, {
			"streams":	[{
					"socket":	6,
					"start":	7.0000228881835938,
					"end":	7.4232299327850342,
					"seconds":	0.42320704460144043,
					"bytes":	5242880,
					"bits_per_second":	99107613.011263281,
					"retransmits":	0,
					"snd_cwnd":	4587264,
					"rtt":	364628,
					"rttvar":	664,
					"pmtu":	1500,
					"omitted":	false
				}],
			"sum":	{
				"start":	7.0000228881835938,
				"end":	7.4232299327850342,
				"seconds":	0.42320704460144043,
				"bytes":	5242880,
				"bits_per_second":	99107613.011263281,
				"retransmits":	0,
				"omitted":	false
			}
		}],
	"end":	{
		"streams":	[{
				"sender":	{
					"socket":	6,
					"start":	0,
					"end":	7.4232299327850342,
					"seconds":	7.4232299327850342,
					"bytes":	99170560,
					"bits_per_second":	106875913.47481634,
					"retransmits":	0,
					"max_snd_cwnd":	4587264,
					"max_rtt":	364628,
					"min_rtt":	62912,
					"mean_rtt":	226302
				},
				"receiver":	{
					"socket":	6,
					"start":	0,
					"end":	7.8401641845703125,
					"seconds":	7.4232299327850342,
					"bytes":	91839400,
					"bits_per_second":	93711710.967219591
				}
			}],
		"sum_sent":	{
			"start":	0,
			"end":	7.4232299327850342,
			"seconds":	7.4232299327850342,
			"bytes":	99170560,
			"bits_per_second":	106875913.47481634,
			"retransmits":	0
		},
		"sum_received":	{
			"start":	0,
			"end":	7.8401641845703125,
			"seconds":	7.8401641845703125,
			"bytes":	91839400,
			"bits_per_second":	93711710.967219591
		},
		"cpu_utilization_percent":	{
			"host_total":	0.82996264366636008,
			"host_user":	0.091168583322084079,
			"host_system":	0.73878081294768749,
			"remote_total":	0.26270165362943709,
			"remote_user":	0.015669551433465673,
			"remote_system":	0.24703210219597141
		},
		"sender_tcp_congestion":	"cubic",
		"receiver_tcp_congestion":	"cubic"
	}
}
