{
	"start":	{
		"connected":	[{
				"socket":	6,
				"local_host":	"192.168.14.2",
				"local_port":	58716,
				"remote_host":	"192.168.19.1",
				"remote_port":	5007
			}],
		"version":	"iperf 3.6",
		"system_info":	"Linux ba-thesis 4.19.0-23-amd64 #1 SMP Debian 4.19.269-1 (2022-12-20) x86_64",
		"timestamp":	{
			"time":	"Tue, 13 Jun 2023 11:07:50 GMT",
			"timesecs":	1686654470
		},
		"connecting_to":	{
			"host":	"h4",
			"port":	5007
		},
		"cookie":	"qzszsv6pnaezst7mayqfmiulnlfc2npqihnn",
		"tcp_mss_default":	1448,
		"sock_bufsize":	0,
		"sndbuf_actual":	87380,
		"rcvbuf_actual":	87380,
		"test_start":	{
			"protocol":	"TCP",
			"num_streams":	1,
			"blksize":	131072,
			"omit":	0,
			"duration":	0,
			"bytes":	140624896,
			"blocks":	0,
			"reverse":	0,
			"tos":	0
		}
	},
	"intervals":	[{
			"streams":	[{
					"socket":	6,
					"start":	0,
					"end":	1.0000979900360107,
					"seconds":	1.0000979900360107,
					"bytes":	16950192,
					"bits_per_second":	135588249.702529,
					"retransmits":	0,
					"snd_cwnd":	1398768,
					"rtt":	110540,
					"rttvar":	449,
					"pmtu":	1500,
					"omitted":	false
				}],
			"sum":	{
				"start":	0,
				"end":	1.0000979900360107,
				"seconds":	1.0000979900360107,
				"bytes":	16950192,
				"bits_per_second":	135588249.702529,
				"retransmits":	0,
				"omitted":	false
			}
		}, {
			"streams":	[{
					"socket":	6,
					"start":	1.0000979900360107,
					"end":	2.00007700920105,
					"seconds":	0.99997901916503906,
					"bytes":	14417920,
					"bits_per_second":	115345780.05077468,
					"retransmits":	0,
					"snd_cwnd":	1996792,
					"rtt":	158227,
					"rttvar":	355,
					"pmtu":	1500,
					"omitted":	false
				}],
			"sum":	{
				"start":	1.0000979900360107,
				"end":	2.00007700920105,
				"seconds":	0.99997901916503906,
				"bytes":	14417920,
				"bits_per_second":	115345780.05077468,
				"retransmits":	0,
				"omitted":	false
			}
		}, {
			"streams":	[{
					"socket":	6,
					"start":	2.00007700920105,
					"end":	3.00004506111145,
					"seconds":	0.99996805191040039,
					"bytes":	14417920,
					"bits_per_second":	115347045.11773247,
					"retransmits":	0,
					"snd_cwnd":	2594816,
					"rtt":	205937,
					"rttvar":	294,
					"pmtu":	1500,
					"omitted":	false
				}],
			"sum":	{
				"start":	2.00007700920105,
				"end":	3.00004506111145,
				"seconds":	0.99996805191040039,
				"bytes":	14417920,
				"bits_per_second":	115347045.11773247,
				"retransmits":	0,
				"omitted":	false
			}
		}, {
			"streams":	[{
					"socket":	6,
					"start":	3.00004506111145,
					"end":	4.0001049041748047,
					"seconds":	1.0000598430633545,
					"bytes":	11796480,
					"bits_per_second":	94366192.837943479,
					"retransmits":	0,
					"snd_cwnd":	3187048,
					"rtt":	253109,
					"rttvar":	309,
					"pmtu":	1500,
					"omitted":	false
				}],
			"sum":	{
				"start":	3.00004506111145,
				"end":	4.0001049041748047,
				"seconds":	1.0000598430633545,
				"bytes":	11796480,
				"bits_per_second":	94366192.837943479,
				"retransmits":	0,
				"omitted":	false
			}
		}, {
			"streams":	[{
					"socket":	6,
					"start":	4.0001049041748047,
					"end":	5.0000479221343994,
					"seconds":	0.99994301795959473,
					"bytes":	11796480,
					"bits_per_second":	94377217.806438386,
					"retransmits":	0,
					"snd_cwnd":	3785072,
					"rtt":	300654,
					"rttvar":	398,
					"pmtu":	1500,
					"omitted":	false
				}],
			"sum":	{
				"start":	4.0001049041748047,
				"end":	5.0000479221343994,
				"seconds":	0.99994301795959473,
				"bytes":	11796480,
				"bits_per_second":	94377217.806438386,
				"retransmits":	0,
				"omitted":	false
			}
		}, {
			"streams":	[{
					"socket":	6,
					"start":	5.0000479221343994,
					"end":	6.0000679492950439,
					"seconds":	1.0000200271606445,
					"bytes":	13107200,
					"bits_per_second":	104855500.04205619,
					"retransmits":	0,
					"snd_cwnd":	4383096,
					"rtt":	348464,
					"rttvar":	525,
					"pmtu":	1500,
					"omitted":	false
				}],
			"sum":	{
				"start":	5.0000479221343994,
				"end":	6.0000679492950439,
				"seconds":	1.0000200271606445,
				"bytes":	13107200,
				"bits_per_second":	104855500.04205619,
				"retransmits":	0,
				"omitted":	false
			}
		}, {
			"streams":	[{
					"socket":	6,
					"start":	6.0000679492950439,
					"end":	7.000075101852417,
					"seconds":	1.000007152557373,
					"bytes":	11796480,
					"bits_per_second":	94371165.004827946,
					"retransmits":	0,
					"snd_cwnd":	4981120,
					"rtt":	396102,
					"rttvar":	698,
					"pmtu":	1500,
					"omitted":	false
				}],
			"sum":	{
				"start":	6.0000679492950439,
				"end":	7.000075101852417,
				"seconds":	1.000007152557373,
				"bytes":	11796480,
				"bits_per_second":	94371165.004827946,
				"retransmits":	0,
				"omitted":	false
			}
		}, {
			"streams":	[{
					"socket":	6,
					"start":	7.000075101852417,
					"end":	8.0000739097595215,
					"seconds":	0.99999880790710449,
					"bytes":	11796480,
					"bits_per_second":	94371952.50013411,
					"retransmits":	0,
					"snd_cwnd":	5579144,
					"rtt":	443496,
					"rttvar":	365,
					"pmtu":	1500,
					"omitted":	false
				}],
			"sum":	{
				"start":	7.000075101852417,
				"end":	8.0000739097595215,
				"seconds":	0.99999880790710449,
				"bytes":	11796480,
				"bits_per_second":	94371952.50013411,
				"retransmits":	0,
				"omitted":	false
			}
		}, {
			"streams":	[{
					"socket":	6,
					"start":	8.0000739097595215,
					"end":	9.0000419616699219,
					"seconds":	0.99996805191040039,
					"bytes":	11796480,
					"bits_per_second":	94374855.096326575,
					"retransmits":	0,
					"snd_cwnd":	6177168,
					"rtt":	491390,
					"rttvar":	485,
					"pmtu":	1500,
					"omitted":	false
				}],
			"sum":	{
				"start":	8.0000739097595215,
				"end":	9.0000419616699219,
				"seconds":	0.99996805191040039,
				"bytes":	11796480,
				"bits_per_second":	94374855.096326575,
				"retransmits":	0,
				"omitted":	false
			}
		}, {
			"streams":	[{
					"socket":	6,
					"start":	9.0000419616699219,
					"end":	10.000056028366089,
					"seconds":	1.000014066696167,
					"bytes":	11796480,
					"bits_per_second":	94370512.518673271,
					"retransmits":	0,
					"snd_cwnd":	6773744,
					"rtt":	538919,
					"rttvar":	666,
					"pmtu":	1500,
					"omitted":	false
				}],
			"sum":	{
				"start":	9.0000419616699219,
				"end":	10.000056028366089,
				"seconds":	1.000014066696167,
				"bytes":	11796480,
				"bits_per_second":	94370512.518673271,
				"retransmits":	0,
				"omitted":	false
			}
		}, {
			"streams":	[{
					"socket":	6,
					"start":	10.000056028366089,
					"end":	10.953375101089478,
					"seconds":	0.95331907272338867,
					"bytes":	11796480,
					"bits_per_second":	98992921.363047734,
					"retransmits":	0,
					"snd_cwnd":	7342808,
					"rtt":	584073,
					"rttvar":	429,
					"pmtu":	1500,
					"omitted":	false
				}],
			"sum":	{
				"start":	10.000056028366089,
				"end":	10.953375101089478,
				"seconds":	0.95331907272338867,
				"bytes":	11796480,
				"bits_per_second":	98992921.363047734,
				"retransmits":	0,
				"omitted":	false
			}
		}],
	"end":	{
		"streams":	[{
				"sender":	{
					"socket":	6,
					"start":	0,
					"end":	10.953375101089478,
					"seconds":	10.953375101089478,
					"bytes":	141468592,
					"bits_per_second":	103324201.49543044,
					"retransmits":	0,
					"max_snd_cwnd":	7342808,
					"max_rtt":	584073,
					"min_rtt":	110540,
					"mean_rtt":	348264
				},
				"receiver":	{
					"socket":	6,
					"start":	0,
					"end":	11.588398933410645,
					"seconds":	10.953375101089478,
					"bytes":	137095192,
					"bits_per_second":	94643060.0380795
				}
			}],
		"sum_sent":	{
			"start":	0,
			"end":	10.953375101089478,
			"seconds":	10.953375101089478,
			"bytes":	141468592,
			"bits_per_second":	103324201.49543044,
			"retransmits":	0
		},
		"sum_received":	{
			"start":	0,
			"end":	11.588398933410645,
			"seconds":	11.588398933410645,
			"bytes":	137095192,
			"bits_per_second":	94643060.0380795
		},