{
	"start":	{
		"connected":	[{
				"socket":	6,
				"local_host":	"192.168.6.2",
				"local_port":	50744,
				"remote_host":	"192.168.23.1",
				"remote_port":	5001
			}],
		"version":	"iperf 3.6",
		"system_info":	"Linux ba-thesis 4.19.0-23-amd64 #1 SMP Debian 4.19.269-1 (2022-12-20) x86_64",
		"timestamp":	{
			"time":	"Sun, 11 Jun 2023 11:06:39 GMT",
			"timesecs":	1686481599
		},
		"connecting_to":	{
			"host":	"h4",
			"port":	5001
		},
		"cookie":	"4kvr4xf6xwm3zdc4m6r36pcg2rp4g272rvhg",
		"tcp_mss_default":	1448,
		"sock_bufsize":	0,
		"sndbuf_actual":	87380,
		"rcvbuf_actual":	87380,
		"test_start":	{
			"protocol":	"TCP",
			"num_streams":	1,
			"blksize":	131072,
			"omit":	0,
			"duration":	0,
			"bytes":	9513981,
			"blocks":	0,
			"reverse":	0,
			"tos":	0
		}
	},
	"intervals":	[{
			"streams":	[{
					"socket":	6,
					"start":	0,
					"end":	0.4942629337310791,
					"seconds":	0.4942629337310791,
					"bytes":	10396592,
					"bits_per_second":	168276296.529355,
					"retransmits":	0,
					"snd_cwnd":	1097584,
					"rtt":	86597,
					"rttvar":	638,
					"pmtu":	1500,
					"omitted":	false
				}],
			"sum":	{
				"start":	0,
				"end":	0.4942629337310791,
				"seconds":	0.4942629337310791,
				"bytes":	10396592,
				"bits_per_second":	168276296.529355,
				"retransmits":	0,
				"omitted":	false
			}
		}],
	"end":	{
		"streams":	[{
				"sender":	{
					"socket":	6,
					"start":	0,
					"end":	0.4942629337310791,
					"seconds":	0.4942629337310791,
					"bytes":	10396592,
					"bits_per_second":	168276296.529355,
					"retransmits":	0,
					"max_snd_cwnd":	1097584,
					"max_rtt":	86597,
					"min_rtt":	86597,
					"mean_rtt":	86597
				},
				"receiver":	{
					"socket":	6,
					"start":	0,
					"end":	0.60777688026428223,
					"seconds":	0.4942629337310791,
					"bytes":	5957072,
					"bits_per_second":	78411301.1657786
				}
			}],
		"sum_sent":	{
			"start":	0,
			"end":	0.4942629337310791,
			"seconds":	0.4942629337310791,
			"bytes":	10396592,
			"bits_per_second":	168276296.529355,
			"retransmits":	0
		},
		"sum_received":	{
			"start":	0,
			"end":	0.60777688026428223,
			"seconds":	0.60777688026428223,
			"bytes":	5957072,
			"bits_per_second":	78411301.1657786
		},
		"cpu_utilization_percent":	{
			"host_total":	4.810696937591894,
			"host_user":	0.395988536762629,
			"host_system":	4.4145967604185623,
			"remote_total":	0.018893342875755954,
			"remote_user":	0.018893342875755954,
			"remote_system":	0
		},
		"sender_tcp_congestion":	"cubic",
		"receiver_tcp_congestion":	"cubic"
	}
}
