{
	"start":	{
		"connected":	[{
				"socket":	6,
				"local_host":	"192.168.9.2",
				"local_port":	47538,
				"remote_host":	"192.168.19.1",
				"remote_port":	5005
			}],
		"version":	"iperf 3.6",
		"system_info":	"Linux ba-thesis 4.19.0-23-amd64 #1 SMP Debian 4.19.269-1 (2022-12-20) x86_64",
		"timestamp":	{
			"time":	"Tue, 13 Jun 2023 11:56:02 GMT",
			"timesecs":	1686657362
		},
		"connecting_to":	{
			"host":	"h1",
			"port":	5005
		},
		"cookie":	"t4ps3zwsosn7ow7q5lllk3uf7vwenp7pwvww",
		"tcp_mss_default":	1448,
		"sock_bufsize":	0,
		"sndbuf_actual":	87380,
		"rcvbuf_actual":	87380,
		"test_start":	{
			"protocol":	"TCP",
			"num_streams":	1,
			"blksize":	131072,
			"omit":	0,
			"duration":	0,
			"bytes":	76545024,
			"blocks":	0,
			"reverse":	0,
			"tos":	0
		}
	},
	"intervals":	[{
			"streams":	[{
					"socket":	6,
					"start":	0,
					"end":	1.0001468658447266,
					"seconds":	1.0001468658447266,
					"bytes":	1122200,
					"bits_per_second":	8976281.6908069756,
					"retransmits":	0,
					"snd_cwnd":	104256,
					"rtt":	127334,
					"rttvar":	848,
					"pmtu":	1500,
					"omitted":	false
				}],
			"sum":	{
				"start":	0,
				"end":	1.0001468658447266,
				"seconds":	1.0001468658447266,
				"bytes":	1122200,
				"bits_per_second":	8976281.6908069756,
				"retransmits":	0,
				"omitted":	false
			}
		}, {
			"streams":	[{
					"socket":	6,
					"start":	1.0001468658447266,
					"end":	2.0000708103179932,
					"seconds":	0.9999239444732666,
					"bytes":	1107720,
					"bits_per_second":	8862434.03708883,
					"retransmits":	0,
					"snd_cwnd":	141904,
					"rtt":	97735,
					"rttvar":	11348,
					"pmtu":	1500,
					"omitted":	false
				}],
			"sum":	{
				"start":	1.0001468658447266,
				"end":	2.0000708103179932,
				"seconds":	0.9999239444732666,
				"bytes":	1107720,
				"bits_per_second":	8862434.03708883,
				"retransmits":	0,
				"omitted":	false
			}
		}, {
			"streams":	[{
					"socket":	6,
					"start":	2.0000708103179932,
					"end":	3.000147819519043,
					"seconds":	1.0000770092010498,
					"bytes":	1563840,
					"bits_per_second":	12509756.633636316,
					"retransmits":	0,
					"snd_cwnd":	208512,
					"rtt":	152241,
					"rttvar":	1173,
					"pmtu":	1500,
					"omitted":	false
				}],
			"sum":	{
				"start":	2.0000708103179932,
				"end":	3.000147819519043,
				"seconds":	1.0000770092010498,
				"bytes":	1563840,
				"bits_per_second":	12509756.633636316,
				"retransmits":	0,
				"omitted":	false
			}
		}, {
			"streams":	[{
					"socket":	6,
					"start":	3.000147819519043,
					"end":	4.0002179145812988,
					"seconds":	1.0000700950622559,
					"bytes":	1498680,
					"bits_per_second":	11988599.658360587,
					"retransmits":	0,
					"snd_cwnd":	279464,
					"rtt":	194716,
					"rttvar":	991,
					"pmtu":	1500,
					"omitted":	false
				}],
			"sum":	{
				"start":	3.000147819519043,
				"end":	4.0002179145812988,
				"seconds":	1.0000700950622559,
				"bytes":	1498680,
				"bits_per_second":	11988599.658360587,
				"retransmits":	0,
				"omitted":	false
			}
		}, {
			"streams":	[{
					"socket":	6,
					"start":	4.0002179145812988,
					"end":	5.0001499652862549,
					"seconds":	0.999932050704956,
					"bytes":	1954800,
					"bits_per_second":	15639462.690464683,
					"retransmits":	0,
					"snd_cwnd":	340280,
					"rtt":	237305,
					"rttvar":	1485,
					"pmtu":	1500,
					"omitted":	false
				}],
			"sum":	{
				"start":	4.0002179145812988,
				"end":	5.0001499652862549,
				"seconds":	0.999932050704956,
				"bytes":	1954800,
				"bits_per_second":	15639462.690464683,
				"retransmits":	0,
				"omitted":	false
			}
		}, {
			"streams":	[{
					"socket":	6,
					"start":	5.0001499652862549,
					"end":	6.0001378059387207,
					"seconds":	0.99998784065246582,
					"bytes":	1629000,
					"bits_per_second":	13032158.462543866,
					"retransmits":	0,
					"snd_cwnd":	412680,
					"rtt":	291509,
					"rttvar":	284,
					"pmtu":	1500,
					"omitted":	false
				}],
			"sum":	{
				"start":	5.0001499652862549,
				"end":	6.0001378059387207,
				"seconds":	0.99998784065246582,
				"bytes":	1629000,
				"bits_per_second":	13032158.462543866,
				"retransmits":	0,
				"omitted":	false
			}
		}, {
			"streams":	[{
					"socket":	6,
					"start":	6.0001378059387207,
					"end":	7.000147819519043,
					"seconds":	1.0000100135803223,
					"bytes":	1889640,
					"bits_per_second":	15116968.625020444,
					"retransmits":	0,
					"snd_cwnd":	477840,
					"rtt":	327425,
					"rttvar":	1312,
					"pmtu":	1500,
					"omitted":	false
				}],
			"sum":	{
				"start":	6.0001378059387207,
				"end":	7.000147819519043,
				"seconds":	1.0000100135803223,
				"bytes":	1889640,
				"bits_per_second":	15116968.625020444,
				"retransmits":	0,
				"omitted":	false
			}
		}, {
			"streams":	[{
					"socket":	6,
					"start":	7.000147819519043,
					"end":	8.0000898838043213,
					"seconds":	0.99994206428527832,
					"bytes":	1042560,
					"bits_per_second":	8340963.2396667572,
					"retransmits":	0,
					"snd_cwnd":	553136,
					"rtt":	374993,
					"rttvar":	170,
					"pmtu":	1500,
					"omitted":	false
				}],
			"sum":	{
				"start":	7.000147819519043,
				"end":	8.0000898838043213,
				"seconds":	0.99994206428527832,
				"bytes":	1042560,
				"bits_per_second":	8340963.2396667572,
				"retransmits":	0,
				"omitted":	false
			}
		}, {
			"streams":	[{
					"socket":	6,
					"start":	8.0000898838043213,
					"end":	9.0003068447113037,
					"seconds":	1.0002169609069824,
					"bytes":	2345760,
					"bits_per_second":	18762009.377428662,
					"retransmits":	0,
					"snd_cwnd":	611056,
					"rtt":	416581,
					"rttvar":	6507,
					"pmtu":	1500,
					"omitted":	false
				}],
			"sum":	{
				"start":	8.0000898838043213,
				"end":	9.0003068447113037,
				"seconds":	1.0002169609069824,
				"bytes":	2345760,
				"bits_per_second":	18762009.377428662,
				"retransmits":	0,
				"omitted":	false
			}
		}, {
			"streams":	[{
					"socket":	6,
					"start":	9.0003068447113037,
					"end":	10.00007700920105,
					"seconds":	0.99977016448974609,
					"bytes":	10478240,
					"bits_per_second":	83845190.602164388,
					"retransmits":	0,
					"snd_cwnd":	1054144,
					"rtt":	83076,
					"rttvar":	291,
					"pmtu":	1500,
					"omitted":	false
				}],
			"sum":	{
				"start":	9.0003068447113037,
				"end":	10.00007700920105,
				"seconds":	0.99977016448974609,
				"bytes":	10478240,
				"bits_per_second":	83845190.602164388,
				"retransmits":	0,
				"omitted":	false
			}
		}, {
			"streams":	[{
					"socket":	6,
					"start":	10.00007700920105,
					"end":	11.000070810317993,
					"seconds":	0.99999380111694336,
					"bytes":	14417920,
					"bits_per_second":	115344075.00443223,
					"retransmits":	0,
					"snd_cwnd":	1650720,
					"rtt":	131279,
					"rttvar":	466,
					"pmtu":	1500,
					"omitted":	false
				}],
			"sum":	{
				"start":	10.00007700920105,
				"end":	11.000070810317993,
				"seconds":	0.99999380111694336,
				"bytes":	14417920,
				"bits_per_second":	115344075.00443223,
				"retransmits":	0,
				"omitted":	false
			}
		}, {
			"streams":	[{
					"socket":	6,
					"start":	11.000070810317993,
					"end":	12.000078916549683,
					"seconds":	1.0000081062316895,
					"bytes":	14417920,
					"bits_per_second":	115342425.00757927,
					"retransmits":	0,
					"snd_cwnd":	2247296,
					"rtt":	178467,
					"rttvar":	533,
					"pmtu":	1500,
					"omitted":	false
				}],
			"sum":	{
				"start":	11.000070810317993,
				"end":	12.000078916549683,
				"seconds":	1.0000081062316895,
				"bytes":	14417920,
				"bits_per_second":	115342425.00757927,
				"retransmits":	0,
				"omitted":	false
			}
		}, {
			"streams":	[{
					"socket":	6,
					"start":	12.000078916549683,
					"end":	13.000118970870972,
					"seconds":	1.0000400543212891,
					"bytes":	13107200,
					"bits_per_second":	104853400.16822141,
					"retransmits":	0,
					"snd_cwnd":	2845320,
					"rtt":	225983,
					"rttvar":	652,
					"pmtu":	1500,
					"omitted":	false
				}],