{
	"start":	{
		"connected":	[{
				"socket":	6,
				"local_host":	"192.168.29.1",
				"local_port":	60084,
				"remote_host":	"192.168.35.1",
				"remote_port":	5019
			}],
		"version":	"iperf 3.6",
		"system_info":	"Linux ba-thesis 4.19.0-23-amd64 #1 SMP Debian 4.19.269-1 (2022-12-20) x86_64",
		"timestamp":	{
			"time":	"Sun, 04 Jun 2023 19:26:18 GMT",
			"timesecs":	1685906778
		},
		"connecting_to":	{
			"host":	"h5",
			"port":	5019
		},
		"cookie":	"xfjtofbo4coh62e7pk3nccpx55wnb347exp5",
		"tcp_mss_default":	1448,
		"sock_bufsize":	0,
		"sndbuf_actual":	87380,
		"rcvbuf_actual":	87380,
		"test_start":	{
			"protocol":	"TCP",
			"num_streams":	1,
			"blksize":	131072,
			"omit":	0,
			"duration":	0,
			"bytes":	22875823,
			"blocks":	0,
			"reverse":	0,
			"tos":	0
		}
	},
	"intervals":	[{
			"streams":	[{
					"socket":	6,
					"start":	0,
					"end":	1.0000758171081543,
					"seconds":	1.0000758171081543,
					"bytes":	3333296,
					"bits_per_second":	26664346.386366162,
					"retransmits":	0,
					"snd_cwnd":	309872,
					"rtt":	120740,
					"rttvar":	277,
					"pmtu":	1500,
					"omitted":	false
				}],
			"sum":	{
				"start":	0,
				"end":	1.0000758171081543,
				"seconds":	1.0000758171081543,
				"bytes":	3333296,
				"bits_per_second":	26664346.386366162,
				"retransmits":	0,
				"omitted":	false
			}
		}, {
			"streams":	[{
					"socket":	6,
					"start":	1.0000758171081543,
					"end":	2.0000689029693604,
					"seconds":	0.999993085861206,
					"bytes":	3909600,
					"bits_per_second":	31277016.253631439,
					"retransmits":	0,
					"snd_cwnd":	441640,
					"rtt":	152846,
					"rttvar":	742,
					"pmtu":	1500,
					"omitted":	false
				}],
			"sum":	{
				"start":	1.0000758171081543,
				"end":	2.0000689029693604,
				"seconds":	0.999993085861206,
				"bytes":	3909600,
				"bits_per_second":	31277016.253631439,
				"retransmits":	0,
				"omitted":	false
			}
		}, {
			"streams":	[{
					"socket":	6,
					"start":	2.0000689029693604,
					"end":	3.0001919269561768,
					"seconds":	1.0001230239868164,
					"bytes":	3127680,
					"bits_per_second":	25018362.141345754,
					"retransmits":	0,
					"snd_cwnd":	592232,
					"rtt":	179035,
					"rttvar":	130,
					"pmtu":	1500,
					"omitted":	false
				}],
			"sum":	{
				"start":	2.0000689029693604,
				"end":	3.0001919269561768,
				"seconds":	1.0001230239868164,
				"bytes":	3127680,
				"bits_per_second":	25018362.141345754,
				"retransmits":	0,
				"omitted":	false
			}
		}, {
			"streams":	[{
					"socket":	6,
					"start":	3.0001919269561768,
					"end":	4.0002288818359375,
					"seconds":	1.0000369548797607,
					"bytes":	3859480,
					"bits_per_second":	30874699.029209726,
					"retransmits":	0,
					"snd_cwnd":	755856,
					"rtt":	214816,
					"rttvar":	267,
					"pmtu":	1500,
					"omitted":	false
				}],
			"sum":	{
				"start":	3.0001919269561768,
				"end":	4.0002288818359375,
				"seconds":	1.0000369548797607,
				"bytes":	3859480,
				"bits_per_second":	30874699.029209726,
				"retransmits":	0,
				"omitted":	false
			}
		}, {
			"streams":	[{
					"socket":	6,
					"start":	4.0002288818359375,
					"end":	5.000140905380249,
					"seconds":	0.99991202354431152,
					"bytes":	3932160,
					"bits_per_second":	31460047.743496262,
					"retransmits":	0,
					"snd_cwnd":	929616,
					"rtt":	239909,
					"rttvar":	1568,
					"pmtu":	1500,
					"omitted":	false
				}],
			"sum":	{
				"start":	4.0002288818359375,
				"end":	5.000140905380249,
				"seconds":	0.99991202354431152,
				"bytes":	3932160,
				"bits_per_second":	31460047.743496262,
				"retransmits":	0,
				"omitted":	false
			}
		}, {
			"streams":	[{
					"socket":	6,
					"start":	5.000140905380249,
					"end":	5.98329496383667,
					"seconds":	0.9831540584564209,
					"bytes":	5242880,
					"bits_per_second":	42661716.787144974,
					"retransmits":	0,
					"snd_cwnd":	1106272,
					"rtt":	271101,
					"rttvar":	616,
					"pmtu":	1500,
					"omitted":	false
				}],
			"sum":	{
				"start":	5.000140905380249,
				"end":	5.98329496383667,
				"seconds":	0.9831540584564209,
				"bytes":	5242880,
				"bits_per_second":	42661716.787144974,
				"retransmits":	0,
				"omitted":	false
			}
		}],
	"end":	{
		"streams":	[{
				"sender":	{
					"socket":	6,
					"start":	0,
					"end":	5.98329496383667,
					"seconds":	5.98329496383667,
					"bytes":	23405096,
					"bits_per_second":	31293922.350760315,
					"retransmits":	0,
					"max_snd_cwnd":	1106272,
					"max_rtt":	271101,
					"min_rtt":	120740,
					"mean_rtt":	196407
				},
				"receiver":	{
					"socket":	6,
					"start":	0,
					"end":	6.2917060852050781,
					"seconds":	5.98329496383667,
					"bytes":	19254056,
					"bits_per_second":	24481825.10658066
				}
			}],
		"sum_sent":	{
			"start":	0,
			"end":	5.98329496383667,
			"seconds":	5.98329496383667,
			"bytes":	23405096,
			"bits_per_second":	31293922.350760315,
			"retransmits":	0
		},
		"sum_received":	{
			"start":	0,
			"end":	6.2917060852050781,
			"seconds":	6.2917060852050781,
			"bytes":	19254056,
			"bits_per_second":	24481825.10658066
		},
		"cpu_utilization_percent":	{
			"host_total":	0.76260605980297513,
			"host_user":	0.14566305778657437,
			"host_system":	0.61692684236943085,
			"remote_total":	1.1995713426970267,
			"remote_user":	0.093889638392912644,
			"remote_system":	1.1056970507634787
		},
		"sender_tcp_congestion":	"cubic",
		"receiver_tcp_congestion":	"cubic"
	}
}
