{
	"start":	{
		"connected":	[{
				"socket":	6,
				"local_host":	"192.168.12.2",
				"local_port":	57118,
				"remote_host":	"192.168.12.1",
				"remote_port":	5008
			}],
		"version":	"iperf 3.6",
		"system_info":	"Linux ba-thesis 4.19.0-23-amd64 #1 SMP Debian 4.19.269-1 (2022-12-20) x86_64",
		"timestamp":	{
			"time":	"Sat, 10 Jun 2023 22:11:05 GMT",
			"timesecs":	1686435065
		},
		"connecting_to":	{
			"host":	"h4",
			"port":	5008
		},
		"cookie":	"lex6ff3esmda6gucgbwsxxoztylfxqk52fwy",
		"tcp_mss_default":	1448,
		"sock_bufsize":	0,
		"sndbuf_actual":	87380,
		"rcvbuf_actual":	87380,
		"test_start":	{
			"protocol":	"TCP",
			"num_streams":	1,
			"blksize":	131072,
			"omit":	0,
			"duration":	0,
			"bytes":	66387538,
			"blocks":	0,
			"reverse":	0,
			"tos":	0
		}
	},
	"intervals":	[{
			"streams":	[{
					"socket":	6,
					"start":	0,
					"end":	1.0001699924468994,
					"seconds":	1.0001699924468994,
					"bytes":	2138696,
					"bits_per_second":	17106659.99700883,
					"retransmits":	0,
					"snd_cwnd":	238920,
					"rtt":	157129,
					"rttvar":	1847,
					"pmtu":	1500,
					"omitted":	false
				}],
			"sum":	{
				"start":	0,
				"end":	1.0001699924468994,
				"seconds":	1.0001699924468994,
				"bytes":	2138696,
				"bits_per_second":	17106659.99700883,
				"retransmits":	0,
				"omitted":	false
			}
		}, {
			"streams":	[{
					"socket":	6,
					"start":	1.0001699924468994,
					"end":	2.0001888275146484,
					"seconds":	1.000018835067749,
					"bytes":	1694160,
					"bits_per_second":	13553024.727861047,
					"retransmits":	0,
					"snd_cwnd":	304080,
					"rtt":	222289,
					"rttvar":	1901,
					"pmtu":	1500,
					"omitted":	false
				}],
			"sum":	{
				"start":	1.0001699924468994,
				"end":	2.0001888275146484,
				"seconds":	1.000018835067749,
				"bytes":	1694160,
				"bits_per_second":	13553024.727861047,
				"retransmits":	0,
				"omitted":	false
			}
		}, {
			"streams":	[{
					"socket":	6,
					"start":	2.0001888275146484,
					"end":	3.0003538131713867,
					"seconds":	1.0001649856567383,
					"bytes":	1368360,
					"bits_per_second":	10945074.219741806,
					"retransmits":	0,
					"snd_cwnd":	369240,
					"rtt":	270560,
					"rttvar":	1589,
					"pmtu":	1500,
					"omitted":	false
				}],
			"sum":	{
				"start":	2.0001888275146484,
				"end":	3.0003538131713867,
				"seconds":	1.0001649856567383,
				"bytes":	1368360,
				"bits_per_second":	10945074.219741806,
				"retransmits":	0,
				"omitted":	false
			}
		}, {
			"streams":	[{
					"socket":	6,
					"start":	3.0003538131713867,
					"end":	4.0003728866577148,
					"seconds":	1.0000190734863281,
					"bytes":	1629000,
					"bits_per_second":	13031751.439067096,
					"retransmits":	0,
					"snd_cwnd":	435848,
					"rtt":	311062,
					"rttvar":	1802,
					"pmtu":	1500,
					"omitted":	false
				}],
			"sum":	{
				"start":	3.0003538131713867,
				"end":	4.0003728866577148,
				"seconds":	1.0000190734863281,
				"bytes":	1629000,
				"bits_per_second":	13031751.439067096,
				"retransmits":	0,
				"omitted":	false
			}
		}, {
			"streams":	[{
					"socket":	6,
					"start":	4.0003728866577148,
					"end":	5.00006890296936,
					"seconds":	0.99969601631164551,
					"bytes":	1889640,
					"bits_per_second":	15121716.755233508,
					"retransmits":	0,
					"snd_cwnd":	447432,
					"rtt":	505207,
					"rttvar":	1924,
					"pmtu":	1500,
					"omitted":	false
				}],
			"sum":	{
				"start":	4.0003728866577148,
				"end":	5.00006890296936,
				"seconds":	0.99969601631164551,
				"bytes":	1889640,
				"bits_per_second":	15121716.755233508,
				"retransmits":	0,
				"omitted":	false
			}
		}, {
			"streams":	[{
					"socket":	6,
					"start":	5.00006890296936,
					"end":	6.000269889831543,
					"seconds":	1.0002009868621826,
					"bytes":	977400,
					"bits_per_second":	7817628.7593259541,
					"retransmits":	0,
					"snd_cwnd":	373584,
					"rtt":	264839,
					"rttvar":	596,
					"pmtu":	1500,
					"omitted":	false
				}],
			"sum":	{
				"start":	5.00006890296936,
				"end":	6.000269889831543,
				"seconds":	1.0002009868621826,
				"bytes":	977400,
				"bits_per_second":	7817628.7593259541,
				"retransmits":	0,
				"omitted":	false
			}
		}, {
			"streams":	[{
					"socket":	6,
					"start":	6.000269889831543,
					"end":	7.0004229545593262,
					"seconds":	1.0001530647277832,
					"bytes":	977400,
					"bits_per_second":	7818003.3394470392,
					"retransmits":	0,
					"snd_cwnd":	421368,
					"rtt":	295051,
					"rttvar":	627,
					"pmtu":	1500,
					"omitted":	false
				}],
			"sum":	{
				"start":	6.000269889831543,
				"end":	7.0004229545593262,
				"seconds":	1.0001530647277832,
				"bytes":	977400,
				"bits_per_second":	7818003.3394470392,
				"retransmits":	0,
				"omitted":	false
			}
		}, {
			"streams":	[{
					"socket":	6,
					"start":	7.0004229545593262,
					"end":	8.0000560283660889,
					"seconds":	0.9996330738067627,
					"bytes":	1954800,
					"bits_per_second":	15644140.244826505,
					"retransmits":	0,
					"snd_cwnd":	451776,
					"rtt":	341634,
					"rttvar":	231,
					"pmtu":	1500,
					"omitted":	false
				}],
			"sum":	{
				"start":	7.0004229545593262,
				"end":	8.0000560283660889,
				"seconds":	0.9996330738067627,
				"bytes":	1954800,
				"bits_per_second":	15644140.244826505,
				"retransmits":	0,
				"omitted":	false
			}
		}, {
			"streams":	[{
					"socket":	6,
					"start":	8.0000560283660889,
					"end":	9.0002968311309814,
					"seconds":	1.0002408027648926,
					"bytes":	977400,
					"bits_per_second":	7817317.568315506,
					"retransmits":	0,
					"snd_cwnd":	473496,
					"rtt":	16309,
					"rttvar":	1145,
					"pmtu":	1500,
					"omitted":	false
				}],
			"sum":	{
				"start":	8.0000560283660889,
				"end":	9.0002968311309814,
				"seconds":	1.0002408027648926,
				"bytes":	977400,
				"bits_per_second":	7817317.568315506,
				"retransmits":	0,
				"omitted":	false
			}
		}, {
			"streams":	[{
					"socket":	6,
					"start":	9.0002968311309814,
					"end":	10.00006890296936,
					"seconds":	0.99977207183837891,
					"bytes":	10751400,
					"bits_per_second":	86030808.8441026,
					"retransmits":	0,
					"snd_cwnd":	482184,
					"rtt":	75317,
					"rttvar":	806,
					"pmtu":	1500,
					"omitted":	false
				}],
			"sum":	{
				"start":	9.0002968311309814,
				"end":	10.00006890296936,
				"seconds":	0.99977207183837891,
				"bytes":	10751400,
				"bits_per_second":	86030808.8441026,
				"retransmits":	0,
				"omitted":	false
			}
		}, {
			"streams":	[{
					"socket":	6,
					"start":	10.00006890296936,
					"end":	11.000072956085205,
					"seconds":	1.0000040531158447,
					"bytes":	5864400,
					"bits_per_second":	46915009.848030232,
					"retransmits":	0,
					"snd_cwnd":	483632,
					"rtt":	40221,
					"rttvar":	101,
					"pmtu":	1500,
					"omitted":	false
				}],
			"sum":	{
				"start":	10.00006890296936,
				"end":	11.000072956085205,
				"seconds":	1.0000040531158447,
				"bytes":	5864400,
				"bits_per_second":	46915009.848030232,
				"retransmits":	0,
				"omitted":	false
			}
		}, {
			"streams":	[{
					"socket":	6,
					"start":	11.000072956085205,
					"end":	12.00007700920105,
					"seconds":	1.0000040531158447,
					"bytes":	11728800,
					"bits_per_second":	93830019.696060464,
					"retransmits":	0,
					"snd_cwnd":	483632,
					"rtt":	40384,
					"rttvar":	81,
					"pmtu":	1500,
					"omitted":	false
				}],
			"sum":	{
				"start":	11.000072956085205,
				"end":	12.00007700920105,
				"seconds":	1.0000040531158447,
				"bytes":	11728800,
				"bits_per_second":	93830019.696060464,
				"retransmits":	0,
				"omitted":	false
			}
		}, {
			"streams":	[{
					"socket":	6,
					"start":	12.00007700920105,
					"end":	13.000062942504883,
					"seconds":	0.999985933303833,
					"bytes":	11793960,
					"bits_per_second":	94353007.235085219,
					"retransmits":	0,
					"snd_cwnd":	485080,
					"rtt":	39773,
					"rttvar":	1046,
					"pmtu":	1500,
					"omitted":	false
				}],
			"sum":	{
				"start":	12.00007700920105,