{
	"start":	{
		"connected":	[{
				"socket":	6,
				"local_host":	"192.168.2.2",
				"local_port":	40338,
				"remote_host":	"192.168.25.1",
				"remote_port":	5000
			}],
		"version":	"iperf 3.6",
		"system_info":	"Linux ba-thesis 4.19.0-23-amd64 #1 SMP Debian 4.19.269-1 (2022-12-20) x86_64",
		"timestamp":	{
			"time":	"Mon, 12 Jun 2023 05:07:54 GMT",
			"timesecs":	1686546474
		},
		"connecting_to":	{
			"host":	"h6",
			"port":	5000
		},
		"cookie":	"tl6v2z7jqslyvzz735aotajleserouokp5z7",
		"tcp_mss_default":	1448,
		"sock_bufsize":	0,
		"sndbuf_actual":	87380,
		"rcvbuf_actual":	87380,
		"test_start":	{
			"protocol":	"TCP",
			"num_streams":	1,
			"blksize":	131072,
			"omit":	0,
			"duration":	0,
			"bytes":	16430380,
			"blocks":	0,
			"reverse":	0,
			"tos":	0
		}
	},
	"intervals":	[{
			"streams":	[{
					"socket":	6,
					"start":	0,
					"end":	1.0001678466796875,
					"seconds":	1.0001678466796875,
					"bytes":	362000,
					"bits_per_second":	2895513.997589516,
					"retransmits":	0,
					"snd_cwnd":	68056,
					"rtt":	265839,
					"rttvar":	4063,
					"pmtu":	1500,
					"omitted":	false
				}],
			"sum":	{
				"start":	0,
				"end":	1.0001678466796875,
				"seconds":	1.0001678466796875,
				"bytes":	362000,
				"bits_per_second":	2895513.997589516,
				"retransmits":	0,
				"omitted":	false
			}
		}, {
			"streams":	[{
					"socket":	6,
					"start":	1.0001678466796875,
					"end":	2.0001368522644043,
					"seconds":	0.9999690055847168,
					"bytes":	369240,
					"bits_per_second":	2954011.5578609756,
					"retransmits":	0,
					"snd_cwnd":	78192,
					"rtt":	310773,
					"rttvar":	2158,
					"pmtu":	1500,
					"omitted":	false
				}],
			"sum":	{
				"start":	1.0001678466796875,
				"end":	2.0001368522644043,
				"seconds":	0.9999690055847168,
				"bytes":	369240,
				"bits_per_second":	2954011.5578609756,
				"retransmits":	0,
				"omitted":	false
			}
		}, {
			"streams":	[{
					"socket":	6,
					"start":	2.0001368522644043,
					"end":	3.0003230571746826,
					"seconds":	1.0001862049102783,
					"bytes":	195480,
					"bits_per_second":	1563548.8595248964,
					"retransmits":	0,
					"snd_cwnd":	91224,
					"rtt":	359578,
					"rttvar":	1797,
					"pmtu":	1500,
					"omitted":	false
				}],
			"sum":	{
				"start":	2.0001368522644043,
				"end":	3.0003230571746826,
				"seconds":	1.0001862049102783,
				"bytes":	195480,
				"bits_per_second":	1563548.8595248964,
				"retransmits":	0,
				"omitted":	false
			}
		}, {
			"streams":	[{
					"socket":	6,
					"start":	3.0003230571746826,
					"end":	4.0007128715515137,
					"seconds":	1.0003898143768311,
					"bytes":	195480,
					"bits_per_second":	1563230.6302260351,
					"retransmits":	0,
					"snd_cwnd":	99912,
					"rtt":	403015,
					"rttvar":	13378,
					"pmtu":	1500,
					"omitted":	false
				}],
			"sum":	{
				"start":	3.0003230571746826,
				"end":	4.0007128715515137,
				"seconds":	1.0003898143768311,
				"bytes":	195480,
				"bits_per_second":	1563230.6302260351,
				"retransmits":	0,
				"omitted":	false
			}
		}, {
			"streams":	[{
					"socket":	6,
					"start":	4.0007128715515137,
					"end":	5.0000710487365723,
					"seconds":	0.99935817718505859,
					"bytes":	2541240,
					"bits_per_second":	20342976.586497031,
					"retransmits":	0,
					"snd_cwnd":	195480,
					"rtt":	49937,
					"rttvar":	624,
					"pmtu":	1500,
					"omitted":	false
				}],
			"sum":	{
				"start":	4.0007128715515137,
				"end":	5.0000710487365723,
				"seconds":	0.99935817718505859,
				"bytes":	2541240,
				"bits_per_second":	20342976.586497031,
				"retransmits":	0,
				"omitted":	false
			}
		}, {
			"streams":	[{
					"socket":	6,
					"start":	5.0000710487365723,
					"end":	6.0002000331878662,
					"seconds":	1.0001289844512939,
					"bytes":	3974760,
					"bits_per_second":	31793979.07105507,
					"retransmits":	0,
					"snd_cwnd":	375032,
					"rtt":	96738,
					"rttvar":	863,
					"pmtu":	1500,
					"omitted":	false
				}],
			"sum":	{
				"start":	5.0000710487365723,
				"end":	6.0002000331878662,
				"seconds":	1.0001289844512939,
				"bytes":	3974760,
				"bits_per_second":	31793979.07105507,
				"retransmits":	0,
				"omitted":	false
			}
		}, {
			"streams":	[{
					"socket":	6,
					"start":	6.0002000331878662,
					"end":	7.0001988410949707,
					"seconds":	0.99999880790710449,
					"bytes":	4561200,
					"bits_per_second":	36489643.499044776,
					"retransmits":	0,
					"snd_cwnd":	557480,
					"rtt":	144817,
					"rttvar":	599,
					"pmtu":	1500,
					"omitted":	false
				}],
			"sum":	{
				"start":	6.0002000331878662,
				"end":	7.0001988410949707,
				"seconds":	0.99999880790710449,
				"bytes":	4561200,
				"bits_per_second":	36489643.499044776,
				"retransmits":	0,
				"omitted":	false
			}
		}, {
			"streams":	[{
					"socket":	6,
					"start":	7.0001988410949707,
					"end":	7.88244891166687,
					"seconds":	0.88225007057189941,
					"bytes":	5032360,
					"bits_per_second":	45632050.756202325,
					"retransmits":	0,
					"snd_cwnd":	726896,
					"rtt":	187312,
					"rttvar":	367,
					"pmtu":	1500,
					"omitted":	false
				}],
			"sum":	{
				"start":	7.0001988410949707,
				"end":	7.88244891166687,
				"seconds":	0.88225007057189941,
				"bytes":	5032360,
				"bits_per_second":	45632050.756202325,
				"retransmits":	0,
				"omitted":	false
			}
		}],
	"end":	{
		"streams":	[{
				"sender":	{
					"socket":	6,
					"start":	0,
					"end":	7.88244891166687,
					"seconds":	7.88244891166687,
					"bytes":	17231760,
					"bits_per_second":	17488737.516073357,
					"retransmits":	0,
					"max_snd_cwnd":	726896,
					"max_rtt":	403015,
					"min_rtt":	49937,
					"mean_rtt":	227251
				},
				"receiver":	{
					"socket":	6,
					"start":	0,
					"end":	8.1026360988616943,
					"seconds":	7.88244891166687,
					"bytes":	13989128,
					"bits_per_second":	13811927.702852434
				}
			}],
		"sum_sent":	{
			"start":	0,
			"end":	7.88244891166687,
			"seconds":	7.88244891166687,
			"bytes":	17231760,
			"bits_per_second":	17488737.516073357,
			"retransmits":	0
		},
		"sum_received":	{
			"start":	0,
			"end":	8.1026360988616943,
			"seconds":	8.1026360988616943,
			"bytes":	13989128,
			"bits_per_second":	13811927.702852434
		},
		"cpu_utilization_percent":	{
			"host_total":	5.0425787612695556,
			"host_user":	0.37942269090421848,
			"host_system":	4.663279306837417,
			"remote_total":	0.27968562661889246,
			"remote_user":	0.080070578746221768,
			"remote_system":	0.1996150478726707
		},
		"sender_tcp_congestion":	"cubic",
		"receiver_tcp_congestion":	"cubic"
	}
}
