{
	"start":	{
		"connected":	[{
				"socket":	6,
				"local_host":	"192.168.3.2",
				"local_port":	39354,
				"remote_host":	"192.168.3.1",
				"remote_port":	5001
			}],
		"version":	"iperf 3.6",
		"system_info":	"Linux ba-thesis 4.19.0-23-amd64 #1 SMP Debian 4.19.269-1 (2022-12-20) x86_64",
		"timestamp":	{
			"time":	"Mon, 12 Jun 2023 16:21:30 GMT",
			"timesecs":	1686586890
		},
		"connecting_to":	{
			"host":	"h0",
			"port":	5001
		},
		"cookie":	"ao6tjkkp52dne5apbmshmbjbfxpu5sredipe",
		"tcp_mss_default":	1448,
		"sock_bufsize":	0,
		"sndbuf_actual":	87380,
		"rcvbuf_actual":	87380,
		"test_start":	{
			"protocol":	"TCP",
			"num_streams":	1,
			"blksize":	131072,
			"omit":	0,
			"duration":	0,
			"bytes":	245165056,
			"blocks":	0,
			"reverse":	0,
			"tos":	0
		}
	},
	"intervals":	[{
			"streams":	[{
					"socket":	6,
					"start":	0,
					"end":	1.0000710487365723,
					"seconds":	1.0000710487365723,
					"bytes":	15284480,
					"bits_per_second":	122267153.07324986,
					"retransmits":	0,
					"snd_cwnd":	790608,
					"rtt":	61988,
					"rttvar":	368,
					"pmtu":	1500,
					"omitted":	false
				}],
			"sum":	{
				"start":	0,
				"end":	1.0000710487365723,
				"seconds":	1.0000710487365723,
				"bytes":	15284480,
				"bits_per_second":	122267153.07324986,
				"retransmits":	0,
				"omitted":	false
			}
		}, {
			"streams":	[{
					"socket":	6,
					"start":	1.0000710487365723,
					"end":	2.0000529289245605,
					"seconds":	0.99998188018798828,
					"bytes":	14417920,
					"bits_per_second":	115345450.03787109,
					"retransmits":	0,
					"snd_cwnd":	1388632,
					"rtt":	109780,
					"rttvar":	455,
					"pmtu":	1500,
					"omitted":	false
				}],
			"sum":	{
				"start":	1.0000710487365723,
				"end":	2.0000529289245605,
				"seconds":	0.99998188018798828,
				"bytes":	14417920,
				"bits_per_second":	115345450.03787109,
				"retransmits":	0,
				"omitted":	false
			}
		}, {
			"streams":	[{
					"socket":	6,
					"start":	2.0000529289245605,
					"end":	3.0000720024108887,
					"seconds":	1.0000190734863281,
					"bytes":	10485760,
					"bits_per_second":	83884480.030517,
					"retransmits":	0,
					"snd_cwnd":	1846200,
					"rtt":	378440,
					"rttvar":	405,
					"pmtu":	1500,
					"omitted":	false
				}],
			"sum":	{
				"start":	2.0000529289245605,
				"end":	3.0000720024108887,
				"seconds":	1.0000190734863281,
				"bytes":	10485760,
				"bits_per_second":	83884480.030517,
				"retransmits":	0,
				"omitted":	false
			}
		}, {
			"streams":	[{
					"socket":	6,
					"start":	3.0000720024108887,
					"end":	4.0000741481781006,
					"seconds":	1.0000021457672119,
					"bytes":	14417920,
					"bits_per_second":	115343112.50053108,
					"retransmits":	0,
					"snd_cwnd":	2444224,
					"rtt":	193859,
					"rttvar":	278,
					"pmtu":	1500,
					"omitted":	false
				}],
			"sum":	{
				"start":	3.0000720024108887,
				"end":	4.0000741481781006,
				"seconds":	1.0000021457672119,
				"bytes":	14417920,
				"bits_per_second":	115343112.50053108,
				"retransmits":	0,
				"omitted":	false
			}
		}, {
			"streams":	[{
					"socket":	6,
					"start":	4.0000741481781006,
					"end":	5.0000839233398438,
					"seconds":	1.0000097751617432,
					"bytes":	13107200,
					"bits_per_second":	104856575.01001944,
					"retransmits":	0,
					"snd_cwnd":	3042248,
					"rtt":	241615,
					"rttvar":	373,
					"pmtu":	1500,
					"omitted":	false
				}],
			"sum":	{
				"start":	4.0000741481781006,
				"end":	5.0000839233398438,
				"seconds":	1.0000097751617432,
				"bytes":	13107200,
				"bits_per_second":	104856575.01001944,
				"retransmits":	0,
				"omitted":	false
			}
		}, {
			"streams":	[{
					"socket":	6,
					"start":	5.0000839233398438,
					"end":	6.0000801086425781,
					"seconds":	0.99999618530273438,
					"bytes":	11796480,
					"bits_per_second":	94372200.001373291,
					"retransmits":	0,
					"snd_cwnd":	3620000,
					"rtt":	287644,
					"rttvar":	320,
					"pmtu":	1500,
					"omitted":	false
				}],
			"sum":	{
				"start":	5.0000839233398438,
				"end":	6.0000801086425781,
				"seconds":	0.99999618530273438,
				"bytes":	11796480,
				"bits_per_second":	94372200.001373291,
				"retransmits":	0,
				"omitted":	false
			}
		}, {
			"streams":	[{
					"socket":	6,
					"start":	6.0000801086425781,
					"end":	7.0000779628753662,
					"seconds":	0.99999785423278809,
					"bytes":	11796480,
					"bits_per_second":	94372042.500434518,
					"retransmits":	0,
					"snd_cwnd":	4218024,
					"rtt":	335338,
					"rttvar":	524,
					"pmtu":	1500,
					"omitted":	false
				}],
			"sum":	{
				"start":	6.0000801086425781,
				"end":	7.0000779628753662,
				"seconds":	0.99999785423278809,
				"bytes":	11796480,
				"bits_per_second":	94372042.500434518,
				"retransmits":	0,
				"omitted":	false
			}
		}, {
			"streams":	[{
					"socket":	6,
					"start":	7.0000779628753662,
					"end":	8.0000870227813721,
					"seconds":	1.0000090599060059,
					"bytes":	11796480,
					"bits_per_second":	94370985.007746145,
					"retransmits":	0,
					"snd_cwnd":	4816048,
					"rtt":	383024,
					"rttvar":	459,
					"pmtu":	1500,
					"omitted":	false
				}],
			"sum":	{
				"start":	7.0000779628753662,
				"end":	8.0000870227813721,
				"seconds":	1.0000090599060059,
				"bytes":	11796480,
				"bits_per_second":	94370985.007746145,
				"retransmits":	0,
				"omitted":	false
			}
		}, {
			"streams":	[{
					"socket":	6,
					"start":	8.0000870227813721,
					"end":	9.0000920295715332,
					"seconds":	1.0000050067901611,
					"bytes":	11796480,
					"bits_per_second":	94371367.5023657,
					"retransmits":	0,
					"snd_cwnd":	5414072,
					"rtt":	430455,
					"rttvar":	233,
					"pmtu":	1500,
					"omitted":	false
				}],
			"sum":	{
				"start":	8.0000870227813721,
				"end":	9.0000920295715332,
				"seconds":	1.0000050067901611,
				"bytes":	11796480,
				"bits_per_second":	94371367.5023657,
				"retransmits":	0,
				"omitted":	false
			}
		}, {
			"streams":	[{
					"socket":	6,
					"start":	9.0000920295715332,
					"end":	10.000105142593384,
					"seconds":	1.0000131130218506,
					"bytes":	11796480,
					"bits_per_second":	94370602.516227156,
					"retransmits":	0,
					"snd_cwnd":	6012096,
					"rtt":	478238,
					"rttvar":	457,
					"pmtu":	1500,
					"omitted":	false
				}],
			"sum":	{
				"start":	9.0000920295715332,
				"end":	10.000105142593384,
				"seconds":	1.0000131130218506,
				"bytes":	11796480,
				"bits_per_second":	94370602.516227156,
				"retransmits":	0,
				"omitted":	false
			}
		}, {
			"streams":	[{
					"socket":	6,
					"start":	10.000105142593384,
					"end":	11.000103950500488,
					"seconds":	0.99999880790710449,
					"bytes":	11796480,
					"bits_per_second":	94371952.50013411,
					"retransmits":	0,
					"snd_cwnd":	6601432,
					"rtt":	538113,
					"rttvar":	373,
					"pmtu":	1500,
					"omitted":	false
				}],
			"sum":	{
				"start":	10.000105142593384,
				"end":	11.000103950500488,
				"seconds":	0.99999880790710449,
				"bytes":	11796480,
				"bits_per_second":	94371952.50013411,
				"retransmits":	0,
				"omitted":	false
			}
		}, {
			"streams":	[{
					"socket":	6,
					"start":	11.000103950500488,
					"end":	12.000071048736572,
					"seconds":	0.999967098236084,
					"bytes":	11796480,
					"bits_per_second":	94374945.102163345,
					"retransmits":	0,
					"snd_cwnd":	7199456,
					"rtt":	572648,
					"rttvar":	177,
					"pmtu":	1500,
					"omitted":	false
				}],
			"sum":	{
				"start":	11.000103950500488,
				"end":	12.000071048736572,
				"seconds":	0.999967098236084,
				"bytes":	11796480,
				"bits_per_second":	94374945.102163345,
				"retransmits":	0,
				"omitted":	false
			}
		}, {
			"streams":	[{
					"socket":	6,
					"start":	12.000071048736572,
					"end":	13.000132083892822,
					"seconds":	1.00006103515625,
					"bytes":	11796480,
					"bits_per_second":	94366080.351541042,
					"retransmits":	0,
					"snd_cwnd":	7797480,
					"rtt":	620165,
					"rttvar":	247,
					"pmtu":	1500,