{
	"start":	{
		"connected":	[{
				"socket":	6,
				"local_host":	"192.168.17.2",
				"local_port":	39696,
				"remote_host":	"192.168.17.1",
				"remote_port":	5007
			}],
		"version":	"iperf 3.6",
		"system_info":	"Linux ba-thesis 4.19.0-23-amd64 #1 SMP Debian 4.19.269-1 (2022-12-20) x86_64",
		"timestamp":	{
			"time":	"Mon, 12 Jun 2023 16:20:56 GMT",
			"timesecs":	1686586856
		},
		"connecting_to":	{
			"host":	"h5",
			"port":	5007
		},
		"cookie":	"m4gzodnnr2cpqegs6n3xkzfxac2u6qipwf4g",
		"tcp_mss_default":	1448,
		"sock_bufsize":	0,
		"sndbuf_actual":	87380,
		"rcvbuf_actual":	87380,
		"test_start":	{
			"protocol":	"TCP",
			"num_streams":	1,
			"blksize":	131072,
			"omit":	0,
			"duration":	0,
			"bytes":	94798848,
			"blocks":	0,
			"reverse":	0,
			"tos":	0
		}
	},
	"intervals":	[{
			"streams":	[{
					"socket":	6,
					"start":	0,
					"end":	1.0000748634338379,
					"seconds":	1.0000748634338379,
					"bytes":	15284480,
					"bits_per_second":	122266686.69598995,
					"retransmits":	0,
					"snd_cwnd":	796400,
					"rtt":	62630,
					"rttvar":	567,
					"pmtu":	1500,
					"omitted":	false
				}],
			"sum":	{
				"start":	0,
				"end":	1.0000748634338379,
				"seconds":	1.0000748634338379,
				"bytes":	15284480,
				"bits_per_second":	122266686.69598995,
				"retransmits":	0,
				"omitted":	false
			}
		}, {
			"streams":	[{
					"socket":	6,
					"start":	1.0000748634338379,
					"end":	2.0000708103179932,
					"seconds":	0.99999594688415527,
					"bytes":	14417920,
					"bits_per_second":	115343827.50189485,
					"retransmits":	0,
					"snd_cwnd":	1392976,
					"rtt":	110311,
					"rttvar":	537,
					"pmtu":	1500,
					"omitted":	false
				}],
			"sum":	{
				"start":	1.0000748634338379,
				"end":	2.0000708103179932,
				"seconds":	0.99999594688415527,
				"bytes":	14417920,
				"bits_per_second":	115343827.50189485,
				"retransmits":	0,
				"omitted":	false
			}
		}, {
			"streams":	[{
					"socket":	6,
					"start":	2.0000708103179932,
					"end":	3.0001938343048096,
					"seconds":	1.0001230239868164,
					"bytes":	14417920,
					"bits_per_second":	115329171.74549563,
					"retransmits":	0,
					"snd_cwnd":	1988104,
					"rtt":	158268,
					"rttvar":	606,
					"pmtu":	1500,
					"omitted":	false
				}],
			"sum":	{
				"start":	2.0000708103179932,
				"end":	3.0001938343048096,
				"seconds":	1.0001230239868164,
				"bytes":	14417920,
				"bits_per_second":	115329171.74549563,
				"retransmits":	0,
				"omitted":	false
			}
		}, {
			"streams":	[{
					"socket":	6,
					"start":	3.0001938343048096,
					"end":	4.0001440048217773,
					"seconds":	0.99995017051696777,
					"bytes":	13107200,
					"bits_per_second":	104862825.26037203,
					"retransmits":	0,
					"snd_cwnd":	2583232,
					"rtt":	205590,
					"rttvar":	371,
					"pmtu":	1500,
					"omitted":	false
				}],
			"sum":	{
				"start":	3.0001938343048096,
				"end":	4.0001440048217773,
				"seconds":	0.99995017051696777,
				"bytes":	13107200,
				"bits_per_second":	104862825.26037203,
				"retransmits":	0,
				"omitted":	false
			}
		}, {
			"streams":	[{
					"socket":	6,
					"start":	4.0001440048217773,
					"end":	5.0001058578491211,
					"seconds":	0.99996185302734375,
					"bytes":	13107200,
					"bits_per_second":	104861600.15259372,
					"retransmits":	0,
					"snd_cwnd":	3179808,
					"rtt":	253508,
					"rttvar":	551,
					"pmtu":	1500,
					"omitted":	false
				}],
			"sum":	{
				"start":	4.0001440048217773,
				"end":	5.0001058578491211,
				"seconds":	0.99996185302734375,
				"bytes":	13107200,
				"bits_per_second":	104861600.15259372,
				"retransmits":	0,
				"omitted":	false
			}
		}, {
			"streams":	[{
					"socket":	6,
					"start":	5.0001058578491211,
					"end":	6.0000998973846436,
					"seconds":	0.99999403953552246,
					"bytes":	11796480,
					"bits_per_second":	94372402.503352776,
					"retransmits":	0,
					"snd_cwnd":	3773488,
					"rtt":	301052,
					"rttvar":	580,
					"pmtu":	1500,
					"omitted":	false
				}],
			"sum":	{
				"start":	5.0001058578491211,
				"end":	6.0000998973846436,
				"seconds":	0.99999403953552246,
				"bytes":	11796480,
				"bits_per_second":	94372402.503352776,
				"retransmits":	0,
				"omitted":	false
			}
		}, {
			"streams":	[{
					"socket":	6,
					"start":	6.0000998973846436,
					"end":	7.0000889301300049,
					"seconds":	0.99998903274536133,
					"bytes":	11796480,
					"bits_per_second":	94372875.011351228,
					"retransmits":	0,
					"snd_cwnd":	4370064,
					"rtt":	348410,
					"rttvar":	597,
					"pmtu":	1500,
					"omitted":	false
				}],
			"sum":	{
				"start":	6.0000998973846436,
				"end":	7.0000889301300049,
				"seconds":	0.99998903274536133,
				"bytes":	11796480,
				"bits_per_second":	94372875.011351228,
				"retransmits":	0,
				"omitted":	false
			}
		}, {
			"streams":	[{
					"socket":	6,
					"start":	7.0000889301300049,
					"end":	7.0325338840484619,
					"seconds":	0.032444953918457031,
					"bytes":	1310720,
					"bits_per_second":	323186157.89541751,
					"retransmits":	0,
					"snd_cwnd":	4388888,
					"rtt":	350092,
					"rttvar":	732,
					"pmtu":	1500,
					"omitted":	false
				}],
			"sum":	{
				"start":	7.0000889301300049,
				"end":	7.0325338840484619,
				"seconds":	0.032444953918457031,
				"bytes":	1310720,
				"bits_per_second":	323186157.89541751,
				"retransmits":	0,
				"omitted":	false
			}
		}],
	"end":	{
		"streams":	[{
				"sender":	{
					"socket":	6,
					"start":	0,
					"end":	7.0325338840484619,
					"seconds":	7.0325338840484619,
					"bytes":	95238400,
					"bits_per_second":	108340352.50483404,
					"retransmits":	0,
					"max_snd_cwnd":	4388888,
					"max_rtt":	350092,
					"min_rtt":	62630,
					"mean_rtt":	223732
				},
				"receiver":	{
					"socket":	6,
					"start":	0,
					"end":	7.4304380416870117,
					"seconds":	7.0325338840484619,
					"bytes":	87692328,
					"bits_per_second":	94414167.787168875
				}
			}],
		"sum_sent":	{
			"start":	0,
			"end":	7.0325338840484619,
			"seconds":	7.0325338840484619,
			"bytes":	95238400,
			"bits_per_second":	108340352.50483404,
			"retransmits":	0
		},
		"sum_received":	{
			"start":	0,
			"end":	7.4304380416870117,
			"seconds":	7.4304380416870117,
			"bytes":	87692328,
			"bits_per_second":	94414167.787168875
		},
		"cpu_utilization_percent":	{
			"host_total":	0.79348486567860022,
			"host_user":	0.0645235764704304,
			"host_system":	0.72896128920816972,
			"remote_total":	1.1566981818973179,
			"remote_user":	0.1037562303168035,
			"remote_system":	1.0529419515805143
		},
		"sender_tcp_congestion":	"cubic",
		"receiver_tcp_congestion":	"cubic"
	}
}
