{
	"start":	{
		"connected":	[{
				"socket":	6,
				"local_host":	"192.168.30.1",
				"local_port":	38676,
				"remote_host":	"192.168.30.2",
				"remote_port":	5011
			}],
		"version":	"iperf 3.6",
		"system_info":	"Linux ba-thesis 4.19.0-23-amd64 #1 SMP Debian 4.19.269-1 (2022-12-20) x86_64",
		"timestamp":	{
			"time":	"Mon, 05 Jun 2023 10:52:14 GMT",
			"timesecs":	1685962334
		},
		"connecting_to":	{
			"host":	"h13",
			"port":	5011
		},
		"cookie":	"4svohv2dfpmwvhvwz6lcszklepflgij3kn2t",
		"tcp_mss_default":	1448,
		"sock_bufsize":	0,
		"sndbuf_actual":	87380,
		"rcvbuf_actual":	87380,
		"test_start":	{
			"protocol":	"TCP",
			"num_streams":	1,
			"blksize":	131072,
			"omit":	0,
			"duration":	0,
			"bytes":	98285918,
			"blocks":	0,
			"reverse":	0,
			"tos":	0
		}
	},
	"intervals":	[{
			"streams":	[{
					"socket":	6,
					"start":	0,
					"end":	1.000032901763916,
					"seconds":	1.000032901763916,
					"bytes":	15132440,
					"bits_per_second":	121055537.05929895,
					"retransmits":	0,
					"snd_cwnd":	802192,
					"rtt":	62906,
					"rttvar":	184,
					"pmtu":	1500,
					"omitted":	false
				}],
			"sum":	{
				"start":	0,
				"end":	1.000032901763916,
				"seconds":	1.000032901763916,
				"bytes":	15132440,
				"bits_per_second":	121055537.05929895,
				"retransmits":	0,
				"omitted":	false
			}
		}, {
			"streams":	[{
					"socket":	6,
					"start":	1.000032901763916,
					"end":	2.0000419616699219,
					"seconds":	1.0000090599060059,
					"bytes":	14417920,
					"bits_per_second":	115342315.00946751,
					"retransmits":	0,
					"snd_cwnd":	1398768,
					"rtt":	110706,
					"rttvar":	708,
					"pmtu":	1500,
					"omitted":	false
				}],
			"sum":	{
				"start":	1.000032901763916,
				"end":	2.0000419616699219,
				"seconds":	1.0000090599060059,
				"bytes":	14417920,
				"bits_per_second":	115342315.00946751,
				"retransmits":	0,
				"omitted":	false
			}
		}, {
			"streams":	[{
					"socket":	6,
					"start":	2.0000419616699219,
					"end":	3.0000150203704834,
					"seconds":	0.99997305870056152,
					"bytes":	14417920,
					"bits_per_second":	115346467.58372234,
					"retransmits":	0,
					"snd_cwnd":	1993896,
					"rtt":	158182,
					"rttvar":	315,
					"pmtu":	1500,
					"omitted":	false
				}],
			"sum":	{
				"start":	2.0000419616699219,
				"end":	3.0000150203704834,
				"seconds":	0.99997305870056152,
				"bytes":	14417920,
				"bits_per_second":	115346467.58372234,
				"retransmits":	0,
				"omitted":	false
			}
		}, {
			"streams":	[{
					"socket":	6,
					"start":	3.0000150203704834,
					"end":	4.0000851154327393,
					"seconds":	1.0000700950622559,
					"bytes":	13107200,
					"bits_per_second":	104850250.5151626,
					"retransmits":	0,
					"snd_cwnd":	2581784,
					"rtt":	204896,
					"rttvar":	431,
					"pmtu":	1500,
					"omitted":	false
				}],
			"sum":	{
				"start":	3.0000150203704834,
				"end":	4.0000851154327393,
				"seconds":	1.0000700950622559,
				"bytes":	13107200,
				"bits_per_second":	104850250.5151626,
				"retransmits":	0,
				"omitted":	false
			}
		}, {
			"streams":	[{
					"socket":	6,
					"start":	4.0000851154327393,
					"end":	5.0000879764556885,
					"seconds":	1.0000028610229492,
					"bytes":	13107200,
					"bits_per_second":	104857300.00085831,
					"retransmits":	0,
					"snd_cwnd":	3178360,
					"rtt":	252485,
					"rttvar":	468,
					"pmtu":	1500,
					"omitted":	false
				}],
			"sum":	{
				"start":	4.0000851154327393,
				"end":	5.0000879764556885,
				"seconds":	1.0000028610229492,
				"bytes":	13107200,
				"bits_per_second":	104857300.00085831,
				"retransmits":	0,
				"omitted":	false
			}
		}, {
			"streams":	[{
					"socket":	6,
					"start":	5.0000879764556885,
					"end":	6.000075101852417,
					"seconds":	0.99998712539672852,
					"bytes":	11796480,
					"bits_per_second":	94373055.015642852,
					"retransmits":	0,
					"snd_cwnd":	3776384,
					"rtt":	300069,
					"rttvar":	319,
					"pmtu":	1500,
					"omitted":	false
				}],
			"sum":	{
				"start":	5.0000879764556885,
				"end":	6.000075101852417,
				"seconds":	0.99998712539672852,
				"bytes":	11796480,
				"bits_per_second":	94373055.015642852,
				"retransmits":	0,
				"omitted":	false
			}
		}, {
			"streams":	[{
					"socket":	6,
					"start":	6.000075101852417,
					"end":	7.0000829696655273,
					"seconds":	1.0000078678131104,
					"bytes":	11796480,
					"bits_per_second":	94371097.5058418,
					"retransmits":	0,
					"snd_cwnd":	4374408,
					"rtt":	347770,
					"rttvar":	404,
					"pmtu":	1500,
					"omitted":	false
				}],
			"sum":	{
				"start":	6.000075101852417,
				"end":	7.0000829696655273,
				"seconds":	1.0000078678131104,
				"bytes":	11796480,
				"bits_per_second":	94371097.5058418,
				"retransmits":	0,
				"omitted":	false
			}
		}, {
			"streams":	[{
					"socket":	6,
					"start":	7.0000829696655273,
					"end":	7.3821959495544434,
					"seconds":	0.382112979888916,
					"bytes":	5242880,
					"bits_per_second":	109766069.74249671,
					"retransmits":	0,
					"snd_cwnd":	4598848,
					"rtt":	372761,
					"rttvar":	207,
					"pmtu":	1500,
					"omitted":	false
				}],
			"sum":	{
				"start":	7.0000829696655273,
				"end":	7.3821959495544434,
				"seconds":	0.382112979888916,
				"bytes":	5242880,
				"bits_per_second":	109766069.74249671,
				"retransmits":	0,
				"omitted":	false
			}
		}],
	"end":	{
		"streams":	[{
				"sender":	{
					"socket":	6,
					"start":	0,
					"end":	7.3821959495544434,
					"seconds":	7.3821959495544434,
					"bytes":	99018520,
					"bits_per_second":	107305219.93903597,
					"retransmits":	0,
					"max_snd_cwnd":	4598848,
					"max_rtt":	372761,
					"min_rtt":	62906,
					"mean_rtt":	226221
				},
				"receiver":	{
					"socket":	6,
					"start":	0,
					"end":	7.7977569103240967,
					"seconds":	7.3821959495544434,
					"bytes":	91698944,
					"bits_per_second":	94077253.296872765
				}
			}],
		"sum_sent":	{
			"start":	0,
			"end":	7.3821959495544434,
			"seconds":	7.3821959495544434,
			"bytes":	99018520,
			"bits_per_second":	107305219.93903597,
			"retransmits":	0
		},
		"sum_received":	{
			"start":	0,
			"end":	7.7977569103240967,
			"seconds":	7.7977569103240967,
			"bytes":	91698944,
			"bits_per_second":	94077253.296872765
		},
		"cpu_utilization_percent":	{
			"host_total":	0.78442632288253189,
			"host_user":	0.17048864930114443,
			"host_system":	0.6139376735813874,
			"remote_total":	1.4316892484721546,
			"remote_user":	0.21358366314371793,
			"remote_system":	1.2181055853284364
		},
		"sender_tcp_congestion":	"cubic",
		"receiver_tcp_congestion":	"cubic"
	}
}
