{
	"start":	{
		"connected":	[{
				"socket":	6,
				"local_host":	"192.168.7.1",
				"local_port":	36436,
				"remote_host":	"192.168.7.2",
				"remote_port":	5008
			}],
		"version":	"iperf 3.6",
		"system_info":	"Linux ba-thesis 4.19.0-23-amd64 #1 SMP Debian 4.19.269-1 (2022-12-20) x86_64",
		"timestamp":	{
			"time":	"Mon, 05 Jun 2023 10:53:01 GMT",
			"timesecs":	1685962381
		},
		"connecting_to":	{
			"host":	"h1",
			"port":	5008
		},
		"cookie":	"leobpifdjgjuj23owbj6oosps466ha664u7n",
		"tcp_mss_default":	1448,
		"sock_bufsize":	0,
		"sndbuf_actual":	87380,
		"rcvbuf_actual":	87380,
		"test_start":	{
			"protocol":	"TCP",
			"num_streams":	1,
			"blksize":	131072,
			"omit":	0,
			"duration":	0,
			"bytes":	179798829,
			"blocks":	0,
			"reverse":	0,
			"tos":	0
		}
	},
	"intervals":	[{
			"streams":	[{
					"socket":	6,
					"start":	0,
					"end":	1.0001180171966553,
					"seconds":	1.0001180171966553,
					"bytes":	14763200,
					"bits_per_second":	118091663.15296634,
					"retransmits":	0,
					"snd_cwnd":	818120,
					"rtt":	64208,
					"rttvar":	263,
					"pmtu":	1500,
					"omitted":	false
				}],
			"sum":	{
				"start":	0,
				"end":	1.0001180171966553,
				"seconds":	1.0001180171966553,
				"bytes":	14763200,
				"bits_per_second":	118091663.15296634,
				"retransmits":	0,
				"omitted":	false
			}
		}, {
			"streams":	[{
					"socket":	6,
					"start":	1.0001180171966553,
					"end":	2.0001139640808105,
					"seconds":	0.99999594688415527,
					"bytes":	14417920,
					"bits_per_second":	115343827.50189485,
					"retransmits":	0,
					"snd_cwnd":	1416144,
					"rtt":	111981,
					"rttvar":	369,
					"pmtu":	1500,
					"omitted":	false
				}],
			"sum":	{
				"start":	1.0001180171966553,
				"end":	2.0001139640808105,
				"seconds":	0.99999594688415527,
				"bytes":	14417920,
				"bits_per_second":	115343827.50189485,
				"retransmits":	0,
				"omitted":	false
			}
		}, {
			"streams":	[{
					"socket":	6,
					"start":	2.0001139640808105,
					"end":	3.000114917755127,
					"seconds":	1.0000009536743164,
					"bytes":	14417920,
					"bits_per_second":	115343250.0001049,
					"retransmits":	0,
					"snd_cwnd":	2014168,
					"rtt":	159570,
					"rttvar":	531,
					"pmtu":	1500,
					"omitted":	false
				}],
			"sum":	{
				"start":	2.0001139640808105,
				"end":	3.000114917755127,
				"seconds":	1.0000009536743164,
				"bytes":	14417920,
				"bits_per_second":	115343250.0001049,
				"retransmits":	0,
				"omitted":	false
			}
		}, {
			"streams":	[{
					"socket":	6,
					"start":	3.000114917755127,
					"end":	4.0000958442687988,
					"seconds":	0.99998092651367188,
					"bytes":	14417920,
					"bits_per_second":	115345560.04196247,
					"retransmits":	0,
					"snd_cwnd":	2612192,
					"rtt":	207363,
					"rttvar":	569,
					"pmtu":	1500,
					"omitted":	false
				}],
			"sum":	{
				"start":	3.000114917755127,
				"end":	4.0000958442687988,
				"seconds":	0.99998092651367188,
				"bytes":	14417920,
				"bits_per_second":	115345560.04196247,
				"retransmits":	0,
				"omitted":	false
			}
		}, {
			"streams":	[{
					"socket":	6,
					"start":	4.0000958442687988,
					"end":	5.0000889301300049,
					"seconds":	0.999993085861206,
					"bytes":	13107200,
					"bits_per_second":	104858325.00501278,
					"retransmits":	0,
					"snd_cwnd":	3210216,
					"rtt":	254915,
					"rttvar":	247,
					"pmtu":	1500,
					"omitted":	false
				}],
			"sum":	{
				"start":	4.0000958442687988,
				"end":	5.0000889301300049,
				"seconds":	0.999993085861206,
				"bytes":	13107200,
				"bits_per_second":	104858325.00501278,
				"retransmits":	0,
				"omitted":	false
			}
		}, {
			"streams":	[{
					"socket":	6,
					"start":	5.0000889301300049,
					"end":	6.000086784362793,
					"seconds":	0.99999785423278809,
					"bytes":	11796480,
					"bits_per_second":	94372042.500434518,
					"retransmits":	0,
					"snd_cwnd":	3808240,
					"rtt":	302551,
					"rttvar":	441,
					"pmtu":	1500,
					"omitted":	false
				}],
			"sum":	{
				"start":	5.0000889301300049,
				"end":	6.000086784362793,
				"seconds":	0.99999785423278809,
				"bytes":	11796480,
				"bits_per_second":	94372042.500434518,
				"retransmits":	0,
				"omitted":	false
			}
		}, {
			"streams":	[{
					"socket":	6,
					"start":	6.000086784362793,
					"end":	7.0000278949737549,
					"seconds":	0.99994111061096191,
					"bytes":	11796480,
					"bits_per_second":	94377397.827297047,
					"retransmits":	0,
					"snd_cwnd":	4403368,
					"rtt":	350041,
					"rttvar":	646,
					"pmtu":	1500,
					"omitted":	false
				}],
			"sum":	{
				"start":	6.000086784362793,
				"end":	7.0000278949737549,
				"seconds":	0.99994111061096191,
				"bytes":	11796480,
				"bits_per_second":	94377397.827297047,
				"retransmits":	0,
				"omitted":	false
			}
		}, {
			"streams":	[{
					"socket":	6,
					"start":	7.0000278949737549,
					"end":	8.0000348091125488,
					"seconds":	1.0000069141387939,
					"bytes":	11796480,
					"bits_per_second":	94371187.504511446,
					"retransmits":	0,
					"snd_cwnd":	4999944,
					"rtt":	397513,
					"rttvar":	515,
					"pmtu":	1500,
					"omitted":	false
				}],
			"sum":	{
				"start":	7.0000278949737549,
				"end":	8.0000348091125488,
				"seconds":	1.0000069141387939,
				"bytes":	11796480,
				"bits_per_second":	94371187.504511446,
				"retransmits":	0,
				"omitted":	false
			}
		}, {
			"streams":	[{
					"socket":	6,
					"start":	8.0000348091125488,
					"end":	9.0000789165496826,
					"seconds":	1.0000441074371338,
					"bytes":	11796480,
					"bits_per_second":	94367677.683589116,
					"retransmits":	0,
					"snd_cwnd":	5597968,
					"rtt":	445163,
					"rttvar":	518,
					"pmtu":	1500,
					"omitted":	false
				}],
			"sum":	{
				"start":	8.0000348091125488,
				"end":	9.0000789165496826,
				"seconds":	1.0000441074371338,
				"bytes":	11796480,
				"bits_per_second":	94367677.683589116,
				"retransmits":	0,
				"omitted":	false
			}
		}, {
			"streams":	[{
					"socket":	6,
					"start":	9.0000789165496826,
					"end":	10.000103950500488,
					"seconds":	1.0000250339508057,
					"bytes":	11796480,
					"bits_per_second":	94369477.559141234,
					"retransmits":	0,
					"snd_cwnd":	6195992,
					"rtt":	492896,
					"rttvar":	590,
					"pmtu":	1500,
					"omitted":	false
				}],
			"sum":	{
				"start":	9.0000789165496826,
				"end":	10.000103950500488,
				"seconds":	1.0000250339508057,
				"bytes":	11796480,
				"bits_per_second":	94369477.559141234,
				"retransmits":	0,
				"omitted":	false
			}
		}, {
			"streams":	[{
					"socket":	6,
					"start":	10.000103950500488,
					"end":	11.000104904174805,
					"seconds":	1.0000009536743164,
					"bytes":	11796480,
					"bits_per_second":	94371750.000085831,
					"retransmits":	0,
					"snd_cwnd":	6794016,
					"rtt":	540458,
					"rttvar":	484,
					"pmtu":	1500,
					"omitted":	false
				}],
			"sum":	{
				"start":	10.000103950500488,
				"end":	11.000104904174805,
				"seconds":	1.0000009536743164,
				"bytes":	11796480,
				"bits_per_second":	94371750.000085831,
				"retransmits":	0,
				"omitted":	false
			}
		}, {
			"streams":	[{
					"socket":	6,
					"start":	11.000104904174805,
					"end":	12.000111818313599,
					"seconds":	1.0000069141387939,
					"bytes":	11796480,
					"bits_per_second":	94371187.504511446,
					"retransmits":	0,
					"snd_cwnd":	7392040,
					"rtt":	588071,
					"rttvar":	673,
					"pmtu":	1500,
					"omitted":	false
				}],
			"sum":	{
				"start":	11.000104904174805,
				"end":	12.000111818313599,
				"seconds":	1.0000069141387939,
				"bytes":	11796480,
				"bits_per_second":	94371187.504511446,
				"retransmits":	0,
				"omitted":	false
			}
		}, {
			"streams":	[{
					"socket":	6,
					"start":	12.000111818313599,
					"end":	13.000090837478638,
					"seconds":	0.99997901916503906,
					"bytes":	11796480,
					"bits_per_second":	94373820.041542917,
					"retransmits":	0,
					"snd_cwnd":	7988616,
					"rtt":	635441,
					"rttvar":	279,
					"pmtu":	1500,