{
	"start":	{
		"connected":	[{
				"socket":	6,
				"local_host":	"192.168.5.2",
				"local_port":	38678,
				"remote_host":	"192.168.5.1",
				"remote_port":	5008
			}],
		"version":	"iperf 3.6",
		"system_info":	"Linux ba-thesis 4.19.0-23-amd64 #1 SMP Debian 4.19.269-1 (2022-12-20) x86_64",
		"timestamp":	{
			"time":	"Mon, 12 Jun 2023 12:51:05 GMT",
			"timesecs":	1686574265
		},
		"connecting_to":	{
			"host":	"h1",
			"port":	5008
		},
		"cookie":	"5l5rqj67wb4vehkh7eg2kvzjk6aqu3coqkue",
		"tcp_mss_default":	1448,
		"sock_bufsize":	0,
		"sndbuf_actual":	87380,
		"rcvbuf_actual":	87380,
		"test_start":	{
			"protocol":	"TCP",
			"num_streams":	1,
			"blksize":	131072,
			"omit":	0,
			"duration":	0,
			"bytes":	73016320,
			"blocks":	0,
			"reverse":	0,
			"tos":	0
		}
	},
	"intervals":	[{
			"streams":	[{
					"socket":	6,
					"start":	0,
					"end":	1.0000901222229004,
					"seconds":	1.0000901222229004,
					"bytes":	12663040,
					"bits_per_second":	101295191.05221325,
					"retransmits":	0,
					"snd_cwnd":	713864,
					"rtt":	82470,
					"rttvar":	2866,
					"pmtu":	1500,
					"omitted":	false
				}],
			"sum":	{
				"start":	0,
				"end":	1.0000901222229004,
				"seconds":	1.0000901222229004,
				"bytes":	12663040,
				"bits_per_second":	101295191.05221325,
				"retransmits":	0,
				"omitted":	false
			}
		}, {
			"streams":	[{
					"socket":	6,
					"start":	1.0000901222229004,
					"end":	2.0000720024108887,
					"seconds":	0.99998188018798828,
					"bytes":	10485760,
					"bits_per_second":	83887600.0275426,
					"retransmits":	0,
					"snd_cwnd":	1132336,
					"rtt":	138246,
					"rttvar":	2021,
					"pmtu":	1500,
					"omitted":	false
				}],
			"sum":	{
				"start":	1.0000901222229004,
				"end":	2.0000720024108887,
				"seconds":	0.99998188018798828,
				"bytes":	10485760,
				"bits_per_second":	83887600.0275426,
				"retransmits":	0,
				"omitted":	false
			}
		}, {
			"streams":	[{
					"socket":	6,
					"start":	2.0000720024108887,
					"end":	3.0000760555267334,
					"seconds":	1.0000040531158447,
					"bytes":	9175040,
					"bits_per_second":	73400022.5012058,
					"retransmits":	0,
					"snd_cwnd":	1520400,
					"rtt":	183181,
					"rttvar":	1238,
					"pmtu":	1500,
					"omitted":	false
				}],
			"sum":	{
				"start":	2.0000720024108887,
				"end":	3.0000760555267334,
				"seconds":	1.0000040531158447,
				"bytes":	9175040,
				"bits_per_second":	73400022.5012058,
				"retransmits":	0,
				"omitted":	false
			}
		}, {
			"streams":	[{
					"socket":	6,
					"start":	3.0000760555267334,
					"end":	4.0000901222229,
					"seconds":	1.000014066696167,
					"bytes":	9175040,
					"bits_per_second":	73399287.514523655,
					"retransmits":	0,
					"snd_cwnd":	1901224,
					"rtt":	242316,
					"rttvar":	1473,
					"pmtu":	1500,
					"omitted":	false
				}],
			"sum":	{
				"start":	3.0000760555267334,
				"end":	4.0000901222229,
				"seconds":	1.000014066696167,
				"bytes":	9175040,
				"bits_per_second":	73399287.514523655,
				"retransmits":	0,
				"omitted":	false
			}
		}, {
			"streams":	[{
					"socket":	6,
					"start":	4.0000901222229,
					"end":	5.0003111362457275,
					"seconds":	1.0002210140228271,
					"bytes":	9175040,
					"bits_per_second":	73384101.084607735,
					"retransmits":	0,
					"snd_cwnd":	2274808,
					"rtt":	293016,
					"rttvar":	525,
					"pmtu":	1500,
					"omitted":	false
				}],
			"sum":	{
				"start":	4.0000901222229,
				"end":	5.0003111362457275,
				"seconds":	1.0002210140228271,
				"bytes":	9175040,
				"bits_per_second":	73384101.084607735,
				"retransmits":	0,
				"omitted":	false
			}
		}, {
			"streams":	[{
					"socket":	6,
					"start":	5.0003111362457275,
					"end":	6.0001370906829834,
					"seconds":	0.99982595443725586,
					"bytes":	7864320,
					"bits_per_second":	62925511.906130664,
					"retransmits":	0,
					"snd_cwnd":	2633912,
					"rtt":	351329,
					"rttvar":	381,
					"pmtu":	1500,
					"omitted":	false
				}],
			"sum":	{
				"start":	5.0003111362457275,
				"end":	6.0001370906829834,
				"seconds":	0.99982595443725586,
				"bytes":	7864320,
				"bits_per_second":	62925511.906130664,
				"retransmits":	0,
				"omitted":	false
			}
		}, {
			"streams":	[{
					"socket":	6,
					"start":	6.0001370906829834,
					"end":	7.0000331401824951,
					"seconds":	0.99989604949951172,
					"bytes":	6553600,
					"bits_per_second":	52434250.566589125,
					"retransmits":	0,
					"snd_cwnd":	2575992,
					"rtt":	497580,
					"rttvar":	1879,
					"pmtu":	1500,
					"omitted":	false
				}],
			"sum":	{
				"start":	6.0001370906829834,
				"end":	7.0000331401824951,
				"seconds":	0.99989604949951172,
				"bytes":	6553600,
				"bits_per_second":	52434250.566589125,
				"retransmits":	0,
				"omitted":	false
			}
		}, {
			"streams":	[{
					"socket":	6,
					"start":	7.0000331401824951,
					"end":	8.0002830028533936,
					"seconds":	1.0002498626708984,
					"bytes":	3932160,
					"bits_per_second":	31449421.963430006,
					"retransmits":	0,
					"snd_cwnd":	2073536,
					"rtt":	428379,
					"rttvar":	1053,
					"pmtu":	1500,
					"omitted":	false
				}],
			"sum":	{
				"start":	7.0000331401824951,
				"end":	8.0002830028533936,
				"seconds":	1.0002498626708984,
				"bytes":	3932160,
				"bits_per_second":	31449421.963430006,
				"retransmits":	0,
				"omitted":	false
			}
		}, {
			"streams":	[{
					"socket":	6,
					"start":	8.0002830028533936,
					"end":	8.6822171211242676,
					"seconds":	0.681934118270874,
					"bytes":	5242880,
					"bits_per_second":	61506000.17836272,
					"retransmits":	0,
					"snd_cwnd":	2205304,
					"rtt":	376446,
					"rttvar":	523,
					"pmtu":	1500,
					"omitted":	false
				}],
			"sum":	{
				"start":	8.0002830028533936,
				"end":	8.6822171211242676,
				"seconds":	0.681934118270874,
				"bytes":	5242880,
				"bits_per_second":	61506000.17836272,
				"retransmits":	0,
				"omitted":	false
			}
		}],
	"end":	{
		"streams":	[{
				"sender":	{
					"socket":	6,
					"start":	0,
					"end":	8.6822171211242676,
					"seconds":	8.6822171211242676,
					"bytes":	74266880,
					"bits_per_second":	68431258.019848391,
					"retransmits":	0,
					"max_snd_cwnd":	2633912,
					"max_rtt":	497580,
					"min_rtt":	82470,
					"mean_rtt":	288107
				},
				"receiver":	{
					"socket":	6,
					"start":	0,
					"end":	9.1041679382324219,
					"seconds":	8.6822171211242676,
					"bytes":	64658992,
					"bits_per_second":	56817046.819594212
				}
			}],
		"sum_sent":	{
			"start":	0,
			"end":	8.6822171211242676,
			"seconds":	8.6822171211242676,
			"bytes":	74266880,
			"bits_per_second":	68431258.019848391,
			"retransmits":	0
		},
		"sum_received":	{
			"start":	0,
			"end":	9.1041679382324219,
			"seconds":	9.1041679382324219,
			"bytes":	64658992,
			"bits_per_second":	56817046.819594212
		},
		"cpu_utilization_percent":	{
			"host_total":	0.668065976410144,
			"host_user":	0.046571770583122153,
			"host_system":	0.6214715045008784,
			"remote_total":	0.45984407429631924,
			"remote_user":	0.024485127657537933,
			"remote_system":	0.43535894663878127
		},
		"sender_tcp_congestion":	"cubic",
		"receiver_tcp_congestion":	"cubic"
	}
}
