{
	"start":	{
		"connected":	[{
				"socket":	6,
				"local_host":	"192.168.3.2",
				"local_port":	45160,
				"remote_host":	"192.168.3.1",
				"remote_port":	5000
			}],
		"version":	"iperf 3.6",
		"system_info":	"Linux ba-thesis 4.19.0-23-amd64 #1 SMP Debian 4.19.269-1 (2022-12-20) x86_64",
		"timestamp":	{
			"time":	"Sun, 11 Jun 2023 07:52:23 GMT",
			"timesecs":	1686469943
		},
		"connecting_to":	{
			"host":	"h4",
			"port":	5000
		},
		"cookie":	"q7wdb2l5lndtfapq2n77s5znj5nvvmaozbw2",
		"tcp_mss_default":	1448,
		"sock_bufsize":	0,
		"sndbuf_actual":	87380,
		"rcvbuf_actual":	87380,
		"test_start":	{
			"protocol":	"TCP",
			"num_streams":	1,
			"blksize":	131072,
			"omit":	0,
			"duration":	0,
			"bytes":	20095402,
			"blocks":	0,
			"reverse":	0,
			"tos":	0
		}
	},
	"intervals":	[{
			"streams":	[{
					"socket":	6,
					"start":	0,
					"end":	1.0001208782196045,
					"seconds":	1.0001208782196045,
					"bytes":	14516480,
					"bits_per_second":	116117803.88660181,
					"retransmits":	0,
					"snd_cwnd":	770336,
					"rtt":	60530,
					"rttvar":	593,
					"pmtu":	1500,
					"omitted":	false
				}],
			"sum":	{
				"start":	0,
				"end":	1.0001208782196045,
				"seconds":	1.0001208782196045,
				"bytes":	14516480,
				"bits_per_second":	116117803.88660181,
				"retransmits":	0,
				"omitted":	false
			}
		}, {
			"streams":	[{
					"socket":	6,
					"start":	1.0001208782196045,
					"end":	1.3686249256134033,
					"seconds":	0.36850404739379883,
					"bytes":	6553600,
					"bits_per_second":	142274692.42413068,
					"retransmits":	0,
					"snd_cwnd":	990432,
					"rtt":	77713,
					"rttvar":	444,
					"pmtu":	1500,
					"omitted":	false
				}],
			"sum":	{
				"start":	1.0001208782196045,
				"end":	1.3686249256134033,
				"seconds":	0.36850404739379883,
				"bytes":	6553600,
				"bits_per_second":	142274692.42413068,
				"retransmits":	0,
				"omitted":	false
			}
		}],
	"end":	{
		"streams":	[{
				"sender":	{
					"socket":	6,
					"start":	0,
					"end":	1.3686249256134033,
					"seconds":	1.3686249256134033,
					"bytes":	21070080,
					"bits_per_second":	123160580.26230444,
					"retransmits":	0,
					"max_snd_cwnd":	990432,
					"max_rtt":	77713,
					"min_rtt":	60530,
					"mean_rtt":	69121
				},
				"receiver":	{
					"socket":	6,
					"start":	0,
					"end":	1.4585998058319092,
					"seconds":	1.3686249256134033,
					"bytes":	16934360,
					"bits_per_second":	92880089.15010941
				}
			}],
		"sum_sent":	{
			"start":	0,
			"end":	1.3686249256134033,
			"seconds":	1.3686249256134033,
			"bytes":	21070080,
			"bits_per_second":	123160580.26230444,
			"retransmits":	0
		},
		"sum_received":	{
			"start":	0,
			"end":	1.4585998058319092,
			"seconds":	1.4585998058319092,
			"bytes":	16934360,
			"bits_per_second":	92880089.15010941
		},
		"cpu_utilization_percent":	{
			"host_total":	1.408066921434161,
			"host_user":	0.10483319977503144,
			"host_system":	1.3031666069345618,
			"remote_total":	1.4067399404156775,
			"remote_user":	0,
			"remote_system":	1.4068660714961416
		},
		"sender_tcp_congestion":	"cubic",
		"receiver_tcp_congestion":	"cubic"
	}
}
