{
	"start":	{
		"connected":	[{
				"socket":	6,
				"local_host":	"192.168.16.1",
				"local_port":	43996,
				"remote_host":	"192.168.16.2",
				"remote_port":	5008
			}],
		"version":	"iperf 3.6",
		"system_info":	"Linux ba-thesis 4.19.0-23-amd64 #1 SMP Debian 4.19.269-1 (2022-12-20) x86_64",
		"timestamp":	{
			"time":	"Sun, 11 Jun 2023 07:52:41 GMT",
			"timesecs":	1686469961
		},
		"connecting_to":	{
			"host":	"h5",
			"port":	5008
		},
		"cookie":	"pfww4sujoweytu7rt6xgd5l5i574bxpoukb7",
		"tcp_mss_default":	1448,
		"sock_bufsize":	0,
		"sndbuf_actual":	87380,
		"rcvbuf_actual":	87380,
		"test_start":	{
			"protocol":	"TCP",
			"num_streams":	1,
			"blksize":	131072,
			"omit":	0,
			"duration":	0,
			"bytes":	118466397,
			"blocks":	0,
			"reverse":	0,
			"tos":	0
		}
	},
	"intervals":	[{
			"streams":	[{
					"socket":	6,
					"start":	0,
					"end":	1.0000929832458496,
					"seconds":	1.0000929832458496,
					"bytes":	15284480,
					"bits_per_second":	122264471.45259225,
					"retransmits":	0,
					"snd_cwnd":	797848,
					"rtt":	62841,
					"rttvar":	557,
					"pmtu":	1500,
					"omitted":	false
				}],
			"sum":	{
				"start":	0,
				"end":	1.0000929832458496,
				"seconds":	1.0000929832458496,
				"bytes":	15284480,
				"bits_per_second":	122264471.45259225,
				"retransmits":	0,
				"omitted":	false
			}
		}, {
			"streams":	[{
					"socket":	6,
					"start":	1.0000929832458496,
					"end":	2.0000810623168945,
					"seconds":	0.99998807907104492,
					"bytes":	14417920,
					"bits_per_second":	115344735.01639147,
					"retransmits":	0,
					"snd_cwnd":	1395872,
					"rtt":	110761,
					"rttvar":	539,
					"pmtu":	1500,
					"omitted":	false
				}],
			"sum":	{
				"start":	1.0000929832458496,
				"end":	2.0000810623168945,
				"seconds":	0.99998807907104492,
				"bytes":	14417920,
				"bits_per_second":	115344735.01639147,
				"retransmits":	0,
				"omitted":	false
			}
		}, {
			"streams":	[{
					"socket":	6,
					"start":	2.0000810623168945,
					"end":	3.0000729560852051,
					"seconds":	0.99999189376831055,
					"bytes":	14417920,
					"bits_per_second":	115344295.00757939,
					"retransmits":	0,
					"snd_cwnd":	1993896,
					"rtt":	157951,
					"rttvar":	252,
					"pmtu":	1500,
					"omitted":	false
				}],
			"sum":	{
				"start":	2.0000810623168945,
				"end":	3.0000729560852051,
				"seconds":	0.99999189376831055,
				"bytes":	14417920,
				"bits_per_second":	115344295.00757939,
				"retransmits":	0,
				"omitted":	false
			}
		}, {
			"streams":	[{
					"socket":	6,
					"start":	3.0000729560852051,
					"end":	4.0000841617584229,
					"seconds":	1.0000112056732178,
					"bytes":	14417920,
					"bits_per_second":	115342067.51448317,
					"retransmits":	0,
					"snd_cwnd":	2591920,
					"rtt":	205744,
					"rttvar":	412,
					"pmtu":	1500,
					"omitted":	false
				}],
			"sum":	{
				"start":	3.0000729560852051,
				"end":	4.0000841617584229,
				"seconds":	1.0000112056732178,
				"bytes":	14417920,
				"bits_per_second":	115342067.51448317,
				"retransmits":	0,
				"omitted":	false
			}
		}, {
			"streams":	[{
					"socket":	6,
					"start":	4.0000841617584229,
					"end":	5.0001201629638672,
					"seconds":	1.0000360012054443,
					"bytes":	11796480,
					"bits_per_second":	94368442.622309685,
					"retransmits":	0,
					"snd_cwnd":	3188496,
					"rtt":	253180,
					"rttvar":	382,
					"pmtu":	1500,
					"omitted":	false
				}],
			"sum":	{
				"start":	4.0000841617584229,
				"end":	5.0001201629638672,
				"seconds":	1.0000360012054443,
				"bytes":	11796480,
				"bits_per_second":	94368442.622309685,
				"retransmits":	0,
				"omitted":	false
			}
		}, {
			"streams":	[{
					"socket":	6,
					"start":	5.0001201629638672,
					"end":	6.0001311302185059,
					"seconds":	1.0000109672546387,
					"bytes":	11796480,
					"bits_per_second":	94370805.011350989,
					"retransmits":	0,
					"snd_cwnd":	3786520,
					"rtt":	301061,
					"rttvar":	680,
					"pmtu":	1500,
					"omitted":	false
				}],
			"sum":	{
				"start":	5.0001201629638672,
				"end":	6.0001311302185059,
				"seconds":	1.0000109672546387,
				"bytes":	11796480,
				"bits_per_second":	94370805.011350989,
				"retransmits":	0,
				"omitted":	false
			}
		}, {
			"streams":	[{
					"socket":	6,
					"start":	6.0001311302185059,
					"end":	7.0001180171966553,
					"seconds":	0.99998688697814941,
					"bytes":	11796480,
					"bits_per_second":	94373077.516227573,
					"retransmits":	0,
					"snd_cwnd":	4384544,
					"rtt":	348553,
					"rttvar":	455,
					"pmtu":	1500,
					"omitted":	false
				}],
			"sum":	{
				"start":	6.0001311302185059,
				"end":	7.0001180171966553,
				"seconds":	0.99998688697814941,
				"bytes":	11796480,
				"bits_per_second":	94373077.516227573,
				"retransmits":	0,
				"omitted":	false
			}
		}, {
			"streams":	[{
					"socket":	6,
					"start":	7.0001180171966553,
					"end":	8.0000989437103271,
					"seconds":	0.99998092651367188,
					"bytes":	13107200,
					"bits_per_second":	104859600.0381477,
					"retransmits":	0,
					"snd_cwnd":	4982568,
					"rtt":	396241,
					"rttvar":	657,
					"pmtu":	1500,
					"omitted":	false
				}],
			"sum":	{
				"start":	7.0001180171966553,
				"end":	8.0000989437103271,
				"seconds":	0.99998092651367188,
				"bytes":	13107200,
				"bits_per_second":	104859600.0381477,
				"retransmits":	0,
				"omitted":	false
			}
		}, {
			"streams":	[{
					"socket":	6,
					"start":	8.0000989437103271,
					"end":	8.9882991313934326,
					"seconds":	0.98820018768310547,
					"bytes":	11796480,
					"bits_per_second":	95498706.8169461,
					"retransmits":	0,
					"snd_cwnd":	5573352,
					"rtt":	443327,
					"rttvar":	442,
					"pmtu":	1500,
					"omitted":	false
				}],
			"sum":	{
				"start":	8.0000989437103271,
				"end":	8.9882991313934326,
				"seconds":	0.98820018768310547,
				"bytes":	11796480,
				"bits_per_second":	95498706.8169461,
				"retransmits":	0,
				"omitted":	false
			}
		}],
	"end":	{
		"streams":	[{
				"sender":	{
					"socket":	6,
					"start":	0,
					"end":	8.9882991313934326,
					"seconds":	8.9882991313934326,
					"bytes":	118831360,
					"bits_per_second":	105765380.75815275,
					"retransmits":	0,
					"max_snd_cwnd":	5573352,
					"max_rtt":	443327,
					"min_rtt":	62841,
					"mean_rtt":	253295
				},
				"receiver":	{
					"socket":	6,
					"start":	0,
					"end":	9.4841310977935791,
					"seconds":	8.9882991313934326,
					"bytes":	112545800,
					"bits_per_second":	94933989.283368751
				}
			}],
		"sum_sent":	{
			"start":	0,
			"end":	8.9882991313934326,
			"seconds":	8.9882991313934326,
			"bytes":	118831360,
			"bits_per_second":	105765380.75815275,
			"retransmits":	0
		},
		"sum_received":	{
			"start":	0,
			"end":	9.4841310977935791,
			"seconds":	9.4841310977935791,
			"bytes":	112545800,
			"bits_per_second":	94933989.283368751
		},
		"cpu_utilization_percent":	{
			"host_total":	0.67999267151331821,
			"host_user":	0.035654470854391114,
			"host_system":	0.64431624593549464,
			"remote_total":	0.4552619915623568,
			"remote_user":	0.07981504108261557,
			"remote_system":	0.3754469504797413
		},
		"sender_tcp_congestion":	"cubic",
		"receiver_tcp_congestion":	"cubic"
	}
}
