{
	"start":	{
		"connected":	[{
				"socket":	6,
				"local_host":	"192.168.7.2",
				"local_port":	56282,
				"remote_host":	"192.168.7.1",
				"remote_port":	5009
			}],
		"version":	"iperf 3.6",
		"system_info":	"Linux ba-thesis 4.19.0-23-amd64 #1 SMP Debian 4.19.269-1 (2022-12-20) x86_64",
		"timestamp":	{
			"time":	"Thu, 01 Jun 2023 18:33:37 GMT",
			"timesecs":	1685644417
		},
		"connecting_to":	{
			"host":	"h1",
			"port":	5009
		},
		"cookie":	"yedcavz446nro4mmnkel2d5mgbrrqkkwgnnk",
		"tcp_mss_default":	1448,
		"sock_bufsize":	0,
		"sndbuf_actual":	87380,
		"rcvbuf_actual":	87380,
		"test_start":	{
			"protocol":	"TCP",
			"num_streams":	1,
			"blksize":	131072,
			"omit":	0,
			"duration":	0,
			"bytes":	65291264,
			"blocks":	0,
			"reverse":	0,
			"tos":	0
		}
	},
	"intervals":	[{
			"streams":	[{
					"socket":	6,
					"start":	0,
					"end":	1.0000760555267334,
					"seconds":	1.0000760555267334,
					"bytes":	15284480,
					"bits_per_second":	122266540.95382589,
					"retransmits":	0,
					"snd_cwnd":	797848,
					"rtt":	62878,
					"rttvar":	567,
					"pmtu":	1500,
					"omitted":	false
				}],
			"sum":	{
				"start":	0,
				"end":	1.0000760555267334,
				"seconds":	1.0000760555267334,
				"bytes":	15284480,
				"bits_per_second":	122266540.95382589,
				"retransmits":	0,
				"omitted":	false
			}
		}, {
			"streams":	[{
					"socket":	6,
					"start":	1.0000760555267334,
					"end":	2.0000829696655273,
					"seconds":	1.0000069141387939,
					"bytes":	14417920,
					"bits_per_second":	115342562.50551398,
					"retransmits":	0,
					"snd_cwnd":	1395872,
					"rtt":	110488,
					"rttvar":	561,
					"pmtu":	1500,
					"omitted":	false
				}],
			"sum":	{
				"start":	1.0000760555267334,
				"end":	2.0000829696655273,
				"seconds":	1.0000069141387939,
				"bytes":	14417920,
				"bits_per_second":	115342562.50551398,
				"retransmits":	0,
				"omitted":	false
			}
		}, {
			"streams":	[{
					"socket":	6,
					"start":	2.0000829696655273,
					"end":	3.0000319480895996,
					"seconds":	0.99994897842407227,
					"bytes":	14417920,
					"bits_per_second":	115349245.30027729,
					"retransmits":	0,
					"snd_cwnd":	1993896,
					"rtt":	158100,
					"rttvar":	530,
					"pmtu":	1500,
					"omitted":	false
				}],
			"sum":	{
				"start":	2.0000829696655273,
				"end":	3.0000319480895996,
				"seconds":	0.99994897842407227,
				"bytes":	14417920,
				"bits_per_second":	115349245.30027729,
				"retransmits":	0,
				"omitted":	false
			}
		}, {
			"streams":	[{
					"socket":	6,
					"start":	3.0000319480895996,
					"end":	4.0000779628753662,
					"seconds":	1.0000460147857666,
					"bytes":	14417920,
					"bits_per_second":	115338052.74421224,
					"retransmits":	0,
					"snd_cwnd":	2591920,
					"rtt":	205755,
					"rttvar":	404,
					"pmtu":	1500,
					"omitted":	false
				}],
			"sum":	{
				"start":	3.0000319480895996,
				"end":	4.0000779628753662,
				"seconds":	1.0000460147857666,
				"bytes":	14417920,
				"bits_per_second":	115338052.74421224,
				"retransmits":	0,
				"omitted":	false
			}
		}, {
			"streams":	[{
					"socket":	6,
					"start":	4.0000779628753662,
					"end":	4.5850958824157715,
					"seconds":	0.58501791954040527,
					"bytes":	7864320,
					"bits_per_second":	107542962.18725432,
					"retransmits":	0,
					"snd_cwnd":	2940888,
					"rtt":	233341,
					"rttvar":	404,
					"pmtu":	1500,
					"omitted":	false
				}],
			"sum":	{
				"start":	4.0000779628753662,
				"end":	4.5850958824157715,
				"seconds":	0.58501791954040527,
				"bytes":	7864320,
				"bits_per_second":	107542962.18725432,
				"retransmits":	0,
				"omitted":	false
			}
		}],
	"end":	{
		"streams":	[{
				"sender":	{
					"socket":	6,
					"start":	0,
					"end":	4.5850958824157715,
					"seconds":	4.5850958824157715,
					"bytes":	66402560,
					"bits_per_second":	115858096.23682576,
					"retransmits":	0,
					"max_snd_cwnd":	2940888,
					"max_rtt":	233341,
					"min_rtt":	62878,
					"mean_rtt":	154112
				},
				"receiver":	{
					"socket":	6,
					"start":	0,
					"end":	4.8616058826446533,
					"seconds":	4.5850958824157715,
					"bytes":	57290120,
					"bits_per_second":	94273573.601708546
				}
			}],
		"sum_sent":	{
			"start":	0,
			"end":	4.5850958824157715,
			"seconds":	4.5850958824157715,
			"bytes":	66402560,
			"bits_per_second":	115858096.23682576,
			"retransmits":	0
		},
		"sum_received":	{
			"start":	0,
			"end":	4.8616058826446533,
			"seconds":	4.8616058826446533,
			"bytes":	57290120,
			"bits_per_second":	94273573.601708546
		},
		"cpu_utilization_percent":	{
			"host_total":	1.0789400845401982,
			"host_user":	0.20813228359436256,
			"host_system":	0.87078655862254573,
			"remote_total":	0.1531340403381396,
			"remote_user":	0.00066610696746476723,
			"remote_system":	0.1524707558578251
		},
		"sender_tcp_congestion":	"cubic",
		"receiver_tcp_congestion":	"cubic"
	}
}
