{
	"start":	{
		"connected":	[{
				"socket":	6,
				"local_host":	"192.168.33.1",
				"local_port":	39336,
				"remote_host":	"192.168.33.2",
				"remote_port":	5013
			}],
		"version":	"iperf 3.6",
		"system_info":	"Linux ba-thesis 4.19.0-23-amd64 #1 SMP Debian 4.19.269-1 (2022-12-20) x86_64",
		"timestamp":	{
			"time":	"Mon, 05 Jun 2023 17:57:48 GMT",
			"timesecs":	1685987868
		},
		"connecting_to":	{
			"host":	"h19",
			"port":	5013
		},
		"cookie":	"cgft3wpets6pxja33wjjcmz3nwommnc7acvk",
		"tcp_mss_default":	1448,
		"sock_bufsize":	0,
		"sndbuf_actual":	87380,
		"rcvbuf_actual":	87380,
		"test_start":	{
			"protocol":	"TCP",
			"num_streams":	1,
			"blksize":	131072,
			"omit":	0,
			"duration":	0,
			"bytes":	359287986,
			"blocks":	0,
			"reverse":	0,
			"tos":	0
		}
	},
	"intervals":	[{
			"streams":	[{
					"socket":	6,
					"start":	0,
					"end":	1.0000889301300049,
					"seconds":	1.0000889301300049,
					"bytes":	15479960,
					"bits_per_second":	123828667.90046528,
					"retransmits":	0,
					"snd_cwnd":	797848,
					"rtt":	62883,
					"rttvar":	564,
					"pmtu":	1500,
					"omitted":	false
				}],
			"sum":	{
				"start":	0,
				"end":	1.0000889301300049,
				"seconds":	1.0000889301300049,
				"bytes":	15479960,
				"bits_per_second":	123828667.90046528,
				"retransmits":	0,
				"omitted":	false
			}
		}, {
			"streams":	[{
					"socket":	6,
					"start":	1.0000889301300049,
					"end":	2.0001058578491211,
					"seconds":	1.0000169277191162,
					"bytes":	13107200,
					"bits_per_second":	104855825.03004619,
					"retransmits":	0,
					"snd_cwnd":	1350984,
					"rtt":	177816,
					"rttvar":	8913,
					"pmtu":	1500,
					"omitted":	false
				}],
			"sum":	{
				"start":	1.0000889301300049,
				"end":	2.0001058578491211,
				"seconds":	1.0000169277191162,
				"bytes":	13107200,
				"bits_per_second":	104855825.03004619,
				"retransmits":	0,
				"omitted":	false
			}
		}, {
			"streams":	[{
					"socket":	6,
					"start":	2.0001058578491211,
					"end":	3.0000720024108887,
					"seconds":	0.99996614456176758,
					"bytes":	14417920,
					"bits_per_second":	115347265.13220996,
					"retransmits":	0,
					"snd_cwnd":	1947560,
					"rtt":	154493,
					"rttvar":	571,
					"pmtu":	1500,
					"omitted":	false
				}],
			"sum":	{
				"start":	2.0001058578491211,
				"end":	3.0000720024108887,
				"seconds":	0.99996614456176758,
				"bytes":	14417920,
				"bits_per_second":	115347265.13220996,
				"retransmits":	0,
				"omitted":	false
			}
		}, {
			"streams":	[{
					"socket":	6,
					"start":	3.0000720024108887,
					"end":	4.0000519752502441,
					"seconds":	0.99997997283935547,
					"bytes":	14417920,
					"bits_per_second":	115345670.04626366,
					"retransmits":	0,
					"snd_cwnd":	2545584,
					"rtt":	201799,
					"rttvar":	313,
					"pmtu":	1500,
					"omitted":	false
				}],
			"sum":	{
				"start":	3.0000720024108887,
				"end":	4.0000519752502441,
				"seconds":	0.99997997283935547,
				"bytes":	14417920,
				"bits_per_second":	115345670.04626366,
				"retransmits":	0,
				"omitted":	false
			}
		}, {
			"streams":	[{
					"socket":	6,
					"start":	4.0000519752502441,
					"end":	5.00007700920105,
					"seconds":	1.0000250339508057,
					"bytes":	11796480,
					"bits_per_second":	94369477.559141234,
					"retransmits":	0,
					"snd_cwnd":	3113200,
					"rtt":	247481,
					"rttvar":	440,
					"pmtu":	1500,
					"omitted":	false
				}],
			"sum":	{
				"start":	4.0000519752502441,
				"end":	5.00007700920105,
				"seconds":	1.0000250339508057,
				"bytes":	11796480,
				"bits_per_second":	94369477.559141234,
				"retransmits":	0,
				"omitted":	false
			}
		}, {
			"streams":	[{
					"socket":	6,
					"start":	5.00007700920105,
					"end":	6.0000569820404053,
					"seconds":	0.99997997283935547,
					"bytes":	11796480,
					"bits_per_second":	94373730.0378521,
					"retransmits":	0,
					"snd_cwnd":	3712672,
					"rtt":	295046,
					"rttvar":	482,
					"pmtu":	1500,
					"omitted":	false
				}],
			"sum":	{
				"start":	5.00007700920105,
				"end":	6.0000569820404053,
				"seconds":	0.99997997283935547,
				"bytes":	11796480,
				"bits_per_second":	94373730.0378521,
				"retransmits":	0,
				"omitted":	false
			}
		}, {
			"streams":	[{
					"socket":	6,
					"start":	6.0000569820404053,
					"end":	7.0000998973846436,
					"seconds":	1.0000429153442383,
					"bytes":	11796480,
					"bits_per_second":	94367790.173799679,
					"retransmits":	0,
					"snd_cwnd":	4309248,
					"rtt":	342345,
					"rttvar":	400,
					"pmtu":	1500,
					"omitted":	false
				}],
			"sum":	{
				"start":	6.0000569820404053,
				"end":	7.0000998973846436,
				"seconds":	1.0000429153442383,
				"bytes":	11796480,
				"bits_per_second":	94367790.173799679,
				"retransmits":	0,
				"omitted":	false
			}
		}, {
			"streams":	[{
					"socket":	6,
					"start":	7.0000998973846436,
					"end":	8.0001258850097656,
					"seconds":	1.0000259876251221,
					"bytes":	9175040,
					"bits_per_second":	73398412.549570113,
					"retransmits":	0,
					"snd_cwnd":	4785640,
					"rtt":	380924,
					"rttvar":	394,
					"pmtu":	1500,
					"omitted":	false
				}],
			"sum":	{
				"start":	7.0000998973846436,
				"end":	8.0001258850097656,
				"seconds":	1.0000259876251221,
				"bytes":	9175040,
				"bits_per_second":	73398412.549570113,
				"retransmits":	0,
				"omitted":	false
			}
		}, {
			"streams":	[{
					"socket":	6,
					"start":	8.0001258850097656,
					"end":	9.0000288486480713,
					"seconds":	0.99990296363830566,
					"bytes":	11796480,
					"bits_per_second":	94380998.388696715,
					"retransmits":	0,
					"snd_cwnd":	5383664,
					"rtt":	428184,
					"rttvar":	462,
					"pmtu":	1500,
					"omitted":	false
				}],
			"sum":	{
				"start":	8.0001258850097656,
				"end":	9.0000288486480713,
				"seconds":	0.99990296363830566,
				"bytes":	11796480,
				"bits_per_second":	94380998.388696715,
				"retransmits":	0,
				"omitted":	false
			}
		}, {
			"streams":	[{
					"socket":	6,
					"start":	9.0000288486480713,
					"end":	10.000182867050171,
					"seconds":	1.0001540184020996,
					"bytes":	10485760,
					"bits_per_second":	83873161.989611313,
					"retransmits":	0,
					"snd_cwnd":	5909288,
					"rtt":	553367,
					"rttvar":	54334,
					"pmtu":	1500,
					"omitted":	false
				}],
			"sum":	{
				"start":	9.0000288486480713,
				"end":	10.000182867050171,
				"seconds":	1.0001540184020996,
				"bytes":	10485760,
				"bits_per_second":	83873161.989611313,
				"retransmits":	0,
				"omitted":	false
			}
		}, {
			"streams":	[{
					"socket":	6,
					"start":	10.000182867050171,
					"end":	11.000022888183594,
					"seconds":	0.99984002113342285,
					"bytes":	13107200,
					"bits_per_second":	104874377.68407488,
					"retransmits":	0,
					"snd_cwnd":	6507312,
					"rtt":	517750,
					"rttvar":	243,
					"pmtu":	1500,
					"omitted":	false
				}],
			"sum":	{
				"start":	10.000182867050171,
				"end":	11.000022888183594,
				"seconds":	0.99984002113342285,
				"bytes":	13107200,
				"bits_per_second":	104874377.68407488,
				"retransmits":	0,
				"omitted":	false
			}
		}, {
			"streams":	[{
					"socket":	6,
					"start":	11.000022888183594,
					"end":	12.000060796737671,
					"seconds":	1.0000379085540771,
					"bytes":	11796480,
					"bits_per_second":	94368262.635612711,
					"retransmits":	0,
					"snd_cwnd":	7105336,
					"rtt":	565391,
					"rttvar":	495,
					"pmtu":	1500,
					"omitted":	false
				}],
			"sum":	{
				"start":	11.000022888183594,
				"end":	12.000060796737671,
				"seconds":	1.0000379085540771,
				"bytes":	11796480,
				"bits_per_second":	94368262.635612711,
				"retransmits":	0,
				"omitted":	false
			}
		}, {
			"streams":	[{
					"socket":	6,
					"start":	12.000060796737671,
					"end":	13.000056982040405,
					"seconds":	0.99999618530273438,
					"bytes":	11796480,
					"bits_per_second":	94372200.001373291,
					"retransmits":	0,
					"snd_cwnd":	7701912,
					"rtt":	613036,
					"rttvar":	608,
					"pmtu":	1500,