{
	"start":	{
		"connected":	[{
				"socket":	6,
				"local_host":	"192.168.16.1",
				"local_port":	45606,
				"remote_host":	"192.168.16.2",
				"remote_port":	5007
			}],
		"version":	"iperf 3.6",
		"system_info":	"Linux ba-thesis 4.19.0-23-amd64 #1 SMP Debian 4.19.269-1 (2022-12-20) x86_64",
		"timestamp":	{
			"time":	"Fri, 09 Jun 2023 20:48:40 GMT",
			"timesecs":	1686343720
		},
		"connecting_to":	{
			"host":	"h6",
			"port":	5007
		},
		"cookie":	"jv27r7t535fapzi7nojyyoaliggxftumcyub",
		"tcp_mss_default":	1448,
		"sock_bufsize":	0,
		"sndbuf_actual":	87380,
		"rcvbuf_actual":	87380,
		"test_start":	{
			"protocol":	"TCP",
			"num_streams":	1,
			"blksize":	131072,
			"omit":	0,
			"duration":	0,
			"bytes":	3368513,
			"blocks":	0,
			"reverse":	0,
			"tos":	0
		}
	},
	"intervals":	[{
			"streams":	[{
					"socket":	6,
					"start":	0,
					"end":	0.18935990333557129,
					"seconds":	0.18935990333557129,
					"bytes":	3663440,
					"bits_per_second":	154771519.64987606,
					"retransmits":	0,
					"snd_cwnd":	314216,
					"rtt":	24033,
					"rttvar":	290,
					"pmtu":	1500,
					"omitted":	false
				}],
			"sum":	{
				"start":	0,
				"end":	0.18935990333557129,
				"seconds":	0.18935990333557129,
				"bytes":	3663440,
				"bits_per_second":	154771519.64987606,
				"retransmits":	0,
				"omitted":	false
			}
		}],
	"end":	{
		"streams":	[{
				"sender":	{
					"socket":	6,
					"start":	0,
					"end":	0.18935990333557129,
					"seconds":	0.18935990333557129,
					"bytes":	3663440,
					"bits_per_second":	154771519.64987606,
					"retransmits":	0,
					"max_snd_cwnd":	314216,
					"max_rtt":	24033,
					"min_rtt":	24033,
					"mean_rtt":	24033
				},
				"receiver":	{
					"socket":	6,
					"start":	0,
					"end":	0.24677610397338867,
					"seconds":	0.18935990333557129,
					"bytes":	2114080,
					"bits_per_second":	68534350.480805829
				}
			}],
		"sum_sent":	{
			"start":	0,
			"end":	0.18935990333557129,
			"seconds":	0.18935990333557129,
			"bytes":	3663440,
			"bits_per_second":	154771519.64987606,
			"retransmits":	0
		},
		"sum_received":	{
			"start":	0,
			"end":	0.24677610397338867,
			"seconds":	0.24677610397338867,
			"bytes":	2114080,
			"bits_per_second":	68534350.480805829
		},
		"cpu_utilization_percent":	{
			"host_total":	12.93036936264553,
			"host_user":	0.5054369904297632,
			"host_system":	12.424617458203038,
			"remote_total":	0.7227864839771545,
			"remote_user":	0,
			"remote_system":	0.72306783332864422
		},
		"sender_tcp_congestion":	"cubic",
		"receiver_tcp_congestion":	"cubic"
	}
}
