{
	"start":	{
		"connected":	[{
				"socket":	6,
				"local_host":	"192.168.22.2",
				"local_port":	55256,
				"remote_host":	"192.168.37.1",
				"remote_port":	5010
			}],
		"version":	"iperf 3.6",
		"system_info":	"Linux ba-thesis 4.19.0-23-amd64 #1 SMP Debian 4.19.269-1 (2022-12-20) x86_64",
		"timestamp":	{
			"time":	"Sun, 04 Jun 2023 12:38:48 GMT",
			"timesecs":	1685882328
		},
		"connecting_to":	{
			"host":	"h7",
			"port":	5010
		},
		"cookie":	"h5pj7eccjmsal3niiw53rv2obgy7z5xfblwp",
		"tcp_mss_default":	1448,
		"sock_bufsize":	0,
		"sndbuf_actual":	87380,
		"rcvbuf_actual":	87380,
		"test_start":	{
			"protocol":	"TCP",
			"num_streams":	1,
			"blksize":	131072,
			"omit":	0,
			"duration":	0,
			"bytes":	35336332,
			"blocks":	0,
			"reverse":	0,
			"tos":	0
		}
	},
	"intervals":	[{
			"streams":	[{
					"socket":	6,
					"start":	0,
					"end":	1.0004310607910156,
					"seconds":	1.0004310607910156,
					"bytes":	79640,
					"bits_per_second":	636845.48088325572,
					"retransmits":	0,
					"snd_cwnd":	14480,
					"rtt":	591045,
					"rttvar":	223483,
					"pmtu":	1500,
					"omitted":	false
				}],
			"sum":	{
				"start":	0,
				"end":	1.0004310607910156,
				"seconds":	1.0004310607910156,
				"bytes":	79640,
				"bits_per_second":	636845.48088325572,
				"retransmits":	0,
				"omitted":	false
			}
		}, {
			"streams":	[{
					"socket":	6,
					"start":	1.0004310607910156,
					"end":	2.0001130104064941,
					"seconds":	0.99968194961547852,
					"bytes":	282360,
					"bits_per_second":	2259598.6662246571,
					"retransmits":	0,
					"snd_cwnd":	57920,
					"rtt":	601926,
					"rttvar":	14944,
					"pmtu":	1500,
					"omitted":	false
				}],
			"sum":	{
				"start":	1.0004310607910156,
				"end":	2.0001130104064941,
				"seconds":	0.99968194961547852,
				"bytes":	282360,
				"bits_per_second":	2259598.6662246571,
				"retransmits":	0,
				"omitted":	false
			}
		}, {
			"streams":	[{
					"socket":	6,
					"start":	2.0001130104064941,
					"end":	3.0000882148742676,
					"seconds":	0.99997520446777344,
					"bytes":	501008,
					"bits_per_second":	4008163.3845443707,
					"retransmits":	0,
					"snd_cwnd":	192584,
					"rtt":	602503,
					"rttvar":	1172,
					"pmtu":	1500,
					"omitted":	false
				}],
			"sum":	{
				"start":	2.0001130104064941,
				"end":	3.0000882148742676,
				"seconds":	0.99997520446777344,
				"bytes":	501008,
				"bits_per_second":	4008163.3845443707,
				"retransmits":	0,
				"omitted":	false
			}
		}, {
			"streams":	[{
					"socket":	6,
					"start":	3.0000882148742676,
					"end":	4.0002241134643555,
					"seconds":	1.0001358985900879,
					"bytes":	977400,
					"bits_per_second":	7818137.5261330856,
					"retransmits":	0,
					"snd_cwnd":	399648,
					"rtt":	604824,
					"rttvar":	1631,
					"pmtu":	1500,
					"omitted":	false
				}],
			"sum":	{
				"start":	3.0000882148742676,
				"end":	4.0002241134643555,
				"seconds":	1.0001358985900879,
				"bytes":	977400,
				"bits_per_second":	7818137.5261330856,
				"retransmits":	0,
				"omitted":	false
			}
		}, {
			"streams":	[{
					"socket":	6,
					"start":	4.0002241134643555,
					"end":	5.0001900196075439,
					"seconds":	0.99996590614318848,
					"bytes":	3395840,
					"bits_per_second":	27167646.24984115,
					"retransmits":	0,
					"snd_cwnd":	755856,
					"rtt":	591736,
					"rttvar":	1107,
					"pmtu":	1500,
					"omitted":	false
				}],
			"sum":	{
				"start":	4.0002241134643555,
				"end":	5.0001900196075439,
				"seconds":	0.99996590614318848,
				"bytes":	3395840,
				"bits_per_second":	27167646.24984115,
				"retransmits":	0,
				"omitted":	false
			}
		}, {
			"streams":	[{
					"socket":	6,
					"start":	5.0001900196075439,
					"end":	6.0001571178436279,
					"seconds":	0.999967098236084,
					"bytes":	2621440,
					"bits_per_second":	20972210.022702966,
					"retransmits":	0,
					"snd_cwnd":	881832,
					"rtt":	317314,
					"rttvar":	762,
					"pmtu":	1500,
					"omitted":	false
				}],
			"sum":	{
				"start":	5.0001900196075439,
				"end":	6.0001571178436279,
				"seconds":	0.999967098236084,
				"bytes":	2621440,
				"bits_per_second":	20972210.022702966,
				"retransmits":	0,
				"omitted":	false
			}
		}, {
			"streams":	[{
					"socket":	6,
					"start":	6.0001571178436279,
					"end":	7.0000910758972168,
					"seconds":	0.99993395805358887,
					"bytes":	3932160,
					"bits_per_second":	31459357.637211204,
					"retransmits":	0,
					"snd_cwnd":	1033872,
					"rtt":	330486,
					"rttvar":	579,
					"pmtu":	1500,
					"omitted":	false
				}],
			"sum":	{
				"start":	6.0001571178436279,
				"end":	7.0000910758972168,
				"seconds":	0.99993395805358887,
				"bytes":	3932160,
				"bits_per_second":	31459357.637211204,
				"retransmits":	0,
				"omitted":	false
			}
		}, {
			"streams":	[{
					"socket":	6,
					"start":	7.0000910758972168,
					"end":	8.0002861022949219,
					"seconds":	1.0001950263977051,
					"bytes":	2621440,
					"bits_per_second":	20967430.797502432,
					"retransmits":	0,
					"snd_cwnd":	1187360,
					"rtt":	341677,
					"rttvar":	559,
					"pmtu":	1500,
					"omitted":	false
				}],
			"sum":	{
				"start":	7.0000910758972168,
				"end":	8.0002861022949219,
				"seconds":	1.0001950263977051,
				"bytes":	2621440,
				"bits_per_second":	20967430.797502432,
				"retransmits":	0,
				"omitted":	false
			}
		}, {
			"streams":	[{
					"socket":	6,
					"start":	8.0002861022949219,
					"end":	9.0000960826873779,
					"seconds":	0.999809980392456,
					"bytes":	5242880,
					"bits_per_second":	41951011.5147441,
					"retransmits":	0,
					"snd_cwnd":	1356776,
					"rtt":	352418,
					"rttvar":	659,
					"pmtu":	1500,
					"omitted":	false
				}],
			"sum":	{
				"start":	8.0002861022949219,
				"end":	9.0000960826873779,
				"seconds":	0.999809980392456,
				"bytes":	5242880,
				"bits_per_second":	41951011.5147441,
				"retransmits":	0,
				"omitted":	false
			}
		}, {
			"streams":	[{
					"socket":	6,
					"start":	9.0000960826873779,
					"end":	10.000071048736572,
					"seconds":	0.99997496604919434,
					"bytes":	3932160,
					"bits_per_second":	31458067.519714728,
					"retransmits":	0,
					"snd_cwnd":	1569632,
					"rtt":	358125,
					"rttvar":	514,
					"pmtu":	1500,
					"omitted":	false
				}],
			"sum":	{
				"start":	9.0000960826873779,
				"end":	10.000071048736572,
				"seconds":	0.99997496604919434,
				"bytes":	3932160,
				"bits_per_second":	31458067.519714728,
				"retransmits":	0,
				"omitted":	false
			}
		}, {
			"streams":	[{
					"socket":	6,
					"start":	10.000071048736572,
					"end":	11.000147104263306,
					"seconds":	1.0000760555267334,
					"bytes":	5242880,
					"bits_per_second":	41939850.242598683,
					"retransmits":	0,
					"snd_cwnd":	1792624,
					"rtt":	359039,
					"rttvar":	474,
					"pmtu":	1500,
					"omitted":	false
				}],
			"sum":	{
				"start":	10.000071048736572,
				"end":	11.000147104263306,
				"seconds":	1.0000760555267334,
				"bytes":	5242880,
				"bits_per_second":	41939850.242598683,
				"retransmits":	0,
				"omitted":	false
			}
		}, {
			"streams":	[{
					"socket":	6,
					"start":	11.000147104263306,
					"end":	11.895637035369873,
					"seconds":	0.89548993110656738,
					"bytes":	6553600,
					"bits_per_second":	58547615.30954694,
					"retransmits":	0,
					"snd_cwnd":	2011272,
					"rtt":	362256,
					"rttvar":	1484,
					"pmtu":	1500,
					"omitted":	false
				}],
			"sum":	{
				"start":	11.000147104263306,
				"end":	11.895637035369873,
				"seconds":	0.89548993110656738,
				"bytes":	6553600,
				"bits_per_second":	58547615.30954694,
				"retransmits":	0,
				"omitted":	false
			}
		}],
	"end":	{
		"streams":	[{
				"sender":	{
					"socket":	6,
					"start":	0,
					"end":	11.895637035369873,
					"seconds":	11.895637035369873,
					"bytes":	35382808,
					"bits_per_second":	23795485.954922523,
					"retransmits":	0,
					"max_snd_cwnd":	2011272,
					"max_rtt":	604824,
					"min_rtt":	317314,
					"mean_rtt":	451112
				},