{
	"start":	{
		"connected":	[{
				"socket":	6,
				"local_host":	"192.168.0.2",
				"local_port":	53514,
				"remote_host":	"192.168.0.1",
				"remote_port":	5000
			}],
		"version":	"iperf 3.6",
		"system_info":	"Linux ba-thesis 4.19.0-23-amd64 #1 SMP Debian 4.19.269-1 (2022-12-20) x86_64",
		"timestamp":	{
			"time":	"Mon, 12 Jun 2023 22:37:17 GMT",
			"timesecs":	1686609437
		},
		"connecting_to":	{
			"host":	"h2",
			"port":	5000
		},
		"cookie":	"dhilq5fy7uqpudzou3htzn2wypcknrix5gyn",
		"tcp_mss_default":	1448,
		"sock_bufsize":	0,
		"sndbuf_actual":	87380,
		"rcvbuf_actual":	87380,
		"test_start":	{
			"protocol":	"TCP",
			"num_streams":	1,
			"blksize":	131072,
			"omit":	0,
			"duration":	0,
			"bytes":	77669376,
			"blocks":	0,
			"reverse":	0,
			"tos":	0
		}
	},
	"intervals":	[{
			"streams":	[{
					"socket":	6,
					"start":	0,
					"end":	1.0001139640808105,
					"seconds":	1.0001139640808105,
					"bytes":	13683880,
					"bits_per_second":	109458565.65517826,
					"retransmits":	0,
					"snd_cwnd":	695040,
					"rtt":	66872,
					"rttvar":	612,
					"pmtu":	1500,
					"omitted":	false
				}],
			"sum":	{
				"start":	0,
				"end":	1.0001139640808105,
				"seconds":	1.0001139640808105,
				"bytes":	13683880,
				"bits_per_second":	109458565.65517826,
				"retransmits":	0,
				"omitted":	false
			}
		}, {
			"streams":	[{
					"socket":	6,
					"start":	1.0001139640808105,
					"end":	2.0001380443573,
					"seconds":	1.0000240802764893,
					"bytes":	11796480,
					"bits_per_second":	94369567.554721117,
					"retransmits":	0,
					"snd_cwnd":	1200392,
					"rtt":	112928,
					"rttvar":	704,
					"pmtu":	1500,
					"omitted":	false
				}],
			"sum":	{
				"start":	1.0001139640808105,
				"end":	2.0001380443573,
				"seconds":	1.0000240802764893,
				"bytes":	11796480,
				"bits_per_second":	94369567.554721117,
				"retransmits":	0,
				"omitted":	false
			}
		}, {
			"streams":	[{
					"socket":	6,
					"start":	2.0001380443573,
					"end":	3.0000650882720947,
					"seconds":	0.99992704391479492,
					"bytes":	11796480,
					"bits_per_second":	94378725.502339289,
					"retransmits":	0,
					"snd_cwnd":	1704296,
					"rtt":	159960,
					"rttvar":	380,
					"pmtu":	1500,
					"omitted":	false
				}],
			"sum":	{
				"start":	2.0001380443573,
				"end":	3.0000650882720947,
				"seconds":	0.99992704391479492,
				"bytes":	11796480,
				"bits_per_second":	94378725.502339289,
				"retransmits":	0,
				"omitted":	false
			}
		}, {
			"streams":	[{
					"socket":	6,
					"start":	3.0000650882720947,
					"end":	4.0000641345977783,
					"seconds":	0.99999904632568359,
					"bytes":	11796480,
					"bits_per_second":	94371930.000085831,
					"retransmits":	0,
					"snd_cwnd":	2208200,
					"rtt":	207584,
					"rttvar":	371,
					"pmtu":	1500,
					"omitted":	false
				}],
			"sum":	{
				"start":	3.0000650882720947,
				"end":	4.0000641345977783,
				"seconds":	0.99999904632568359,
				"bytes":	11796480,
				"bits_per_second":	94371930.000085831,
				"retransmits":	0,
				"omitted":	false
			}
		}, {
			"streams":	[{
					"socket":	6,
					"start":	4.0000641345977783,
					"end":	5.0000879764556885,
					"seconds":	1.0000238418579102,
					"bytes":	11796480,
					"bits_per_second":	94369590.0536429,
					"retransmits":	0,
					"snd_cwnd":	2712104,
					"rtt":	255403,
					"rttvar":	475,
					"pmtu":	1500,
					"omitted":	false
				}],
			"sum":	{
				"start":	4.0000641345977783,
				"end":	5.0000879764556885,
				"seconds":	1.0000238418579102,
				"bytes":	11796480,
				"bits_per_second":	94369590.0536429,
				"retransmits":	0,
				"omitted":	false
			}
		}, {
			"streams":	[{
					"socket":	6,
					"start":	5.0000879764556885,
					"end":	6.0001111030578613,
					"seconds":	1.0000231266021729,
					"bytes":	10485760,
					"bits_per_second":	83884140.044864565,
					"retransmits":	0,
					"snd_cwnd":	3217456,
					"rtt":	303491,
					"rttvar":	659,
					"pmtu":	1500,
					"omitted":	false
				}],
			"sum":	{
				"start":	5.0000879764556885,
				"end":	6.0001111030578613,
				"seconds":	1.0000231266021729,
				"bytes":	10485760,
				"bits_per_second":	83884140.044864565,
				"retransmits":	0,
				"omitted":	false
			}
		}, {
			"streams":	[{
					"socket":	6,
					"start":	6.0001111030578613,
					"end":	6.5770421028137207,
					"seconds":	0.57693099975585938,
					"bytes":	6553600,
					"bits_per_second":	90875338.683805108,
					"retransmits":	0,
					"snd_cwnd":	3505608,
					"rtt":	335774,
					"rttvar":	296,
					"pmtu":	1500,
					"omitted":	false
				}],
			"sum":	{
				"start":	6.0001111030578613,
				"end":	6.5770421028137207,
				"seconds":	0.57693099975585938,
				"bytes":	6553600,
				"bits_per_second":	90875338.683805108,
				"retransmits":	0,
				"omitted":	false
			}
		}],
	"end":	{
		"streams":	[{
				"sender":	{
					"socket":	6,
					"start":	0,
					"end":	6.5770421028137207,
					"seconds":	6.5770421028137207,
					"bytes":	77909160,
					"bits_per_second":	94764982.534224287,
					"retransmits":	0,
					"max_snd_cwnd":	3505608,
					"max_rtt":	335774,
					"min_rtt":	66872,
					"mean_rtt":	206001
				},
				"receiver":	{
					"socket":	6,
					"start":	0,
					"end":	6.9552710056304932,
					"seconds":	6.5770421028137207,
					"bytes":	69464904,
					"bits_per_second":	79899004.877039179
				}
			}],
		"sum_sent":	{
			"start":	0,
			"end":	6.5770421028137207,
			"seconds":	6.5770421028137207,
			"bytes":	77909160,
			"bits_per_second":	94764982.534224287,
			"retransmits":	0
		},
		"sum_received":	{
			"start":	0,
			"end":	6.9552710056304932,
			"seconds":	6.9552710056304932,
			"bytes":	69464904,
			"bits_per_second":	79899004.877039179
		},
		"cpu_utilization_percent":	{
			"host_total":	0.7196169288680716,
			"host_user":	0.11737331012739677,
			"host_system":	0.60222868954834108,
			"remote_total":	1.0915565242412508,
			"remote_user":	0.13279286791933709,
			"remote_system":	0.95876365632191385
		},
		"sender_tcp_congestion":	"cubic",
		"receiver_tcp_congestion":	"cubic"
	}
}
