{
	"start":	{
		"connected":	[{
				"socket":	6,
				"local_host":	"192.168.17.2",
				"local_port":	35622,
				"remote_host":	"192.168.23.1",
				"remote_port":	5007
			}],
		"version":	"iperf 3.6",
		"system_info":	"Linux ba-thesis 4.19.0-23-amd64 #1 SMP Debian 4.19.269-1 (2022-12-20) x86_64",
		"timestamp":	{
			"time":	"Mon, 12 Jun 2023 22:37:26 GMT",
			"timesecs":	1686609446
		},
		"connecting_to":	{
			"host":	"h4",
			"port":	5007
		},
		"cookie":	"muuklz2o5k6nh5xhnofigx3b3kubqvfrcrze",
		"tcp_mss_default":	1448,
		"sock_bufsize":	0,
		"sndbuf_actual":	87380,
		"rcvbuf_actual":	87380,
		"test_start":	{
			"protocol":	"TCP",
			"num_streams":	1,
			"blksize":	131072,
			"omit":	0,
			"duration":	0,
			"bytes":	140624896,
			"blocks":	0,
			"reverse":	0,
			"tos":	0
		}
	},
	"intervals":	[{
			"streams":	[{
					"socket":	6,
					"start":	0,
					"end":	1.0004971027374268,
					"seconds":	1.0004971027374268,
					"bytes":	79640,
					"bits_per_second":	636803.44326515007,
					"retransmits":	0,
					"snd_cwnd":	14480,
					"rtt":	413699,
					"rttvar":	163545,
					"pmtu":	1500,
					"omitted":	false
				}],
			"sum":	{
				"start":	0,
				"end":	1.0004971027374268,
				"seconds":	1.0004971027374268,
				"bytes":	79640,
				"bits_per_second":	636803.44326515007,
				"retransmits":	0,
				"omitted":	false
			}
		}, {
			"streams":	[{
					"socket":	6,
					"start":	1.0004971027374268,
					"end":	2.0003499984741211,
					"seconds":	0.99985289573669434,
					"bytes":	173760,
					"bits_per_second":	1390284.5167796263,
					"retransmits":	0,
					"snd_cwnd":	57920,
					"rtt":	581365,
					"rttvar":	64306,
					"pmtu":	1500,
					"omitted":	false
				}],
			"sum":	{
				"start":	1.0004971027374268,
				"end":	2.0003499984741211,
				"seconds":	0.99985289573669434,
				"bytes":	173760,
				"bits_per_second":	1390284.5167796263,
				"retransmits":	0,
				"omitted":	false
			}
		}, {
			"streams":	[{
					"socket":	6,
					"start":	2.0003499984741211,
					"end":	3.000291109085083,
					"seconds":	0.99994111061096191,
					"bytes":	312768,
					"bits_per_second":	2502291.3584092921,
					"retransmits":	0,
					"snd_cwnd":	70952,
					"rtt":	436911,
					"rttvar":	14939,
					"pmtu":	1500,
					"omitted":	false
				}],
			"sum":	{
				"start":	2.0003499984741211,
				"end":	3.000291109085083,
				"seconds":	0.99994111061096191,
				"bytes":	312768,
				"bits_per_second":	2502291.3584092921,
				"retransmits":	0,
				"omitted":	false
			}
		}, {
			"streams":	[{
					"socket":	6,
					"start":	3.000291109085083,
					"end":	4.0002861022949219,
					"seconds":	0.99999499320983887,
					"bytes":	195480,
					"bits_per_second":	1563847.829857928,
					"retransmits":	0,
					"snd_cwnd":	78192,
					"rtt":	470697,
					"rttvar":	1610,
					"pmtu":	1500,
					"omitted":	false
				}],
			"sum":	{
				"start":	3.000291109085083,
				"end":	4.0002861022949219,
				"seconds":	0.99999499320983887,
				"bytes":	195480,
				"bits_per_second":	1563847.829857928,
				"retransmits":	0,
				"omitted":	false
			}
		}, {
			"streams":	[{
					"socket":	6,
					"start":	4.0002861022949219,
					"end":	5.0003330707550049,
					"seconds":	1.000046968460083,
					"bytes":	195480,
					"bits_per_second":	1563766.5522931095,
					"retransmits":	0,
					"snd_cwnd":	86880,
					"rtt":	518905,
					"rttvar":	995,
					"pmtu":	1500,
					"omitted":	false
				}],
			"sum":	{
				"start":	4.0002861022949219,
				"end":	5.0003330707550049,
				"seconds":	1.000046968460083,
				"bytes":	195480,
				"bits_per_second":	1563766.5522931095,
				"retransmits":	0,
				"omitted":	false
			}
		}, {
			"streams":	[{
					"socket":	6,
					"start":	5.0003330707550049,
					"end":	6.0000691413879395,
					"seconds":	0.99973607063293457,
					"bytes":	195480,
					"bits_per_second":	1564252.8522652288,
					"retransmits":	0,
					"snd_cwnd":	98464,
					"rtt":	574320,
					"rttvar":	3388,
					"pmtu":	1500,
					"omitted":	false
				}],
			"sum":	{
				"start":	5.0003330707550049,
				"end":	6.0000691413879395,
				"seconds":	0.99973607063293457,
				"bytes":	195480,
				"bits_per_second":	1564252.8522652288,
				"retransmits":	0,
				"omitted":	false
			}
		}, {
			"streams":	[{
					"socket":	6,
					"start":	6.0000691413879395,
					"end":	7.0009720325469971,
					"seconds":	1.0009028911590576,
					"bytes":	0,
					"bits_per_second":	0,
					"retransmits":	0,
					"snd_cwnd":	112944,
					"rtt":	601900,
					"rttvar":	1263,
					"pmtu":	1500,
					"omitted":	false
				}],
			"sum":	{
				"start":	6.0000691413879395,
				"end":	7.0009720325469971,
				"seconds":	1.0009028911590576,
				"bytes":	0,
				"bits_per_second":	0,
				"retransmits":	0,
				"omitted":	false
			}
		}, {
			"streams":	[{
					"socket":	6,
					"start":	7.0009720325469971,
					"end":	8.0001800060272217,
					"seconds":	0.99920797348022461,
					"bytes":	586440,
					"bits_per_second":	4695238.7536095362,
					"retransmits":	0,
					"snd_cwnd":	166520,
					"rtt":	669894,
					"rttvar":	11796,
					"pmtu":	1500,
					"omitted":	false
				}],
			"sum":	{
				"start":	7.0009720325469971,
				"end":	8.0001800060272217,
				"seconds":	0.99920797348022461,
				"bytes":	586440,
				"bits_per_second":	4695238.7536095362,
				"retransmits":	0,
				"omitted":	false
			}
		}, {
			"streams":	[{
					"socket":	6,
					"start":	8.0001800060272217,
					"end":	9.00055718421936,
					"seconds":	1.0003771781921387,
					"bytes":	390960,
					"bits_per_second":	3126500.7520986032,
					"retransmits":	0,
					"snd_cwnd":	208512,
					"rtt":	697722,
					"rttvar":	1514,
					"pmtu":	1500,
					"omitted":	false
				}],
			"sum":	{
				"start":	8.0001800060272217,
				"end":	9.00055718421936,
				"seconds":	1.0003771781921387,
				"bytes":	390960,
				"bits_per_second":	3126500.7520986032,
				"retransmits":	0,
				"omitted":	false
			}
		}, {
			"streams":	[{
					"socket":	6,
					"start":	9.00055718421936,
					"end":	10.000156164169312,
					"seconds":	0.99959897994995117,
					"bytes":	1172880,
					"bits_per_second":	9386804.2967288736,
					"retransmits":	0,
					"snd_cwnd":	325800,
					"rtt":	713732,
					"rttvar":	751,
					"pmtu":	1500,
					"omitted":	false
				}],
			"sum":	{
				"start":	9.00055718421936,
				"end":	10.000156164169312,
				"seconds":	0.99959897994995117,
				"bytes":	1172880,
				"bits_per_second":	9386804.2967288736,
				"retransmits":	0,
				"omitted":	false
			}
		}, {
			"streams":	[{
					"socket":	6,
					"start":	10.000156164169312,
					"end":	11.000444173812866,
					"seconds":	1.0002880096435547,
					"bytes":	847080,
					"bits_per_second":	6774688.8242865233,
					"retransmits":	0,
					"snd_cwnd":	403992,
					"rtt":	717087,
					"rttvar":	7676,
					"pmtu":	1500,
					"omitted":	false
				}],
			"sum":	{
				"start":	10.000156164169312,
				"end":	11.000444173812866,
				"seconds":	1.0002880096435547,
				"bytes":	847080,
				"bits_per_second":	6774688.8242865233,
				"retransmits":	0,
				"omitted":	false
			}
		}, {
			"streams":	[{
					"socket":	6,
					"start":	11.000444173812866,
					"end":	12.000050067901611,
					"seconds":	0.99960589408874512,
					"bytes":	13671080,
					"bits_per_second":	109411759.82130638,
					"retransmits":	0,
					"snd_cwnd":	1020840,
					"rtt":	80542,
					"rttvar":	397,
					"pmtu":	1500,
					"omitted":	false
				}],
			"sum":	{
				"start":	11.000444173812866,
				"end":	12.000050067901611,
				"seconds":	0.99960589408874512,
				"bytes":	13671080,
				"bits_per_second":	109411759.82130638,
				"retransmits":	0,
				"omitted":	false
			}
		}, {
			"streams":	[{
					"socket":	6,
					"start":	12.000050067901611,
					"end":	13.000072002410889,
					"seconds":	1.0000219345092773,
					"bytes":	14417920,
					"bits_per_second":	115340830.05549309,
					"retransmits":	0,
					"snd_cwnd":	1617416,
					"rtt":	128155,
					"rttvar":	552,
					"pmtu":	1500,
					"omitted":	false
				}],
			"sum":	{
				"start":	12.000050067901611,
				"end":	13.000072002410889,