{
	"start":	{
		"connected":	[{
				"socket":	6,
				"local_host":	"192.168.15.1",
				"local_port":	51940,
				"remote_host":	"192.168.15.2",
				"remote_port":	5004
			}],
		"version":	"iperf 3.6",
		"system_info":	"Linux ba-thesis 4.19.0-23-amd64 #1 SMP Debian 4.19.269-1 (2022-12-20) x86_64",
		"timestamp":	{
			"time":	"Sun, 11 Jun 2023 06:23:33 GMT",
			"timesecs":	1686464613
		},
		"connecting_to":	{
			"host":	"h8",
			"port":	5004
		},
		"cookie":	"dlgvm4ehht3wpzogvtqs74jntjhju7oz7nno",
		"tcp_mss_default":	1448,
		"sock_bufsize":	0,
		"sndbuf_actual":	87380,
		"rcvbuf_actual":	87380,
		"test_start":	{
			"protocol":	"TCP",
			"num_streams":	1,
			"blksize":	131072,
			"omit":	0,
			"duration":	0,
			"bytes":	4100458,
			"blocks":	0,
			"reverse":	0,
			"tos":	0
		}
	},
	"intervals":	[{
			"streams":	[{
					"socket":	6,
					"start":	0,
					"end":	1.0000951290130615,
					"seconds":	1.0000951290130615,
					"bytes":	1747736,
					"bits_per_second":	13980558.04331129,
					"retransmits":	0,
					"snd_cwnd":	157832,
					"rtt":	104950,
					"rttvar":	66,
					"pmtu":	1500,
					"omitted":	false
				}],
			"sum":	{
				"start":	0,
				"end":	1.0000951290130615,
				"seconds":	1.0000951290130615,
				"bytes":	1747736,
				"bits_per_second":	13980558.04331129,
				"retransmits":	0,
				"omitted":	false
			}
		}, {
			"streams":	[{
					"socket":	6,
					"start":	1.0000951290130615,
					"end":	2.0002429485321045,
					"seconds":	1.000147819519043,
					"bytes":	1563840,
					"bits_per_second":	12508870.944713183,
					"retransmits":	0,
					"snd_cwnd":	221544,
					"rtt":	149321,
					"rttvar":	2187,
					"pmtu":	1500,
					"omitted":	false
				}],
			"sum":	{
				"start":	1.0000951290130615,
				"end":	2.0002429485321045,
				"seconds":	1.000147819519043,
				"bytes":	1563840,
				"bits_per_second":	12508870.944713183,
				"retransmits":	0,
				"omitted":	false
			}
		}, {
			"streams":	[{
					"socket":	6,
					"start":	2.0002429485321045,
					"end":	2.3880419731140137,
					"seconds":	0.38779902458190918,
					"bytes":	977400,
					"bits_per_second":	20163021.318658482,
					"retransmits":	0,
					"snd_cwnd":	249056,
					"rtt":	170393,
					"rttvar":	323,
					"pmtu":	1500,
					"omitted":	false
				}],
			"sum":	{
				"start":	2.0002429485321045,
				"end":	2.3880419731140137,
				"seconds":	0.38779902458190918,
				"bytes":	977400,
				"bits_per_second":	20163021.318658482,
				"retransmits":	0,
				"omitted":	false
			}
		}],
	"end":	{
		"streams":	[{
				"sender":	{
					"socket":	6,
					"start":	0,
					"end":	2.3880419731140137,
					"seconds":	2.3880419731140137,
					"bytes":	4288976,
					"bits_per_second":	14368176.26587078,
					"retransmits":	0,
					"max_snd_cwnd":	249056,
					"max_rtt":	170393,
					"min_rtt":	104950,
					"mean_rtt":	141554
				},
				"receiver":	{
					"socket":	6,
					"start":	0,
					"end":	2.4538121223449707,
					"seconds":	2.3880419731140137,
					"bytes":	3156640,
					"bits_per_second":	10291382.852843277
				}
			}],
		"sum_sent":	{
			"start":	0,
			"end":	2.3880419731140137,
			"seconds":	2.3880419731140137,
			"bytes":	4288976,
			"bits_per_second":	14368176.26587078,
			"retransmits":	0
		},
		"sum_received":	{
			"start":	0,
			"end":	2.4538121223449707,
			"seconds":	2.4538121223449707,
			"bytes":	3156640,
			"bits_per_second":	10291382.852843277
		},
		"cpu_utilization_percent":	{
			"host_total":	4.1122404635799894,
			"host_user":	0.22188241122108,
			"host_system":	3.8903951316388596,
			"remote_total":	0.3182597670283715,
			"remote_user":	0.3182597670283715,
			"remote_system":	0
		},
		"sender_tcp_congestion":	"cubic",
		"receiver_tcp_congestion":	"cubic"
	}
}
