{
	"start":	{
		"connected":	[{
				"socket":	6,
				"local_host":	"192.168.11.2",
				"local_port":	52900,
				"remote_host":	"192.168.23.1",
				"remote_port":	5007
			}],
		"version":	"iperf 3.6",
		"system_info":	"Linux ba-thesis 4.19.0-23-amd64 #1 SMP Debian 4.19.269-1 (2022-12-20) x86_64",
		"timestamp":	{
			"time":	"Tue, 13 Jun 2023 01:11:42 GMT",
			"timesecs":	1686618702
		},
		"connecting_to":	{
			"host":	"h5",
			"port":	5007
		},
		"cookie":	"pzwkfzphzvkhiyesbduuhzatkc5ecf3zbnll",
		"tcp_mss_default":	1448,
		"sock_bufsize":	0,
		"sndbuf_actual":	87380,
		"rcvbuf_actual":	87380,
		"test_start":	{
			"protocol":	"TCP",
			"num_streams":	1,
			"blksize":	131072,
			"omit":	0,
			"duration":	0,
			"bytes":	94798848,
			"blocks":	0,
			"reverse":	0,
			"tos":	0
		}
	},
	"intervals":	[{
			"streams":	[{
					"socket":	6,
					"start":	0,
					"end":	1.0000710487365723,
					"seconds":	1.0000710487365723,
					"bytes":	16950192,
					"bits_per_second":	135591902.36664742,
					"retransmits":	0,
					"snd_cwnd":	1400216,
					"rtt":	110568,
					"rttvar":	414,
					"pmtu":	1500,
					"omitted":	false
				}],
			"sum":	{
				"start":	0,
				"end":	1.0000710487365723,
				"seconds":	1.0000710487365723,
				"bytes":	16950192,
				"bits_per_second":	135591902.36664742,
				"retransmits":	0,
				"omitted":	false
			}
		}, {
			"streams":	[{
					"socket":	6,
					"start":	1.0000710487365723,
					"end":	2.0000700950622559,
					"seconds":	0.99999904632568359,
					"bytes":	14417920,
					"bits_per_second":	115343470.0001049,
					"retransmits":	0,
					"snd_cwnd":	1996792,
					"rtt":	158215,
					"rttvar":	316,
					"pmtu":	1500,
					"omitted":	false
				}],
			"sum":	{
				"start":	1.0000710487365723,
				"end":	2.0000700950622559,
				"seconds":	0.99999904632568359,
				"bytes":	14417920,
				"bits_per_second":	115343470.0001049,
				"retransmits":	0,
				"omitted":	false
			}
		}, {
			"streams":	[{
					"socket":	6,
					"start":	2.0000700950622559,
					"end":	3.0000691413879395,
					"seconds":	0.99999904632568359,
					"bytes":	14417920,
					"bits_per_second":	115343470.0001049,
					"retransmits":	0,
					"snd_cwnd":	2594816,
					"rtt":	205992,
					"rttvar":	316,
					"pmtu":	1500,
					"omitted":	false
				}],
			"sum":	{
				"start":	2.0000700950622559,
				"end":	3.0000691413879395,
				"seconds":	0.99999904632568359,
				"bytes":	14417920,
				"bits_per_second":	115343470.0001049,
				"retransmits":	0,
				"omitted":	false
			}
		}, {
			"streams":	[{
					"socket":	6,
					"start":	3.0000691413879395,
					"end":	4.0000510215759277,
					"seconds":	0.99998188018798828,
					"bytes":	11796480,
					"bits_per_second":	94373550.030985445,
					"retransmits":	0,
					"snd_cwnd":	3192840,
					"rtt":	254129,
					"rttvar":	437,
					"pmtu":	1500,
					"omitted":	false
				}],
			"sum":	{
				"start":	3.0000691413879395,
				"end":	4.0000510215759277,
				"seconds":	0.99998188018798828,
				"bytes":	11796480,
				"bits_per_second":	94373550.030985445,
				"retransmits":	0,
				"omitted":	false
			}
		}, {
			"streams":	[{
					"socket":	6,
					"start":	4.0000510215759277,
					"end":	5.0001130104064941,
					"seconds":	1.0000619888305664,
					"bytes":	11796480,
					"bits_per_second":	94365990.362612188,
					"retransmits":	0,
					"snd_cwnd":	3789416,
					"rtt":	301048,
					"rttvar":	308,
					"pmtu":	1500,
					"omitted":	false
				}],
			"sum":	{
				"start":	4.0000510215759277,
				"end":	5.0001130104064941,
				"seconds":	1.0000619888305664,
				"bytes":	11796480,
				"bits_per_second":	94365990.362612188,
				"retransmits":	0,
				"omitted":	false
			}
		}, {
			"streams":	[{
					"socket":	6,
					"start":	5.0001130104064941,
					"end":	6.0000679492950439,
					"seconds":	0.9999549388885498,
					"bytes":	13107200,
					"bits_per_second":	104862325.21292335,
					"retransmits":	0,
					"snd_cwnd":	4387440,
					"rtt":	348791,
					"rttvar":	398,
					"pmtu":	1500,
					"omitted":	false
				}],
			"sum":	{
				"start":	5.0001130104064941,
				"end":	6.0000679492950439,
				"seconds":	0.9999549388885498,
				"bytes":	13107200,
				"bits_per_second":	104862325.21292335,
				"retransmits":	0,
				"omitted":	false
			}
		}, {
			"streams":	[{
					"socket":	6,
					"start":	6.0000679492950439,
					"end":	7.0000760555267334,
					"seconds":	1.0000081062316895,
					"bytes":	11796480,
					"bits_per_second":	94371075.006201223,
					"retransmits":	0,
					"snd_cwnd":	4982568,
					"rtt":	396287,
					"rttvar":	637,
					"pmtu":	1500,
					"omitted":	false
				}],
			"sum":	{
				"start":	6.0000679492950439,
				"end":	7.0000760555267334,
				"seconds":	1.0000081062316895,
				"bytes":	11796480,
				"bits_per_second":	94371075.006201223,
				"retransmits":	0,
				"omitted":	false
			}
		}, {
			"streams":	[{
					"socket":	6,
					"start":	7.0000760555267334,
					"end":	7.0951089859008789,
					"seconds":	0.095032930374145508,
					"bytes":	1310720,
					"bits_per_second":	110338173.92263363,
					"retransmits":	0,
					"snd_cwnd":	5039040,
					"rtt":	400708,
					"rttvar":	410,
					"pmtu":	1500,
					"omitted":	false
				}],
			"sum":	{
				"start":	7.0000760555267334,
				"end":	7.0951089859008789,
				"seconds":	0.095032930374145508,
				"bytes":	1310720,
				"bits_per_second":	110338173.92263363,
				"retransmits":	0,
				"omitted":	false
			}
		}],
	"end":	{
		"streams":	[{
				"sender":	{
					"socket":	6,
					"start":	0,
					"end":	7.0951089859008789,
					"seconds":	7.0951089859008789,
					"bytes":	95593392,
					"bits_per_second":	107785114.72053148,
					"retransmits":	0,
					"max_snd_cwnd":	5039040,
					"max_rtt":	400708,
					"min_rtt":	110568,
					"mean_rtt":	271967
				},
				"receiver":	{
					"socket":	6,
					"start":	0,
					"end":	7.538438081741333,
					"seconds":	7.0951089859008789,
					"bytes":	88746472,
					"bits_per_second":	94180222.5211089
				}
			}],
		"sum_sent":	{
			"start":	0,
			"end":	7.0951089859008789,
			"seconds":	7.0951089859008789,
			"bytes":	95593392,
			"bits_per_second":	107785114.72053148,
			"retransmits":	0
		},
		"sum_received":	{
			"start":	0,
			"end":	7.538438081741333,
			"seconds":	7.538438081741333,
			"bytes":	88746472,
			"bits_per_second":	94180222.5211089
		},
		"cpu_utilization_percent":	{
			"host_total":	0.78701246256863389,
			"host_user":	0.025080495858343821,
			"host_system":	0.76194573963497891,
			"remote_total":	0.12068562263817764,
			"remote_user":	0.014647765176846544,
			"remote_system":	0.1060378574613311
		},
		"sender_tcp_congestion":	"cubic",
		"receiver_tcp_congestion":	"cubic"
	}
}
