{
	"start":	{
		"connected":	[{
				"socket":	6,
				"local_host":	"192.168.37.1",
				"local_port":	44274,
				"remote_host":	"192.168.37.2",
				"remote_port":	5018
			}],
		"version":	"iperf 3.6",
		"system_info":	"Linux ba-thesis 4.19.0-23-amd64 #1 SMP Debian 4.19.269-1 (2022-12-20) x86_64",
		"timestamp":	{
			"time":	"Sun, 04 Jun 2023 17:21:09 GMT",
			"timesecs":	1685899269
		},
		"connecting_to":	{
			"host":	"h14",
			"port":	5018
		},
		"cookie":	"ta2oqyodtgr7gm6ntffo4vsaxfjmfbinnheg",
		"tcp_mss_default":	1448,
		"sock_bufsize":	0,
		"sndbuf_actual":	87380,
		"rcvbuf_actual":	87380,
		"test_start":	{
			"protocol":	"TCP",
			"num_streams":	1,
			"blksize":	131072,
			"omit":	0,
			"duration":	0,
			"bytes":	37354181,
			"blocks":	0,
			"reverse":	0,
			"tos":	0
		}
	},
	"intervals":	[{
			"streams":	[{
					"socket":	6,
					"start":	0,
					"end":	1.0000729560852051,
					"seconds":	1.0000729560852051,
					"bytes":	14597848,
					"bits_per_second":	116774264.60680158,
					"retransmits":	0,
					"snd_cwnd":	757304,
					"rtt":	59883,
					"rttvar":	260,
					"pmtu":	1500,
					"omitted":	false
				}],
			"sum":	{
				"start":	0,
				"end":	1.0000729560852051,
				"seconds":	1.0000729560852051,
				"bytes":	14597848,
				"bits_per_second":	116774264.60680158,
				"retransmits":	0,
				"omitted":	false
			}
		}, {
			"streams":	[{
					"socket":	6,
					"start":	1.0000729560852051,
					"end":	2.0000958442687988,
					"seconds":	1.0000228881835938,
					"bytes":	14417920,
					"bits_per_second":	115340720.06042342,
					"retransmits":	0,
					"snd_cwnd":	1352432,
					"rtt":	107185,
					"rttvar":	341,
					"pmtu":	1500,
					"omitted":	false
				}],
			"sum":	{
				"start":	1.0000729560852051,
				"end":	2.0000958442687988,
				"seconds":	1.0000228881835938,
				"bytes":	14417920,
				"bits_per_second":	115340720.06042342,
				"retransmits":	0,
				"omitted":	false
			}
		}, {
			"streams":	[{
					"socket":	6,
					"start":	2.0000958442687988,
					"end":	2.6172788143157959,
					"seconds":	0.61718297004699707,
					"bytes":	9175040,
					"bits_per_second":	118927973.6516559,
					"retransmits":	0,
					"snd_cwnd":	1720224,
					"rtt":	136661,
					"rttvar":	410,
					"pmtu":	1500,
					"omitted":	false
				}],
			"sum":	{
				"start":	2.0000958442687988,
				"end":	2.6172788143157959,
				"seconds":	0.61718297004699707,
				"bytes":	9175040,
				"bits_per_second":	118927973.6516559,
				"retransmits":	0,
				"omitted":	false
			}
		}],
	"end":	{
		"streams":	[{
				"sender":	{
					"socket":	6,
					"start":	0,
					"end":	2.6172788143157959,
					"seconds":	2.6172788143157959,
					"bytes":	38190808,
					"bits_per_second":	116734396.93503581,
					"retransmits":	0,
					"max_snd_cwnd":	1720224,
					"max_rtt":	136661,
					"min_rtt":	59883,
					"mean_rtt":	101243
				},
				"receiver":	{
					"socket":	6,
					"start":	0,
					"end":	2.79231595993042,
					"seconds":	2.6172788143157959,
					"bytes":	31980528,
					"bits_per_second":	91624381.9364823
				}
			}],
		"sum_sent":	{
			"start":	0,
			"end":	2.6172788143157959,
			"seconds":	2.6172788143157959,
			"bytes":	38190808,
			"bits_per_second":	116734396.93503581,
			"retransmits":	0
		},
		"sum_received":	{
			"start":	0,
			"end":	2.79231595993042,
			"seconds":	2.79231595993042,
			"bytes":	31980528,
			"bits_per_second":	91624381.9364823
		},
		"cpu_utilization_percent":	{
			"host_total":	1.2860698760252294,
			"host_user":	0,
			"host_system":	1.2861063789168059,
			"remote_total":	1.4795712705811825,
			"remote_user":	0.22373584424622656,
			"remote_system":	1.2558009736333475
		},
		"sender_tcp_congestion":	"cubic",
		"receiver_tcp_congestion":	"cubic"
	}
}
