{
	"start":	{
		"connected":	[{
				"socket":	6,
				"local_host":	"192.168.0.1",
				"local_port":	41904,
				"remote_host":	"192.168.0.2",
				"remote_port":	5005
			}],
		"version":	"iperf 3.6",
		"system_info":	"Linux ba-thesis 4.19.0-23-amd64 #1 SMP Debian 4.19.269-1 (2022-12-20) x86_64",
		"timestamp":	{
			"time":	"Sun, 04 Jun 2023 17:21:28 GMT",
			"timesecs":	1685899288
		},
		"connecting_to":	{
			"host":	"h0",
			"port":	5005
		},
		"cookie":	"zbhzvvan3fsmsbrxdk7y53ad6csc4x4afsk3",
		"tcp_mss_default":	1448,
		"sock_bufsize":	0,
		"sndbuf_actual":	87380,
		"rcvbuf_actual":	87380,
		"test_start":	{
			"protocol":	"TCP",
			"num_streams":	1,
			"blksize":	131072,
			"omit":	0,
			"duration":	0,
			"bytes":	276341783,
			"blocks":	0,
			"reverse":	0,
			"tos":	0
		}
	},
	"intervals":	[{
			"streams":	[{
					"socket":	6,
					"start":	0,
					"end":	1.0000808238983154,
					"seconds":	1.0000808238983154,
					"bytes":	15284480,
					"bits_per_second":	122265957.98864409,
					"retransmits":	0,
					"snd_cwnd":	797848,
					"rtt":	62857,
					"rttvar":	557,
					"pmtu":	1500,
					"omitted":	false
				}],
			"sum":	{
				"start":	0,
				"end":	1.0000808238983154,
				"seconds":	1.0000808238983154,
				"bytes":	15284480,
				"bits_per_second":	122265957.98864409,
				"retransmits":	0,
				"omitted":	false
			}
		}, {
			"streams":	[{
					"socket":	6,
					"start":	1.0000808238983154,
					"end":	2.0000908374786377,
					"seconds":	1.0000100135803223,
					"bytes":	14417920,
					"bits_per_second":	115342205.01156557,
					"retransmits":	0,
					"snd_cwnd":	1395872,
					"rtt":	110583,
					"rttvar":	543,
					"pmtu":	1500,
					"omitted":	false
				}],
			"sum":	{
				"start":	1.0000808238983154,
				"end":	2.0000908374786377,
				"seconds":	1.0000100135803223,
				"bytes":	14417920,
				"bits_per_second":	115342205.01156557,
				"retransmits":	0,
				"omitted":	false
			}
		}, {
			"streams":	[{
					"socket":	6,
					"start":	2.0000908374786377,
					"end":	3.0000438690185547,
					"seconds":	0.999953031539917,
					"bytes":	14417920,
					"bits_per_second":	115348777.75446358,
					"retransmits":	0,
					"snd_cwnd":	1993896,
					"rtt":	158072,
					"rttvar":	505,
					"pmtu":	1500,
					"omitted":	false
				}],
			"sum":	{
				"start":	2.0000908374786377,
				"end":	3.0000438690185547,
				"seconds":	0.999953031539917,
				"bytes":	14417920,
				"bits_per_second":	115348777.75446358,
				"retransmits":	0,
				"omitted":	false
			}
		}, {
			"streams":	[{
					"socket":	6,
					"start":	3.0000438690185547,
					"end":	4.0000879764556885,
					"seconds":	1.0000441074371338,
					"bytes":	14417920,
					"bits_per_second":	115338272.72438669,
					"retransmits":	0,
					"snd_cwnd":	2591920,
					"rtt":	205748,
					"rttvar":	393,
					"pmtu":	1500,
					"omitted":	false
				}],
			"sum":	{
				"start":	3.0000438690185547,
				"end":	4.0000879764556885,
				"seconds":	1.0000441074371338,
				"bytes":	14417920,
				"bits_per_second":	115338272.72438669,
				"retransmits":	0,
				"omitted":	false
			}
		}, {
			"streams":	[{
					"socket":	6,
					"start":	4.0000879764556885,
					"end":	5.000108003616333,
					"seconds":	1.0000200271606445,
					"bytes":	11796480,
					"bits_per_second":	94369950.037850574,
					"retransmits":	0,
					"snd_cwnd":	3188496,
					"rtt":	252996,
					"rttvar":	249,
					"pmtu":	1500,
					"omitted":	false
				}],
			"sum":	{
				"start":	4.0000879764556885,
				"end":	5.000108003616333,
				"seconds":	1.0000200271606445,
				"bytes":	11796480,
				"bits_per_second":	94369950.037850574,
				"retransmits":	0,
				"omitted":	false
			}
		}, {
			"streams":	[{
					"socket":	6,
					"start":	5.000108003616333,
					"end":	6.00010085105896,
					"seconds":	0.999992847442627,
					"bytes":	11796480,
					"bits_per_second":	94372515.004828,
					"retransmits":	0,
					"snd_cwnd":	3786520,
					"rtt":	301043,
					"rttvar":	686,
					"pmtu":	1500,
					"omitted":	false
				}],
			"sum":	{
				"start":	5.000108003616333,
				"end":	6.00010085105896,
				"seconds":	0.999992847442627,
				"bytes":	11796480,
				"bits_per_second":	94372515.004828,
				"retransmits":	0,
				"omitted":	false
			}
		}, {
			"streams":	[{
					"socket":	6,
					"start":	6.00010085105896,
					"end":	7.0000648498535156,
					"seconds":	0.99996399879455566,
					"bytes":	11796480,
					"bits_per_second":	94375237.6223185,
					"retransmits":	0,
					"snd_cwnd":	4384544,
					"rtt":	348787,
					"rttvar":	432,
					"pmtu":	1500,
					"omitted":	false
				}],
			"sum":	{
				"start":	6.00010085105896,
				"end":	7.0000648498535156,
				"seconds":	0.99996399879455566,
				"bytes":	11796480,
				"bits_per_second":	94375237.6223185,
				"retransmits":	0,
				"omitted":	false
			}
		}, {
			"streams":	[{
					"socket":	6,
					"start":	7.0000648498535156,
					"end":	8.0000720024108887,
					"seconds":	1.000007152557373,
					"bytes":	13107200,
					"bits_per_second":	104856850.00536437,
					"retransmits":	0,
					"snd_cwnd":	4982568,
					"rtt":	396192,
					"rttvar":	671,
					"pmtu":	1500,
					"omitted":	false
				}],
			"sum":	{
				"start":	7.0000648498535156,
				"end":	8.0000720024108887,
				"seconds":	1.000007152557373,
				"bytes":	13107200,
				"bits_per_second":	104856850.00536437,
				"retransmits":	0,
				"omitted":	false
			}
		}, {
			"streams":	[{
					"socket":	6,
					"start":	8.0000720024108887,
					"end":	9.0000360012054443,
					"seconds":	0.99996399879455566,
					"bytes":	11796480,
					"bits_per_second":	94375237.6223185,
					"retransmits":	0,
					"snd_cwnd":	5579144,
					"rtt":	443602,
					"rttvar":	308,
					"pmtu":	1500,
					"omitted":	false
				}],
			"sum":	{
				"start":	8.0000720024108887,
				"end":	9.0000360012054443,
				"seconds":	0.99996399879455566,
				"bytes":	11796480,
				"bits_per_second":	94375237.6223185,
				"retransmits":	0,
				"omitted":	false
			}
		}, {
			"streams":	[{
					"socket":	6,
					"start":	9.0000360012054443,
					"end":	10.000118970870972,
					"seconds":	1.0000829696655273,
					"bytes":	10485760,
					"bits_per_second":	83879120.577420965,
					"retransmits":	0,
					"snd_cwnd":	6156896,
					"rtt":	522463,
					"rttvar":	550,
					"pmtu":	1500,
					"omitted":	false
				}],
			"sum":	{
				"start":	9.0000360012054443,
				"end":	10.000118970870972,
				"seconds":	1.0000829696655273,
				"bytes":	10485760,
				"bits_per_second":	83879120.577420965,
				"retransmits":	0,
				"omitted":	false
			}
		}, {
			"streams":	[{
					"socket":	6,
					"start":	10.000118970870972,
					"end":	11.000114917755127,
					"seconds":	0.99999594688415527,
					"bytes":	11796480,
					"bits_per_second":	94372222.501550317,
					"retransmits":	0,
					"snd_cwnd":	6754920,
					"rtt":	537351,
					"rttvar":	432,
					"pmtu":	1500,
					"omitted":	false
				}],
			"sum":	{
				"start":	10.000118970870972,
				"end":	11.000114917755127,
				"seconds":	0.99999594688415527,
				"bytes":	11796480,
				"bits_per_second":	94372222.501550317,
				"retransmits":	0,
				"omitted":	false
			}
		}, {
			"streams":	[{
					"socket":	6,
					"start":	11.000114917755127,
					"end":	12.000123977661133,
					"seconds":	1.0000090599060059,
					"bytes":	11796480,
					"bits_per_second":	94370985.007746145,
					"retransmits":	0,
					"snd_cwnd":	7341360,
					"rtt":	585253,
					"rttvar":	290,
					"pmtu":	1500,
					"omitted":	false
				}],
			"sum":	{
				"start":	11.000114917755127,
				"end":	12.000123977661133,
				"seconds":	1.0000090599060059,
				"bytes":	11796480,
				"bits_per_second":	94370985.007746145,
				"retransmits":	0,
				"omitted":	false
			}
		}, {
			"streams":	[{
					"socket":	6,
					"start":	12.000123977661133,
					"end":	13.000062942504883,
					"seconds":	0.99993896484375,
					"bytes":	11796480,
					"bits_per_second":	94377600.351583958,
					"retransmits":	0,
					"snd_cwnd":	7913320,
					"rtt":	629606,
					"rttvar":	373,
					"pmtu":	1500,
					"omitted":	false
				}],