{
	"start":	{
		"connected":	[{
				"socket":	6,
				"local_host":	"192.168.6.1",
				"local_port":	34062,
				"remote_host":	"192.168.18.1",
				"remote_port":	5007
			}],
		"version":	"iperf 3.6",
		"system_info":	"Linux ba-thesis 4.19.0-23-amd64 #1 SMP Debian 4.19.269-1 (2022-12-20) x86_64",
		"timestamp":	{
			"time":	"Sat, 10 Jun 2023 22:51:31 GMT",
			"timesecs":	1686437491
		},
		"connecting_to":	{
			"host":	"h3",
			"port":	5007
		},
		"cookie":	"biveehq3vmlwc5lpk53w32cfoskfanxjwu7n",
		"tcp_mss_default":	1448,
		"sock_bufsize":	0,
		"sndbuf_actual":	87380,
		"rcvbuf_actual":	87380,
		"test_start":	{
			"protocol":	"TCP",
			"num_streams":	1,
			"blksize":	131072,
			"omit":	0,
			"duration":	0,
			"bytes":	132888357,
			"blocks":	0,
			"reverse":	0,
			"tos":	0
		}
	},
	"intervals":	[{
			"streams":	[{
					"socket":	6,
					"start":	0,
					"end":	1.0000500679016113,
					"seconds":	1.0000500679016113,
					"bytes":	16731544,
					"bits_per_second":	133845650.62913319,
					"retransmits":	0,
					"snd_cwnd":	1878056,
					"rtt":	149676,
					"rttvar":	570,
					"pmtu":	1500,
					"omitted":	false
				}],
			"sum":	{
				"start":	0,
				"end":	1.0000500679016113,
				"seconds":	1.0000500679016113,
				"bytes":	16731544,
				"bits_per_second":	133845650.62913319,
				"retransmits":	0,
				"omitted":	false
			}
		}, {
			"streams":	[{
					"socket":	6,
					"start":	1.0000500679016113,
					"end":	2.0000569820404053,
					"seconds":	1.0000069141387939,
					"bytes":	13107200,
					"bits_per_second":	104856875.00501272,
					"retransmits":	0,
					"snd_cwnd":	2468840,
					"rtt":	197796,
					"rttvar":	641,
					"pmtu":	1500,
					"omitted":	false
				}],
			"sum":	{
				"start":	1.0000500679016113,
				"end":	2.0000569820404053,
				"seconds":	1.0000069141387939,
				"bytes":	13107200,
				"bits_per_second":	104856875.00501272,
				"retransmits":	0,
				"omitted":	false
			}
		}, {
			"streams":	[{
					"socket":	6,
					"start":	2.0000569820404053,
					"end":	3.0000240802764893,
					"seconds":	0.999967098236084,
					"bytes":	13107200,
					"bits_per_second":	104861050.11351483,
					"retransmits":	0,
					"snd_cwnd":	3033560,
					"rtt":	273686,
					"rttvar":	502,
					"pmtu":	1500,
					"omitted":	false
				}],
			"sum":	{
				"start":	2.0000569820404053,
				"end":	3.0000240802764893,
				"seconds":	0.999967098236084,
				"bytes":	13107200,
				"bits_per_second":	104861050.11351483,
				"retransmits":	0,
				"omitted":	false
			}
		}, {
			"streams":	[{
					"socket":	6,
					"start":	3.0000240802764893,
					"end":	4.0000870227813721,
					"seconds":	1.0000629425048828,
					"bytes":	10485760,
					"bits_per_second":	83880800.3323155,
					"retransmits":	0,
					"snd_cwnd":	3573664,
					"rtt":	313465,
					"rttvar":	951,
					"pmtu":	1500,
					"omitted":	false
				}],
			"sum":	{
				"start":	3.0000240802764893,
				"end":	4.0000870227813721,
				"seconds":	1.0000629425048828,
				"bytes":	10485760,
				"bits_per_second":	83880800.3323155,
				"retransmits":	0,
				"omitted":	false
			}
		}, {
			"streams":	[{
					"socket":	6,
					"start":	4.0000870227813721,
					"end":	5.000028133392334,
					"seconds":	0.99994111061096191,
					"bytes":	11796480,
					"bits_per_second":	94377397.827297047,
					"retransmits":	0,
					"snd_cwnd":	4125352,
					"rtt":	353138,
					"rttvar":	431,
					"pmtu":	1500,
					"omitted":	false
				}],
			"sum":	{
				"start":	4.0000870227813721,
				"end":	5.000028133392334,
				"seconds":	0.99994111061096191,
				"bytes":	11796480,
				"bits_per_second":	94377397.827297047,
				"retransmits":	0,
				"omitted":	false
			}
		}, {
			"streams":	[{
					"socket":	6,
					"start":	5.000028133392334,
					"end":	6.0000550746917725,
					"seconds":	1.0000269412994385,
					"bytes":	10485760,
					"bits_per_second":	83883820.0608857,
					"retransmits":	0,
					"snd_cwnd":	4672696,
					"rtt":	411999,
					"rttvar":	1304,
					"pmtu":	1500,
					"omitted":	false
				}],
			"sum":	{
				"start":	5.000028133392334,
				"end":	6.0000550746917725,
				"seconds":	1.0000269412994385,
				"bytes":	10485760,
				"bits_per_second":	83883820.0608857,
				"retransmits":	0,
				"omitted":	false
			}
		}, {
			"streams":	[{
					"socket":	6,
					"start":	6.0000550746917725,
					"end":	7.0001211166381836,
					"seconds":	1.0000660419464111,
					"bytes":	10485760,
					"bits_per_second":	83880540.365848228,
					"retransmits":	0,
					"snd_cwnd":	5234520,
					"rtt":	434292,
					"rttvar":	111,
					"pmtu":	1500,
					"omitted":	false
				}],
			"sum":	{
				"start":	6.0000550746917725,
				"end":	7.0001211166381836,
				"seconds":	1.0000660419464111,
				"bytes":	10485760,
				"bits_per_second":	83880540.365848228,
				"retransmits":	0,
				"omitted":	false
			}
		}, {
			"streams":	[{
					"socket":	6,
					"start":	7.0001211166381836,
					"end":	8.0000729560852051,
					"seconds":	0.99995183944702148,
					"bytes":	13107200,
					"bits_per_second":	104862650.2432225,
					"retransmits":	0,
					"snd_cwnd":	5847024,
					"rtt":	446342,
					"rttvar":	409,
					"pmtu":	1500,
					"omitted":	false
				}],
			"sum":	{
				"start":	7.0001211166381836,
				"end":	8.0000729560852051,
				"seconds":	0.99995183944702148,
				"bytes":	13107200,
				"bits_per_second":	104862650.2432225,
				"retransmits":	0,
				"omitted":	false
			}
		}, {
			"streams":	[{
					"socket":	6,
					"start":	8.0000729560852051,
					"end":	9.0000541210174561,
					"seconds":	0.999981164932251,
					"bytes":	15728640,
					"bits_per_second":	125831490.04463995,
					"retransmits":	0,
					"snd_cwnd":	6630392,
					"rtt":	288790,
					"rttvar":	8230,
					"pmtu":	1500,
					"omitted":	false
				}],
			"sum":	{
				"start":	8.0000729560852051,
				"end":	9.0000541210174561,
				"seconds":	0.999981164932251,
				"bytes":	15728640,
				"bits_per_second":	125831490.04463995,
				"retransmits":	0,
				"omitted":	false
			}
		}, {
			"streams":	[{
					"socket":	6,
					"start":	9.0000541210174561,
					"end":	10.000100135803223,
					"seconds":	1.0000460147857666,
					"bytes":	10485760,
					"bits_per_second":	83882220.1776089,
					"retransmits":	0,
					"snd_cwnd":	7200904,
					"rtt":	602242,
					"rttvar":	980,
					"pmtu":	1500,
					"omitted":	false
				}],
			"sum":	{
				"start":	9.0000541210174561,
				"end":	10.000100135803223,
				"seconds":	1.0000460147857666,
				"bytes":	10485760,
				"bits_per_second":	83882220.1776089,
				"retransmits":	0,
				"omitted":	false
			}
		}, {
			"streams":	[{
					"socket":	6,
					"start":	10.000100135803223,
					"end":	10.605536937713623,
					"seconds":	0.60543680191040039,
					"bytes":	7864320,
					"bits_per_second":	103915982.31471702,
					"retransmits":	0,
					"snd_cwnd":	7545528,
					"rtt":	630402,
					"rttvar":	1093,
					"pmtu":	1500,
					"omitted":	false
				}],
			"sum":	{
				"start":	10.000100135803223,
				"end":	10.605536937713623,
				"seconds":	0.60543680191040039,
				"bytes":	7864320,
				"bits_per_second":	103915982.31471702,
				"retransmits":	0,
				"omitted":	false
			}
		}],
	"end":	{
		"streams":	[{
				"sender":	{
					"socket":	6,
					"start":	0,
					"end":	10.605536937713623,
					"seconds":	10.605536937713623,
					"bytes":	133385624,
					"bits_per_second":	100615838.52538499,
					"retransmits":	0,
					"max_snd_cwnd":	7545528,
					"max_rtt":	630402,
					"min_rtt":	149676,
					"mean_rtt":	372893
				},
				"receiver":	{
					"socket":	6,
					"start":	0,
					"end":	11.20259690284729,
					"seconds":	10.605536937713623,
					"bytes":	129239792,
					"bits_per_second":	92292737.5649137
				}
			}],
		"sum_sent":	{
			"start":	0,
			"end":	10.605536937713623,
			"seconds":	10.605536937713623,
			"bytes":	133385624,
			"bits_per_second":	100615838.52538499,
			"retransmits":	0
		},
		"sum_received":	{
			"start":	0,
			"end":	11.20259690284729,
			"seconds":	11.20259690284729,
			"bytes":	129239792,
			"bits_per_second":	92292737.5649137
		},