{
	"start":	{
		"connected":	[{
				"socket":	6,
				"local_host":	"192.168.10.2",
				"local_port":	47790,
				"remote_host":	"192.168.28.1",
				"remote_port":	5005
			}],
		"version":	"iperf 3.6",
		"system_info":	"Linux ba-thesis 4.19.0-23-amd64 #1 SMP Debian 4.19.269-1 (2022-12-20) x86_64",
		"timestamp":	{
			"time":	"Sat, 10 Jun 2023 17:52:18 GMT",
			"timesecs":	1686419538
		},
		"connecting_to":	{
			"host":	"h8",
			"port":	5005
		},
		"cookie":	"ipbefyuqdqcw7h3irfsghauzzm6u6gg7aucf",
		"tcp_mss_default":	1448,
		"sock_bufsize":	0,
		"sndbuf_actual":	87380,
		"rcvbuf_actual":	87380,
		"test_start":	{
			"protocol":	"TCP",
			"num_streams":	1,
			"blksize":	131072,
			"omit":	0,
			"duration":	0,
			"bytes":	179571760,
			"blocks":	0,
			"reverse":	0,
			"tos":	0
		}
	},
	"intervals":	[{
			"streams":	[{
					"socket":	6,
					"start":	0,
					"end":	1.000089168548584,
					"seconds":	1.000089168548584,
					"bytes":	16950192,
					"bits_per_second":	135589445.68592489,
					"retransmits":	0,
					"snd_cwnd":	1390080,
					"rtt":	109955,
					"rttvar":	339,
					"pmtu":	1500,
					"omitted":	false
				}],
			"sum":	{
				"start":	0,
				"end":	1.000089168548584,
				"seconds":	1.000089168548584,
				"bytes":	16950192,
				"bits_per_second":	135589445.68592489,
				"retransmits":	0,
				"omitted":	false
			}
		}, {
			"streams":	[{
					"socket":	6,
					"start":	1.000089168548584,
					"end":	2.00006103515625,
					"seconds":	0.999971866607666,
					"bytes":	14417920,
					"bits_per_second":	115346605.09129542,
					"retransmits":	0,
					"snd_cwnd":	1988104,
					"rtt":	157494,
					"rttvar":	668,
					"pmtu":	1500,
					"omitted":	false
				}],
			"sum":	{
				"start":	1.000089168548584,
				"end":	2.00006103515625,
				"seconds":	0.999971866607666,
				"bytes":	14417920,
				"bits_per_second":	115346605.09129542,
				"retransmits":	0,
				"omitted":	false
			}
		}, {
			"streams":	[{
					"socket":	6,
					"start":	2.00006103515625,
					"end":	3.0000791549682617,
					"seconds":	1.0000181198120117,
					"bytes":	14417920,
					"bits_per_second":	115341270.03786972,
					"retransmits":	0,
					"snd_cwnd":	2584680,
					"rtt":	205190,
					"rttvar":	698,
					"pmtu":	1500,
					"omitted":	false
				}],
			"sum":	{
				"start":	2.00006103515625,
				"end":	3.0000791549682617,
				"seconds":	1.0000181198120117,
				"bytes":	14417920,
				"bits_per_second":	115341270.03786972,
				"retransmits":	0,
				"omitted":	false
			}
		}, {
			"streams":	[{
					"socket":	6,
					"start":	3.0000791549682617,
					"end":	4.0001289844512939,
					"seconds":	1.0000498294830322,
					"bytes":	11796480,
					"bits_per_second":	94367137.734311461,
					"retransmits":	0,
					"snd_cwnd":	3182704,
					"rtt":	252608,
					"rttvar":	357,
					"pmtu":	1500,
					"omitted":	false
				}],
			"sum":	{
				"start":	3.0000791549682617,
				"end":	4.0001289844512939,
				"seconds":	1.0000498294830322,
				"bytes":	11796480,
				"bits_per_second":	94367137.734311461,
				"retransmits":	0,
				"omitted":	false
			}
		}, {
			"streams":	[{
					"socket":	6,
					"start":	4.0001289844512939,
					"end":	5.0001440048217773,
					"seconds":	1.0000150203704834,
					"bytes":	11796480,
					"bits_per_second":	94370422.521291062,
					"retransmits":	0,
					"snd_cwnd":	3779280,
					"rtt":	296180,
					"rttvar":	1064,
					"pmtu":	1500,
					"omitted":	false
				}],
			"sum":	{
				"start":	4.0001289844512939,
				"end":	5.0001440048217773,
				"seconds":	1.0000150203704834,
				"bytes":	11796480,
				"bits_per_second":	94370422.521291062,
				"retransmits":	0,
				"omitted":	false
			}
		}, {
			"streams":	[{
					"socket":	6,
					"start":	5.0001440048217773,
					"end":	6.0000951290130615,
					"seconds":	0.99995112419128418,
					"bytes":	13107200,
					"bits_per_second":	104862725.25050077,
					"retransmits":	0,
					"snd_cwnd":	4377304,
					"rtt":	347668,
					"rttvar":	194,
					"pmtu":	1500,
					"omitted":	false
				}],
			"sum":	{
				"start":	5.0001440048217773,
				"end":	6.0000951290130615,
				"seconds":	0.99995112419128418,
				"bytes":	13107200,
				"bits_per_second":	104862725.25050077,
				"retransmits":	0,
				"omitted":	false
			}
		}, {
			"streams":	[{
					"socket":	6,
					"start":	6.0000951290130615,
					"end":	7.00007700920105,
					"seconds":	0.99998188018798828,
					"bytes":	11796480,
					"bits_per_second":	94373550.030985445,
					"retransmits":	0,
					"snd_cwnd":	4975328,
					"rtt":	395640,
					"rttvar":	336,
					"pmtu":	1500,
					"omitted":	false
				}],
			"sum":	{
				"start":	6.0000951290130615,
				"end":	7.00007700920105,
				"seconds":	0.99998188018798828,
				"bytes":	11796480,
				"bits_per_second":	94373550.030985445,
				"retransmits":	0,
				"omitted":	false
			}
		}, {
			"streams":	[{
					"socket":	6,
					"start":	7.00007700920105,
					"end":	8.0000810623168945,
					"seconds":	1.0000040531158447,
					"bytes":	11796480,
					"bits_per_second":	94371457.501550317,
					"retransmits":	0,
					"snd_cwnd":	5573352,
					"rtt":	443187,
					"rttvar":	509,
					"pmtu":	1500,
					"omitted":	false
				}],
			"sum":	{
				"start":	7.00007700920105,
				"end":	8.0000810623168945,
				"seconds":	1.0000040531158447,
				"bytes":	11796480,
				"bits_per_second":	94371457.501550317,
				"retransmits":	0,
				"omitted":	false
			}
		}, {
			"streams":	[{
					"socket":	6,
					"start":	8.0000810623168945,
					"end":	9.00005316734314,
					"seconds":	0.99997210502624512,
					"bytes":	11796480,
					"bits_per_second":	94374472.57343556,
					"retransmits":	0,
					"snd_cwnd":	6169928,
					"rtt":	490732,
					"rttvar":	335,
					"pmtu":	1500,
					"omitted":	false
				}],
			"sum":	{
				"start":	8.0000810623168945,
				"end":	9.00005316734314,
				"seconds":	0.99997210502624512,
				"bytes":	11796480,
				"bits_per_second":	94374472.57343556,
				"retransmits":	0,
				"omitted":	false
			}
		}, {
			"streams":	[{
					"socket":	6,
					"start":	9.00005316734314,
					"end":	10.000085115432739,
					"seconds":	1.0000319480895996,
					"bytes":	11796480,
					"bits_per_second":	94368825.0963204,
					"retransmits":	0,
					"snd_cwnd":	6767952,
					"rtt":	538184,
					"rttvar":	360,
					"pmtu":	1500,
					"omitted":	false
				}],
			"sum":	{
				"start":	9.00005316734314,
				"end":	10.000085115432739,
				"seconds":	1.0000319480895996,
				"bytes":	11796480,
				"bits_per_second":	94368825.0963204,
				"retransmits":	0,
				"omitted":	false
			}
		}, {
			"streams":	[{
					"socket":	6,
					"start":	10.000085115432739,
					"end":	11.000081062316895,
					"seconds":	0.99999594688415527,
					"bytes":	11796480,
					"bits_per_second":	94372222.501550317,
					"retransmits":	0,
					"snd_cwnd":	7364528,
					"rtt":	585972,
					"rttvar":	490,
					"pmtu":	1500,
					"omitted":	false
				}],
			"sum":	{
				"start":	10.000085115432739,
				"end":	11.000081062316895,
				"seconds":	0.99999594688415527,
				"bytes":	11796480,
				"bits_per_second":	94372222.501550317,
				"retransmits":	0,
				"omitted":	false
			}
		}, {
			"streams":	[{
					"socket":	6,
					"start":	11.000081062316895,
					"end":	12.000091075897217,
					"seconds":	1.0000100135803223,
					"bytes":	11796480,
					"bits_per_second":	94370895.009462744,
					"retransmits":	0,
					"snd_cwnd":	7962552,
					"rtt":	633525,
					"rttvar":	365,
					"pmtu":	1500,
					"omitted":	false
				}],
			"sum":	{
				"start":	11.000081062316895,
				"end":	12.000091075897217,
				"seconds":	1.0000100135803223,
				"bytes":	11796480,
				"bits_per_second":	94370895.009462744,
				"retransmits":	0,
				"omitted":	false
			}
		}, {
			"streams":	[{
					"socket":	6,
					"start":	12.000091075897217,
					"end":	13.000123023986816,
					"seconds":	1.0000319480895996,
					"bytes":	11796480,
					"bits_per_second":	94368825.0963204,
					"retransmits":	0,
					"snd_cwnd":	8560576,
					"rtt":	681303,
					"rttvar":	513,
					"pmtu":	1500,
					"omitted":	false
				}],