{
	"start":	{
		"connected":	[{
				"socket":	6,
				"local_host":	"192.168.11.1",
				"local_port":	52024,
				"remote_host":	"192.168.20.1",
				"remote_port":	5003
			}],
		"version":	"iperf 3.6",
		"system_info":	"Linux ba-thesis 4.19.0-23-amd64 #1 SMP Debian 4.19.269-1 (2022-12-20) x86_64",
		"timestamp":	{
			"time":	"Fri, 09 Jun 2023 12:37:11 GMT",
			"timesecs":	1686314231
		},
		"connecting_to":	{
			"host":	"h2",
			"port":	5003
		},
		"cookie":	"mhqqm4vxeowqux5szs6e6btc5zetac3tw7wh",
		"tcp_mss_default":	1448,
		"sock_bufsize":	0,
		"sndbuf_actual":	87380,
		"rcvbuf_actual":	87380,
		"test_start":	{
			"protocol":	"TCP",
			"num_streams":	1,
			"blksize":	131072,
			"omit":	0,
			"duration":	0,
			"bytes":	286123179,
			"blocks":	0,
			"reverse":	0,
			"tos":	0
		}
	},
	"intervals":	[{
			"streams":	[{
					"socket":	6,
					"start":	0,
					"end":	1.0000958442687988,
					"seconds":	1.0000958442687988,
					"bytes":	16950192,
					"bits_per_second":	135588540.61546722,
					"retransmits":	0,
					"snd_cwnd":	1390080,
					"rtt":	109873,
					"rttvar":	410,
					"pmtu":	1500,
					"omitted":	false
				}],
			"sum":	{
				"start":	0,
				"end":	1.0000958442687988,
				"seconds":	1.0000958442687988,
				"bytes":	16950192,
				"bits_per_second":	135588540.61546722,
				"retransmits":	0,
				"omitted":	false
			}
		}, {
			"streams":	[{
					"socket":	6,
					"start":	1.0000958442687988,
					"end":	2.0000779628753662,
					"seconds":	0.99998211860656738,
					"bytes":	14417920,
					"bits_per_second":	115345422.53688103,
					"retransmits":	0,
					"snd_cwnd":	1988104,
					"rtt":	157595,
					"rttvar":	628,
					"pmtu":	1500,
					"omitted":	false
				}],
			"sum":	{
				"start":	1.0000958442687988,
				"end":	2.0000779628753662,
				"seconds":	0.99998211860656738,
				"bytes":	14417920,
				"bits_per_second":	115345422.53688103,
				"retransmits":	0,
				"omitted":	false
			}
		}, {
			"streams":	[{
					"socket":	6,
					"start":	2.0000779628753662,
					"end":	3.000086784362793,
					"seconds":	1.0000088214874268,
					"bytes":	14417920,
					"bits_per_second":	115342342.50897579,
					"retransmits":	0,
					"snd_cwnd":	2584680,
					"rtt":	205174,
					"rttvar":	691,
					"pmtu":	1500,
					"omitted":	false
				}],
			"sum":	{
				"start":	2.0000779628753662,
				"end":	3.000086784362793,
				"seconds":	1.0000088214874268,
				"bytes":	14417920,
				"bits_per_second":	115342342.50897579,
				"retransmits":	0,
				"omitted":	false
			}
		}, {
			"streams":	[{
					"socket":	6,
					"start":	3.000086784362793,
					"end":	4.00012993812561,
					"seconds":	1.0000431537628174,
					"bytes":	11796480,
					"bits_per_second":	94367767.675736114,
					"retransmits":	0,
					"snd_cwnd":	3182704,
					"rtt":	252681,
					"rttvar":	403,
					"pmtu":	1500,
					"omitted":	false
				}],
			"sum":	{
				"start":	3.000086784362793,
				"end":	4.00012993812561,
				"seconds":	1.0000431537628174,
				"bytes":	11796480,
				"bits_per_second":	94367767.675736114,
				"retransmits":	0,
				"omitted":	false
			}
		}, {
			"streams":	[{
					"socket":	6,
					"start":	4.00012993812561,
					"end":	5.000079870223999,
					"seconds":	0.99994993209838867,
					"bytes":	13107200,
					"bits_per_second":	104862850.26286964,
					"retransmits":	0,
					"snd_cwnd":	3780728,
					"rtt":	300578,
					"rttvar":	438,
					"pmtu":	1500,
					"omitted":	false
				}],
			"sum":	{
				"start":	4.00012993812561,
				"end":	5.000079870223999,
				"seconds":	0.99994993209838867,
				"bytes":	13107200,
				"bits_per_second":	104862850.26286964,
				"retransmits":	0,
				"omitted":	false
			}
		}, {
			"streams":	[{
					"socket":	6,
					"start":	5.000079870223999,
					"end":	6.00008487701416,
					"seconds":	1.0000050067901611,
					"bytes":	11796480,
					"bits_per_second":	94371367.5023657,
					"retransmits":	0,
					"snd_cwnd":	4378752,
					"rtt":	347841,
					"rttvar":	411,
					"pmtu":	1500,
					"omitted":	false
				}],
			"sum":	{
				"start":	5.000079870223999,
				"end":	6.00008487701416,
				"seconds":	1.0000050067901611,
				"bytes":	11796480,
				"bits_per_second":	94371367.5023657,
				"retransmits":	0,
				"omitted":	false
			}
		}, {
			"streams":	[{
					"socket":	6,
					"start":	6.00008487701416,
					"end":	7.0000948905944824,
					"seconds":	1.0000100135803223,
					"bytes":	11796480,
					"bits_per_second":	94370895.009462744,
					"retransmits":	0,
					"snd_cwnd":	4975328,
					"rtt":	395596,
					"rttvar":	398,
					"pmtu":	1500,
					"omitted":	false
				}],
			"sum":	{
				"start":	6.00008487701416,
				"end":	7.0000948905944824,
				"seconds":	1.0000100135803223,
				"bytes":	11796480,
				"bits_per_second":	94370895.009462744,
				"retransmits":	0,
				"omitted":	false
			}
		}, {
			"streams":	[{
					"socket":	6,
					"start":	7.0000948905944824,
					"end":	8.0000829696655273,
					"seconds":	0.99998807907104492,
					"bytes":	11796480,
					"bits_per_second":	94372965.013411209,
					"retransmits":	0,
					"snd_cwnd":	5569008,
					"rtt":	451954,
					"rttvar":	572,
					"pmtu":	1500,
					"omitted":	false
				}],
			"sum":	{
				"start":	7.0000948905944824,
				"end":	8.0000829696655273,
				"seconds":	0.99998807907104492,
				"bytes":	11796480,
				"bits_per_second":	94372965.013411209,
				"retransmits":	0,
				"omitted":	false
			}
		}, {
			"streams":	[{
					"socket":	6,
					"start":	8.0000829696655273,
					"end":	9.000086784362793,
					"seconds":	1.0000038146972656,
					"bytes":	11796480,
					"bits_per_second":	94371480.001373291,
					"retransmits":	0,
					"snd_cwnd":	6167032,
					"rtt":	490441,
					"rttvar":	476,
					"pmtu":	1500,
					"omitted":	false
				}],
			"sum":	{
				"start":	8.0000829696655273,
				"end":	9.000086784362793,
				"seconds":	1.0000038146972656,
				"bytes":	11796480,
				"bits_per_second":	94371480.001373291,
				"retransmits":	0,
				"omitted":	false
			}
		}, {
			"streams":	[{
					"socket":	6,
					"start":	9.000086784362793,
					"end":	10.000077962875366,
					"seconds":	0.99999117851257324,
					"bytes":	11796480,
					"bits_per_second":	94372672.507343948,
					"retransmits":	0,
					"snd_cwnd":	6763608,
					"rtt":	538060,
					"rttvar":	467,
					"pmtu":	1500,
					"omitted":	false
				}],
			"sum":	{
				"start":	9.000086784362793,
				"end":	10.000077962875366,
				"seconds":	0.99999117851257324,
				"bytes":	11796480,
				"bits_per_second":	94372672.507343948,
				"retransmits":	0,
				"omitted":	false
			}
		}, {
			"streams":	[{
					"socket":	6,
					"start":	10.000077962875366,
					"end":	11.000077962875366,
					"seconds":	1,
					"bytes":	11796480,
					"bits_per_second":	94371840,
					"retransmits":	0,
					"snd_cwnd":	7361632,
					"rtt":	585612,
					"rttvar":	648,
					"pmtu":	1500,
					"omitted":	false
				}],
			"sum":	{
				"start":	10.000077962875366,
				"end":	11.000077962875366,
				"seconds":	1,
				"bytes":	11796480,
				"bits_per_second":	94371840,
				"retransmits":	0,
				"omitted":	false
			}
		}, {
			"streams":	[{
					"socket":	6,
					"start":	11.000077962875366,
					"end":	12.000048875808716,
					"seconds":	0.99997091293334961,
					"bytes":	11796480,
					"bits_per_second":	94374585.079846323,
					"retransmits":	0,
					"snd_cwnd":	7959656,
					"rtt":	633494,
					"rttvar":	384,
					"pmtu":	1500,
					"omitted":	false
				}],
			"sum":	{
				"start":	11.000077962875366,
				"end":	12.000048875808716,
				"seconds":	0.99997091293334961,
				"bytes":	11796480,
				"bits_per_second":	94374585.079846323,
				"retransmits":	0,
				"omitted":	false
			}
		}, {
			"streams":	[{
					"socket":	6,
					"start":	12.000048875808716,
					"end":	13.000106811523438,
					"seconds":	1.0000579357147217,
					"bytes":	11796480,
					"bits_per_second":	94366372.816745162,
					"retransmits":	0,
					"snd_cwnd":	8557680,
					"rtt":	680894,
					"rttvar":	488,
					"pmtu":	1500,
					"omitted":	false
				}],
			"sum":	{
				"start":	12.000048875808716,