{
	"start":	{
		"connected":	[{
				"socket":	6,
				"local_host":	"192.168.9.1",
				"local_port":	45614,
				"remote_host":	"192.168.19.1",
				"remote_port":	5003
			}],
		"version":	"iperf 3.6",
		"system_info":	"Linux ba-thesis 4.19.0-23-amd64 #1 SMP Debian 4.19.269-1 (2022-12-20) x86_64",
		"timestamp":	{
			"time":	"Fri, 09 Jun 2023 13:49:25 GMT",
			"timesecs":	1686318565
		},
		"connecting_to":	{
			"host":	"h1",
			"port":	5003
		},
		"cookie":	"tmevqg66ok226vupaxxrcd3vhzd3ba5vtzfb",
		"tcp_mss_default":	1448,
		"sock_bufsize":	0,
		"sndbuf_actual":	87380,
		"rcvbuf_actual":	87380,
		"test_start":	{
			"protocol":	"TCP",
			"num_streams":	1,
			"blksize":	131072,
			"omit":	0,
			"duration":	0,
			"bytes":	200920464,
			"blocks":	0,
			"reverse":	0,
			"tos":	0
		}
	},
	"intervals":	[{
			"streams":	[{
					"socket":	6,
					"start":	0,
					"end":	1.0002391338348389,
					"seconds":	1.0002391338348389,
					"bytes":	79640,
					"bits_per_second":	636967.67947613844,
					"retransmits":	0,
					"snd_cwnd":	14480,
					"rtt":	711341,
					"rttvar":	266881,
					"pmtu":	1500,
					"omitted":	false
				}],
			"sum":	{
				"start":	0,
				"end":	1.0002391338348389,
				"seconds":	1.0002391338348389,
				"bytes":	79640,
				"bits_per_second":	636967.67947613844,
				"retransmits":	0,
				"omitted":	false
			}
		}, {
			"streams":	[{
					"socket":	6,
					"start":	1.0002391338348389,
					"end":	2.0006000995635986,
					"seconds":	1.0003609657287598,
					"bytes":	65160,
					"bits_per_second":	521091.9036812369,
					"retransmits":	0,
					"snd_cwnd":	28960,
					"rtt":	711982,
					"rttvar":	64519,
					"pmtu":	1500,
					"omitted":	false
				}],
			"sum":	{
				"start":	1.0002391338348389,
				"end":	2.0006000995635986,
				"seconds":	1.0003609657287598,
				"bytes":	65160,
				"bits_per_second":	521091.9036812369,
				"retransmits":	0,
				"omitted":	false
			}
		}, {
			"streams":	[{
					"socket":	6,
					"start":	2.0006000995635986,
					"end":	3.0001270771026611,
					"seconds":	0.9995269775390625,
					"bytes":	434400,
					"bits_per_second":	3476844.6256010993,
					"retransmits":	0,
					"snd_cwnd":	99912,
					"rtt":	714533,
					"rttvar":	668,
					"pmtu":	1500,
					"omitted":	false
				}],
			"sum":	{
				"start":	2.0006000995635986,
				"end":	3.0001270771026611,
				"seconds":	0.9995269775390625,
				"bytes":	434400,
				"bits_per_second":	3476844.6256010993,
				"retransmits":	0,
				"omitted":	false
			}
		}, {
			"streams":	[{
					"socket":	6,
					"start":	3.0001270771026611,
					"end":	4.0002701282501221,
					"seconds":	1.0001430511474609,
					"bytes":	343176,
					"bits_per_second":	2745015.3224083316,
					"retransmits":	0,
					"snd_cwnd":	199824,
					"rtt":	723753,
					"rttvar":	1206,
					"pmtu":	1500,
					"omitted":	false
				}],
			"sum":	{
				"start":	3.0001270771026611,
				"end":	4.0002701282501221,
				"seconds":	1.0001430511474609,
				"bytes":	343176,
				"bits_per_second":	2745015.3224083316,
				"retransmits":	0,
				"omitted":	false
			}
		}, {
			"streams":	[{
					"socket":	6,
					"start":	4.0002701282501221,
					"end":	5.0006301403045654,
					"seconds":	1.0003600120544434,
					"bytes":	1107720,
					"bits_per_second":	8858570.80772408,
					"retransmits":	0,
					"snd_cwnd":	399648,
					"rtt":	727352,
					"rttvar":	1401,
					"pmtu":	1500,
					"omitted":	false
				}],
			"sum":	{
				"start":	4.0002701282501221,
				"end":	5.0006301403045654,
				"seconds":	1.0003600120544434,
				"bytes":	1107720,
				"bits_per_second":	8858570.80772408,
				"retransmits":	0,
				"omitted":	false
			}
		}, {
			"streams":	[{
					"socket":	6,
					"start":	5.0006301403045654,
					"end":	6.00007700920105,
					"seconds":	0.99944686889648438,
					"bytes":	7458320,
					"bits_per_second":	59699581.695502654,
					"retransmits":	0,
					"snd_cwnd":	939752,
					"rtt":	74012,
					"rttvar":	280,
					"pmtu":	1500,
					"omitted":	false
				}],
			"sum":	{
				"start":	5.0006301403045654,
				"end":	6.00007700920105,
				"seconds":	0.99944686889648438,
				"bytes":	7458320,
				"bits_per_second":	59699581.695502654,
				"retransmits":	0,
				"omitted":	false
			}
		}, {
			"streams":	[{
					"socket":	6,
					"start":	6.00007700920105,
					"end":	7.00006103515625,
					"seconds":	0.9999840259552002,
					"bytes":	13107200,
					"bits_per_second":	104859275.02675696,
					"retransmits":	0,
					"snd_cwnd":	1494336,
					"rtt":	137361,
					"rttvar":	391,
					"pmtu":	1500,
					"omitted":	false
				}],
			"sum":	{
				"start":	6.00007700920105,
				"end":	7.00006103515625,
				"seconds":	0.9999840259552002,
				"bytes":	13107200,
				"bits_per_second":	104859275.02675696,
				"retransmits":	0,
				"omitted":	false
			}
		}, {
			"streams":	[{
					"socket":	6,
					"start":	7.00006103515625,
					"end":	8.0000782012939453,
					"seconds":	1.0000171661376953,
					"bytes":	14417920,
					"bits_per_second":	115341380.03398837,
					"retransmits":	0,
					"snd_cwnd":	2083672,
					"rtt":	165069,
					"rttvar":	426,
					"pmtu":	1500,
					"omitted":	false
				}],
			"sum":	{
				"start":	7.00006103515625,
				"end":	8.0000782012939453,
				"seconds":	1.0000171661376953,
				"bytes":	14417920,
				"bits_per_second":	115341380.03398837,
				"retransmits":	0,
				"omitted":	false
			}
		}, {
			"streams":	[{
					"socket":	6,
					"start":	8.0000782012939453,
					"end":	9.000068187713623,
					"seconds":	0.99998998641967773,
					"bytes":	14417920,
					"bits_per_second":	115344515.0115658,
					"retransmits":	0,
					"snd_cwnd":	2683144,
					"rtt":	212875,
					"rttvar":	533,
					"pmtu":	1500,
					"omitted":	false
				}],
			"sum":	{
				"start":	8.0000782012939453,
				"end":	9.000068187713623,
				"seconds":	0.99998998641967773,
				"bytes":	14417920,
				"bits_per_second":	115344515.0115658,
				"retransmits":	0,
				"omitted":	false
			}
		}, {
			"streams":	[{
					"socket":	6,
					"start":	9.000068187713623,
					"end":	10.000091075897217,
					"seconds":	1.0000228881835938,
					"bytes":	11796480,
					"bits_per_second":	94369680.049437344,
					"retransmits":	0,
					"snd_cwnd":	3279720,
					"rtt":	260363,
					"rttvar":	171,
					"pmtu":	1500,
					"omitted":	false
				}],
			"sum":	{
				"start":	9.000068187713623,
				"end":	10.000091075897217,
				"seconds":	1.0000228881835938,
				"bytes":	11796480,
				"bits_per_second":	94369680.049437344,
				"retransmits":	0,
				"omitted":	false
			}
		}, {
			"streams":	[{
					"socket":	6,
					"start":	10.000091075897217,
					"end":	11.000097036361694,
					"seconds":	1.0000059604644775,
					"bytes":	11796480,
					"bits_per_second":	94371277.503352746,
					"retransmits":	0,
					"snd_cwnd":	3877744,
					"rtt":	307995,
					"rttvar":	632,
					"pmtu":	1500,
					"omitted":	false
				}],
			"sum":	{
				"start":	10.000091075897217,
				"end":	11.000097036361694,
				"seconds":	1.0000059604644775,
				"bytes":	11796480,
				"bits_per_second":	94371277.503352746,
				"retransmits":	0,
				"omitted":	false
			}
		}, {
			"streams":	[{
					"socket":	6,
					"start":	11.000097036361694,
					"end":	12.000032186508179,
					"seconds":	0.99993515014648438,
					"bytes":	11796480,
					"bits_per_second":	94377960.396906838,
					"retransmits":	0,
					"snd_cwnd":	4475768,
					"rtt":	355613,
					"rttvar":	681,
					"pmtu":	1500,
					"omitted":	false
				}],
			"sum":	{
				"start":	11.000097036361694,
				"end":	12.000032186508179,
				"seconds":	0.99993515014648438,
				"bytes":	11796480,
				"bits_per_second":	94377960.396906838,
				"retransmits":	0,
				"omitted":	false
			}
		}, {
			"streams":	[{
					"socket":	6,
					"start":	12.000032186508179,
					"end":	13.000174045562744,
					"seconds":	1.0001418590545654,
					"bytes":	11796480,
					"bits_per_second":	94358454.398868725,
					"retransmits":	0,
					"snd_cwnd":	5073792,
					"rtt":	403636,
					"rttvar":	526,
					"pmtu":	1500,
					"omitted":	false
				}],