{
	"start":	{
		"connected":	[{
				"socket":	6,
				"local_host":	"192.168.15.1",
				"local_port":	41158,
				"remote_host":	"192.168.15.2",
				"remote_port":	5005
			}],
		"version":	"iperf 3.6",
		"system_info":	"Linux ba-thesis 4.19.0-23-amd64 #1 SMP Debian 4.19.269-1 (2022-12-20) x86_64",
		"timestamp":	{
			"time":	"Sun, 11 Jun 2023 07:44:19 GMT",
			"timesecs":	1686469459
		},
		"connecting_to":	{
			"host":	"h9",
			"port":	5005
		},
		"cookie":	"koqbnagu666rso2qtvnjqyfhmytg7riawubz",
		"tcp_mss_default":	1448,
		"sock_bufsize":	0,
		"sndbuf_actual":	87380,
		"rcvbuf_actual":	87380,
		"test_start":	{
			"protocol":	"TCP",
			"num_streams":	1,
			"blksize":	131072,
			"omit":	0,
			"duration":	0,
			"bytes":	347693318,
			"blocks":	0,
			"reverse":	0,
			"tos":	0
		}
	},
	"intervals":	[{
			"streams":	[{
					"socket":	6,
					"start":	0,
					"end":	1.0000789165496826,
					"seconds":	1.0000789165496826,
					"bytes":	15385560,
					"bits_per_second":	123074767.36400664,
					"retransmits":	0,
					"snd_cwnd":	780472,
					"rtt":	61097,
					"rttvar":	260,
					"pmtu":	1500,
					"omitted":	false
				}],
			"sum":	{
				"start":	0,
				"end":	1.0000789165496826,
				"seconds":	1.0000789165496826,
				"bytes":	15385560,
				"bits_per_second":	123074767.36400664,
				"retransmits":	0,
				"omitted":	false
			}
		}, {
			"streams":	[{
					"socket":	6,
					"start":	1.0000789165496826,
					"end":	2.0000889301300049,
					"seconds":	1.0000100135803223,
					"bytes":	14417920,
					"bits_per_second":	115342205.01156557,
					"retransmits":	0,
					"snd_cwnd":	1378496,
					"rtt":	108964,
					"rttvar":	349,
					"pmtu":	1500,
					"omitted":	false
				}],
			"sum":	{
				"start":	1.0000789165496826,
				"end":	2.0000889301300049,
				"seconds":	1.0000100135803223,
				"bytes":	14417920,
				"bits_per_second":	115342205.01156557,
				"retransmits":	0,
				"omitted":	false
			}
		}, {
			"streams":	[{
					"socket":	6,
					"start":	2.0000889301300049,
					"end":	3.0000839233398438,
					"seconds":	0.99999499320983887,
					"bytes":	14417920,
					"bits_per_second":	115343937.50289144,
					"retransmits":	0,
					"snd_cwnd":	1975072,
					"rtt":	156635,
					"rttvar":	407,
					"pmtu":	1500,
					"omitted":	false
				}],
			"sum":	{
				"start":	2.0000889301300049,
				"end":	3.0000839233398438,
				"seconds":	0.99999499320983887,
				"bytes":	14417920,
				"bits_per_second":	115343937.50289144,
				"retransmits":	0,
				"omitted":	false
			}
		}, {
			"streams":	[{
					"socket":	6,
					"start":	3.0000839233398438,
					"end":	4.0001111030578613,
					"seconds":	1.0000271797180176,
					"bytes":	13107200,
					"bits_per_second":	104854750.0774601,
					"retransmits":	0,
					"snd_cwnd":	2573096,
					"rtt":	204297,
					"rttvar":	577,
					"pmtu":	1500,
					"omitted":	false
				}],
			"sum":	{
				"start":	3.0000839233398438,
				"end":	4.0001111030578613,
				"seconds":	1.0000271797180176,
				"bytes":	13107200,
				"bits_per_second":	104854750.0774601,
				"retransmits":	0,
				"omitted":	false
			}
		}, {
			"streams":	[{
					"socket":	6,
					"start":	4.0001111030578613,
					"end":	5.000108003616333,
					"seconds":	0.99999690055847168,
					"bytes":	13107200,
					"bits_per_second":	104857925.00100732,
					"retransmits":	0,
					"snd_cwnd":	3171120,
					"rtt":	251724,
					"rttvar":	494,
					"pmtu":	1500,
					"omitted":	false
				}],
			"sum":	{
				"start":	4.0001111030578613,
				"end":	5.000108003616333,
				"seconds":	0.99999690055847168,
				"bytes":	13107200,
				"bits_per_second":	104857925.00100732,
				"retransmits":	0,
				"omitted":	false
			}
		}, {
			"streams":	[{
					"socket":	6,
					"start":	5.000108003616333,
					"end":	6.0000269412994385,
					"seconds":	0.99991893768310547,
					"bytes":	11796480,
					"bits_per_second":	94379490.620177,
					"retransmits":	0,
					"snd_cwnd":	3767696,
					"rtt":	299467,
					"rttvar":	582,
					"pmtu":	1500,
					"omitted":	false
				}],
			"sum":	{
				"start":	5.000108003616333,
				"end":	6.0000269412994385,
				"seconds":	0.99991893768310547,
				"bytes":	11796480,
				"bits_per_second":	94379490.620177,
				"retransmits":	0,
				"omitted":	false
			}
		}, {
			"streams":	[{
					"socket":	6,
					"start":	6.0000269412994385,
					"end":	7.0000350475311279,
					"seconds":	1.0000081062316895,
					"bytes":	11796480,
					"bits_per_second":	94371075.006201223,
					"retransmits":	0,
					"snd_cwnd":	4365720,
					"rtt":	347020,
					"rttvar":	634,
					"pmtu":	1500,
					"omitted":	false
				}],
			"sum":	{
				"start":	6.0000269412994385,
				"end":	7.0000350475311279,
				"seconds":	1.0000081062316895,
				"bytes":	11796480,
				"bits_per_second":	94371075.006201223,
				"retransmits":	0,
				"omitted":	false
			}
		}, {
			"streams":	[{
					"socket":	6,
					"start":	7.0000350475311279,
					"end":	8.0001039505004883,
					"seconds":	1.0000689029693604,
					"bytes":	11796480,
					"bits_per_second":	94365337.948010683,
					"retransmits":	0,
					"snd_cwnd":	4963744,
					"rtt":	394486,
					"rttvar":	388,
					"pmtu":	1500,
					"omitted":	false
				}],
			"sum":	{
				"start":	7.0000350475311279,
				"end":	8.0001039505004883,
				"seconds":	1.0000689029693604,
				"bytes":	11796480,
				"bits_per_second":	94365337.948010683,
				"retransmits":	0,
				"omitted":	false
			}
		}, {
			"streams":	[{
					"socket":	6,
					"start":	8.0001039505004883,
					"end":	9.0000951290130615,
					"seconds":	0.99999117851257324,
					"bytes":	11796480,
					"bits_per_second":	94372672.507343948,
					"retransmits":	0,
					"snd_cwnd":	5561768,
					"rtt":	442149,
					"rttvar":	552,
					"pmtu":	1500,
					"omitted":	false
				}],
			"sum":	{
				"start":	8.0001039505004883,
				"end":	9.0000951290130615,
				"seconds":	0.99999117851257324,
				"bytes":	11796480,
				"bits_per_second":	94372672.507343948,
				"retransmits":	0,
				"omitted":	false
			}
		}, {
			"streams":	[{
					"socket":	6,
					"start":	9.0000951290130615,
					"end":	10.000173091888428,
					"seconds":	1.0000779628753662,
					"bytes":	13107200,
					"bits_per_second":	104849425.63729683,
					"retransmits":	0,
					"snd_cwnd":	6158344,
					"rtt":	489808,
					"rttvar":	650,
					"pmtu":	1500,
					"omitted":	false
				}],
			"sum":	{
				"start":	9.0000951290130615,
				"end":	10.000173091888428,
				"seconds":	1.0000779628753662,
				"bytes":	13107200,
				"bits_per_second":	104849425.63729683,
				"retransmits":	0,
				"omitted":	false
			}
		}, {
			"streams":	[{
					"socket":	6,
					"start":	10.000173091888428,
					"end":	11.0001060962677,
					"seconds":	0.99993300437927246,
					"bytes":	11796480,
					"bits_per_second":	94378162.9236082,
					"retransmits":	0,
					"snd_cwnd":	6756368,
					"rtt":	537289,
					"rttvar":	268,
					"pmtu":	1500,
					"omitted":	false
				}],
			"sum":	{
				"start":	10.000173091888428,
				"end":	11.0001060962677,
				"seconds":	0.99993300437927246,
				"bytes":	11796480,
				"bits_per_second":	94378162.9236082,
				"retransmits":	0,
				"omitted":	false
			}
		}, {
			"streams":	[{
					"socket":	6,
					"start":	11.0001060962677,
					"end":	12.000039100646973,
					"seconds":	0.99993300437927246,
					"bytes":	11796480,
					"bits_per_second":	94378162.9236082,
					"retransmits":	0,
					"snd_cwnd":	7354392,
					"rtt":	585145,
					"rttvar":	456,
					"pmtu":	1500,
					"omitted":	false
				}],
			"sum":	{
				"start":	11.0001060962677,
				"end":	12.000039100646973,
				"seconds":	0.99993300437927246,
				"bytes":	11796480,
				"bits_per_second":	94378162.9236082,
				"retransmits":	0,
				"omitted":	false
			}
		}, {
			"streams":	[{
					"socket":	6,
					"start":	12.000039100646973,
					"end":	13.000071048736572,
					"seconds":	1.0000319480895996,
					"bytes":	11796480,
					"bits_per_second":	94368825.0963204,
					"retransmits":	0,
					"snd_cwnd":	7952416,
					"rtt":	632534,
					"rttvar":	431,
					"pmtu":	1500,
					"omitted":	false
				}],