{
	"start":	{
		"connected":	[{
				"socket":	6,
				"local_host":	"192.168.3.2",
				"local_port":	39294,
				"remote_host":	"192.168.3.1",
				"remote_port":	5000
			}],
		"version":	"iperf 3.6",
		"system_info":	"Linux ba-thesis 4.19.0-23-amd64 #1 SMP Debian 4.19.269-1 (2022-12-20) x86_64",
		"timestamp":	{
			"time":	"Mon, 05 Jun 2023 12:29:41 GMT",
			"timesecs":	1685968181
		},
		"connecting_to":	{
			"host":	"h17",
			"port":	5000
		},
		"cookie":	"oeer2u7caru7rtyy6cwe66gvrbwwtxu4z45i",
		"tcp_mss_default":	1448,
		"sock_bufsize":	0,
		"sndbuf_actual":	87380,
		"rcvbuf_actual":	87380,
		"test_start":	{
			"protocol":	"TCP",
			"num_streams":	1,
			"blksize":	131072,
			"omit":	0,
			"duration":	0,
			"bytes":	145686560,
			"blocks":	0,
			"reverse":	0,
			"tos":	0
		}
	},
	"intervals":	[{
			"streams":	[{
					"socket":	6,
					"start":	0,
					"end":	1.0000479221343994,
					"seconds":	1.0000479221343994,
					"bytes":	15184568,
					"bits_per_second":	121470722.86369333,
					"retransmits":	0,
					"snd_cwnd":	796400,
					"rtt":	62694,
					"rttvar":	429,
					"pmtu":	1500,
					"omitted":	false
				}],
			"sum":	{
				"start":	0,
				"end":	1.0000479221343994,
				"seconds":	1.0000479221343994,
				"bytes":	15184568,
				"bits_per_second":	121470722.86369333,
				"retransmits":	0,
				"omitted":	false
			}
		}, {
			"streams":	[{
					"socket":	6,
					"start":	1.0000479221343994,
					"end":	2.0000460147857666,
					"seconds":	0.99999809265136719,
					"bytes":	14417920,
					"bits_per_second":	115343580.00041962,
					"retransmits":	0,
					"snd_cwnd":	1382840,
					"rtt":	109786,
					"rttvar":	490,
					"pmtu":	1500,
					"omitted":	false
				}],
			"sum":	{
				"start":	1.0000479221343994,
				"end":	2.0000460147857666,
				"seconds":	0.99999809265136719,
				"bytes":	14417920,
				"bits_per_second":	115343580.00041962,
				"retransmits":	0,
				"omitted":	false
			}
		}, {
			"streams":	[{
					"socket":	6,
					"start":	2.0000460147857666,
					"end":	3.0000998973846436,
					"seconds":	1.000053882598877,
					"bytes":	13107200,
					"bits_per_second":	104851950.30442028,
					"retransmits":	0,
					"snd_cwnd":	1977968,
					"rtt":	157456,
					"rttvar":	328,
					"pmtu":	1500,
					"omitted":	false
				}],
			"sum":	{
				"start":	2.0000460147857666,
				"end":	3.0000998973846436,
				"seconds":	1.000053882598877,
				"bytes":	13107200,
				"bits_per_second":	104851950.30442028,
				"retransmits":	0,
				"omitted":	false
			}
		}, {
			"streams":	[{
					"socket":	6,
					"start":	3.0000998973846436,
					"end":	4.0000269412994385,
					"seconds":	0.99992704391479492,
					"bytes":	14417920,
					"bits_per_second":	115351775.61397025,
					"retransmits":	0,
					"snd_cwnd":	2552824,
					"rtt":	238816,
					"rttvar":	535,
					"pmtu":	1500,
					"omitted":	false
				}],
			"sum":	{
				"start":	3.0000998973846436,
				"end":	4.0000269412994385,
				"seconds":	0.99992704391479492,
				"bytes":	14417920,
				"bits_per_second":	115351775.61397025,
				"retransmits":	0,
				"omitted":	false
			}
		}, {
			"streams":	[{
					"socket":	6,
					"start":	4.0000269412994385,
					"end":	5.0000720024108887,
					"seconds":	1.0000450611114502,
					"bytes":	13107200,
					"bits_per_second":	104852875.21290416,
					"retransmits":	0,
					"snd_cwnd":	3143608,
					"rtt":	256211,
					"rttvar":	301,
					"pmtu":	1500,
					"omitted":	false
				}],
			"sum":	{
				"start":	4.0000269412994385,
				"end":	5.0000720024108887,
				"seconds":	1.0000450611114502,
				"bytes":	13107200,
				"bits_per_second":	104852875.21290416,
				"retransmits":	0,
				"omitted":	false
			}
		}, {
			"streams":	[{
					"socket":	6,
					"start":	5.0000720024108887,
					"end":	6.0000860691070557,
					"seconds":	1.000014066696167,
					"bytes":	11796480,
					"bits_per_second":	94370512.518673271,
					"retransmits":	0,
					"snd_cwnd":	3737288,
					"rtt":	298649,
					"rttvar":	443,
					"pmtu":	1500,
					"omitted":	false
				}],
			"sum":	{
				"start":	5.0000720024108887,
				"end":	6.0000860691070557,
				"seconds":	1.000014066696167,
				"bytes":	11796480,
				"bits_per_second":	94370512.518673271,
				"retransmits":	0,
				"omitted":	false
			}
		}, {
			"streams":	[{
					"socket":	6,
					"start":	6.0000860691070557,
					"end":	7.0000550746917725,
					"seconds":	0.9999690055847168,
					"bytes":	11796480,
					"bits_per_second":	94374765.090661481,
					"retransmits":	0,
					"snd_cwnd":	4332416,
					"rtt":	345652,
					"rttvar":	407,
					"pmtu":	1500,
					"omitted":	false
				}],
			"sum":	{
				"start":	6.0000860691070557,
				"end":	7.0000550746917725,
				"seconds":	0.9999690055847168,
				"bytes":	11796480,
				"bits_per_second":	94374765.090661481,
				"retransmits":	0,
				"omitted":	false
			}
		}, {
			"streams":	[{
					"socket":	6,
					"start":	7.0000550746917725,
					"end":	8.0000789165496826,
					"seconds":	1.0000238418579102,
					"bytes":	11796480,
					"bits_per_second":	94369590.0536429,
					"retransmits":	0,
					"snd_cwnd":	4927544,
					"rtt":	394196,
					"rttvar":	887,
					"pmtu":	1500,
					"omitted":	false
				}],
			"sum":	{
				"start":	7.0000550746917725,
				"end":	8.0000789165496826,
				"seconds":	1.0000238418579102,
				"bytes":	11796480,
				"bits_per_second":	94369590.0536429,
				"retransmits":	0,
				"omitted":	false
			}
		}, {
			"streams":	[{
					"socket":	6,
					"start":	8.0000789165496826,
					"end":	9.000075101852417,
					"seconds":	0.99999618530273438,
					"bytes":	11796480,
					"bits_per_second":	94372200.001373291,
					"retransmits":	0,
					"snd_cwnd":	5522672,
					"rtt":	440984,
					"rttvar":	303,
					"pmtu":	1500,
					"omitted":	false
				}],
			"sum":	{
				"start":	8.0000789165496826,
				"end":	9.000075101852417,
				"seconds":	0.99999618530273438,
				"bytes":	11796480,
				"bits_per_second":	94372200.001373291,
				"retransmits":	0,
				"omitted":	false
			}
		}, {
			"streams":	[{
					"socket":	6,
					"start":	9.000075101852417,
					"end":	10.000040054321289,
					"seconds":	0.99996495246887207,
					"bytes":	11796480,
					"bits_per_second":	94375147.615923777,
					"retransmits":	0,
					"snd_cwnd":	6116352,
					"rtt":	488408,
					"rttvar":	456,
					"pmtu":	1500,
					"omitted":	false
				}],
			"sum":	{
				"start":	9.000075101852417,
				"end":	10.000040054321289,
				"seconds":	0.99996495246887207,
				"bytes":	11796480,
				"bits_per_second":	94375147.615923777,
				"retransmits":	0,
				"omitted":	false
			}
		}, {
			"streams":	[{
					"socket":	6,
					"start":	10.000040054321289,
					"end":	11.000087022781372,
					"seconds":	1.000046968460083,
					"bytes":	11796480,
					"bits_per_second":	94367407.708177924,
					"retransmits":	0,
					"snd_cwnd":	5246104,
					"rtt":	536159,
					"rttvar":	458,
					"pmtu":	1500,
					"omitted":	false
				}],
			"sum":	{
				"start":	10.000040054321289,
				"end":	11.000087022781372,
				"seconds":	1.000046968460083,
				"bytes":	11796480,
				"bits_per_second":	94367407.708177924,
				"retransmits":	0,
				"omitted":	false
			}
		}, {
			"streams":	[{
					"socket":	6,
					"start":	11.000087022781372,
					"end":	11.407238006591797,
					"seconds":	0.4071509838104248,
					"bytes":	5242880,
					"bits_per_second":	103015936.76003315,
					"retransmits":	0,
					"snd_cwnd":	4574232,
					"rtt":	457497,
					"rttvar":	2802,
					"pmtu":	1500,
					"omitted":	false
				}],
			"sum":	{
				"start":	11.000087022781372,
				"end":	11.407238006591797,
				"seconds":	0.4071509838104248,
				"bytes":	5242880,
				"bits_per_second":	103015936.76003315,
				"retransmits":	0,
				"omitted":	false
			}
		}],
	"end":	{
		"streams":	[{
				"sender":	{
					"socket":	6,
					"start":	0,
					"end":	11.407238006591797,
					"seconds":	11.407238006591797,
					"bytes":	146256568,
					"bits_per_second":	102571064.38244493,
					"retransmits":	0,
					"max_snd_cwnd":	6116352,
					"max_rtt":	536159,
					"min_rtt":	62694,