{
	"start":	{
		"connected":	[{
				"socket":	6,
				"local_host":	"192.168.31.2",
				"local_port":	46980,
				"remote_host":	"192.168.40.1",
				"remote_port":	5010
			}],
		"version":	"iperf 3.6",
		"system_info":	"Linux ba-thesis 4.19.0-23-amd64 #1 SMP Debian 4.19.269-1 (2022-12-20) x86_64",
		"timestamp":	{
			"time":	"Mon, 05 Jun 2023 12:29:41 GMT",
			"timesecs":	1685968181
		},
		"connecting_to":	{
			"host":	"h0",
			"port":	5010
		},
		"cookie":	"vuu7mfqdlc6ywl2eoarg6edzqxmkehy3za64",
		"tcp_mss_default":	1448,
		"sock_bufsize":	0,
		"sndbuf_actual":	87380,
		"rcvbuf_actual":	87380,
		"test_start":	{
			"protocol":	"TCP",
			"num_streams":	1,
			"blksize":	131072,
			"omit":	0,
			"duration":	0,
			"bytes":	111730808,
			"blocks":	0,
			"reverse":	0,
			"tos":	0
		}
	},
	"intervals":	[{
			"streams":	[{
					"socket":	6,
					"start":	0,
					"end":	1.0001740455627441,
					"seconds":	1.0001740455627441,
					"bytes":	16950192,
					"bits_per_second":	135577939.26126558,
					"retransmits":	0,
					"snd_cwnd":	1372704,
					"rtt":	113623,
					"rttvar":	714,
					"pmtu":	1500,
					"omitted":	false
				}],
			"sum":	{
				"start":	0,
				"end":	1.0001740455627441,
				"seconds":	1.0001740455627441,
				"bytes":	16950192,
				"bits_per_second":	135577939.26126558,
				"retransmits":	0,
				"omitted":	false
			}
		}, {
			"streams":	[{
					"socket":	6,
					"start":	1.0001740455627441,
					"end":	2.000108003616333,
					"seconds":	0.99993395805358887,
					"bytes":	10485760,
					"bits_per_second":	83891620.365896553,
					"retransmits":	0,
					"snd_cwnd":	1850544,
					"rtt":	195682,
					"rttvar":	5372,
					"pmtu":	1500,
					"omitted":	false
				}],
			"sum":	{
				"start":	1.0001740455627441,
				"end":	2.000108003616333,
				"seconds":	0.99993395805358887,
				"bytes":	10485760,
				"bits_per_second":	83891620.365896553,
				"retransmits":	0,
				"omitted":	false
			}
		}, {
			"streams":	[{
					"socket":	6,
					"start":	2.000108003616333,
					"end":	3.0000979900360107,
					"seconds":	0.99998998641967773,
					"bytes":	9175040,
					"bits_per_second":	73401055.007360056,
					"retransmits":	0,
					"snd_cwnd":	2235712,
					"rtt":	295521,
					"rttvar":	1494,
					"pmtu":	1500,
					"omitted":	false
				}],
			"sum":	{
				"start":	2.000108003616333,
				"end":	3.0000979900360107,
				"seconds":	0.99998998641967773,
				"bytes":	9175040,
				"bits_per_second":	73401055.007360056,
				"retransmits":	0,
				"omitted":	false
			}
		}, {
			"streams":	[{
					"socket":	6,
					"start":	3.0000979900360107,
					"end":	4.0000979900360107,
					"seconds":	1,
					"bytes":	7864320,
					"bits_per_second":	62914560,
					"retransmits":	0,
					"snd_cwnd":	2555720,
					"rtt":	390992,
					"rttvar":	824,
					"pmtu":	1500,
					"omitted":	false
				}],
			"sum":	{
				"start":	3.0000979900360107,
				"end":	4.0000979900360107,
				"seconds":	1,
				"bytes":	7864320,
				"bits_per_second":	62914560,
				"retransmits":	0,
				"omitted":	false
			}
		}, {
			"streams":	[{
					"socket":	6,
					"start":	4.0000979900360107,
					"end":	5.00008487701416,
					"seconds":	0.99998688697814941,
					"bytes":	6553600,
					"bits_per_second":	52429487.509015322,
					"retransmits":	0,
					"snd_cwnd":	2835184,
					"rtt":	480501,
					"rttvar":	761,
					"pmtu":	1500,
					"omitted":	false
				}],
			"sum":	{
				"start":	4.0000979900360107,
				"end":	5.00008487701416,
				"seconds":	0.99998688697814941,
				"bytes":	6553600,
				"bits_per_second":	52429487.509015322,
				"retransmits":	0,
				"omitted":	false
			}
		}, {
			"streams":	[{
					"socket":	6,
					"start":	5.00008487701416,
					"end":	6.0000739097595215,
					"seconds":	0.99998903274536133,
					"bytes":	5242880,
					"bits_per_second":	41943500.005044989,
					"retransmits":	0,
					"snd_cwnd":	3097272,
					"rtt":	573209,
					"rttvar":	2046,
					"pmtu":	1500,
					"omitted":	false
				}],
			"sum":	{
				"start":	5.00008487701416,
				"end":	6.0000739097595215,
				"seconds":	0.99998903274536133,
				"bytes":	5242880,
				"bits_per_second":	41943500.005044989,
				"retransmits":	0,
				"omitted":	false
			}
		}, {
			"streams":	[{
					"socket":	6,
					"start":	6.0000739097595215,
					"end":	7.0000989437103271,
					"seconds":	1.0000250339508057,
					"bytes":	3932160,
					"bits_per_second":	31456492.519713745,
					"retransmits":	0,
					"snd_cwnd":	3331848,
					"rtt":	664309,
					"rttvar":	832,
					"pmtu":	1500,
					"omitted":	false
				}],
			"sum":	{
				"start":	6.0000739097595215,
				"end":	7.0000989437103271,
				"seconds":	1.0000250339508057,
				"bytes":	3932160,
				"bits_per_second":	31456492.519713745,
				"retransmits":	0,
				"omitted":	false
			}
		}, {
			"streams":	[{
					"socket":	6,
					"start":	7.0000989437103271,
					"end":	8.0001230239868164,
					"seconds":	1.0000240802764893,
					"bytes":	5242880,
					"bits_per_second":	41942030.024320491,
					"retransmits":	0,
					"snd_cwnd":	3589592,
					"rtt":	629333,
					"rttvar":	1038,
					"pmtu":	1500,
					"omitted":	false
				}],
			"sum":	{
				"start":	7.0000989437103271,
				"end":	8.0001230239868164,
				"seconds":	1.0000240802764893,
				"bytes":	5242880,
				"bits_per_second":	41942030.024320491,
				"retransmits":	0,
				"omitted":	false
			}
		}, {
			"streams":	[{
					"socket":	6,
					"start":	8.0001230239868164,
					"end":	9.0002908706665039,
					"seconds":	1.0001678466796875,
					"bytes":	5242880,
					"bits_per_second":	41936001.18144232,
					"retransmits":	0,
					"snd_cwnd":	3842992,
					"rtt":	695796,
					"rttvar":	2888,
					"pmtu":	1500,
					"omitted":	false
				}],
			"sum":	{
				"start":	8.0001230239868164,
				"end":	9.0002908706665039,
				"seconds":	1.0001678466796875,
				"bytes":	5242880,
				"bits_per_second":	41936001.18144232,
				"retransmits":	0,
				"omitted":	false
			}
		}, {
			"streams":	[{
					"socket":	6,
					"start":	9.0002908706665039,
					"end":	10.000073909759521,
					"seconds":	0.99978303909301758,
					"bytes":	5242880,
					"bits_per_second":	41952141.9747727,
					"retransmits":	0,
					"snd_cwnd":	4107976,
					"rtt":	770157,
					"rttvar":	819,
					"pmtu":	1500,
					"omitted":	false
				}],
			"sum":	{
				"start":	9.0002908706665039,
				"end":	10.000073909759521,
				"seconds":	0.99978303909301758,
				"bytes":	5242880,
				"bits_per_second":	41952141.9747727,
				"retransmits":	0,
				"omitted":	false
			}
		}, {
			"streams":	[{
					"socket":	6,
					"start":	10.000073909759521,
					"end":	11.000066995620728,
					"seconds":	0.999993085861206,
					"bytes":	5242880,
					"bits_per_second":	41943330.002005115,
					"retransmits":	0,
					"snd_cwnd":	4361376,
					"rtt":	836035,
					"rttvar":	455,
					"pmtu":	1500,
					"omitted":	false
				}],
			"sum":	{
				"start":	10.000073909759521,
				"end":	11.000066995620728,
				"seconds":	0.999993085861206,
				"bytes":	5242880,
				"bits_per_second":	41943330.002005115,
				"retransmits":	0,
				"omitted":	false
			}
		}, {
			"streams":	[{
					"socket":	6,
					"start":	11.000066995620728,
					"end":	12.000266075134277,
					"seconds":	1.0001990795135498,
					"bytes":	3932160,
					"bits_per_second":	31451018.746487305,
					"retransmits":	0,
					"snd_cwnd":	4604640,
					"rtt":	890976,
					"rttvar":	1346,
					"pmtu":	1500,
					"omitted":	false
				}],
			"sum":	{
				"start":	11.000066995620728,
				"end":	12.000266075134277,
				"seconds":	1.0001990795135498,
				"bytes":	3932160,
				"bits_per_second":	31451018.746487305,
				"retransmits":	0,
				"omitted":	false
			}
		}, {
			"streams":	[{
					"socket":	6,
					"start":	12.000266075134277,
					"end":	13.000036001205444,
					"seconds":	0.999769926071167,
					"bytes":	11796480,
					"bits_per_second":	94393557.496629775,
					"retransmits":	0,
					"snd_cwnd":	5124472,
					"rtt":	257232,
					"rttvar":	181,
					"pmtu":	1500,
					"omitted":	false
				}],
			"sum":	{
				"start":	12.000266075134277,