{
	"start":	{
		"connected":	[{
				"socket":	6,
				"local_host":	"192.168.27.1",
				"local_port":	48648,
				"remote_host":	"192.168.57.1",
				"remote_port":	5009
			}],
		"version":	"iperf 3.6",
		"system_info":	"Linux ba-thesis 4.19.0-23-amd64 #1 SMP Debian 4.19.269-1 (2022-12-20) x86_64",
		"timestamp":	{
			"time":	"Mon, 05 Jun 2023 17:50:59 GMT",
			"timesecs":	1685987459
		},
		"connecting_to":	{
			"host":	"h19",
			"port":	5009
		},
		"cookie":	"745mb752yv3bygpfpzomwzpjxml62eivrqby",
		"tcp_mss_default":	1448,
		"sock_bufsize":	0,
		"sndbuf_actual":	87380,
		"rcvbuf_actual":	87380,
		"test_start":	{
			"protocol":	"TCP",
			"num_streams":	1,
			"blksize":	131072,
			"omit":	0,
			"duration":	0,
			"bytes":	86302969,
			"blocks":	0,
			"reverse":	0,
			"tos":	0
		}
	},
	"intervals":	[{
			"streams":	[{
					"socket":	6,
					"start":	0,
					"end":	1.000079870223999,
					"seconds":	1.000079870223999,
					"bytes":	9397192,
					"bits_per_second":	75171532.032898188,
					"retransmits":	0,
					"snd_cwnd":	1036768,
					"rtt":	81719,
					"rttvar":	287,
					"pmtu":	1500,
					"omitted":	false
				}],
			"sum":	{
				"start":	0,
				"end":	1.000079870223999,
				"seconds":	1.000079870223999,
				"bytes":	9397192,
				"bits_per_second":	75171532.032898188,
				"retransmits":	0,
				"omitted":	false
			}
		}, {
			"streams":	[{
					"socket":	6,
					"start":	1.000079870223999,
					"end":	2.0001330375671387,
					"seconds":	1.0000531673431396,
					"bytes":	13107200,
					"bits_per_second":	104852025.29639217,
					"retransmits":	0,
					"snd_cwnd":	1634792,
					"rtt":	129436,
					"rttvar":	457,
					"pmtu":	1500,
					"omitted":	false
				}],
			"sum":	{
				"start":	1.000079870223999,
				"end":	2.0001330375671387,
				"seconds":	1.0000531673431396,
				"bytes":	13107200,
				"bits_per_second":	104852025.29639217,
				"retransmits":	0,
				"omitted":	false
			}
		}, {
			"streams":	[{
					"socket":	6,
					"start":	2.0001330375671387,
					"end":	3.000075101852417,
					"seconds":	0.99994206428527832,
					"bytes":	14417920,
					"bits_per_second":	115350042.88717784,
					"retransmits":	0,
					"snd_cwnd":	2232816,
					"rtt":	177132,
					"rttvar":	482,
					"pmtu":	1500,
					"omitted":	false
				}],
			"sum":	{
				"start":	2.0001330375671387,
				"end":	3.000075101852417,
				"seconds":	0.99994206428527832,
				"bytes":	14417920,
				"bits_per_second":	115350042.88717784,
				"retransmits":	0,
				"omitted":	false
			}
		}, {
			"streams":	[{
					"socket":	6,
					"start":	3.000075101852417,
					"end":	4.000154972076416,
					"seconds":	1.000079870223999,
					"bytes":	14417920,
					"bits_per_second":	115334148.23574567,
					"retransmits":	0,
					"snd_cwnd":	2829392,
					"rtt":	224643,
					"rttvar":	625,
					"pmtu":	1500,
					"omitted":	false
				}],
			"sum":	{
				"start":	3.000075101852417,
				"end":	4.000154972076416,
				"seconds":	1.000079870223999,
				"bytes":	14417920,
				"bits_per_second":	115334148.23574567,
				"retransmits":	0,
				"omitted":	false
			}
		}, {
			"streams":	[{
					"socket":	6,
					"start":	4.000154972076416,
					"end":	5.0001230239868164,
					"seconds":	0.99996805191040039,
					"bytes":	11796480,
					"bits_per_second":	94374855.096326575,
					"retransmits":	0,
					"snd_cwnd":	3427416,
					"rtt":	272229,
					"rttvar":	411,
					"pmtu":	1500,
					"omitted":	false
				}],
			"sum":	{
				"start":	4.000154972076416,
				"end":	5.0001230239868164,
				"seconds":	0.99996805191040039,
				"bytes":	11796480,
				"bits_per_second":	94374855.096326575,
				"retransmits":	0,
				"omitted":	false
			}
		}, {
			"streams":	[{
					"socket":	6,
					"start":	5.0001230239868164,
					"end":	6.0001099109649658,
					"seconds":	0.99998688697814941,
					"bytes":	11796480,
					"bits_per_second":	94373077.516227573,
					"retransmits":	0,
					"snd_cwnd":	4025440,
					"rtt":	319999,
					"rttvar":	655,
					"pmtu":	1500,
					"omitted":	false
				}],
			"sum":	{
				"start":	5.0001230239868164,
				"end":	6.0001099109649658,
				"seconds":	0.99998688697814941,
				"bytes":	11796480,
				"bits_per_second":	94373077.516227573,
				"retransmits":	0,
				"omitted":	false
			}
		}, {
			"streams":	[{
					"socket":	6,
					"start":	6.0001099109649658,
					"end":	6.9068429470062256,
					"seconds":	0.90673303604125977,
					"bytes":	11796480,
					"bits_per_second":	104078969.4969333,
					"retransmits":	0,
					"snd_cwnd":	4566992,
					"rtt":	362885,
					"rttvar":	297,
					"pmtu":	1500,
					"omitted":	false
				}],
			"sum":	{
				"start":	6.0001099109649658,
				"end":	6.9068429470062256,
				"seconds":	0.90673303604125977,
				"bytes":	11796480,
				"bits_per_second":	104078969.4969333,
				"retransmits":	0,
				"omitted":	false
			}
		}],
	"end":	{
		"streams":	[{
				"sender":	{
					"socket":	6,
					"start":	0,
					"end":	6.9068429470062256,
					"seconds":	6.9068429470062256,
					"bytes":	86729672,
					"bits_per_second":	100456515.56341587,
					"retransmits":	0,
					"max_snd_cwnd":	4566992,
					"max_rtt":	362885,
					"min_rtt":	81719,
					"mean_rtt":	224006
				},
				"receiver":	{
					"socket":	6,
					"start":	0,
					"end":	7.43493914604187,
					"seconds":	6.9068429470062256,
					"bytes":	79377912,
					"bits_per_second":	85410691.80614163
				}
			}],
		"sum_sent":	{
			"start":	0,
			"end":	6.9068429470062256,
			"seconds":	6.9068429470062256,
			"bytes":	86729672,
			"bits_per_second":	100456515.56341587,
			"retransmits":	0
		},
		"sum_received":	{
			"start":	0,
			"end":	7.43493914604187,
			"seconds":	7.43493914604187,
			"bytes":	79377912,
			"bits_per_second":	85410691.80614163
		},
		"cpu_utilization_percent":	{
			"host_total":	4.8153401442241277,
			"host_user":	0.64294665162045561,
			"host_system":	4.1723806413813724,
			"remote_total":	0.10779354938427617,
			"remote_user":	0.015833348606722523,
			"remote_system":	0.09196136817035809
		},
		"sender_tcp_congestion":	"cubic",
		"receiver_tcp_congestion":	"cubic"
	}
}
