{
	"start":	{
		"connected":	[{
				"socket":	6,
				"local_host":	"192.168.1.1",
				"local_port":	56994,
				"remote_host":	"192.168.1.2",
				"remote_port":	5000
			}],
		"version":	"iperf 3.6",
		"system_info":	"Linux ba-thesis 4.19.0-23-amd64 #1 SMP Debian 4.19.269-1 (2022-12-20) x86_64",
		"timestamp":	{
			"time":	"Fri, 09 Jun 2023 14:36:43 GMT",
			"timesecs":	1686321403
		},
		"connecting_to":	{
			"host":	"h3",
			"port":	5000
		},
		"cookie":	"ibaenxmxf2pmjxmhaeqsbi4dvptx67j65nrw",
		"tcp_mss_default":	1448,
		"sock_bufsize":	0,
		"sndbuf_actual":	87380,
		"rcvbuf_actual":	87380,
		"test_start":	{
			"protocol":	"TCP",
			"num_streams":	1,
			"blksize":	131072,
			"omit":	0,
			"duration":	0,
			"bytes":	83702255,
			"blocks":	0,
			"reverse":	0,
			"tos":	0
		}
	},
	"intervals":	[{
			"streams":	[{
					"socket":	6,
					"start":	0,
					"end":	1.0000619888305664,
					"seconds":	1.0000619888305664,
					"bytes":	15284480,
					"bits_per_second":	122268260.73350175,
					"retransmits":	0,
					"snd_cwnd":	797848,
					"rtt":	62889,
					"rttvar":	574,
					"pmtu":	1500,
					"omitted":	false
				}],
			"sum":	{
				"start":	0,
				"end":	1.0000619888305664,
				"seconds":	1.0000619888305664,
				"bytes":	15284480,
				"bits_per_second":	122268260.73350175,
				"retransmits":	0,
				"omitted":	false
			}
		}, {
			"streams":	[{
					"socket":	6,
					"start":	1.0000619888305664,
					"end":	2.0000739097595215,
					"seconds":	1.0000119209289551,
					"bytes":	14417920,
					"bits_per_second":	115341985.01639108,
					"retransmits":	0,
					"snd_cwnd":	1395872,
					"rtt":	110593,
					"rttvar":	564,
					"pmtu":	1500,
					"omitted":	false
				}],
			"sum":	{
				"start":	1.0000619888305664,
				"end":	2.0000739097595215,
				"seconds":	1.0000119209289551,
				"bytes":	14417920,
				"bits_per_second":	115341985.01639108,
				"retransmits":	0,
				"omitted":	false
			}
		}, {
			"streams":	[{
					"socket":	6,
					"start":	2.0000739097595215,
					"end":	3.00007700920105,
					"seconds":	1.0000030994415283,
					"bytes":	14417920,
					"bits_per_second":	115343002.50110805,
					"retransmits":	0,
					"snd_cwnd":	1993896,
					"rtt":	158103,
					"rttvar":	525,
					"pmtu":	1500,
					"omitted":	false
				}],
			"sum":	{
				"start":	2.0000739097595215,
				"end":	3.00007700920105,
				"seconds":	1.0000030994415283,
				"bytes":	14417920,
				"bits_per_second":	115343002.50110805,
				"retransmits":	0,
				"omitted":	false
			}
		}, {
			"streams":	[{
					"socket":	6,
					"start":	3.00007700920105,
					"end":	4.0000679492950439,
					"seconds":	0.99999094009399414,
					"bytes":	14417920,
					"bits_per_second":	115344405.00946769,
					"retransmits":	0,
					"snd_cwnd":	2591920,
					"rtt":	205789,
					"rttvar":	402,
					"pmtu":	1500,
					"omitted":	false
				}],
			"sum":	{
				"start":	3.00007700920105,
				"end":	4.0000679492950439,
				"seconds":	0.99999094009399414,
				"bytes":	14417920,
				"bits_per_second":	115344405.00946769,
				"retransmits":	0,
				"omitted":	false
			}
		}, {
			"streams":	[{
					"socket":	6,
					"start":	4.0000679492950439,
					"end":	5.0000579357147217,
					"seconds":	0.99998998641967773,
					"bytes":	11796480,
					"bits_per_second":	94372785.009462923,
					"retransmits":	0,
					"snd_cwnd":	3188496,
					"rtt":	252986,
					"rttvar":	232,
					"pmtu":	1500,
					"omitted":	false
				}],
			"sum":	{
				"start":	4.0000679492950439,
				"end":	5.0000579357147217,
				"seconds":	0.99998998641967773,
				"bytes":	11796480,
				"bits_per_second":	94372785.009462923,
				"retransmits":	0,
				"omitted":	false
			}
		}, {
			"streams":	[{
					"socket":	6,
					"start":	5.0000579357147217,
					"end":	6.0001158714294434,
					"seconds":	1.0000579357147217,
					"bytes":	11796480,
					"bits_per_second":	94366372.816745162,
					"retransmits":	0,
					"snd_cwnd":	3786520,
					"rtt":	301053,
					"rttvar":	686,
					"pmtu":	1500,
					"omitted":	false
				}],
			"sum":	{
				"start":	5.0000579357147217,
				"end":	6.0001158714294434,
				"seconds":	1.0000579357147217,
				"bytes":	11796480,
				"bits_per_second":	94366372.816745162,
				"retransmits":	0,
				"omitted":	false
			}
		}, {
			"streams":	[{
					"socket":	6,
					"start":	6.0001158714294434,
					"end":	6.1265518665313721,
					"seconds":	0.12643599510192871,
					"bytes":	2621440,
					"bits_per_second":	165866689.96509597,
					"retransmits":	0,
					"snd_cwnd":	3863264,
					"rtt":	306908,
					"rttvar":	531,
					"pmtu":	1500,
					"omitted":	false
				}],
			"sum":	{
				"start":	6.0001158714294434,
				"end":	6.1265518665313721,
				"seconds":	0.12643599510192871,
				"bytes":	2621440,
				"bits_per_second":	165866689.96509597,
				"retransmits":	0,
				"omitted":	false
			}
		}],
	"end":	{
		"streams":	[{
				"sender":	{
					"socket":	6,
					"start":	0,
					"end":	6.1265518665313721,
					"seconds":	6.1265518665313721,
					"bytes":	84752640,
					"bits_per_second":	110669285.88394871,
					"retransmits":	0,
					"max_snd_cwnd":	3863264,
					"max_rtt":	306908,
					"min_rtt":	62889,
					"mean_rtt":	199760
				},
				"receiver":	{
					"socket":	6,
					"start":	0,
					"end":	6.4892001152038574,
					"seconds":	6.1265518665313721,
					"bytes":	76635400,
					"bits_per_second":	94477468.581000924
				}
			}],
		"sum_sent":	{
			"start":	0,
			"end":	6.1265518665313721,
			"seconds":	6.1265518665313721,
			"bytes":	84752640,
			"bits_per_second":	110669285.88394871,
			"retransmits":	0
		},
		"sum_received":	{
			"start":	0,
			"end":	6.4892001152038574,
			"seconds":	6.4892001152038574,
			"bytes":	76635400,
			"bits_per_second":	94477468.581000924
		},
		"cpu_utilization_percent":	{
			"host_total":	0.87293313725414912,
			"host_user":	0.079145212506575441,
			"host_system":	0.79378792474757365,
			"remote_total":	0.55613426831600432,
			"remote_user":	0.097022710520921637,
			"remote_system":	0.45911155779508278
		},
		"sender_tcp_congestion":	"cubic",
		"receiver_tcp_congestion":	"cubic"
	}
}
