{
	"start":	{
		"connected":	[{
				"socket":	6,
				"local_host":	"192.168.8.1",
				"local_port":	36592,
				"remote_host":	"192.168.8.2",
				"remote_port":	5002
			}],
		"version":	"iperf 3.6",
		"system_info":	"Linux ba-thesis 4.19.0-23-amd64 #1 SMP Debian 4.19.269-1 (2022-12-20) x86_64",
		"timestamp":	{
			"time":	"Mon, 12 Jun 2023 20:36:12 GMT",
			"timesecs":	1686602172
		},
		"connecting_to":	{
			"host":	"h7",
			"port":	5002
		},
		"cookie":	"o676vthzkrezawc4qjei5h4yj2ojdbnkvvb3",
		"tcp_mss_default":	1448,
		"sock_bufsize":	0,
		"sndbuf_actual":	87380,
		"rcvbuf_actual":	87380,
		"test_start":	{
			"protocol":	"TCP",
			"num_streams":	1,
			"blksize":	131072,
			"omit":	0,
			"duration":	0,
			"bytes":	258392064,
			"blocks":	0,
			"reverse":	0,
			"tos":	0
		}
	},
	"intervals":	[{
			"streams":	[{
					"socket":	6,
					"start":	0,
					"end":	1.0000691413879395,
					"seconds":	1.0000691413879395,
					"bytes":	2421056,
					"bits_per_second":	19367108.931208123,
					"retransmits":	0,
					"snd_cwnd":	152040,
					"rtt":	77766,
					"rttvar":	11,
					"pmtu":	1500,
					"omitted":	false
				}],
			"sum":	{
				"start":	0,
				"end":	1.0000691413879395,
				"seconds":	1.0000691413879395,
				"bytes":	2421056,
				"bits_per_second":	19367108.931208123,
				"retransmits":	0,
				"omitted":	false
			}
		}, {
			"streams":	[{
					"socket":	6,
					"start":	1.0000691413879395,
					"end":	2.0000710487365723,
					"seconds":	1.0000019073486328,
					"bytes":	2541240,
					"bits_per_second":	20329881.223828841,
					"retransmits":	0,
					"snd_cwnd":	247608,
					"rtt":	129973,
					"rttvar":	85,
					"pmtu":	1500,
					"omitted":	false
				}],
			"sum":	{
				"start":	1.0000691413879395,
				"end":	2.0000710487365723,
				"seconds":	1.0000019073486328,
				"bytes":	2541240,
				"bits_per_second":	20329881.223828841,
				"retransmits":	0,
				"omitted":	false
			}
		}, {
			"streams":	[{
					"socket":	6,
					"start":	2.0000710487365723,
					"end":	3.0001239776611328,
					"seconds":	1.0000529289245605,
					"bytes":	1824480,
					"bits_per_second":	14595067.498773402,
					"retransmits":	0,
					"snd_cwnd":	331592,
					"rtt":	177181,
					"rttvar":	36,
					"pmtu":	1500,
					"omitted":	false
				}],
			"sum":	{
				"start":	2.0000710487365723,
				"end":	3.0001239776611328,
				"seconds":	1.0000529289245605,
				"bytes":	1824480,
				"bits_per_second":	14595067.498773402,
				"retransmits":	0,
				"omitted":	false
			}
		}, {
			"streams":	[{
					"socket":	6,
					"start":	3.0001239776611328,
					"end":	4.000075101852417,
					"seconds":	0.99995112419128418,
					"bytes":	2476080,
					"bits_per_second":	19809608.210621636,
					"retransmits":	0,
					"snd_cwnd":	422816,
					"rtt":	229612,
					"rttvar":	35,
					"pmtu":	1500,
					"omitted":	false
				}],
			"sum":	{
				"start":	3.0001239776611328,
				"end":	4.000075101852417,
				"seconds":	0.99995112419128418,
				"bytes":	2476080,
				"bits_per_second":	19809608.210621636,
				"retransmits":	0,
				"omitted":	false
			}
		}, {
			"streams":	[{
					"socket":	6,
					"start":	4.000075101852417,
					"end":	5.0000920295715332,
					"seconds":	1.0000169277191162,
					"bytes":	1954800,
					"bits_per_second":	15638135.282038445,
					"retransmits":	0,
					"snd_cwnd":	495216,
					"rtt":	281893,
					"rttvar":	106,
					"pmtu":	1500,
					"omitted":	false
				}],
			"sum":	{
				"start":	4.000075101852417,
				"end":	5.0000920295715332,
				"seconds":	1.0000169277191162,
				"bytes":	1954800,
				"bits_per_second":	15638135.282038445,
				"retransmits":	0,
				"omitted":	false
			}
		}, {
			"streams":	[{
					"socket":	6,
					"start":	5.0000920295715332,
					"end":	6.0000820159912109,
					"seconds":	0.99998998641967773,
					"bytes":	5090000,
					"bits_per_second":	40720407.757073835,
					"retransmits":	0,
					"snd_cwnd":	696488,
					"rtt":	54612,
					"rttvar":	335,
					"pmtu":	1500,
					"omitted":	false
				}],
			"sum":	{
				"start":	5.0000920295715332,
				"end":	6.0000820159912109,
				"seconds":	0.99998998641967773,
				"bytes":	5090000,
				"bits_per_second":	40720407.757073835,
				"retransmits":	0,
				"omitted":	false
			}
		}, {
			"streams":	[{
					"socket":	6,
					"start":	6.0000820159912109,
					"end":	7.0000801086425781,
					"seconds":	0.99999809265136719,
					"bytes":	14417920,
					"bits_per_second":	115343580.00041962,
					"retransmits":	0,
					"snd_cwnd":	1294512,
					"rtt":	102226,
					"rttvar":	291,
					"pmtu":	1500,
					"omitted":	false
				}],
			"sum":	{
				"start":	6.0000820159912109,
				"end":	7.0000801086425781,
				"seconds":	0.99999809265136719,
				"bytes":	14417920,
				"bits_per_second":	115343580.00041962,
				"retransmits":	0,
				"omitted":	false
			}
		}, {
			"streams":	[{
					"socket":	6,
					"start":	7.0000801086425781,
					"end":	8.0000600814819336,
					"seconds":	0.99997997283935547,
					"bytes":	13107200,
					"bits_per_second":	104859700.04205789,
					"retransmits":	0,
					"snd_cwnd":	1892536,
					"rtt":	149975,
					"rttvar":	440,
					"pmtu":	1500,
					"omitted":	false
				}],
			"sum":	{
				"start":	7.0000801086425781,
				"end":	8.0000600814819336,
				"seconds":	0.99997997283935547,
				"bytes":	13107200,
				"bits_per_second":	104859700.04205789,
				"retransmits":	0,
				"omitted":	false
			}
		}, {
			"streams":	[{
					"socket":	6,
					"start":	8.0000600814819336,
					"end":	9.0001449584960938,
					"seconds":	1.0000848770141602,
					"bytes":	14417920,
					"bits_per_second":	115333570.83087544,
					"retransmits":	0,
					"snd_cwnd":	2490560,
					"rtt":	197325,
					"rttvar":	266,
					"pmtu":	1500,
					"omitted":	false
				}],
			"sum":	{
				"start":	8.0000600814819336,
				"end":	9.0001449584960938,
				"seconds":	1.0000848770141602,
				"bytes":	14417920,
				"bits_per_second":	115333570.83087544,
				"retransmits":	0,
				"omitted":	false
			}
		}, {
			"streams":	[{
					"socket":	6,
					"start":	9.0001449584960938,
					"end":	10.000046014785767,
					"seconds":	0.99990105628967285,
					"bytes":	13107200,
					"bits_per_second":	104867976.02664258,
					"retransmits":	0,
					"snd_cwnd":	3081344,
					"rtt":	244784,
					"rttvar":	662,
					"pmtu":	1500,
					"omitted":	false
				}],
			"sum":	{
				"start":	9.0001449584960938,
				"end":	10.000046014785767,
				"seconds":	0.99990105628967285,
				"bytes":	13107200,
				"bits_per_second":	104867976.02664258,
				"retransmits":	0,
				"omitted":	false
			}
		}, {
			"streams":	[{
					"socket":	6,
					"start":	10.000046014785767,
					"end":	11.000101089477539,
					"seconds":	1.0000550746917725,
					"bytes":	11796480,
					"bits_per_second":	94366642.786234945,
					"retransmits":	0,
					"snd_cwnd":	3679368,
					"rtt":	292071,
					"rttvar":	305,
					"pmtu":	1500,
					"omitted":	false
				}],
			"sum":	{
				"start":	10.000046014785767,
				"end":	11.000101089477539,
				"seconds":	1.0000550746917725,
				"bytes":	11796480,
				"bits_per_second":	94366642.786234945,
				"retransmits":	0,
				"omitted":	false
			}
		}, {
			"streams":	[{
					"socket":	6,
					"start":	11.000101089477539,
					"end":	12.000112056732178,
					"seconds":	1.0000109672546387,
					"bytes":	11796480,
					"bits_per_second":	94370805.011350989,
					"retransmits":	0,
					"snd_cwnd":	4277392,
					"rtt":	339863,
					"rttvar":	346,
					"pmtu":	1500,
					"omitted":	false
				}],
			"sum":	{
				"start":	11.000101089477539,
				"end":	12.000112056732178,
				"seconds":	1.0000109672546387,
				"bytes":	11796480,
				"bits_per_second":	94370805.011350989,
				"retransmits":	0,
				"omitted":	false
			}
		}, {
			"streams":	[{
					"socket":	6,
					"start":	12.000112056732178,
					"end":	13.000069141387939,
					"seconds":	0.99995708465576172,
					"bytes":	13107200,
					"bits_per_second":	104862100.19312733,
					"retransmits":	0,
					"snd_cwnd":	4875416,
					"rtt":	387562,
					"rttvar":	659,
					"pmtu":	1500,
					"omitted":	false
				}],