{
	"start":	{
		"connected":	[{
				"socket":	6,
				"local_host":	"192.168.16.1",
				"local_port":	54086,
				"remote_host":	"192.168.16.2",
				"remote_port":	5007
			}],
		"version":	"iperf 3.6",
		"system_info":	"Linux ba-thesis 4.19.0-23-amd64 #1 SMP Debian 4.19.269-1 (2022-12-20) x86_64",
		"timestamp":	{
			"time":	"Fri, 09 Jun 2023 21:21:00 GMT",
			"timesecs":	1686345660
		},
		"connecting_to":	{
			"host":	"h6",
			"port":	5007
		},
		"cookie":	"fhgfvgoezh5xx7itc6tjx6ihpyor6plnwjqj",
		"tcp_mss_default":	1448,
		"sock_bufsize":	0,
		"sndbuf_actual":	87380,
		"rcvbuf_actual":	87380,
		"test_start":	{
			"protocol":	"TCP",
			"num_streams":	1,
			"blksize":	131072,
			"omit":	0,
			"duration":	0,
			"bytes":	3368513,
			"blocks":	0,
			"reverse":	0,
			"tos":	0
		}
	},
	"intervals":	[{
			"streams":	[{
					"socket":	6,
					"start":	0,
					"end":	0.4761040210723877,
					"seconds":	0.4761040210723877,
					"bytes":	3719912,
					"bits_per_second":	62505869.899963193,
					"retransmits":	0,
					"snd_cwnd":	343176,
					"rtt":	26463,
					"rttvar":	656,
					"pmtu":	1500,
					"omitted":	false
				}],
			"sum":	{
				"start":	0,
				"end":	0.4761040210723877,
				"seconds":	0.4761040210723877,
				"bytes":	3719912,
				"bits_per_second":	62505869.899963193,
				"retransmits":	0,
				"omitted":	false
			}
		}],
	"end":	{
		"streams":	[{
				"sender":	{
					"socket":	6,
					"start":	0,
					"end":	0.4761040210723877,
					"seconds":	0.4761040210723877,
					"bytes":	3719912,
					"bits_per_second":	62505869.899963193,
					"retransmits":	0,
					"max_snd_cwnd":	343176,
					"max_rtt":	26463,
					"min_rtt":	26463,
					"mean_rtt":	26463
				},
				"receiver":	{
					"socket":	6,
					"start":	0,
					"end":	0.53342199325561523,
					"seconds":	0.4761040210723877,
					"bytes":	2025752,
					"bits_per_second":	30381229.504787393
				}
			}],
		"sum_sent":	{
			"start":	0,
			"end":	0.4761040210723877,
			"seconds":	0.4761040210723877,
			"bytes":	3719912,
			"bits_per_second":	62505869.899963193,
			"retransmits":	0
		},
		"sum_received":	{
			"start":	0,
			"end":	0.53342199325561523,
			"seconds":	0.53342199325561523,
			"bytes":	2025752,
			"bits_per_second":	30381229.504787393
		},
		"cpu_utilization_percent":	{
			"host_total":	7.0235281343701192,
			"host_user":	1.9854838844390248,
			"host_system":	5.0380442499310947,
			"remote_total":	0.67013067236132151,
			"remote_user":	0,
			"remote_system":	0.67028666181019514
		},
		"sender_tcp_congestion":	"cubic",
		"receiver_tcp_congestion":	"cubic"
	}
}
