{
	"start":	{
		"connected":	[{
				"socket":	6,
				"local_host":	"192.168.14.1",
				"local_port":	37746,
				"remote_host":	"192.168.24.1",
				"remote_port":	5008
			}],
		"version":	"iperf 3.6",
		"system_info":	"Linux ba-thesis 4.19.0-23-amd64 #1 SMP Debian 4.19.269-1 (2022-12-20) x86_64",
		"timestamp":	{
			"time":	"Fri, 09 Jun 2023 13:09:01 GMT",
			"timesecs":	1686316141
		},
		"connecting_to":	{
			"host":	"h6",
			"port":	5008
		},
		"cookie":	"lqmjd2utx5nibv2cecuhcvxld4rvafkgnqy5",
		"tcp_mss_default":	1448,
		"sock_bufsize":	0,
		"sndbuf_actual":	87380,
		"rcvbuf_actual":	87380,
		"test_start":	{
			"protocol":	"TCP",
			"num_streams":	1,
			"blksize":	131072,
			"omit":	0,
			"duration":	0,
			"bytes":	39812972,
			"blocks":	0,
			"reverse":	0,
			"tos":	0
		}
	},
	"intervals":	[{
			"streams":	[{
					"socket":	6,
					"start":	0,
					"end":	1.0000929832458496,
					"seconds":	1.0000929832458496,
					"bytes":	16950192,
					"bits_per_second":	135588928.50132668,
					"retransmits":	0,
					"snd_cwnd":	1390080,
					"rtt":	109872,
					"rttvar":	414,
					"pmtu":	1500,
					"omitted":	false
				}],
			"sum":	{
				"start":	0,
				"end":	1.0000929832458496,
				"seconds":	1.0000929832458496,
				"bytes":	16950192,
				"bits_per_second":	135588928.50132668,
				"retransmits":	0,
				"omitted":	false
			}
		}, {
			"streams":	[{
					"socket":	6,
					"start":	1.0000929832458496,
					"end":	2.0000920295715332,
					"seconds":	0.99999904632568359,
					"bytes":	14417920,
					"bits_per_second":	115343470.0001049,
					"retransmits":	0,
					"snd_cwnd":	1986656,
					"rtt":	157584,
					"rttvar":	643,
					"pmtu":	1500,
					"omitted":	false
				}],
			"sum":	{
				"start":	1.0000929832458496,
				"end":	2.0000920295715332,
				"seconds":	0.99999904632568359,
				"bytes":	14417920,
				"bits_per_second":	115343470.0001049,
				"retransmits":	0,
				"omitted":	false
			}
		}, {
			"streams":	[{
					"socket":	6,
					"start":	2.0000920295715332,
					"end":	2.6129348278045654,
					"seconds":	0.61284279823303223,
					"bytes":	9175040,
					"bits_per_second":	119770225.27086902,
					"retransmits":	0,
					"snd_cwnd":	2354448,
					"rtt":	186761,
					"rttvar":	480,
					"pmtu":	1500,
					"omitted":	false
				}],
			"sum":	{
				"start":	2.0000920295715332,
				"end":	2.6129348278045654,
				"seconds":	0.61284279823303223,
				"bytes":	9175040,
				"bits_per_second":	119770225.27086902,
				"retransmits":	0,
				"omitted":	false
			}
		}],
	"end":	{
		"streams":	[{
				"sender":	{
					"socket":	6,
					"start":	0,
					"end":	2.6129348278045654,
					"seconds":	2.6129348278045654,
					"bytes":	40543152,
					"bits_per_second":	124130618.39453556,
					"retransmits":	0,
					"max_snd_cwnd":	2354448,
					"max_rtt":	186761,
					"min_rtt":	109872,
					"mean_rtt":	151405
				},
				"receiver":	{
					"socket":	6,
					"start":	0,
					"end":	2.8312399387359619,
					"seconds":	2.6129348278045654,
					"bytes":	32535112,
					"bits_per_second":	91931768.988892287
				}
			}],
		"sum_sent":	{
			"start":	0,
			"end":	2.6129348278045654,
			"seconds":	2.6129348278045654,
			"bytes":	40543152,
			"bits_per_second":	124130618.39453556,
			"retransmits":	0
		},
		"sum_received":	{
			"start":	0,
			"end":	2.8312399387359619,
			"seconds":	2.8312399387359619,
			"bytes":	32535112,
			"bits_per_second":	91931768.988892287
		},
		"cpu_utilization_percent":	{
			"host_total":	1.7692624390356255,
			"host_user":	0.45165460335008956,
			"host_system":	1.3175718472709266,
			"remote_total":	1.2533832630079589,
			"remote_user":	0.21466451711548831,
			"remote_system":	1.0387522767448785
		},
		"sender_tcp_congestion":	"cubic",
		"receiver_tcp_congestion":	"cubic"
	}
}
