{
	"start":	{
		"connected":	[{
				"socket":	6,
				"local_host":	"192.168.7.1",
				"local_port":	58114,
				"remote_host":	"192.168.28.1",
				"remote_port":	5003
			}],
		"version":	"iperf 3.6",
		"system_info":	"Linux ba-thesis 4.19.0-23-amd64 #1 SMP Debian 4.19.269-1 (2022-12-20) x86_64",
		"timestamp":	{
			"time":	"Mon, 12 Jun 2023 14:45:34 GMT",
			"timesecs":	1686581134
		},
		"connecting_to":	{
			"host":	"h8",
			"port":	5003
		},
		"cookie":	"j4l7eho5wb2frgq7zmwhzzmugyi3py4j5atv",
		"tcp_mss_default":	1448,
		"sock_bufsize":	0,
		"sndbuf_actual":	87380,
		"rcvbuf_actual":	87380,
		"test_start":	{
			"protocol":	"TCP",
			"num_streams":	1,
			"blksize":	131072,
			"omit":	0,
			"duration":	0,
			"bytes":	136353792,
			"blocks":	0,
			"reverse":	0,
			"tos":	0
		}
	},
	"intervals":	[{
			"streams":	[{
					"socket":	6,
					"start":	0,
					"end":	1.0000591278076172,
					"seconds":	1.0000591278076172,
					"bytes":	16950192,
					"bits_per_second":	135593518.65251496,
					"retransmits":	0,
					"snd_cwnd":	1390080,
					"rtt":	109963,
					"rttvar":	345,
					"pmtu":	1500,
					"omitted":	false
				}],
			"sum":	{
				"start":	0,
				"end":	1.0000591278076172,
				"seconds":	1.0000591278076172,
				"bytes":	16950192,
				"bits_per_second":	135593518.65251496,
				"retransmits":	0,
				"omitted":	false
			}
		}, {
			"streams":	[{
					"socket":	6,
					"start":	1.0000591278076172,
					"end":	2.000075101852417,
					"seconds":	1.0000159740447998,
					"bytes":	14417920,
					"bits_per_second":	115341517.5294317,
					"retransmits":	0,
					"snd_cwnd":	1988104,
					"rtt":	157510,
					"rttvar":	656,
					"pmtu":	1500,
					"omitted":	false
				}],
			"sum":	{
				"start":	1.0000591278076172,
				"end":	2.000075101852417,
				"seconds":	1.0000159740447998,
				"bytes":	14417920,
				"bits_per_second":	115341517.5294317,
				"retransmits":	0,
				"omitted":	false
			}
		}, {
			"streams":	[{
					"socket":	6,
					"start":	2.000075101852417,
					"end":	3.0000441074371338,
					"seconds":	0.9999690055847168,
					"bytes":	14417920,
					"bits_per_second":	115346935.11080846,
					"retransmits":	0,
					"snd_cwnd":	2584680,
					"rtt":	205080,
					"rttvar":	645,
					"pmtu":	1500,
					"omitted":	false
				}],
			"sum":	{
				"start":	2.000075101852417,
				"end":	3.0000441074371338,
				"seconds":	0.9999690055847168,
				"bytes":	14417920,
				"bits_per_second":	115346935.11080846,
				"retransmits":	0,
				"omitted":	false
			}
		}, {
			"streams":	[{
					"socket":	6,
					"start":	3.0000441074371338,
					"end":	4.0000650882720947,
					"seconds":	1.0000209808349609,
					"bytes":	11796480,
					"bits_per_second":	94369860.041541189,
					"retransmits":	0,
					"snd_cwnd":	3182704,
					"rtt":	252556,
					"rttvar":	335,
					"pmtu":	1500,
					"omitted":	false
				}],
			"sum":	{
				"start":	3.0000441074371338,
				"end":	4.0000650882720947,
				"seconds":	1.0000209808349609,
				"bytes":	11796480,
				"bits_per_second":	94369860.041541189,
				"retransmits":	0,
				"omitted":	false
			}
		}, {
			"streams":	[{
					"socket":	6,
					"start":	4.0000650882720947,
					"end":	5.00014591217041,
					"seconds":	1.0000808238983154,
					"bytes":	13107200,
					"bits_per_second":	104849125.68492718,
					"retransmits":	0,
					"snd_cwnd":	3780728,
					"rtt":	300440,
					"rttvar":	643,
					"pmtu":	1500,
					"omitted":	false
				}],
			"sum":	{
				"start":	4.0000650882720947,
				"end":	5.00014591217041,
				"seconds":	1.0000808238983154,
				"bytes":	13107200,
				"bits_per_second":	104849125.68492718,
				"retransmits":	0,
				"omitted":	false
			}
		}, {
			"streams":	[{
					"socket":	6,
					"start":	5.00014591217041,
					"end":	6.0000860691070557,
					"seconds":	0.99994015693664551,
					"bytes":	11796480,
					"bits_per_second":	94377487.837983921,
					"retransmits":	0,
					"snd_cwnd":	4377304,
					"rtt":	347667,
					"rttvar":	177,
					"pmtu":	1500,
					"omitted":	false
				}],
			"sum":	{
				"start":	5.00014591217041,
				"end":	6.0000860691070557,
				"seconds":	0.99994015693664551,
				"bytes":	11796480,
				"bits_per_second":	94377487.837983921,
				"retransmits":	0,
				"omitted":	false
			}
		}, {
			"streams":	[{
					"socket":	6,
					"start":	6.0000860691070557,
					"end":	7.0000801086425781,
					"seconds":	0.99999403953552246,
					"bytes":	11796480,
					"bits_per_second":	94372402.503352776,
					"retransmits":	0,
					"snd_cwnd":	4975328,
					"rtt":	395527,
					"rttvar":	335,
					"pmtu":	1500,
					"omitted":	false
				}],
			"sum":	{
				"start":	6.0000860691070557,
				"end":	7.0000801086425781,
				"seconds":	0.99999403953552246,
				"bytes":	11796480,
				"bits_per_second":	94372402.503352776,
				"retransmits":	0,
				"omitted":	false
			}
		}, {
			"streams":	[{
					"socket":	6,
					"start":	7.0000801086425781,
					"end":	8.00009799003601,
					"seconds":	1.0000178813934326,
					"bytes":	11796480,
					"bits_per_second":	94370152.530174315,
					"retransmits":	0,
					"snd_cwnd":	5573352,
					"rtt":	443208,
					"rttvar":	412,
					"pmtu":	1500,
					"omitted":	false
				}],
			"sum":	{
				"start":	7.0000801086425781,
				"end":	8.00009799003601,
				"seconds":	1.0000178813934326,
				"bytes":	11796480,
				"bits_per_second":	94370152.530174315,
				"retransmits":	0,
				"omitted":	false
			}
		}, {
			"streams":	[{
					"socket":	6,
					"start":	8.00009799003601,
					"end":	9.0001029968261719,
					"seconds":	1.0000050067901611,
					"bytes":	11796480,
					"bits_per_second":	94371367.5023657,
					"retransmits":	0,
					"snd_cwnd":	6171376,
					"rtt":	490965,
					"rttvar":	536,
					"pmtu":	1500,
					"omitted":	false
				}],
			"sum":	{
				"start":	8.00009799003601,
				"end":	9.0001029968261719,
				"seconds":	1.0000050067901611,
				"bytes":	11796480,
				"bits_per_second":	94371367.5023657,
				"retransmits":	0,
				"omitted":	false
			}
		}, {
			"streams":	[{
					"socket":	6,
					"start":	9.0001029968261719,
					"end":	10.000081062316895,
					"seconds":	0.99997806549072266,
					"bytes":	11796480,
					"bits_per_second":	94373910.045405433,
					"retransmits":	0,
					"snd_cwnd":	6769400,
					"rtt":	538498,
					"rttvar":	342,
					"pmtu":	1500,
					"omitted":	false
				}],
			"sum":	{
				"start":	9.0001029968261719,
				"end":	10.000081062316895,
				"seconds":	0.99997806549072266,
				"bytes":	11796480,
				"bits_per_second":	94373910.045405433,
				"retransmits":	0,
				"omitted":	false
			}
		}, {
			"streams":	[{
					"socket":	6,
					"start":	10.000081062316895,
					"end":	10.613107919692993,
					"seconds":	0.61302685737609863,
					"bytes":	7864320,
					"bits_per_second":	102629369.72988319,
					"retransmits":	0,
					"snd_cwnd":	7135744,
					"rtt":	567624,
					"rttvar":	504,
					"pmtu":	1500,
					"omitted":	false
				}],
			"sum":	{
				"start":	10.000081062316895,
				"end":	10.613107919692993,
				"seconds":	0.61302685737609863,
				"bytes":	7864320,
				"bits_per_second":	102629369.72988319,
				"retransmits":	0,
				"omitted":	false
			}
		}],
	"end":	{
		"streams":	[{
				"sender":	{
					"socket":	6,
					"start":	0,
					"end":	10.613107919692993,
					"seconds":	10.613107919692993,
					"bytes":	137536432,
					"bits_per_second":	103672879.26643719,
					"retransmits":	0,
					"max_snd_cwnd":	7135744,
					"max_rtt":	567624,
					"min_rtt":	109963,
					"mean_rtt":	346276
				},
				"receiver":	{
					"socket":	6,
					"start":	0,
					"end":	11.230729103088379,
					"seconds":	10.613107919692993,
					"bytes":	132939432,
					"bits_per_second":	94696920.0519261
				}
			}],
		"sum_sent":	{
			"start":	0,
			"end":	10.613107919692993,
			"seconds":	10.613107919692993,
			"bytes":	137536432,
			"bits_per_second":	103672879.26643719,
			"retransmits":	0
		},
		"sum_received":	{
			"start":	0,
			"end":	11.230729103088379,
			"seconds":	11.230729103088379,
			"bytes":	132939432,
			"bits_per_second":	94696920.0519261
		},