{
	"start":	{
		"connected":	[{
				"socket":	6,
				"local_host":	"192.168.14.1",
				"local_port":	38384,
				"remote_host":	"192.168.29.1",
				"remote_port":	5004
			}],
		"version":	"iperf 3.6",
		"system_info":	"Linux ba-thesis 4.19.0-23-amd64 #1 SMP Debian 4.19.269-1 (2022-12-20) x86_64",
		"timestamp":	{
			"time":	"Mon, 12 Jun 2023 14:44:16 GMT",
			"timesecs":	1686581056
		},
		"connecting_to":	{
			"host":	"h9",
			"port":	5004
		},
		"cookie":	"nkqjhz4ssgufmwbownqxrxpsg6vpr7c2df3n",
		"tcp_mss_default":	1448,
		"sock_bufsize":	0,
		"sndbuf_actual":	87380,
		"rcvbuf_actual":	87380,
		"test_start":	{
			"protocol":	"TCP",
			"num_streams":	1,
			"blksize":	131072,
			"omit":	0,
			"duration":	0,
			"bytes":	53778432,
			"blocks":	0,
			"reverse":	0,
			"tos":	0
		}
	},
	"intervals":	[{
			"streams":	[{
					"socket":	6,
					"start":	0,
					"end":	1.0000860691070557,
					"seconds":	1.0000860691070557,
					"bytes":	16950192,
					"bits_per_second":	135589865.90131608,
					"retransmits":	0,
					"snd_cwnd":	1390080,
					"rtt":	109843,
					"rttvar":	438,
					"pmtu":	1500,
					"omitted":	false
				}],
			"sum":	{
				"start":	0,
				"end":	1.0000860691070557,
				"seconds":	1.0000860691070557,
				"bytes":	16950192,
				"bits_per_second":	135589865.90131608,
				"retransmits":	0,
				"omitted":	false
			}
		}, {
			"streams":	[{
					"socket":	6,
					"start":	1.0000860691070557,
					"end":	2.0001060962677,
					"seconds":	1.0000200271606445,
					"bytes":	14417920,
					"bits_per_second":	115341050.04626182,
					"retransmits":	0,
					"snd_cwnd":	1986656,
					"rtt":	157752,
					"rttvar":	650,
					"pmtu":	1500,
					"omitted":	false
				}],
			"sum":	{
				"start":	1.0000860691070557,
				"end":	2.0001060962677,
				"seconds":	1.0000200271606445,
				"bytes":	14417920,
				"bits_per_second":	115341050.04626182,
				"retransmits":	0,
				"omitted":	false
			}
		}, {
			"streams":	[{
					"socket":	6,
					"start":	2.0001060962677,
					"end":	3.0000960826873779,
					"seconds":	0.99998998641967773,
					"bytes":	14417920,
					"bits_per_second":	115344515.0115658,
					"retransmits":	0,
					"snd_cwnd":	2584680,
					"rtt":	205209,
					"rttvar":	628,
					"pmtu":	1500,
					"omitted":	false
				}],
			"sum":	{
				"start":	2.0001060962677,
				"end":	3.0000960826873779,
				"seconds":	0.99998998641967773,
				"bytes":	14417920,
				"bits_per_second":	115344515.0115658,
				"retransmits":	0,
				"omitted":	false
			}
		}, {
			"streams":	[{
					"socket":	6,
					"start":	3.0000960826873779,
					"end":	3.6789791584014893,
					"seconds":	0.67888307571411133,
					"bytes":	9175040,
					"bits_per_second":	108119236.76664178,
					"retransmits":	0,
					"snd_cwnd":	2990120,
					"rtt":	237563,
					"rttvar":	381,
					"pmtu":	1500,
					"omitted":	false
				}],
			"sum":	{
				"start":	3.0000960826873779,
				"end":	3.6789791584014893,
				"seconds":	0.67888307571411133,
				"bytes":	9175040,
				"bits_per_second":	108119236.76664178,
				"retransmits":	0,
				"omitted":	false
			}
		}],
	"end":	{
		"streams":	[{
				"sender":	{
					"socket":	6,
					"start":	0,
					"end":	3.6789791584014893,
					"seconds":	3.6789791584014893,
					"bytes":	54961072,
					"bits_per_second":	119513744.72886223,
					"retransmits":	0,
					"max_snd_cwnd":	2990120,
					"max_rtt":	237563,
					"min_rtt":	109843,
					"mean_rtt":	177591
				},
				"receiver":	{
					"socket":	6,
					"start":	0,
					"end":	3.9501190185546875,
					"seconds":	3.6789791584014893,
					"bytes":	45900152,
					"bits_per_second":	92959532.174895227
				}
			}],
		"sum_sent":	{
			"start":	0,
			"end":	3.6789791584014893,
			"seconds":	3.6789791584014893,
			"bytes":	54961072,
			"bits_per_second":	119513744.72886223,
			"retransmits":	0
		},
		"sum_received":	{
			"start":	0,
			"end":	3.9501190185546875,
			"seconds":	3.9501190185546875,
			"bytes":	45900152,
			"bits_per_second":	92959532.174895227
		},
		"cpu_utilization_percent":	{
			"host_total":	1.2496271273894082,
			"host_user":	0.099267986373472852,
			"host_system":	1.1502811205917485,
			"remote_total":	0.2581620931456971,
			"remote_user":	0.033822262496434066,
			"remote_system":	0.22434456235918138
		},
		"sender_tcp_congestion":	"cubic",
		"receiver_tcp_congestion":	"cubic"
	}
}
