{
	"start":	{
		"connected":	[{
				"socket":	6,
				"local_host":	"192.168.6.1",
				"local_port":	55292,
				"remote_host":	"192.168.6.2",
				"remote_port":	5001
			}],
		"version":	"iperf 3.6",
		"system_info":	"Linux ba-thesis 4.19.0-23-amd64 #1 SMP Debian 4.19.269-1 (2022-12-20) x86_64",
		"timestamp":	{
			"time":	"Tue, 13 Jun 2023 13:08:50 GMT",
			"timesecs":	1686661730
		},
		"connecting_to":	{
			"host":	"h2",
			"port":	5001
		},
		"cookie":	"rsotqg2jh45244ficjmmpmgdc76f53l4gswa",
		"tcp_mss_default":	1448,
		"sock_bufsize":	0,
		"sndbuf_actual":	87380,
		"rcvbuf_actual":	87380,
		"test_start":	{
			"protocol":	"TCP",
			"num_streams":	1,
			"blksize":	131072,
			"omit":	0,
			"duration":	0,
			"bytes":	93375488,
			"blocks":	0,
			"reverse":	0,
			"tos":	0
		}
	},
	"intervals":	[{
			"streams":	[{
					"socket":	6,
					"start":	0,
					"end":	1.0001039505004883,
					"seconds":	1.0001039505004883,
					"bytes":	15878720,
					"bits_per_second":	127016556.56537473,
					"retransmits":	0,
					"snd_cwnd":	923824,
					"rtt":	72926,
					"rttvar":	370,
					"pmtu":	1500,
					"omitted":	false
				}],
			"sum":	{
				"start":	0,
				"end":	1.0001039505004883,
				"seconds":	1.0001039505004883,
				"bytes":	15878720,
				"bits_per_second":	127016556.56537473,
				"retransmits":	0,
				"omitted":	false
			}
		}, {
			"streams":	[{
					"socket":	6,
					"start":	1.0001039505004883,
					"end":	2.0695960521698,
					"seconds":	1.0694921016693115,
					"bytes":	10485760,
					"bits_per_second":	78435436.661071941,
					"retransmits":	0,
					"snd_cwnd":	1377048,
					"rtt":	123419,
					"rttvar":	16371,
					"pmtu":	1500,
					"omitted":	false
				}],
			"sum":	{
				"start":	1.0001039505004883,
				"end":	2.0695960521698,
				"seconds":	1.0694921016693115,
				"bytes":	10485760,
				"bits_per_second":	78435436.661071941,
				"retransmits":	0,
				"omitted":	false
			}
		}, {
			"streams":	[{
					"socket":	6,
					"start":	2.0695960521698,
					"end":	3.0000998973846436,
					"seconds":	0.93050384521484375,
					"bytes":	13107200,
					"bits_per_second":	112689056.08422226,
					"retransmits":	0,
					"snd_cwnd":	1933080,
					"rtt":	153242,
					"rttvar":	521,
					"pmtu":	1500,
					"omitted":	false
				}],
			"sum":	{
				"start":	2.0695960521698,
				"end":	3.0000998973846436,
				"seconds":	0.93050384521484375,
				"bytes":	13107200,
				"bits_per_second":	112689056.08422226,
				"retransmits":	0,
				"omitted":	false
			}
		}, {
			"streams":	[{
					"socket":	6,
					"start":	3.0000998973846436,
					"end":	4.0000820159912109,
					"seconds":	0.99998211860656738,
					"bytes":	14417920,
					"bits_per_second":	115345422.53688103,
					"retransmits":	0,
					"snd_cwnd":	2531104,
					"rtt":	200675,
					"rttvar":	405,
					"pmtu":	1500,
					"omitted":	false
				}],
			"sum":	{
				"start":	3.0000998973846436,
				"end":	4.0000820159912109,
				"seconds":	0.99998211860656738,
				"bytes":	14417920,
				"bits_per_second":	115345422.53688103,
				"retransmits":	0,
				"omitted":	false
			}
		}, {
			"streams":	[{
					"socket":	6,
					"start":	4.0000820159912109,
					"end":	5.0000839233398438,
					"seconds":	1.0000019073486328,
					"bytes":	10485760,
					"bits_per_second":	83885920.000305176,
					"retransmits":	0,
					"snd_cwnd":	3023424,
					"rtt":	415800,
					"rttvar":	359,
					"pmtu":	1500,
					"omitted":	false
				}],
			"sum":	{
				"start":	4.0000820159912109,
				"end":	5.0000839233398438,
				"seconds":	1.0000019073486328,
				"bytes":	10485760,
				"bits_per_second":	83885920.000305176,
				"retransmits":	0,
				"omitted":	false
			}
		}, {
			"streams":	[{
					"socket":	6,
					"start":	5.0000839233398438,
					"end":	6.0000519752502441,
					"seconds":	0.99996805191040039,
					"bytes":	11796480,
					"bits_per_second":	94374855.096326575,
					"retransmits":	0,
					"snd_cwnd":	3621448,
					"rtt":	287759,
					"rttvar":	310,
					"pmtu":	1500,
					"omitted":	false
				}],
			"sum":	{
				"start":	5.0000839233398438,
				"end":	6.0000519752502441,
				"seconds":	0.99996805191040039,
				"bytes":	11796480,
				"bits_per_second":	94374855.096326575,
				"retransmits":	0,
				"omitted":	false
			}
		}, {
			"streams":	[{
					"socket":	6,
					"start":	6.0000519752502441,
					"end":	7.0000679492950439,
					"seconds":	1.0000159740447998,
					"bytes":	13107200,
					"bits_per_second":	104855925.02675609,
					"retransmits":	0,
					"snd_cwnd":	4218024,
					"rtt":	335277,
					"rttvar":	522,
					"pmtu":	1500,
					"omitted":	false
				}],
			"sum":	{
				"start":	6.0000519752502441,
				"end":	7.0000679492950439,
				"seconds":	1.0000159740447998,
				"bytes":	13107200,
				"bits_per_second":	104855925.02675609,
				"retransmits":	0,
				"omitted":	false
			}
		}, {
			"streams":	[{
					"socket":	6,
					"start":	7.0000679492950439,
					"end":	7.6690120697021484,
					"seconds":	0.66894412040710449,
					"bytes":	5242880,
					"bits_per_second":	62700364.231431469,
					"retransmits":	0,
					"snd_cwnd":	4484456,
					"rtt":	581014,
					"rttvar":	448,
					"pmtu":	1500,
					"omitted":	false
				}],
			"sum":	{
				"start":	7.0000679492950439,
				"end":	7.6690120697021484,
				"seconds":	0.66894412040710449,
				"bytes":	5242880,
				"bits_per_second":	62700364.231431469,
				"retransmits":	0,
				"omitted":	false
			}
		}],
	"end":	{
		"streams":	[{
				"sender":	{
					"socket":	6,
					"start":	0,
					"end":	7.6690120697021484,
					"seconds":	7.6690120697021484,
					"bytes":	94521920,
					"bits_per_second":	98601404.343515217,
					"retransmits":	0,
					"max_snd_cwnd":	4484456,
					"max_rtt":	581014,
					"min_rtt":	72926,
					"mean_rtt":	271264
				},
				"receiver":	{
					"socket":	6,
					"start":	0,
					"end":	8.0743188858032227,
					"seconds":	7.6690120697021484,
					"bytes":	87152224,
					"bits_per_second":	86350044.1165251
				}
			}],
		"sum_sent":	{
			"start":	0,
			"end":	7.6690120697021484,
			"seconds":	7.6690120697021484,
			"bytes":	94521920,
			"bits_per_second":	98601404.343515217,
			"retransmits":	0
		},
		"sum_received":	{
			"start":	0,
			"end":	8.0743188858032227,
			"seconds":	8.0743188858032227,
			"bytes":	87152224,
			"bits_per_second":	86350044.1165251
		},
		"cpu_utilization_percent":	{
			"host_total":	0.523212568805597,
			"host_user":	0.031146355273269165,
			"host_system":	0.49209188007973059,
			"remote_total":	1.2086089719861972,
			"remote_user":	0.36278194845335116,
			"remote_system":	0.84583924787993148
		},
		"sender_tcp_congestion":	"cubic",
		"receiver_tcp_congestion":	"cubic"
	}
}
