{
	"start":	{
		"connected":	[{
				"socket":	6,
				"local_host":	"192.168.12.1",
				"local_port":	46792,
				"remote_host":	"192.168.27.1",
				"remote_port":	5003
			}],
		"version":	"iperf 3.6",
		"system_info":	"Linux ba-thesis 4.19.0-23-amd64 #1 SMP Debian 4.19.269-1 (2022-12-20) x86_64",
		"timestamp":	{
			"time":	"Mon, 12 Jun 2023 16:05:53 GMT",
			"timesecs":	1686585953
		},
		"connecting_to":	{
			"host":	"h8",
			"port":	5003
		},
		"cookie":	"frp6gct4mhrz4shiyc4oo52wapw3vqqzrnfq",
		"tcp_mss_default":	1448,
		"sock_bufsize":	0,
		"sndbuf_actual":	87380,
		"rcvbuf_actual":	87380,
		"test_start":	{
			"protocol":	"TCP",
			"num_streams":	1,
			"blksize":	131072,
			"omit":	0,
			"duration":	0,
			"bytes":	136353792,
			"blocks":	0,
			"reverse":	0,
			"tos":	0
		}
	},
	"intervals":	[{
			"streams":	[{
					"socket":	6,
					"start":	0,
					"end":	1.0000510215759277,
					"seconds":	1.0000510215759277,
					"bytes":	16107176,
					"bits_per_second":	128850833.82739852,
					"retransmits":	0,
					"snd_cwnd":	1336504,
					"rtt":	105654,
					"rttvar":	388,
					"pmtu":	1500,
					"omitted":	false
				}],
			"sum":	{
				"start":	0,
				"end":	1.0000510215759277,
				"seconds":	1.0000510215759277,
				"bytes":	16107176,
				"bits_per_second":	128850833.82739852,
				"retransmits":	0,
				"omitted":	false
			}
		}, {
			"streams":	[{
					"socket":	6,
					"start":	1.0000510215759277,
					"end":	2.0000309944152832,
					"seconds":	0.99997997283935547,
					"bytes":	14417920,
					"bits_per_second":	115345670.04626366,
					"retransmits":	0,
					"snd_cwnd":	1934528,
					"rtt":	153312,
					"rttvar":	555,
					"pmtu":	1500,
					"omitted":	false
				}],
			"sum":	{
				"start":	1.0000510215759277,
				"end":	2.0000309944152832,
				"seconds":	0.99997997283935547,
				"bytes":	14417920,
				"bits_per_second":	115345670.04626366,
				"retransmits":	0,
				"omitted":	false
			}
		}, {
			"streams":	[{
					"socket":	6,
					"start":	2.0000309944152832,
					"end":	3.0000650882720947,
					"seconds":	1.0000340938568115,
					"bytes":	14417920,
					"bits_per_second":	115339427.63406952,
					"retransmits":	0,
					"snd_cwnd":	2532552,
					"rtt":	200904,
					"rttvar":	648,
					"pmtu":	1500,
					"omitted":	false
				}],
			"sum":	{
				"start":	2.0000309944152832,
				"end":	3.0000650882720947,
				"seconds":	1.0000340938568115,
				"bytes":	14417920,
				"bits_per_second":	115339427.63406952,
				"retransmits":	0,
				"omitted":	false
			}
		}, {
			"streams":	[{
					"socket":	6,
					"start":	3.0000650882720947,
					"end":	4.0000679492950439,
					"seconds":	1.0000028610229492,
					"bytes":	13107200,
					"bits_per_second":	104857300.00085831,
					"retransmits":	0,
					"snd_cwnd":	3130576,
					"rtt":	248376,
					"rttvar":	275,
					"pmtu":	1500,
					"omitted":	false
				}],
			"sum":	{
				"start":	3.0000650882720947,
				"end":	4.0000679492950439,
				"seconds":	1.0000028610229492,
				"bytes":	13107200,
				"bits_per_second":	104857300.00085831,
				"retransmits":	0,
				"omitted":	false
			}
		}, {
			"streams":	[{
					"socket":	6,
					"start":	4.0000679492950439,
					"end":	5.0000231266021729,
					"seconds":	0.99995517730712891,
					"bytes":	11796480,
					"bits_per_second":	94376070.189608485,
					"retransmits":	0,
					"snd_cwnd":	3728600,
					"rtt":	290932,
					"rttvar":	1156,
					"pmtu":	1500,
					"omitted":	false
				}],
			"sum":	{
				"start":	4.0000679492950439,
				"end":	5.0000231266021729,
				"seconds":	0.99995517730712891,
				"bytes":	11796480,
				"bits_per_second":	94376070.189608485,
				"retransmits":	0,
				"omitted":	false
			}
		}, {
			"streams":	[{
					"socket":	6,
					"start":	5.0000231266021729,
					"end":	6.0000741481781006,
					"seconds":	1.0000510215759277,
					"bytes":	11796480,
					"bits_per_second":	94367025.245656356,
					"retransmits":	0,
					"snd_cwnd":	4326624,
					"rtt":	343839,
					"rttvar":	635,
					"pmtu":	1500,
					"omitted":	false
				}],
			"sum":	{
				"start":	5.0000231266021729,
				"end":	6.0000741481781006,
				"seconds":	1.0000510215759277,
				"bytes":	11796480,
				"bits_per_second":	94367025.245656356,
				"retransmits":	0,
				"omitted":	false
			}
		}, {
			"streams":	[{
					"socket":	6,
					"start":	6.0000741481781006,
					"end":	7.000075101852417,
					"seconds":	1.0000009536743164,
					"bytes":	11796480,
					"bits_per_second":	94371750.000085831,
					"retransmits":	0,
					"snd_cwnd":	4923200,
					"rtt":	391203,
					"rttvar":	170,
					"pmtu":	1500,
					"omitted":	false
				}],
			"sum":	{
				"start":	6.0000741481781006,
				"end":	7.000075101852417,
				"seconds":	1.0000009536743164,
				"bytes":	11796480,
				"bits_per_second":	94371750.000085831,
				"retransmits":	0,
				"omitted":	false
			}
		}, {
			"streams":	[{
					"socket":	6,
					"start":	7.000075101852417,
					"end":	8.0000741481781,
					"seconds":	0.99999904632568359,
					"bytes":	11796480,
					"bits_per_second":	94371930.000085831,
					"retransmits":	0,
					"snd_cwnd":	5521224,
					"rtt":	439065,
					"rttvar":	404,
					"pmtu":	1500,
					"omitted":	false
				}],
			"sum":	{
				"start":	7.000075101852417,
				"end":	8.0000741481781,
				"seconds":	0.99999904632568359,
				"bytes":	11796480,
				"bits_per_second":	94371930.000085831,
				"retransmits":	0,
				"omitted":	false
			}
		}, {
			"streams":	[{
					"socket":	6,
					"start":	8.0000741481781,
					"end":	9.0000729560852051,
					"seconds":	0.99999880790710449,
					"bytes":	11796480,
					"bits_per_second":	94371952.50013411,
					"retransmits":	0,
					"snd_cwnd":	6119248,
					"rtt":	486360,
					"rttvar":	254,
					"pmtu":	1500,
					"omitted":	false
				}],
			"sum":	{
				"start":	8.0000741481781,
				"end":	9.0000729560852051,
				"seconds":	0.99999880790710449,
				"bytes":	11796480,
				"bits_per_second":	94371952.50013411,
				"retransmits":	0,
				"omitted":	false
			}
		}, {
			"streams":	[{
					"socket":	6,
					"start":	9.0000729560852051,
					"end":	10.000079154968262,
					"seconds":	1.0000061988830566,
					"bytes":	11796480,
					"bits_per_second":	94371255.003626317,
					"retransmits":	0,
					"snd_cwnd":	6715824,
					"rtt":	534302,
					"rttvar":	465,
					"pmtu":	1500,
					"omitted":	false
				}],
			"sum":	{
				"start":	9.0000729560852051,
				"end":	10.000079154968262,
				"seconds":	1.0000061988830566,
				"bytes":	11796480,
				"bits_per_second":	94371255.003626317,
				"retransmits":	0,
				"omitted":	false
			}
		}, {
			"streams":	[{
					"socket":	6,
					"start":	10.000079154968262,
					"end":	10.6024489402771,
					"seconds":	0.60236978530883789,
					"bytes":	7864320,
					"bits_per_second":	104445079.3091214,
					"retransmits":	0,
					"snd_cwnd":	7076376,
					"rtt":	562807,
					"rttvar":	362,
					"pmtu":	1500,
					"omitted":	false
				}],
			"sum":	{
				"start":	10.000079154968262,
				"end":	10.6024489402771,
				"seconds":	0.60236978530883789,
				"bytes":	7864320,
				"bits_per_second":	104445079.3091214,
				"retransmits":	0,
				"omitted":	false
			}
		}],
	"end":	{
		"streams":	[{
				"sender":	{
					"socket":	6,
					"start":	0,
					"end":	10.6024489402771,
					"seconds":	10.6024489402771,
					"bytes":	136693416,
					"bits_per_second":	103141013.37906747,
					"retransmits":	0,
					"max_snd_cwnd":	7076376,
					"max_rtt":	562807,
					"min_rtt":	105654,
					"mean_rtt":	341523
				},
				"receiver":	{
					"socket":	6,
					"start":	0,
					"end":	11.207183122634888,
					"seconds":	10.6024489402771,
					"bytes":	132038776,
					"bits_per_second":	94252962.269046426
				}
			}],
		"sum_sent":	{
			"start":	0,
			"end":	10.6024489402771,
			"seconds":	10.6024489402771,
			"bytes":	136693416,
			"bits_per_second":	103141013.37906747,
			"retransmits":	0
		},
		"sum_received":	{
			"start":	0,
			"end":	11.207183122634888,
			"seconds":	11.207183122634888,
			"bytes":	132038776,
			"bits_per_second":	94252962.269046426
		},