{
	"start":	{
		"connected":	[{
				"socket":	6,
				"local_host":	"192.168.10.2",
				"local_port":	33186,
				"remote_host":	"192.168.10.1",
				"remote_port":	5005
			}],
		"version":	"iperf 3.6",
		"system_info":	"Linux ba-thesis 4.19.0-23-amd64 #1 SMP Debian 4.19.269-1 (2022-12-20) x86_64",
		"timestamp":	{
			"time":	"Sat, 10 Jun 2023 19:29:37 GMT",
			"timesecs":	1686425377
		},
		"connecting_to":	{
			"host":	"h2",
			"port":	5005
		},
		"cookie":	"3uc464ery3rxp3iqwshe3mpeyitjedcoss3j",
		"tcp_mss_default":	1448,
		"sock_bufsize":	0,
		"sndbuf_actual":	87380,
		"rcvbuf_actual":	87380,
		"test_start":	{
			"protocol":	"TCP",
			"num_streams":	1,
			"blksize":	131072,
			"omit":	0,
			"duration":	0,
			"bytes":	43366234,
			"blocks":	0,
			"reverse":	0,
			"tos":	0
		}
	},
	"intervals":	[{
			"streams":	[{
					"socket":	6,
					"start":	0,
					"end":	1.0000748634338379,
					"seconds":	1.0000748634338379,
					"bytes":	15284480,
					"bits_per_second":	122266686.69598995,
					"retransmits":	0,
					"snd_cwnd":	797848,
					"rtt":	62885,
					"rttvar":	555,
					"pmtu":	1500,
					"omitted":	false
				}],
			"sum":	{
				"start":	0,
				"end":	1.0000748634338379,
				"seconds":	1.0000748634338379,
				"bytes":	15284480,
				"bits_per_second":	122266686.69598995,
				"retransmits":	0,
				"omitted":	false
			}
		}, {
			"streams":	[{
					"socket":	6,
					"start":	1.0000748634338379,
					"end":	2.0000710487365723,
					"seconds":	0.99999618530273438,
					"bytes":	14417920,
					"bits_per_second":	115343800.00167847,
					"retransmits":	0,
					"snd_cwnd":	1395872,
					"rtt":	110509,
					"rttvar":	472,
					"pmtu":	1500,
					"omitted":	false
				}],
			"sum":	{
				"start":	1.0000748634338379,
				"end":	2.0000710487365723,
				"seconds":	0.99999618530273438,
				"bytes":	14417920,
				"bits_per_second":	115343800.00167847,
				"retransmits":	0,
				"omitted":	false
			}
		}, {
			"streams":	[{
					"socket":	6,
					"start":	2.0000710487365723,
					"end":	2.9816799163818359,
					"seconds":	0.98160886764526367,
					"bytes":	14417920,
					"bits_per_second":	117504398.95341602,
					"retransmits":	0,
					"snd_cwnd":	1982312,
					"rtt":	156880,
					"rttvar":	138,
					"pmtu":	1500,
					"omitted":	false
				}],
			"sum":	{
				"start":	2.0000710487365723,
				"end":	2.9816799163818359,
				"seconds":	0.98160886764526367,
				"bytes":	14417920,
				"bits_per_second":	117504398.95341602,
				"retransmits":	0,
				"omitted":	false
			}
		}],
	"end":	{
		"streams":	[{
				"sender":	{
					"socket":	6,
					"start":	0,
					"end":	2.9816799163818359,
					"seconds":	2.9816799163818359,
					"bytes":	44120320,
					"bits_per_second":	118377079.33060357,
					"retransmits":	0,
					"max_snd_cwnd":	1982312,
					"max_rtt":	156880,
					"min_rtt":	62885,
					"mean_rtt":	110091
				},
				"receiver":	{
					"socket":	6,
					"start":	0,
					"end":	3.1782729625701904,
					"seconds":	2.9816799163818359,
					"bytes":	37155680,
					"bits_per_second":	93524201.193727866
				}
			}],
		"sum_sent":	{
			"start":	0,
			"end":	2.9816799163818359,
			"seconds":	2.9816799163818359,
			"bytes":	44120320,
			"bits_per_second":	118377079.33060357,
			"retransmits":	0
		},
		"sum_received":	{
			"start":	0,
			"end":	3.1782729625701904,
			"seconds":	3.1782729625701904,
			"bytes":	37155680,
			"bits_per_second":	93524201.193727866
		},
		"cpu_utilization_percent":	{
			"host_total":	1.51954358956031,
			"host_user":	0.039506716624793416,
			"host_system":	1.4800690707485766,
			"remote_total":	0.037152195997018043,
			"remote_user":	0.0091029387099832229,
			"remote_system":	0.028048135406493781
		},
		"sender_tcp_congestion":	"cubic",
		"receiver_tcp_congestion":	"cubic"
	}
}
