{
	"start":	{
		"connected":	[{
				"socket":	6,
				"local_host":	"192.168.7.1",
				"local_port":	34184,
				"remote_host":	"192.168.15.1",
				"remote_port":	5008
			}],
		"version":	"iperf 3.6",
		"system_info":	"Linux ba-thesis 4.19.0-23-amd64 #1 SMP Debian 4.19.269-1 (2022-12-20) x86_64",
		"timestamp":	{
			"time":	"Sat, 03 Jun 2023 16:20:42 GMT",
			"timesecs":	1685809242
		},
		"connecting_to":	{
			"host":	"h0",
			"port":	5008
		},
		"cookie":	"qoxgse5ud3xqt6f5kr6moa6yva3isrruhtcn",
		"tcp_mss_default":	1448,
		"sock_bufsize":	0,
		"sndbuf_actual":	87380,
		"rcvbuf_actual":	87380,
		"test_start":	{
			"protocol":	"TCP",
			"num_streams":	1,
			"blksize":	131072,
			"omit":	0,
			"duration":	0,
			"bytes":	41846784,
			"blocks":	0,
			"reverse":	0,
			"tos":	0
		}
	},
	"intervals":	[{
			"streams":	[{
					"socket":	6,
					"start":	0,
					"end":	1.0004189014434814,
					"seconds":	1.0004189014434814,
					"bytes":	8339032,
					"bits_per_second":	66684321.841323085,
					"retransmits":	0,
					"snd_cwnd":	692144,
					"rtt":	112586,
					"rttvar":	647,
					"pmtu":	1500,
					"omitted":	false
				}],
			"sum":	{
				"start":	0,
				"end":	1.0004189014434814,
				"seconds":	1.0004189014434814,
				"bytes":	8339032,
				"bits_per_second":	66684321.841323085,
				"retransmits":	0,
				"omitted":	false
			}
		}, {
			"streams":	[{
					"socket":	6,
					"start":	1.0004189014434814,
					"end":	2.0000760555267334,
					"seconds":	0.999657154083252,
					"bytes":	7864320,
					"bits_per_second":	62936137.397722706,
					"retransmits":	0,
					"snd_cwnd":	991880,
					"rtt":	159734,
					"rttvar":	640,
					"pmtu":	1500,
					"omitted":	false
				}],
			"sum":	{
				"start":	1.0004189014434814,
				"end":	2.0000760555267334,
				"seconds":	0.999657154083252,
				"bytes":	7864320,
				"bits_per_second":	62936137.397722706,
				"retransmits":	0,
				"omitted":	false
			}
		}, {
			"streams":	[{
					"socket":	6,
					"start":	2.0000760555267334,
					"end":	3.0001029968261719,
					"seconds":	1.0000269412994385,
					"bytes":	6553600,
					"bits_per_second":	52427387.538053557,
					"retransmits":	0,
					"snd_cwnd":	1280032,
					"rtt":	205587,
					"rttvar":	1163,
					"pmtu":	1500,
					"omitted":	false
				}],
			"sum":	{
				"start":	2.0000760555267334,
				"end":	3.0001029968261719,
				"seconds":	1.0000269412994385,
				"bytes":	6553600,
				"bits_per_second":	52427387.538053557,
				"retransmits":	0,
				"omitted":	false
			}
		}, {
			"streams":	[{
					"socket":	6,
					"start":	3.0001029968261719,
					"end":	4.0002000331878662,
					"seconds":	1.0000970363616943,
					"bytes":	6553600,
					"bits_per_second":	52423712.99362459,
					"retransmits":	0,
					"snd_cwnd":	1563840,
					"rtt":	253930,
					"rttvar":	442,
					"pmtu":	1500,
					"omitted":	false
				}],
			"sum":	{
				"start":	3.0001029968261719,
				"end":	4.0002000331878662,
				"seconds":	1.0000970363616943,
				"bytes":	6553600,
				"bits_per_second":	52423712.99362459,
				"retransmits":	0,
				"omitted":	false
			}
		}, {
			"streams":	[{
					"socket":	6,
					"start":	4.0002000331878662,
					"end":	5.0000820159912109,
					"seconds":	0.99988198280334473,
					"bytes":	7864320,
					"bits_per_second":	62921985.876381114,
					"retransmits":	0,
					"snd_cwnd":	1878056,
					"rtt":	302393,
					"rttvar":	595,
					"pmtu":	1500,
					"omitted":	false
				}],
			"sum":	{
				"start":	4.0002000331878662,
				"end":	5.0000820159912109,
				"seconds":	0.99988198280334473,
				"bytes":	7864320,
				"bits_per_second":	62921985.876381114,
				"retransmits":	0,
				"omitted":	false
			}
		}, {
			"streams":	[{
					"socket":	6,
					"start":	5.0000820159912109,
					"end":	5.7828018665313721,
					"seconds":	0.78271985054016113,
					"bytes":	5242880,
					"bits_per_second":	53586273.519260786,
					"retransmits":	0,
					"snd_cwnd":	2088016,
					"rtt":	338984,
					"rttvar":	722,
					"pmtu":	1500,
					"omitted":	false
				}],
			"sum":	{
				"start":	5.0000820159912109,
				"end":	5.7828018665313721,
				"seconds":	0.78271985054016113,
				"bytes":	5242880,
				"bits_per_second":	53586273.519260786,
				"retransmits":	0,
				"omitted":	false
			}
		}],
	"end":	{
		"streams":	[{
				"sender":	{
					"socket":	6,
					"start":	0,
					"end":	5.7828018665313721,
					"seconds":	5.7828018665313721,
					"bytes":	42417752,
					"bits_per_second":	58681245.49865365,
					"retransmits":	0,
					"max_snd_cwnd":	2088016,
					"max_rtt":	338984,
					"min_rtt":	112586,
					"mean_rtt":	228869
				},
				"receiver":	{
					"socket":	6,
					"start":	0,
					"end":	5.8235430717468262,
					"seconds":	5.7828018665313721,
					"bytes":	35386224,
					"bits_per_second":	48611264.399060167
				}
			}],
		"sum_sent":	{
			"start":	0,
			"end":	5.7828018665313721,
			"seconds":	5.7828018665313721,
			"bytes":	42417752,
			"bits_per_second":	58681245.49865365,
			"retransmits":	0
		},
		"sum_received":	{
			"start":	0,
			"end":	5.8235430717468262,
			"seconds":	5.8235430717468262,
			"bytes":	35386224,
			"bits_per_second":	48611264.399060167
		},
		"cpu_utilization_percent":	{
			"host_total":	0.72897491243275836,
			"host_user":	0.15278994164536835,
			"host_system":	0.57616816406187632,
			"remote_total":	1.0997960890794076,
			"remote_user":	0.45081551005791282,
			"remote_system":	0.6489638759644345
		},
		"sender_tcp_congestion":	"cubic",
		"receiver_tcp_congestion":	"cubic"
	}
}
