{
	"start":	{
		"connected":	[{
				"socket":	6,
				"local_host":	"192.168.14.1",
				"local_port":	50424,
				"remote_host":	"192.168.20.1",
				"remote_port":	5007
			}],
		"version":	"iperf 3.6",
		"system_info":	"Linux ba-thesis 4.19.0-23-amd64 #1 SMP Debian 4.19.269-1 (2022-12-20) x86_64",
		"timestamp":	{
			"time":	"Mon, 12 Jun 2023 23:10:58 GMT",
			"timesecs":	1686611458
		},
		"connecting_to":	{
			"host":	"h5",
			"port":	5007
		},
		"cookie":	"kmf3zpd56p6tckwblkfn3tso6lzy632qbabi",
		"tcp_mss_default":	1448,
		"sock_bufsize":	0,
		"sndbuf_actual":	87380,
		"rcvbuf_actual":	87380,
		"test_start":	{
			"protocol":	"TCP",
			"num_streams":	1,
			"blksize":	131072,
			"omit":	0,
			"duration":	0,
			"bytes":	94798848,
			"blocks":	0,
			"reverse":	0,
			"tos":	0
		}
	},
	"intervals":	[{
			"streams":	[{
					"socket":	6,
					"start":	0,
					"end":	1.0000309944152832,
					"seconds":	1.0000309944152832,
					"bytes":	16107176,
					"bits_per_second":	128853414.26376764,
					"retransmits":	0,
					"snd_cwnd":	1336504,
					"rtt":	105757,
					"rttvar":	341,
					"pmtu":	1500,
					"omitted":	false
				}],
			"sum":	{
				"start":	0,
				"end":	1.0000309944152832,
				"seconds":	1.0000309944152832,
				"bytes":	16107176,
				"bits_per_second":	128853414.26376764,
				"retransmits":	0,
				"omitted":	false
			}
		}, {
			"streams":	[{
					"socket":	6,
					"start":	1.0000309944152832,
					"end":	2.0000748634338379,
					"seconds":	1.0000438690185547,
					"bytes":	14417920,
					"bits_per_second":	115338300.2219675,
					"retransmits":	0,
					"snd_cwnd":	1934528,
					"rtt":	153321,
					"rttvar":	516,
					"pmtu":	1500,
					"omitted":	false
				}],
			"sum":	{
				"start":	1.0000309944152832,
				"end":	2.0000748634338379,
				"seconds":	1.0000438690185547,
				"bytes":	14417920,
				"bits_per_second":	115338300.2219675,
				"retransmits":	0,
				"omitted":	false
			}
		}, {
			"streams":	[{
					"socket":	6,
					"start":	2.0000748634338379,
					"end":	3.0000629425048828,
					"seconds":	0.99998807907104492,
					"bytes":	14417920,
					"bits_per_second":	115344735.01639147,
					"retransmits":	0,
					"snd_cwnd":	2532552,
					"rtt":	200901,
					"rttvar":	647,
					"pmtu":	1500,
					"omitted":	false
				}],
			"sum":	{
				"start":	2.0000748634338379,
				"end":	3.0000629425048828,
				"seconds":	0.99998807907104492,
				"bytes":	14417920,
				"bits_per_second":	115344735.01639147,
				"retransmits":	0,
				"omitted":	false
			}
		}, {
			"streams":	[{
					"socket":	6,
					"start":	3.0000629425048828,
					"end":	4.0000739097595215,
					"seconds":	1.0000109672546387,
					"bytes":	13107200,
					"bits_per_second":	104856450.01261221,
					"retransmits":	0,
					"snd_cwnd":	3130576,
					"rtt":	248462,
					"rttvar":	288,
					"pmtu":	1500,
					"omitted":	false
				}],
			"sum":	{
				"start":	3.0000629425048828,
				"end":	4.0000739097595215,
				"seconds":	1.0000109672546387,
				"bytes":	13107200,
				"bits_per_second":	104856450.01261221,
				"retransmits":	0,
				"omitted":	false
			}
		}, {
			"streams":	[{
					"socket":	6,
					"start":	4.0000739097595215,
					"end":	5.0000429153442383,
					"seconds":	0.9999690055847168,
					"bytes":	11796480,
					"bits_per_second":	94374765.090661481,
					"retransmits":	0,
					"snd_cwnd":	3728600,
					"rtt":	296231,
					"rttvar":	480,
					"pmtu":	1500,
					"omitted":	false
				}],
			"sum":	{
				"start":	4.0000739097595215,
				"end":	5.0000429153442383,
				"seconds":	0.9999690055847168,
				"bytes":	11796480,
				"bits_per_second":	94374765.090661481,
				"retransmits":	0,
				"omitted":	false
			}
		}, {
			"streams":	[{
					"socket":	6,
					"start":	5.0000429153442383,
					"end":	6.0000319480896,
					"seconds":	0.99998903274536133,
					"bytes":	11796480,
					"bits_per_second":	94372875.011351228,
					"retransmits":	0,
					"snd_cwnd":	4325176,
					"rtt":	343794,
					"rttvar":	498,
					"pmtu":	1500,
					"omitted":	false
				}],
			"sum":	{
				"start":	5.0000429153442383,
				"end":	6.0000319480896,
				"seconds":	0.99998903274536133,
				"bytes":	11796480,
				"bits_per_second":	94372875.011351228,
				"retransmits":	0,
				"omitted":	false
			}
		}, {
			"streams":	[{
					"socket":	6,
					"start":	6.0000319480896,
					"end":	7.0000410079956055,
					"seconds":	1.0000090599060059,
					"bytes":	11796480,
					"bits_per_second":	94370985.007746145,
					"retransmits":	0,
					"snd_cwnd":	4923200,
					"rtt":	391192,
					"rttvar":	184,
					"pmtu":	1500,
					"omitted":	false
				}],
			"sum":	{
				"start":	6.0000319480896,
				"end":	7.0000410079956055,
				"seconds":	1.0000090599060059,
				"bytes":	11796480,
				"bits_per_second":	94370985.007746145,
				"retransmits":	0,
				"omitted":	false
			}
		}, {
			"streams":	[{
					"socket":	6,
					"start":	7.0000410079956055,
					"end":	7.1897809505462646,
					"seconds":	0.18973994255065918,
					"bytes":	2621440,
					"bits_per_second":	110527702.9078933,
					"retransmits":	0,
					"snd_cwnd":	5037592,
					"rtt":	400462,
					"rttvar":	459,
					"pmtu":	1500,
					"omitted":	false
				}],
			"sum":	{
				"start":	7.0000410079956055,
				"end":	7.1897809505462646,
				"seconds":	0.18973994255065918,
				"bytes":	2621440,
				"bits_per_second":	110527702.9078933,
				"retransmits":	0,
				"omitted":	false
			}
		}],
	"end":	{
		"streams":	[{
				"sender":	{
					"socket":	6,
					"start":	0,
					"end":	7.1897809505462646,
					"seconds":	7.1897809505462646,
					"bytes":	96061096,
					"bits_per_second":	106886256.10236593,
					"retransmits":	0,
					"max_snd_cwnd":	5037592,
					"max_rtt":	400462,
					"min_rtt":	105757,
					"mean_rtt":	267515
				},
				"receiver":	{
					"socket":	6,
					"start":	0,
					"end":	7.6350741386413574,
					"seconds":	7.1897809505462646,
					"bytes":	89206936,
					"bits_per_second":	93470669.051943645
				}
			}],
		"sum_sent":	{
			"start":	0,
			"end":	7.1897809505462646,
			"seconds":	7.1897809505462646,
			"bytes":	96061096,
			"bits_per_second":	106886256.10236593,
			"retransmits":	0
		},
		"sum_received":	{
			"start":	0,
			"end":	7.6350741386413574,
			"seconds":	7.6350741386413574,
			"bytes":	89206936,
			"bits_per_second":	93470669.051943645
		},
		"cpu_utilization_percent":	{
			"host_total":	0.76376835999828085,
			"host_user":	0.015474850867037648,
			"host_system":	0.74829350913124315,
			"remote_total":	0.095318939622052914,
			"remote_user":	0.0074873388231047038,
			"remote_system":	0.087832715483900287
		},
		"sender_tcp_congestion":	"cubic",
		"receiver_tcp_congestion":	"cubic"
	}
}
