{
	"start":	{
		"connected":	[{
				"socket":	6,
				"local_host":	"192.168.12.1",
				"local_port":	52910,
				"remote_host":	"192.168.12.2",
				"remote_port":	5003
			}],
		"version":	"iperf 3.6",
		"system_info":	"Linux ba-thesis 4.19.0-23-amd64 #1 SMP Debian 4.19.269-1 (2022-12-20) x86_64",
		"timestamp":	{
			"time":	"Tue, 13 Jun 2023 03:13:10 GMT",
			"timesecs":	1686625990
		},
		"connecting_to":	{
			"host":	"h6",
			"port":	5003
		},
		"cookie":	"xw3xse776ufdvsnfvbealgvysyedlvpl4eb6",
		"tcp_mss_default":	1448,
		"sock_bufsize":	0,
		"sndbuf_actual":	87380,
		"rcvbuf_actual":	87380,
		"test_start":	{
			"protocol":	"TCP",
			"num_streams":	1,
			"blksize":	131072,
			"omit":	0,
			"duration":	0,
			"bytes":	24035328,
			"blocks":	0,
			"reverse":	0,
			"tos":	0
		}
	},
	"intervals":	[{
			"streams":	[{
					"socket":	6,
					"start":	0,
					"end":	1.0000650882720947,
					"seconds":	1.0000650882720947,
					"bytes":	15284480,
					"bits_per_second":	122267881.79484129,
					"retransmits":	0,
					"snd_cwnd":	797848,
					"rtt":	62877,
					"rttvar":	563,
					"pmtu":	1500,
					"omitted":	false
				}],
			"sum":	{
				"start":	0,
				"end":	1.0000650882720947,
				"seconds":	1.0000650882720947,
				"bytes":	15284480,
				"bits_per_second":	122267881.79484129,
				"retransmits":	0,
				"omitted":	false
			}
		}, {
			"streams":	[{
					"socket":	6,
					"start":	1.0000650882720947,
					"end":	1.6024000644683838,
					"seconds":	0.60233497619628906,
					"bytes":	9175040,
					"bits_per_second":	121859634.42388622,
					"retransmits":	0,
					"snd_cwnd":	1158400,
					"rtt":	91419,
					"rttvar":	217,
					"pmtu":	1500,
					"omitted":	false
				}],
			"sum":	{
				"start":	1.0000650882720947,
				"end":	1.6024000644683838,
				"seconds":	0.60233497619628906,
				"bytes":	9175040,
				"bits_per_second":	121859634.42388622,
				"retransmits":	0,
				"omitted":	false
			}
		}],
	"end":	{
		"streams":	[{
				"sender":	{
					"socket":	6,
					"start":	0,
					"end":	1.6024000644683838,
					"seconds":	1.6024000644683838,
					"bytes":	24459520,
					"bits_per_second":	122114423.44450854,
					"retransmits":	0,
					"max_snd_cwnd":	1158400,
					"max_rtt":	91419,
					"min_rtt":	62877,
					"mean_rtt":	77148
				},
				"receiver":	{
					"socket":	6,
					"start":	0,
					"end":	1.73956298828125,
					"seconds":	1.6024000644683838,
					"bytes":	19837600,
					"bits_per_second":	91230269.365987152
				}
			}],
		"sum_sent":	{
			"start":	0,
			"end":	1.6024000644683838,
			"seconds":	1.6024000644683838,
			"bytes":	24459520,
			"bits_per_second":	122114423.44450854,
			"retransmits":	0
		},
		"sum_received":	{
			"start":	0,
			"end":	1.73956298828125,
			"seconds":	1.73956298828125,
			"bytes":	19837600,
			"bits_per_second":	91230269.365987152
		},
		"cpu_utilization_percent":	{
			"host_total":	2.5724158105560111,
			"host_user":	0.22678364029739645,
			"host_system":	2.3456321702586145,
			"remote_total":	0.023453425060294873,
			"remote_user":	0.00786812203686249,
			"remote_system":	0.015585303023432383
		},
		"sender_tcp_congestion":	"cubic",
		"receiver_tcp_congestion":	"cubic"
	}
}
