{
	"start":	{
		"connected":	[{
				"socket":	6,
				"local_host":	"192.168.8.2",
				"local_port":	54258,
				"remote_host":	"192.168.20.1",
				"remote_port":	5007
			}],
		"version":	"iperf 3.6",
		"system_info":	"Linux ba-thesis 4.19.0-23-amd64 #1 SMP Debian 4.19.269-1 (2022-12-20) x86_64",
		"timestamp":	{
			"time":	"Wed, 31 May 2023 14:48:04 GMT",
			"timesecs":	1685544484
		},
		"connecting_to":	{
			"host":	"h0",
			"port":	5007
		},
		"cookie":	"haqtb2wzaoec52wtojptfxsdfboczxd25vgp",
		"tcp_mss_default":	1448,
		"sock_bufsize":	0,
		"sndbuf_actual":	87380,
		"rcvbuf_actual":	87380,
		"test_start":	{
			"protocol":	"TCP",
			"num_streams":	1,
			"blksize":	131072,
			"omit":	0,
			"duration":	0,
			"bytes":	210240512,
			"blocks":	0,
			"reverse":	0,
			"tos":	0
		}
	},
	"intervals":	[{
			"streams":	[{
					"socket":	6,
					"start":	0,
					"end":	1.0001890659332275,
					"seconds":	1.0001890659332275,
					"bytes":	144800,
					"bits_per_second":	1158181.0274232037,
					"retransmits":	0,
					"snd_cwnd":	28960,
					"rtt":	400789,
					"rttvar":	65152,
					"pmtu":	1500,
					"omitted":	false
				}],
			"sum":	{
				"start":	0,
				"end":	1.0001890659332275,
				"seconds":	1.0001890659332275,
				"bytes":	144800,
				"bits_per_second":	1158181.0274232037,
				"retransmits":	0,
				"omitted":	false
			}
		}, {
			"streams":	[{
					"socket":	6,
					"start":	1.0001890659332275,
					"end":	2.0002760887145996,
					"seconds":	1.0000870227813721,
					"bytes":	312768,
					"bits_per_second":	2501926.2754167253,
					"retransmits":	0,
					"snd_cwnd":	68056,
					"rtt":	467338,
					"rttvar":	7706,
					"pmtu":	1500,
					"omitted":	false
				}],
			"sum":	{
				"start":	1.0001890659332275,
				"end":	2.0002760887145996,
				"seconds":	1.0000870227813721,
				"bytes":	312768,
				"bits_per_second":	2501926.2754167253,
				"retransmits":	0,
				"omitted":	false
			}
		}, {
			"streams":	[{
					"socket":	6,
					"start":	2.0002760887145996,
					"end":	3.0002031326293945,
					"seconds":	0.99992704391479492,
					"bytes":	204168,
					"bits_per_second":	1633463.1710782885,
					"retransmits":	0,
					"snd_cwnd":	73848,
					"rtt":	521042,
					"rttvar":	5758,
					"pmtu":	1500,
					"omitted":	false
				}],
			"sum":	{
				"start":	2.0002760887145996,
				"end":	3.0002031326293945,
				"seconds":	0.99992704391479492,
				"bytes":	204168,
				"bits_per_second":	1633463.1710782885,
				"retransmits":	0,
				"omitted":	false
			}
		}, {
			"streams":	[{
					"socket":	6,
					"start":	3.0002031326293945,
					"end":	4.0001389980316162,
					"seconds":	0.99993586540222168,
					"bytes":	2150280,
					"bits_per_second":	17203343.329504881,
					"retransmits":	0,
					"snd_cwnd":	162176,
					"rtt":	20335,
					"rttvar":	263,
					"pmtu":	1500,
					"omitted":	false
				}],
			"sum":	{
				"start":	3.0002031326293945,
				"end":	4.0001389980316162,
				"seconds":	0.99993586540222168,
				"bytes":	2150280,
				"bits_per_second":	17203343.329504881,
				"retransmits":	0,
				"omitted":	false
			}
		}, {
			"streams":	[{
					"socket":	6,
					"start":	4.0001389980316162,
					"end":	5.0000350475311279,
					"seconds":	0.99989604949951172,
					"bytes":	14277560,
					"bits_per_second":	114232354.51042332,
					"retransmits":	0,
					"snd_cwnd":	737032,
					"rtt":	57711,
					"rttvar":	315,
					"pmtu":	1500,
					"omitted":	false
				}],
			"sum":	{
				"start":	4.0001389980316162,
				"end":	5.0000350475311279,
				"seconds":	0.99989604949951172,
				"bytes":	14277560,
				"bits_per_second":	114232354.51042332,
				"retransmits":	0,
				"omitted":	false
			}
		}, {
			"streams":	[{
					"socket":	6,
					"start":	5.0000350475311279,
					"end":	6.00005316734314,
					"seconds":	1.0000181198120117,
					"bytes":	14417920,
					"bits_per_second":	115341270.03786972,
					"retransmits":	0,
					"snd_cwnd":	1333608,
					"rtt":	105474,
					"rttvar":	478,
					"pmtu":	1500,
					"omitted":	false
				}],
			"sum":	{
				"start":	5.0000350475311279,
				"end":	6.00005316734314,
				"seconds":	1.0000181198120117,
				"bytes":	14417920,
				"bits_per_second":	115341270.03786972,
				"retransmits":	0,
				"omitted":	false
			}
		}, {
			"streams":	[{
					"socket":	6,
					"start":	6.00005316734314,
					"end":	7.0000791549682617,
					"seconds":	1.0000259876251221,
					"bytes":	14417920,
					"bits_per_second":	115340362.57789588,
					"retransmits":	0,
					"snd_cwnd":	1931632,
					"rtt":	153126,
					"rttvar":	426,
					"pmtu":	1500,
					"omitted":	false
				}],
			"sum":	{
				"start":	6.00005316734314,
				"end":	7.0000791549682617,
				"seconds":	1.0000259876251221,
				"bytes":	14417920,
				"bits_per_second":	115340362.57789588,
				"retransmits":	0,
				"omitted":	false
			}
		}, {
			"streams":	[{
					"socket":	6,
					"start":	7.0000791549682617,
					"end":	8.0000820159912109,
					"seconds":	1.0000028610229492,
					"bytes":	14417920,
					"bits_per_second":	115343030.00094414,
					"retransmits":	0,
					"snd_cwnd":	2529656,
					"rtt":	200469,
					"rttvar":	154,
					"pmtu":	1500,
					"omitted":	false
				}],
			"sum":	{
				"start":	7.0000791549682617,
				"end":	8.0000820159912109,
				"seconds":	1.0000028610229492,
				"bytes":	14417920,
				"bits_per_second":	115343030.00094414,
				"retransmits":	0,
				"omitted":	false
			}
		}, {
			"streams":	[{
					"socket":	6,
					"start":	8.0000820159912109,
					"end":	9.0001161098480225,
					"seconds":	1.0000340938568115,
					"bytes":	11796480,
					"bits_per_second":	94368622.609693244,
					"retransmits":	0,
					"snd_cwnd":	3127680,
					"rtt":	248307,
					"rttvar":	383,
					"pmtu":	1500,
					"omitted":	false
				}],
			"sum":	{
				"start":	8.0000820159912109,
				"end":	9.0001161098480225,
				"seconds":	1.0000340938568115,
				"bytes":	11796480,
				"bits_per_second":	94368622.609693244,
				"retransmits":	0,
				"omitted":	false
			}
		}, {
			"streams":	[{
					"socket":	6,
					"start":	9.0001161098480225,
					"end":	10.000124216079712,
					"seconds":	1.0000081062316895,
					"bytes":	11796480,
					"bits_per_second":	94371075.006201223,
					"retransmits":	0,
					"snd_cwnd":	3724256,
					"rtt":	296014,
					"rttvar":	566,
					"pmtu":	1500,
					"omitted":	false
				}],
			"sum":	{
				"start":	9.0001161098480225,
				"end":	10.000124216079712,
				"seconds":	1.0000081062316895,
				"bytes":	11796480,
				"bits_per_second":	94371075.006201223,
				"retransmits":	0,
				"omitted":	false
			}
		}, {
			"streams":	[{
					"socket":	6,
					"start":	10.000124216079712,
					"end":	11.000048160552979,
					"seconds":	0.9999239444732666,
					"bytes":	13107200,
					"bits_per_second":	104865575.60658896,
					"retransmits":	0,
					"snd_cwnd":	4320832,
					"rtt":	343381,
					"rttvar":	329,
					"pmtu":	1500,
					"omitted":	false
				}],
			"sum":	{
				"start":	10.000124216079712,
				"end":	11.000048160552979,
				"seconds":	0.9999239444732666,
				"bytes":	13107200,
				"bits_per_second":	104865575.60658896,
				"retransmits":	0,
				"omitted":	false
			}
		}, {
			"streams":	[{
					"socket":	6,
					"start":	11.000048160552979,
					"end":	12.000036001205444,
					"seconds":	0.99998784065246582,
					"bytes":	11796480,
					"bits_per_second":	94372987.513953015,
					"retransmits":	0,
					"snd_cwnd":	4917408,
					"rtt":	391030,
					"rttvar":	377,
					"pmtu":	1500,
					"omitted":	false
				}],
			"sum":	{
				"start":	11.000048160552979,
				"end":	12.000036001205444,
				"seconds":	0.99998784065246582,
				"bytes":	11796480,
				"bits_per_second":	94372987.513953015,
				"retransmits":	0,
				"omitted":	false
			}
		}, {
			"streams":	[{
					"socket":	6,
					"start":	12.000036001205444,
					"end":	13.000081062316895,
					"seconds":	1.0000450611114502,
					"bytes":	11796480,
					"bits_per_second":	94367587.691613749,
					"retransmits":	0,
					"snd_cwnd":	5515432,
					"rtt":	438919,
					"rttvar":	510,
					"pmtu":	1500,
					"omitted":	false
				}],