{
	"start":	{
		"connected":	[{
				"socket":	6,
				"local_host":	"192.168.9.1",
				"local_port":	52982,
				"remote_host":	"192.168.9.2",
				"remote_port":	5008
			}],
		"version":	"iperf 3.6",
		"system_info":	"Linux ba-thesis 4.19.0-23-amd64 #1 SMP Debian 4.19.269-1 (2022-12-20) x86_64",
		"timestamp":	{
			"time":	"Wed, 31 May 2023 14:48:17 GMT",
			"timesecs":	1685544497
		},
		"connecting_to":	{
			"host":	"h2",
			"port":	5008
		},
		"cookie":	"ro54r3ogw2jrwh44omkfbdmxi5muqgup2rxm",
		"tcp_mss_default":	1448,
		"sock_bufsize":	0,
		"sndbuf_actual":	87380,
		"rcvbuf_actual":	87380,
		"test_start":	{
			"protocol":	"TCP",
			"num_streams":	1,
			"blksize":	131072,
			"omit":	0,
			"duration":	0,
			"bytes":	82543616,
			"blocks":	0,
			"reverse":	0,
			"tos":	0
		}
	},
	"intervals":	[{
			"streams":	[{
					"socket":	6,
					"start":	0,
					"end":	1.0000298023223877,
					"seconds":	1.0000298023223877,
					"bytes":	15284480,
					"bits_per_second":	122272196.00459562,
					"retransmits":	0,
					"snd_cwnd":	797848,
					"rtt":	62861,
					"rttvar":	559,
					"pmtu":	1500,
					"omitted":	false
				}],
			"sum":	{
				"start":	0,
				"end":	1.0000298023223877,
				"seconds":	1.0000298023223877,
				"bytes":	15284480,
				"bits_per_second":	122272196.00459562,
				"retransmits":	0,
				"omitted":	false
			}
		}, {
			"streams":	[{
					"socket":	6,
					"start":	1.0000298023223877,
					"end":	2.0000369548797607,
					"seconds":	1.000007152557373,
					"bytes":	14417920,
					"bits_per_second":	115342535.00590082,
					"retransmits":	0,
					"snd_cwnd":	1395872,
					"rtt":	110590,
					"rttvar":	550,
					"pmtu":	1500,
					"omitted":	false
				}],
			"sum":	{
				"start":	1.0000298023223877,
				"end":	2.0000369548797607,
				"seconds":	1.000007152557373,
				"bytes":	14417920,
				"bits_per_second":	115342535.00590082,
				"retransmits":	0,
				"omitted":	false
			}
		}, {
			"streams":	[{
					"socket":	6,
					"start":	2.0000369548797607,
					"end":	3.0000479221343994,
					"seconds":	1.0000109672546387,
					"bytes":	14417920,
					"bits_per_second":	115342095.01387343,
					"retransmits":	0,
					"snd_cwnd":	1993896,
					"rtt":	158105,
					"rttvar":	527,
					"pmtu":	1500,
					"omitted":	false
				}],
			"sum":	{
				"start":	2.0000369548797607,
				"end":	3.0000479221343994,
				"seconds":	1.0000109672546387,
				"bytes":	14417920,
				"bits_per_second":	115342095.01387343,
				"retransmits":	0,
				"omitted":	false
			}
		}, {
			"streams":	[{
					"socket":	6,
					"start":	3.0000479221343994,
					"end":	4.0001039505004883,
					"seconds":	1.0000560283660889,
					"bytes":	13107200,
					"bits_per_second":	104851725.3291482,
					"retransmits":	0,
					"snd_cwnd":	2586128,
					"rtt":	214292,
					"rttvar":	529,
					"pmtu":	1500,
					"omitted":	false
				}],
			"sum":	{
				"start":	3.0000479221343994,
				"end":	4.0001039505004883,
				"seconds":	1.0000560283660889,
				"bytes":	13107200,
				"bits_per_second":	104851725.3291482,
				"retransmits":	0,
				"omitted":	false
			}
		}, {
			"streams":	[{
					"socket":	6,
					"start":	4.0001039505004883,
					"end":	5.0000879764556885,
					"seconds":	0.9999840259552002,
					"bytes":	13107200,
					"bits_per_second":	104859275.02675696,
					"retransmits":	0,
					"snd_cwnd":	3184152,
					"rtt":	252730,
					"rttvar":	369,
					"pmtu":	1500,
					"omitted":	false
				}],
			"sum":	{
				"start":	4.0001039505004883,
				"end":	5.0000879764556885,
				"seconds":	0.9999840259552002,
				"bytes":	13107200,
				"bits_per_second":	104859275.02675696,
				"retransmits":	0,
				"omitted":	false
			}
		}, {
			"streams":	[{
					"socket":	6,
					"start":	5.0000879764556885,
					"end":	6.00005578994751,
					"seconds":	0.99996781349182129,
					"bytes":	11796480,
					"bits_per_second":	94374877.597769663,
					"retransmits":	0,
					"snd_cwnd":	3780728,
					"rtt":	300618,
					"rttvar":	518,
					"pmtu":	1500,
					"omitted":	false
				}],
			"sum":	{
				"start":	5.0000879764556885,
				"end":	6.00005578994751,
				"seconds":	0.99996781349182129,
				"bytes":	11796480,
				"bits_per_second":	94374877.597769663,
				"retransmits":	0,
				"omitted":	false
			}
		}, {
			"streams":	[{
					"socket":	6,
					"start":	6.00005578994751,
					"end":	6.0254478454589844,
					"seconds":	0.025392055511474609,
					"bytes":	1310720,
					"bits_per_second":	412954358.70725435,
					"retransmits":	0,
					"snd_cwnd":	3796656,
					"rtt":	301779,
					"rttvar":	395,
					"pmtu":	1500,
					"omitted":	false
				}],
			"sum":	{
				"start":	6.00005578994751,
				"end":	6.0254478454589844,
				"seconds":	0.025392055511474609,
				"bytes":	1310720,
				"bits_per_second":	412954358.70725435,
				"retransmits":	0,
				"omitted":	false
			}
		}],
	"end":	{
		"streams":	[{
				"sender":	{
					"socket":	6,
					"start":	0,
					"end":	6.0254478454589844,
					"seconds":	6.0254478454589844,
					"bytes":	83441920,
					"bits_per_second":	110786015.76529801,
					"retransmits":	0,
					"max_snd_cwnd":	3796656,
					"max_rtt":	301779,
					"min_rtt":	62861,
					"mean_rtt":	200139
				},
				"receiver":	{
					"socket":	6,
					"start":	0,
					"end":	6.3735051155090332,
					"seconds":	6.0254478454589844,
					"bytes":	75252560,
					"bits_per_second":	94456734.416838765
				}
			}],
		"sum_sent":	{
			"start":	0,
			"end":	6.0254478454589844,
			"seconds":	6.0254478454589844,
			"bytes":	83441920,
			"bits_per_second":	110786015.76529801,
			"retransmits":	0
		},
		"sum_received":	{
			"start":	0,
			"end":	6.3735051155090332,
			"seconds":	6.3735051155090332,
			"bytes":	75252560,
			"bits_per_second":	94456734.416838765
		},
		"cpu_utilization_percent":	{
			"host_total":	0.85978338917947972,
			"host_user":	0.050770702848072127,
			"host_system":	0.80901268633140755,
			"remote_total":	0.341854745185997,
			"remote_user":	0.072671617273094707,
			"remote_system":	0.26918706121108771
		},
		"sender_tcp_congestion":	"cubic",
		"receiver_tcp_congestion":	"cubic"
	}
}
