{
	"start":	{
		"connected":	[{
				"socket":	6,
				"local_host":	"192.168.11.2",
				"local_port":	39874,
				"remote_host":	"192.168.11.1",
				"remote_port":	5006
			}],
		"version":	"iperf 3.6",
		"system_info":	"Linux ba-thesis 4.19.0-23-amd64 #1 SMP Debian 4.19.269-1 (2022-12-20) x86_64",
		"timestamp":	{
			"time":	"Sun, 11 Jun 2023 14:20:05 GMT",
			"timesecs":	1686493205
		},
		"connecting_to":	{
			"host":	"h4",
			"port":	5006
		},
		"cookie":	"u6lck4f7k7vlqwa3g4us6qkik35oo7oefvd7",
		"tcp_mss_default":	1448,
		"sock_bufsize":	0,
		"sndbuf_actual":	87380,
		"rcvbuf_actual":	87380,
		"test_start":	{
			"protocol":	"TCP",
			"num_streams":	1,
			"blksize":	131072,
			"omit":	0,
			"duration":	0,
			"bytes":	2554225,
			"blocks":	0,
			"reverse":	0,
			"tos":	0
		}
	},
	"intervals":	[{
			"streams":	[{
					"socket":	6,
					"start":	0,
					"end":	0.084254980087280273,
					"seconds":	0.084254980087280273,
					"bytes":	3467960,
					"bits_per_second":	329282375.6086601,
					"retransmits":	0,
					"snd_cwnd":	498112,
					"rtt":	23176,
					"rttvar":	4004,
					"pmtu":	1500,
					"omitted":	false
				}],
			"sum":	{
				"start":	0,
				"end":	0.084254980087280273,
				"seconds":	0.084254980087280273,
				"bytes":	3467960,
				"bits_per_second":	329282375.6086601,
				"retransmits":	0,
				"omitted":	false
			}
		}],
	"end":	{
		"streams":	[{
				"sender":	{
					"socket":	6,
					"start":	0,
					"end":	0.084254980087280273,
					"seconds":	0.084254980087280273,
					"bytes":	3467960,
					"bits_per_second":	329282375.6086601,
					"retransmits":	0,
					"max_snd_cwnd":	498112,
					"max_rtt":	23176,
					"min_rtt":	23176,
					"mean_rtt":	23176
				},
				"receiver":	{
					"socket":	6,
					"start":	0,
					"end":	0.16034317016601562,
					"seconds":	0.084254980087280273,
					"bytes":	967264,
					"bits_per_second":	48259691.959365264
				}
			}],
		"sum_sent":	{
			"start":	0,
			"end":	0.084254980087280273,
			"seconds":	0.084254980087280273,
			"bytes":	3467960,
			"bits_per_second":	329282375.6086601,
			"retransmits":	0
		},
		"sum_received":	{
			"start":	0,
			"end":	0.16034317016601562,
			"seconds":	0.16034317016601562,
			"bytes":	967264,
			"bits_per_second":	48259691.959365264
		},
		"cpu_utilization_percent":	{
			"host_total":	19.31652317896641,
			"host_user":	0.53167816003943325,
			"host_system":	18.784845018926976,
			"remote_total":	0.57069226316084332,
			"remote_user":	0,
			"remote_system":	0.57069226316084332
		},
		"sender_tcp_congestion":	"cubic",
		"receiver_tcp_congestion":	"cubic"
	}
}
