{
	"start":	{
		"connected":	[{
				"socket":	6,
				"local_host":	"192.168.6.1",
				"local_port":	57152,
				"remote_host":	"192.168.24.1",
				"remote_port":	5007
			}],
		"version":	"iperf 3.6",
		"system_info":	"Linux ba-thesis 4.19.0-23-amd64 #1 SMP Debian 4.19.269-1 (2022-12-20) x86_64",
		"timestamp":	{
			"time":	"Sun, 11 Jun 2023 14:20:05 GMT",
			"timesecs":	1686493205
		},
		"connecting_to":	{
			"host":	"h9",
			"port":	5007
		},
		"cookie":	"uheggmm3m7mt7dlfhxzvek3lhdscd6wk5b3l",
		"tcp_mss_default":	1448,
		"sock_bufsize":	0,
		"sndbuf_actual":	87380,
		"rcvbuf_actual":	87380,
		"test_start":	{
			"protocol":	"TCP",
			"num_streams":	1,
			"blksize":	131072,
			"omit":	0,
			"duration":	0,
			"bytes":	85563878,
			"blocks":	0,
			"reverse":	0,
			"tos":	0
		}
	},
	"intervals":	[{
			"streams":	[{
					"socket":	6,
					"start":	0,
					"end":	1.0001251697540283,
					"seconds":	1.0001251697540283,
					"bytes":	13593496,
					"bits_per_second":	108734357.74718636,
					"retransmits":	0,
					"snd_cwnd":	855768,
					"rtt":	71130,
					"rttvar":	2445,
					"pmtu":	1500,
					"omitted":	false
				}],
			"sum":	{
				"start":	0,
				"end":	1.0001251697540283,
				"seconds":	1.0001251697540283,
				"bytes":	13593496,
				"bits_per_second":	108734357.74718636,
				"retransmits":	0,
				"omitted":	false
			}
		}, {
			"streams":	[{
					"socket":	6,
					"start":	1.0001251697540283,
					"end":	2.0000410079956055,
					"seconds":	0.99991583824157715,
					"bytes":	13107200,
					"bits_per_second":	104866425.74279003,
					"retransmits":	0,
					"snd_cwnd":	1392976,
					"rtt":	121550,
					"rttvar":	550,
					"pmtu":	1500,
					"omitted":	false
				}],
			"sum":	{
				"start":	1.0001251697540283,
				"end":	2.0000410079956055,
				"seconds":	0.99991583824157715,
				"bytes":	13107200,
				"bits_per_second":	104866425.74279003,
				"retransmits":	0,
				"omitted":	false
			}
		}, {
			"streams":	[{
					"socket":	6,
					"start":	2.0000410079956055,
					"end":	3.0000531673431396,
					"seconds":	1.0000121593475342,
					"bytes":	10485760,
					"bits_per_second":	83885060.012402385,
					"retransmits":	0,
					"snd_cwnd":	1844752,
					"rtt":	187313,
					"rttvar":	614,
					"pmtu":	1500,
					"omitted":	false
				}],
			"sum":	{
				"start":	2.0000410079956055,
				"end":	3.0000531673431396,
				"seconds":	1.0000121593475342,
				"bytes":	10485760,
				"bits_per_second":	83885060.012402385,
				"retransmits":	0,
				"omitted":	false
			}
		}, {
			"streams":	[{
					"socket":	6,
					"start":	3.0000531673431396,
					"end":	4.0001130104064941,
					"seconds":	1.0000598430633545,
					"bytes":	10485760,
					"bits_per_second":	83881060.3003942,
					"retransmits":	0,
					"snd_cwnd":	2299424,
					"rtt":	246879,
					"rttvar":	766,
					"pmtu":	1500,
					"omitted":	false
				}],
			"sum":	{
				"start":	3.0000531673431396,
				"end":	4.0001130104064941,
				"seconds":	1.0000598430633545,
				"bytes":	10485760,
				"bits_per_second":	83881060.3003942,
				"retransmits":	0,
				"omitted":	false
			}
		}, {
			"streams":	[{
					"socket":	6,
					"start":	4.0001130104064941,
					"end":	5.0000720024108887,
					"seconds":	0.99995899200439453,
					"bytes":	10485760,
					"bits_per_second":	83889520.141073287,
					"retransmits":	0,
					"snd_cwnd":	2728032,
					"rtt":	307323,
					"rttvar":	456,
					"pmtu":	1500,
					"omitted":	false
				}],
			"sum":	{
				"start":	4.0001130104064941,
				"end":	5.0000720024108887,
				"seconds":	0.99995899200439453,
				"bytes":	10485760,
				"bits_per_second":	83889520.141073287,
				"retransmits":	0,
				"omitted":	false
			}
		}, {
			"streams":	[{
					"socket":	6,
					"start":	5.0000720024108887,
					"end":	6.0000970363616943,
					"seconds":	1.0000250339508057,
					"bytes":	7864320,
					"bits_per_second":	62912985.039427489,
					"retransmits":	0,
					"snd_cwnd":	3143608,
					"rtt":	362140,
					"rttvar":	452,
					"pmtu":	1500,
					"omitted":	false
				}],
			"sum":	{
				"start":	5.0000720024108887,
				"end":	6.0000970363616943,
				"seconds":	1.0000250339508057,
				"bytes":	7864320,
				"bits_per_second":	62912985.039427489,
				"retransmits":	0,
				"omitted":	false
			}
		}, {
			"streams":	[{
					"socket":	6,
					"start":	6.0000970363616943,
					"end":	7.0000710487365723,
					"seconds":	0.99997401237487793,
					"bytes":	9175040,
					"bits_per_second":	73402227.549572676,
					"retransmits":	0,
					"snd_cwnd":	3553392,
					"rtt":	413769,
					"rttvar":	678,
					"pmtu":	1500,
					"omitted":	false
				}],
			"sum":	{
				"start":	6.0000970363616943,
				"end":	7.0000710487365723,
				"seconds":	0.99997401237487793,
				"bytes":	9175040,
				"bits_per_second":	73402227.549572676,
				"retransmits":	0,
				"omitted":	false
			}
		}, {
			"streams":	[{
					"socket":	6,
					"start":	7.0000710487365723,
					"end":	8.0000410079956055,
					"seconds":	0.9999699592590332,
					"bytes":	7864320,
					"bits_per_second":	62916450.056778707,
					"retransmits":	0,
					"snd_cwnd":	3953040,
					"rtt":	480163,
					"rttvar":	1073,
					"pmtu":	1500,
					"omitted":	false
				}],
			"sum":	{
				"start":	7.0000710487365723,
				"end":	8.0000410079956055,
				"seconds":	0.9999699592590332,
				"bytes":	7864320,
				"bits_per_second":	62916450.056778707,
				"retransmits":	0,
				"omitted":	false
			}
		}, {
			"streams":	[{
					"socket":	6,
					"start":	8.0000410079956055,
					"end":	8.3169641494750977,
					"seconds":	0.31692314147949219,
					"bytes":	2621440,
					"bits_per_second":	66172258.365541436,
					"retransmits":	0,
					"snd_cwnd":	4080464,
					"rtt":	496773,
					"rttvar":	349,
					"pmtu":	1500,
					"omitted":	false
				}],
			"sum":	{
				"start":	8.0000410079956055,
				"end":	8.3169641494750977,
				"seconds":	0.31692314147949219,
				"bytes":	2621440,
				"bits_per_second":	66172258.365541436,
				"retransmits":	0,
				"omitted":	false
			}
		}],
	"end":	{
		"streams":	[{
				"sender":	{
					"socket":	6,
					"start":	0,
					"end":	8.3169641494750977,
					"seconds":	8.3169641494750977,
					"bytes":	85683096,
					"bits_per_second":	82417665.350073829,
					"retransmits":	0,
					"max_snd_cwnd":	4080464,
					"max_rtt":	496773,
					"min_rtt":	71130,
					"mean_rtt":	298560
				},
				"receiver":	{
					"socket":	6,
					"start":	0,
					"end":	8.837421178817749,
					"seconds":	8.3169641494750977,
					"bytes":	78041408,
					"bits_per_second":	70646317.6719978
				}
			}],
		"sum_sent":	{
			"start":	0,
			"end":	8.3169641494750977,
			"seconds":	8.3169641494750977,
			"bytes":	85683096,
			"bits_per_second":	82417665.350073829,
			"retransmits":	0
		},
		"sum_received":	{
			"start":	0,
			"end":	8.837421178817749,
			"seconds":	8.837421178817749,
			"bytes":	78041408,
			"bits_per_second":	70646317.6719978
		},
		"cpu_utilization_percent":	{
			"host_total":	0.68203377625137618,
			"host_user":	0.031006336347864337,
			"host_system":	0.65102743990351186,
			"remote_total":	1.1866774677362981,
			"remote_user":	0.19748675124901641,
			"remote_system":	0.989168616358449
		},
		"sender_tcp_congestion":	"cubic",
		"receiver_tcp_congestion":	"cubic"
	}
}
