{
	"start":	{
		"connected":	[{
				"socket":	6,
				"local_host":	"192.168.7.2",
				"local_port":	33640,
				"remote_host":	"192.168.7.1",
				"remote_port":	5001
			}],
		"version":	"iperf 3.6",
		"system_info":	"Linux ba-thesis 4.19.0-23-amd64 #1 SMP Debian 4.19.269-1 (2022-12-20) x86_64",
		"timestamp":	{
			"time":	"Sun, 11 Jun 2023 01:57:00 GMT",
			"timesecs":	1686448620
		},
		"connecting_to":	{
			"host":	"h3",
			"port":	5001
		},
		"cookie":	"qwxpliux2jxiylnu3rbpq6gfglgo6ixrsnbr",
		"tcp_mss_default":	1448,
		"sock_bufsize":	0,
		"sndbuf_actual":	87380,
		"rcvbuf_actual":	87380,
		"test_start":	{
			"protocol":	"TCP",
			"num_streams":	1,
			"blksize":	131072,
			"omit":	0,
			"duration":	0,
			"bytes":	109117919,
			"blocks":	0,
			"reverse":	0,
			"tos":	0
		}
	},
	"intervals":	[{
			"streams":	[{
					"socket":	6,
					"start":	0,
					"end":	1.0000820159912109,
					"seconds":	1.0000820159912109,
					"bytes":	13618720,
					"bits_per_second":	108940825.11024524,
					"retransmits":	0,
					"snd_cwnd":	703728,
					"rtt":	64977,
					"rttvar":	248,
					"pmtu":	1500,
					"omitted":	false
				}],
			"sum":	{
				"start":	0,
				"end":	1.0000820159912109,
				"seconds":	1.0000820159912109,
				"bytes":	13618720,
				"bits_per_second":	108940825.11024524,
				"retransmits":	0,
				"omitted":	false
			}
		}, {
			"streams":	[{
					"socket":	6,
					"start":	1.0000820159912109,
					"end":	2.0000791549682617,
					"seconds":	0.99999713897705078,
					"bytes":	11796480,
					"bits_per_second":	94372110.000772476,
					"retransmits":	0,
					"snd_cwnd":	1204736,
					"rtt":	112277,
					"rttvar":	326,
					"pmtu":	1500,
					"omitted":	false
				}],
			"sum":	{
				"start":	1.0000820159912109,
				"end":	2.0000791549682617,
				"seconds":	0.99999713897705078,
				"bytes":	11796480,
				"bits_per_second":	94372110.000772476,
				"retransmits":	0,
				"omitted":	false
			}
		}, {
			"streams":	[{
					"socket":	6,
					"start":	2.0000791549682617,
					"end":	3.00007700920105,
					"seconds":	0.99999785423278809,
					"bytes":	11796480,
					"bits_per_second":	94372042.500434518,
					"retransmits":	0,
					"snd_cwnd":	1711536,
					"rtt":	160124,
					"rttvar":	490,
					"pmtu":	1500,
					"omitted":	false
				}],
			"sum":	{
				"start":	2.0000791549682617,
				"end":	3.00007700920105,
				"seconds":	0.99999785423278809,
				"bytes":	11796480,
				"bits_per_second":	94372042.500434518,
				"retransmits":	0,
				"omitted":	false
			}
		}, {
			"streams":	[{
					"socket":	6,
					"start":	3.00007700920105,
					"end":	4.0000991821289062,
					"seconds":	1.0000221729278564,
					"bytes":	11796480,
					"bits_per_second":	94369747.546395823,
					"retransmits":	0,
					"snd_cwnd":	2218336,
					"rtt":	207697,
					"rttvar":	479,
					"pmtu":	1500,
					"omitted":	false
				}],
			"sum":	{
				"start":	3.00007700920105,
				"end":	4.0000991821289062,
				"seconds":	1.0000221729278564,
				"bytes":	11796480,
				"bits_per_second":	94369747.546395823,
				"retransmits":	0,
				"omitted":	false
			}
		}, {
			"streams":	[{
					"socket":	6,
					"start":	4.0000991821289062,
					"end":	5.0001029968261719,
					"seconds":	1.0000038146972656,
					"bytes":	11796480,
					"bits_per_second":	94371480.001373291,
					"retransmits":	0,
					"snd_cwnd":	2723688,
					"rtt":	255504,
					"rttvar":	461,
					"pmtu":	1500,
					"omitted":	false
				}],
			"sum":	{
				"start":	4.0000991821289062,
				"end":	5.0001029968261719,
				"seconds":	1.0000038146972656,
				"bytes":	11796480,
				"bits_per_second":	94371480.001373291,
				"retransmits":	0,
				"omitted":	false
			}
		}, {
			"streams":	[{
					"socket":	6,
					"start":	5.0001029968261719,
					"end":	6.000075101852417,
					"seconds":	0.99997210502624512,
					"bytes":	10485760,
					"bits_per_second":	83888420.065276057,
					"retransmits":	0,
					"snd_cwnd":	3230488,
					"rtt":	303098,
					"rttvar":	662,
					"pmtu":	1500,
					"omitted":	false
				}],
			"sum":	{
				"start":	5.0001029968261719,
				"end":	6.000075101852417,
				"seconds":	0.99997210502624512,
				"bytes":	10485760,
				"bits_per_second":	83888420.065276057,
				"retransmits":	0,
				"omitted":	false
			}
		}, {
			"streams":	[{
					"socket":	6,
					"start":	6.000075101852417,
					"end":	7.0000829696655273,
					"seconds":	1.0000078678131104,
					"bytes":	10485760,
					"bits_per_second":	83885420.005192712,
					"retransmits":	0,
					"snd_cwnd":	3732944,
					"rtt":	356508,
					"rttvar":	417,
					"pmtu":	1500,
					"omitted":	false
				}],
			"sum":	{
				"start":	6.000075101852417,
				"end":	7.0000829696655273,
				"seconds":	1.0000078678131104,
				"bytes":	10485760,
				"bits_per_second":	83885420.005192712,
				"retransmits":	0,
				"omitted":	false
			}
		}, {
			"streams":	[{
					"socket":	6,
					"start":	7.0000829696655273,
					"end":	8.0000600814819336,
					"seconds":	0.99997711181640625,
					"bytes":	10485760,
					"bits_per_second":	83888000.043946326,
					"retransmits":	0,
					"snd_cwnd":	4233952,
					"rtt":	397424,
					"rttvar":	236,
					"pmtu":	1500,
					"omitted":	false
				}],
			"sum":	{
				"start":	7.0000829696655273,
				"end":	8.0000600814819336,
				"seconds":	0.99997711181640625,
				"bytes":	10485760,
				"bits_per_second":	83888000.043946326,
				"retransmits":	0,
				"omitted":	false
			}
		}, {
			"streams":	[{
					"socket":	6,
					"start":	8.0000600814819336,
					"end":	9.00006914138794,
					"seconds":	1.0000090599060059,
					"bytes":	9175040,
					"bits_per_second":	73399655.006024778,
					"retransmits":	0,
					"snd_cwnd":	4740752,
					"rtt":	444536,
					"rttvar":	232,
					"pmtu":	1500,
					"omitted":	false
				}],
			"sum":	{
				"start":	8.0000600814819336,
				"end":	9.00006914138794,
				"seconds":	1.0000090599060059,
				"bytes":	9175040,
				"bits_per_second":	73399655.006024778,
				"retransmits":	0,
				"omitted":	false
			}
		}, {
			"streams":	[{
					"socket":	6,
					"start":	9.00006914138794,
					"end":	9.6858229637146,
					"seconds":	0.68575382232666016,
					"bytes":	7864320,
					"bits_per_second":	91745110.200830251,
					"retransmits":	0,
					"snd_cwnd":	5086824,
					"rtt":	477564,
					"rttvar":	457,
					"pmtu":	1500,
					"omitted":	false
				}],
			"sum":	{
				"start":	9.00006914138794,
				"end":	9.6858229637146,
				"seconds":	0.68575382232666016,
				"bytes":	7864320,
				"bits_per_second":	91745110.200830251,
				"retransmits":	0,
				"omitted":	false
			}
		}],
	"end":	{
		"streams":	[{
				"sender":	{
					"socket":	6,
					"start":	0,
					"end":	9.6858229637146,
					"seconds":	9.6858229637146,
					"bytes":	109301280,
					"bits_per_second":	90277330.411236,
					"retransmits":	0,
					"max_snd_cwnd":	5086824,
					"max_rtt":	477564,
					"min_rtt":	64977,
					"mean_rtt":	277970
				},
				"receiver":	{
					"socket":	6,
					"start":	0,
					"end":	10.218591928482056,
					"seconds":	9.6858229637146,
					"bytes":	102600936,
					"bits_per_second":	80324911.078226089
				}
			}],
		"sum_sent":	{
			"start":	0,
			"end":	9.6858229637146,
			"seconds":	9.6858229637146,
			"bytes":	109301280,
			"bits_per_second":	90277330.411236,
			"retransmits":	0
		},
		"sum_received":	{
			"start":	0,
			"end":	10.218591928482056,
			"seconds":	10.218591928482056,
			"bytes":	102600936,
			"bits_per_second":	80324911.078226089
		},
		"cpu_utilization_percent":	{
			"host_total":	0.61688813054519709,
			"host_user":	0.04613257458192991,
			"host_system":	0.57074536317171132,
			"remote_total":	1.0918820593046723,
			"remote_user":	0.070409637849432036,
			"remote_system":	1.021453051541114
		},
		"sender_tcp_congestion":	"cubic",
		"receiver_tcp_congestion":	"cubic"
	}
}
