{
	"start":	{
		"connected":	[{
				"socket":	6,
				"local_host":	"192.168.13.1",
				"local_port":	57980,
				"remote_host":	"192.168.22.1",
				"remote_port":	5004
			}],
		"version":	"iperf 3.6",
		"system_info":	"Linux ba-thesis 4.19.0-23-amd64 #1 SMP Debian 4.19.269-1 (2022-12-20) x86_64",
		"timestamp":	{
			"time":	"Sun, 11 Jun 2023 01:57:00 GMT",
			"timesecs":	1686448620
		},
		"connecting_to":	{
			"host":	"h2",
			"port":	5004
		},
		"cookie":	"jt7etzc2njwvomqa2ixsyqosa7szktapnae2",
		"tcp_mss_default":	1448,
		"sock_bufsize":	0,
		"sndbuf_actual":	87380,
		"rcvbuf_actual":	87380,
		"test_start":	{
			"protocol":	"TCP",
			"num_streams":	1,
			"blksize":	131072,
			"omit":	0,
			"duration":	0,
			"bytes":	1925851,
			"blocks":	0,
			"reverse":	0,
			"tos":	0
		}
	},
	"intervals":	[{
			"streams":	[{
					"socket":	6,
					"start":	0,
					"end":	0.12345004081726074,
					"seconds":	0.12345004081726074,
					"bytes":	2670112,
					"bits_per_second":	173032717.19140109,
					"retransmits":	0,
					"snd_cwnd":	393856,
					"rtt":	34353,
					"rttvar":	2879,
					"pmtu":	1500,
					"omitted":	false
				}],
			"sum":	{
				"start":	0,
				"end":	0.12345004081726074,
				"seconds":	0.12345004081726074,
				"bytes":	2670112,
				"bits_per_second":	173032717.19140109,
				"retransmits":	0,
				"omitted":	false
			}
		}],
	"end":	{
		"streams":	[{
				"sender":	{
					"socket":	6,
					"start":	0,
					"end":	0.12345004081726074,
					"seconds":	0.12345004081726074,
					"bytes":	2670112,
					"bits_per_second":	173032717.19140109,
					"retransmits":	0,
					"max_snd_cwnd":	393856,
					"max_rtt":	34353,
					"min_rtt":	34353,
					"mean_rtt":	34353
				},
				"receiver":	{
					"socket":	6,
					"start":	0,
					"end":	0.1897270679473877,
					"seconds":	0.12345004081726074,
					"bytes":	773232,
					"bits_per_second":	32603971.942028694
				}
			}],
		"sum_sent":	{
			"start":	0,
			"end":	0.12345004081726074,
			"seconds":	0.12345004081726074,
			"bytes":	2670112,
			"bits_per_second":	173032717.19140109,
			"retransmits":	0
		},
		"sum_received":	{
			"start":	0,
			"end":	0.1897270679473877,
			"seconds":	0.1897270679473877,
			"bytes":	773232,
			"bits_per_second":	32603971.942028694
		},
		"cpu_utilization_percent":	{
			"host_total":	10.618534719929569,
			"host_user":	2.4506162649939474,
			"host_system":	8.1675745570595364,
			"remote_total":	0.633735269936969,
			"remote_user":	0,
			"remote_system":	0.633735269936969
		},
		"sender_tcp_congestion":	"cubic",
		"receiver_tcp_congestion":	"cubic"
	}
}
