{
	"start":	{
		"connected":	[{
				"socket":	6,
				"local_host":	"192.168.5.2",
				"local_port":	42124,
				"remote_host":	"192.168.23.1",
				"remote_port":	5007
			}],
		"version":	"iperf 3.6",
		"system_info":	"Linux ba-thesis 4.19.0-23-amd64 #1 SMP Debian 4.19.269-1 (2022-12-20) x86_64",
		"timestamp":	{
			"time":	"Sun, 11 Jun 2023 01:57:00 GMT",
			"timesecs":	1686448620
		},
		"connecting_to":	{
			"host":	"h3",
			"port":	5007
		},
		"cookie":	"kodof7p7hlpvl5uqtwhvr4gxqnghovje4olg",
		"tcp_mss_default":	1448,
		"sock_bufsize":	0,
		"sndbuf_actual":	87380,
		"rcvbuf_actual":	87380,
		"test_start":	{
			"protocol":	"TCP",
			"num_streams":	1,
			"blksize":	131072,
			"omit":	0,
			"duration":	0,
			"bytes":	36335510,
			"blocks":	0,
			"reverse":	0,
			"tos":	0
		}
	},
	"intervals":	[{
			"streams":	[{
					"socket":	6,
					"start":	0,
					"end":	1.0000960826873779,
					"seconds":	1.0000960826873779,
					"bytes":	2555720,
					"bits_per_second":	20443795.705168441,
					"retransmits":	0,
					"snd_cwnd":	152040,
					"rtt":	78476,
					"rttvar":	909,
					"pmtu":	1500,
					"omitted":	false
				}],
			"sum":	{
				"start":	0,
				"end":	1.0000960826873779,
				"seconds":	1.0000960826873779,
				"bytes":	2555720,
				"bits_per_second":	20443795.705168441,
				"retransmits":	0,
				"omitted":	false
			}
		}, {
			"streams":	[{
					"socket":	6,
					"start":	1.0000960826873779,
					"end":	2.0000731945037842,
					"seconds":	0.99997711181640625,
					"bytes":	2215440,
					"bits_per_second":	17723925.6684647,
					"retransmits":	0,
					"snd_cwnd":	241816,
					"rtt":	125350,
					"rttvar":	705,
					"pmtu":	1500,
					"omitted":	false
				}],
			"sum":	{
				"start":	1.0000960826873779,
				"end":	2.0000731945037842,
				"seconds":	0.99997711181640625,
				"bytes":	2215440,
				"bits_per_second":	17723925.6684647,
				"retransmits":	0,
				"omitted":	false
			}
		}, {
			"streams":	[{
					"socket":	6,
					"start":	2.0000731945037842,
					"end":	3.0002841949462891,
					"seconds":	1.0002110004425049,
					"bytes":	1759320,
					"bits_per_second":	14071590.888095865,
					"retransmits":	0,
					"snd_cwnd":	331592,
					"rtt":	172792,
					"rttvar":	591,
					"pmtu":	1500,
					"omitted":	false
				}],
			"sum":	{
				"start":	2.0000731945037842,
				"end":	3.0002841949462891,
				"seconds":	1.0002110004425049,
				"bytes":	1759320,
				"bits_per_second":	14071590.888095865,
				"retransmits":	0,
				"omitted":	false
			}
		}, {
			"streams":	[{
					"socket":	6,
					"start":	3.0002841949462891,
					"end":	4.0002951622009277,
					"seconds":	1.0000109672546387,
					"bytes":	2345760,
					"bits_per_second":	18765874.189879242,
					"retransmits":	0,
					"snd_cwnd":	422816,
					"rtt":	220893,
					"rttvar":	839,
					"pmtu":	1500,
					"omitted":	false
				}],
			"sum":	{
				"start":	3.0002841949462891,
				"end":	4.0002951622009277,
				"seconds":	1.0000109672546387,
				"bytes":	2345760,
				"bits_per_second":	18765874.189879242,
				"retransmits":	0,
				"omitted":	false
			}
		}, {
			"streams":	[{
					"socket":	6,
					"start":	4.0002951622009277,
					"end":	5.0004401206970215,
					"seconds":	1.0001449584960938,
					"bytes":	2932200,
					"bits_per_second":	23454200.114424333,
					"retransmits":	0,
					"snd_cwnd":	514040,
					"rtt":	268553,
					"rttvar":	792,
					"pmtu":	1500,
					"omitted":	false
				}],
			"sum":	{
				"start":	4.0002951622009277,
				"end":	5.0004401206970215,
				"seconds":	1.0001449584960938,
				"bytes":	2932200,
				"bits_per_second":	23454200.114424333,
				"retransmits":	0,
				"omitted":	false
			}
		}, {
			"streams":	[{
					"socket":	6,
					"start":	5.0004401206970215,
					"end":	6.0003621578216553,
					"seconds":	0.99992203712463379,
					"bytes":	1107720,
					"bits_per_second":	8862450.9421582427,
					"retransmits":	0,
					"snd_cwnd":	605264,
					"rtt":	315920,
					"rttvar":	620,
					"pmtu":	1500,
					"omitted":	false
				}],
			"sum":	{
				"start":	5.0004401206970215,
				"end":	6.0003621578216553,
				"seconds":	0.99992203712463379,
				"bytes":	1107720,
				"bits_per_second":	8862450.9421582427,
				"retransmits":	0,
				"omitted":	false
			}
		}, {
			"streams":	[{
					"socket":	6,
					"start":	6.0003621578216553,
					"end":	7.0003881454467773,
					"seconds":	1.0000259876251221,
					"bytes":	2541240,
					"bits_per_second":	20329391.687389869,
					"retransmits":	0,
					"snd_cwnd":	696488,
					"rtt":	369378,
					"rttvar":	737,
					"pmtu":	1500,
					"omitted":	false
				}],
			"sum":	{
				"start":	6.0003621578216553,
				"end":	7.0003881454467773,
				"seconds":	1.0000259876251221,
				"bytes":	2541240,
				"bits_per_second":	20329391.687389869,
				"retransmits":	0,
				"omitted":	false
			}
		}, {
			"streams":	[{
					"socket":	6,
					"start":	7.0003881454467773,
					"end":	8.0002000331878662,
					"seconds":	0.99981188774108887,
					"bytes":	2621440,
					"bits_per_second":	20975465.742242485,
					"retransmits":	0,
					"snd_cwnd":	784816,
					"rtt":	410449,
					"rttvar":	474,
					"pmtu":	1500,
					"omitted":	false
				}],
			"sum":	{
				"start":	7.0003881454467773,
				"end":	8.0002000331878662,
				"seconds":	0.99981188774108887,
				"bytes":	2621440,
				"bits_per_second":	20975465.742242485,
				"retransmits":	0,
				"omitted":	false
			}
		}, {
			"streams":	[{
					"socket":	6,
					"start":	8.0002000331878662,
					"end":	9.0005311965942383,
					"seconds":	1.0003311634063721,
					"bytes":	1310720,
					"bits_per_second":	10482288.649584228,
					"retransmits":	0,
					"snd_cwnd":	876040,
					"rtt":	458032,
					"rttvar":	620,
					"pmtu":	1500,
					"omitted":	false
				}],
			"sum":	{
				"start":	8.0002000331878662,
				"end":	9.0005311965942383,
				"seconds":	1.0003311634063721,
				"bytes":	1310720,
				"bits_per_second":	10482288.649584228,
				"retransmits":	0,
				"omitted":	false
			}
		}, {
			"streams":	[{
					"socket":	6,
					"start":	9.0005311965942383,
					"end":	10.000308990478516,
					"seconds":	0.99977779388427734,
					"bytes":	2621440,
					"bits_per_second":	20976181.03571064,
					"retransmits":	0,
					"snd_cwnd":	967264,
					"rtt":	505557,
					"rttvar":	718,
					"pmtu":	1500,
					"omitted":	false
				}],
			"sum":	{
				"start":	9.0005311965942383,
				"end":	10.000308990478516,
				"seconds":	0.99977779388427734,
				"bytes":	2621440,
				"bits_per_second":	20976181.03571064,
				"retransmits":	0,
				"omitted":	false
			}
		}, {
			"streams":	[{
					"socket":	6,
					"start":	10.000308990478516,
					"end":	11.000070095062256,
					"seconds":	0.99976110458374023,
					"bytes":	6553600,
					"bits_per_second":	52441327.992880076,
					"retransmits":	0,
					"snd_cwnd":	1204736,
					"rtt":	95631,
					"rttvar":	406,
					"pmtu":	1500,
					"omitted":	false
				}],
			"sum":	{
				"start":	10.000308990478516,
				"end":	11.000070095062256,
				"seconds":	0.99976110458374023,
				"bytes":	6553600,
				"bits_per_second":	52441327.992880076,
				"retransmits":	0,
				"omitted":	false
			}
		}, {
			"streams":	[{
					"socket":	6,
					"start":	11.000070095062256,
					"end":	11.542070150375366,
					"seconds":	0.54200005531311035,
					"bytes":	7864320,
					"bits_per_second":	116078512.13899714,
					"retransmits":	0,
					"snd_cwnd":	1527640,
					"rtt":	121304,
					"rttvar":	314,
					"pmtu":	1500,
					"omitted":	false
				}],
			"sum":	{
				"start":	11.000070095062256,
				"end":	11.542070150375366,
				"seconds":	0.54200005531311035,
				"bytes":	7864320,
				"bits_per_second":	116078512.13899714,
				"retransmits":	0,
				"omitted":	false
			}
		}],
	"end":	{
		"streams":	[{
				"sender":	{
					"socket":	6,
					"start":	0,
					"end":	11.542070150375366,
					"seconds":	11.542070150375366,
					"bytes":	36428920,
					"bits_per_second":	25249487.847768988,
					"retransmits":	0,
					"max_snd_cwnd":	1527640,
					"max_rtt":	505557,
					"min_rtt":	78476,
					"mean_rtt":	261861
				},