{
	"start":	{
		"connected":	[{
				"socket":	6,
				"local_host":	"192.168.8.1",
				"local_port":	38722,
				"remote_host":	"192.168.20.1",
				"remote_port":	5002
			}],
		"version":	"iperf 3.6",
		"system_info":	"Linux ba-thesis 4.19.0-23-amd64 #1 SMP Debian 4.19.269-1 (2022-12-20) x86_64",
		"timestamp":	{
			"time":	"Mon, 12 Jun 2023 00:09:03 GMT",
			"timesecs":	1686528543
		},
		"connecting_to":	{
			"host":	"h1",
			"port":	5002
		},
		"cookie":	"o2sew5uraggkykbgpsfkyhwpt65dqjwnp2zz",
		"tcp_mss_default":	1448,
		"sock_bufsize":	0,
		"sndbuf_actual":	87380,
		"rcvbuf_actual":	87380,
		"test_start":	{
			"protocol":	"TCP",
			"num_streams":	1,
			"blksize":	131072,
			"omit":	0,
			"duration":	0,
			"bytes":	189509040,
			"blocks":	0,
			"reverse":	0,
			"tos":	0
		}
	},
	"intervals":	[{
			"streams":	[{
					"socket":	6,
					"start":	0,
					"end":	1.0000770092010498,
					"seconds":	1.0000770092010498,
					"bytes":	16950192,
					"bits_per_second":	135591094.23816326,
					"retransmits":	0,
					"snd_cwnd":	1392976,
					"rtt":	110166,
					"rttvar":	343,
					"pmtu":	1500,
					"omitted":	false
				}],
			"sum":	{
				"start":	0,
				"end":	1.0000770092010498,
				"seconds":	1.0000770092010498,
				"bytes":	16950192,
				"bits_per_second":	135591094.23816326,
				"retransmits":	0,
				"omitted":	false
			}
		}, {
			"streams":	[{
					"socket":	6,
					"start":	1.0000770092010498,
					"end":	2.0000710487365723,
					"seconds":	0.99999403953552246,
					"bytes":	14417920,
					"bits_per_second":	115344047.50409785,
					"retransmits":	0,
					"snd_cwnd":	1989552,
					"rtt":	157728,
					"rttvar":	546,
					"pmtu":	1500,
					"omitted":	false
				}],
			"sum":	{
				"start":	1.0000770092010498,
				"end":	2.0000710487365723,
				"seconds":	0.99999403953552246,
				"bytes":	14417920,
				"bits_per_second":	115344047.50409785,
				"retransmits":	0,
				"omitted":	false
			}
		}, {
			"streams":	[{
					"socket":	6,
					"start":	2.0000710487365723,
					"end":	3.0000739097595215,
					"seconds":	1.0000028610229492,
					"bytes":	14417920,
					"bits_per_second":	115343030.00094414,
					"retransmits":	0,
					"snd_cwnd":	2587576,
					"rtt":	205336,
					"rttvar":	546,
					"pmtu":	1500,
					"omitted":	false
				}],
			"sum":	{
				"start":	2.0000710487365723,
				"end":	3.0000739097595215,
				"seconds":	1.0000028610229492,
				"bytes":	14417920,
				"bits_per_second":	115343030.00094414,
				"retransmits":	0,
				"omitted":	false
			}
		}, {
			"streams":	[{
					"socket":	6,
					"start":	3.0000739097595215,
					"end":	4.0000810623168945,
					"seconds":	1.000007152557373,
					"bytes":	11796480,
					"bits_per_second":	94371165.004827946,
					"retransmits":	0,
					"snd_cwnd":	3184152,
					"rtt":	252689,
					"rttvar":	310,
					"pmtu":	1500,
					"omitted":	false
				}],
			"sum":	{
				"start":	3.0000739097595215,
				"end":	4.0000810623168945,
				"seconds":	1.000007152557373,
				"bytes":	11796480,
				"bits_per_second":	94371165.004827946,
				"retransmits":	0,
				"omitted":	false
			}
		}, {
			"streams":	[{
					"socket":	6,
					"start":	4.0000810623168945,
					"end":	5.0000700950622559,
					"seconds":	0.99998903274536133,
					"bytes":	11796480,
					"bits_per_second":	94372875.011351228,
					"retransmits":	0,
					"snd_cwnd":	3760456,
					"rtt":	334210,
					"rttvar":	239,
					"pmtu":	1500,
					"omitted":	false
				}],
			"sum":	{
				"start":	4.0000810623168945,
				"end":	5.0000700950622559,
				"seconds":	0.99998903274536133,
				"bytes":	11796480,
				"bits_per_second":	94372875.011351228,
				"retransmits":	0,
				"omitted":	false
			}
		}, {
			"streams":	[{
					"socket":	6,
					"start":	5.0000700950622559,
					"end":	6.0000379085540771,
					"seconds":	0.99996781349182129,
					"bytes":	11796480,
					"bits_per_second":	94374877.597769663,
					"retransmits":	0,
					"snd_cwnd":	4358480,
					"rtt":	346379,
					"rttvar":	247,
					"pmtu":	1500,
					"omitted":	false
				}],
			"sum":	{
				"start":	5.0000700950622559,
				"end":	6.0000379085540771,
				"seconds":	0.99996781349182129,
				"bytes":	11796480,
				"bits_per_second":	94374877.597769663,
				"retransmits":	0,
				"omitted":	false
			}
		}, {
			"streams":	[{
					"socket":	6,
					"start":	6.0000379085540771,
					"end":	7.0001170635223389,
					"seconds":	1.0000791549682617,
					"bytes":	11796480,
					"bits_per_second":	94364370.591240808,
					"retransmits":	0,
					"snd_cwnd":	4956504,
					"rtt":	394210,
					"rttvar":	423,
					"pmtu":	1500,
					"omitted":	false
				}],
			"sum":	{
				"start":	6.0000379085540771,
				"end":	7.0001170635223389,
				"seconds":	1.0000791549682617,
				"bytes":	11796480,
				"bits_per_second":	94364370.591240808,
				"retransmits":	0,
				"omitted":	false
			}
		}, {
			"streams":	[{
					"socket":	6,
					"start":	7.0001170635223389,
					"end":	8.0000901222229,
					"seconds":	0.99997305870056152,
					"bytes":	11796480,
					"bits_per_second":	94374382.5685001,
					"retransmits":	0,
					"snd_cwnd":	5531360,
					"rtt":	439993,
					"rttvar":	213,
					"pmtu":	1500,
					"omitted":	false
				}],
			"sum":	{
				"start":	7.0001170635223389,
				"end":	8.0000901222229,
				"seconds":	0.99997305870056152,
				"bytes":	11796480,
				"bits_per_second":	94374382.5685001,
				"retransmits":	0,
				"omitted":	false
			}
		}, {
			"streams":	[{
					"socket":	6,
					"start":	8.0000901222229,
					"end":	9.0000951290130615,
					"seconds":	1.0000050067901611,
					"bytes":	11796480,
					"bits_per_second":	94371367.5023657,
					"retransmits":	0,
					"snd_cwnd":	6130832,
					"rtt":	487637,
					"rttvar":	611,
					"pmtu":	1500,
					"omitted":	false
				}],
			"sum":	{
				"start":	8.0000901222229,
				"end":	9.0000951290130615,
				"seconds":	1.0000050067901611,
				"bytes":	11796480,
				"bits_per_second":	94371367.5023657,
				"retransmits":	0,
				"omitted":	false
			}
		}, {
			"streams":	[{
					"socket":	6,
					"start":	9.0000951290130615,
					"end":	10.000217914581299,
					"seconds":	1.0001227855682373,
					"bytes":	10485760,
					"bits_per_second":	83875781.264536083,
					"retransmits":	0,
					"snd_cwnd":	6634736,
					"rtt":	608628,
					"rttvar":	78274,
					"pmtu":	1500,
					"omitted":	false
				}],
			"sum":	{
				"start":	9.0000951290130615,
				"end":	10.000217914581299,
				"seconds":	1.0001227855682373,
				"bytes":	10485760,
				"bits_per_second":	83875781.264536083,
				"retransmits":	0,
				"omitted":	false
			}
		}, {
			"streams":	[{
					"socket":	6,
					"start":	10.000217914581299,
					"end":	11.000065088272095,
					"seconds":	0.9998471736907959,
					"bytes":	11796480,
					"bits_per_second":	94386264.704474345,
					"retransmits":	0,
					"snd_cwnd":	7231312,
					"rtt":	575886,
					"rttvar":	331,
					"pmtu":	1500,
					"omitted":	false
				}],
			"sum":	{
				"start":	10.000217914581299,
				"end":	11.000065088272095,
				"seconds":	0.9998471736907959,
				"bytes":	11796480,
				"bits_per_second":	94386264.704474345,
				"retransmits":	0,
				"omitted":	false
			}
		}, {
			"streams":	[{
					"socket":	6,
					"start":	11.000065088272095,
					"end":	12.000071048736572,
					"seconds":	1.0000059604644775,
					"bytes":	11796480,
					"bits_per_second":	94371277.503352746,
					"retransmits":	0,
					"snd_cwnd":	7827888,
					"rtt":	622738,
					"rttvar":	369,
					"pmtu":	1500,
					"omitted":	false
				}],
			"sum":	{
				"start":	11.000065088272095,
				"end":	12.000071048736572,
				"seconds":	1.0000059604644775,
				"bytes":	11796480,
				"bits_per_second":	94371277.503352746,
				"retransmits":	0,
				"omitted":	false
			}
		}, {
			"streams":	[{
					"socket":	6,
					"start":	12.000071048736572,
					"end":	13.000051975250244,
					"seconds":	0.99998092651367188,
					"bytes":	11796480,
					"bits_per_second":	94373640.034332931,
					"retransmits":	0,
					"snd_cwnd":	8425912,
					"rtt":	670593,
					"rttvar":	496,
					"pmtu":	1500,