{
	"start":	{
		"connected":	[{
				"socket":	6,
				"local_host":	"192.168.15.1",
				"local_port":	43634,
				"remote_host":	"192.168.24.1",
				"remote_port":	5006
			}],
		"version":	"iperf 3.6",
		"system_info":	"Linux ba-thesis 4.19.0-23-amd64 #1 SMP Debian 4.19.269-1 (2022-12-20) x86_64",
		"timestamp":	{
			"time":	"Mon, 12 Jun 2023 11:30:31 GMT",
			"timesecs":	1686569431
		},
		"connecting_to":	{
			"host":	"h5",
			"port":	5006
		},
		"cookie":	"q6leyeuwlqvc7dlsmc4ew3qfh4rpow362c5z",
		"tcp_mss_default":	1448,
		"sock_bufsize":	0,
		"sndbuf_actual":	87380,
		"rcvbuf_actual":	87380,
		"test_start":	{
			"protocol":	"TCP",
			"num_streams":	1,
			"blksize":	131072,
			"omit":	0,
			"duration":	0,
			"bytes":	47330484,
			"blocks":	0,
			"reverse":	0,
			"tos":	0
		}
	},
	"intervals":	[{
			"streams":	[{
					"socket":	6,
					"start":	0,
					"end":	1.0001699924468994,
					"seconds":	1.0001699924468994,
					"bytes":	144800,
					"bits_per_second":	1158203.1142186075,
					"retransmits":	0,
					"snd_cwnd":	28960,
					"rtt":	385798,
					"rttvar":	34437,
					"pmtu":	1500,
					"omitted":	false
				}],
			"sum":	{
				"start":	0,
				"end":	1.0001699924468994,
				"seconds":	1.0001699924468994,
				"bytes":	144800,
				"bits_per_second":	1158203.1142186075,
				"retransmits":	0,
				"omitted":	false
			}
		}, {
			"streams":	[{
					"socket":	6,
					"start":	1.0001699924468994,
					"end":	2.0001049041748047,
					"seconds":	0.99993491172790527,
					"bytes":	777576,
					"bits_per_second":	6221012.9149813149,
					"retransmits":	0,
					"snd_cwnd":	199824,
					"rtt":	388467,
					"rttvar":	1170,
					"pmtu":	1500,
					"omitted":	false
				}],
			"sum":	{
				"start":	1.0001699924468994,
				"end":	2.0001049041748047,
				"seconds":	0.99993491172790527,
				"bytes":	777576,
				"bits_per_second":	6221012.9149813149,
				"retransmits":	0,
				"omitted":	false
			}
		}, {
			"streams":	[{
					"socket":	6,
					"start":	2.0001049041748047,
					"end":	3.0002889633178711,
					"seconds":	1.0001840591430664,
					"bytes":	3323160,
					"bits_per_second":	26580387.636629228,
					"retransmits":	0,
					"snd_cwnd":	799296,
					"rtt":	390623,
					"rttvar":	1796,
					"pmtu":	1500,
					"omitted":	false
				}],
			"sum":	{
				"start":	2.0001049041748047,
				"end":	3.0002889633178711,
				"seconds":	1.0001840591430664,
				"bytes":	3323160,
				"bits_per_second":	26580387.636629228,
				"retransmits":	0,
				"omitted":	false
			}
		}, {
			"streams":	[{
					"socket":	6,
					"start":	3.0002889633178711,
					"end":	4.00003981590271,
					"seconds":	0.99975085258483887,
					"bytes":	13107200,
					"bits_per_second":	104883731.51059832,
					"retransmits":	0,
					"snd_cwnd":	2968400,
					"rtt":	425277,
					"rttvar":	15717,
					"pmtu":	1500,
					"omitted":	false
				}],
			"sum":	{
				"start":	3.0002889633178711,
				"end":	4.00003981590271,
				"seconds":	0.99975085258483887,
				"bytes":	13107200,
				"bits_per_second":	104883731.51059832,
				"retransmits":	0,
				"omitted":	false
			}
		}, {
			"streams":	[{
					"socket":	6,
					"start":	4.00003981590271,
					"end":	5.0000679492950439,
					"seconds":	1.000028133392334,
					"bytes":	6553600,
					"bits_per_second":	52427325.041495584,
					"retransmits":	0,
					"snd_cwnd":	3327504,
					"rtt":	384071,
					"rttvar":	264,
					"pmtu":	1500,
					"omitted":	false
				}],
			"sum":	{
				"start":	4.00003981590271,
				"end":	5.0000679492950439,
				"seconds":	1.000028133392334,
				"bytes":	6553600,
				"bits_per_second":	52427325.041495584,
				"retransmits":	0,
				"omitted":	false
			}
		}, {
			"streams":	[{
					"socket":	6,
					"start":	5.0000679492950439,
					"end":	6.0002059936523438,
					"seconds":	1.0001380443572998,
					"bytes":	9175040,
					"bits_per_second":	73390188.898541391,
					"retransmits":	0,
					"snd_cwnd":	3757560,
					"rtt":	442519,
					"rttvar":	36163,
					"pmtu":	1500,
					"omitted":	false
				}],
			"sum":	{
				"start":	5.0000679492950439,
				"end":	6.0002059936523438,
				"seconds":	1.0001380443572998,
				"bytes":	9175040,
				"bits_per_second":	73390188.898541391,
				"retransmits":	0,
				"omitted":	false
			}
		}, {
			"streams":	[{
					"socket":	6,
					"start":	6.0002059936523438,
					"end":	7.0000648498535156,
					"seconds":	0.99985885620117188,
					"bytes":	10485760,
					"bits_per_second":	83897921.671378478,
					"retransmits":	0,
					"snd_cwnd":	4312144,
					"rtt":	398969,
					"rttvar":	3725,
					"pmtu":	1500,
					"omitted":	false
				}],
			"sum":	{
				"start":	6.0002059936523438,
				"end":	7.0000648498535156,
				"seconds":	0.99985885620117188,
				"bytes":	10485760,
				"bits_per_second":	83897921.671378478,
				"retransmits":	0,
				"omitted":	false
			}
		}, {
			"streams":	[{
					"socket":	6,
					"start":	7.0000648498535156,
					"end":	7.3528778553009033,
					"seconds":	0.3528130054473877,
					"bytes":	3932160,
					"bits_per_second":	89161339.050158635,
					"retransmits":	0,
					"snd_cwnd":	4459840,
					"rtt":	397911,
					"rttvar":	480,
					"pmtu":	1500,
					"omitted":	false
				}],
			"sum":	{
				"start":	7.0000648498535156,
				"end":	7.3528778553009033,
				"seconds":	0.3528130054473877,
				"bytes":	3932160,
				"bits_per_second":	89161339.050158635,
				"retransmits":	0,
				"omitted":	false
			}
		}],
	"end":	{
		"streams":	[{
				"sender":	{
					"socket":	6,
					"start":	0,
					"end":	7.3528778553009033,
					"seconds":	7.3528778553009033,
					"bytes":	47499296,
					"bits_per_second":	51679679.09681119,
					"retransmits":	0,
					"max_snd_cwnd":	4459840,
					"max_rtt":	442519,
					"min_rtt":	384071,
					"mean_rtt":	401704
				},
				"receiver":	{
					"socket":	6,
					"start":	0,
					"end":	7.8498258590698242,
					"seconds":	7.3528778553009033,
					"bytes":	40187792,
					"bits_per_second":	40956620.155914754
				}
			}],
		"sum_sent":	{
			"start":	0,
			"end":	7.3528778553009033,
			"seconds":	7.3528778553009033,
			"bytes":	47499296,
			"bits_per_second":	51679679.09681119,
			"retransmits":	0
		},
		"sum_received":	{
			"start":	0,
			"end":	7.8498258590698242,
			"seconds":	7.8498258590698242,
			"bytes":	40187792,
			"bits_per_second":	40956620.155914754
		},
		"cpu_utilization_percent":	{
			"host_total":	8.1233683313426539,
			"host_user":	0.94498592584419461,
			"host_system":	7.1783609599827756,
			"remote_total":	0.5851472178060414,
			"remote_user":	0,
			"remote_system":	0.5851472178060414
		},
		"sender_tcp_congestion":	"cubic",
		"receiver_tcp_congestion":	"cubic"
	}
}
