{
	"start":	{
		"connected":	[{
				"socket":	6,
				"local_host":	"192.168.7.2",
				"local_port":	37822,
				"remote_host":	"192.168.29.1",
				"remote_port":	5001
			}],
		"version":	"iperf 3.6",
		"system_info":	"Linux ba-thesis 4.19.0-23-amd64 #1 SMP Debian 4.19.269-1 (2022-12-20) x86_64",
		"timestamp":	{
			"time":	"Wed, 31 May 2023 14:56:11 GMT",
			"timesecs":	1685544971
		},
		"connecting_to":	{
			"host":	"h9",
			"port":	5001
		},
		"cookie":	"pg3cpwjoplczn4srfk6zlwdeexdyheode4o5",
		"tcp_mss_default":	1448,
		"sock_bufsize":	0,
		"sndbuf_actual":	87380,
		"rcvbuf_actual":	87380,
		"test_start":	{
			"protocol":	"TCP",
			"num_streams":	1,
			"blksize":	131072,
			"omit":	0,
			"duration":	0,
			"bytes":	182001664,
			"blocks":	0,
			"reverse":	0,
			"tos":	0
		}
	},
	"intervals":	[{
			"streams":	[{
					"socket":	6,
					"start":	0,
					"end":	1.0000808238983154,
					"seconds":	1.0000808238983154,
					"bytes":	16950192,
					"bits_per_second":	135590577.04098871,
					"retransmits":	0,
					"snd_cwnd":	1400216,
					"rtt":	110582,
					"rttvar":	418,
					"pmtu":	1500,
					"omitted":	false
				}],
			"sum":	{
				"start":	0,
				"end":	1.0000808238983154,
				"seconds":	1.0000808238983154,
				"bytes":	16950192,
				"bits_per_second":	135590577.04098871,
				"retransmits":	0,
				"omitted":	false
			}
		}, {
			"streams":	[{
					"socket":	6,
					"start":	1.0000808238983154,
					"end":	2.0000338554382324,
					"seconds":	0.999953031539917,
					"bytes":	14417920,
					"bits_per_second":	115348777.75446358,
					"retransmits":	0,
					"snd_cwnd":	1993896,
					"rtt":	158004,
					"rttvar":	308,
					"pmtu":	1500,
					"omitted":	false
				}],
			"sum":	{
				"start":	1.0000808238983154,
				"end":	2.0000338554382324,
				"seconds":	0.999953031539917,
				"bytes":	14417920,
				"bits_per_second":	115348777.75446358,
				"retransmits":	0,
				"omitted":	false
			}
		}, {
			"streams":	[{
					"socket":	6,
					"start":	2.0000338554382324,
					"end":	3.00008487701416,
					"seconds":	1.0000510215759277,
					"bytes":	14417920,
					"bits_per_second":	115337475.30024666,
					"retransmits":	0,
					"snd_cwnd":	2589024,
					"rtt":	205575,
					"rttvar":	498,
					"pmtu":	1500,
					"omitted":	false
				}],
			"sum":	{
				"start":	2.0000338554382324,
				"end":	3.00008487701416,
				"seconds":	1.0000510215759277,
				"bytes":	14417920,
				"bits_per_second":	115337475.30024666,
				"retransmits":	0,
				"omitted":	false
			}
		}, {
			"streams":	[{
					"socket":	6,
					"start":	3.00008487701416,
					"end":	4.0001158714294434,
					"seconds":	1.0000309944152832,
					"bytes":	11796480,
					"bits_per_second":	94368915.090655848,
					"retransmits":	0,
					"snd_cwnd":	3187048,
					"rtt":	253208,
					"rttvar":	669,
					"pmtu":	1500,
					"omitted":	false
				}],
			"sum":	{
				"start":	3.00008487701416,
				"end":	4.0001158714294434,
				"seconds":	1.0000309944152832,
				"bytes":	11796480,
				"bits_per_second":	94368915.090655848,
				"retransmits":	0,
				"omitted":	false
			}
		}, {
			"streams":	[{
					"socket":	6,
					"start":	4.0001158714294434,
					"end":	5.0000739097595215,
					"seconds":	0.99995803833007812,
					"bytes":	11796480,
					"bits_per_second":	94375800.166175187,
					"retransmits":	0,
					"snd_cwnd":	3785072,
					"rtt":	300774,
					"rttvar":	352,
					"pmtu":	1500,
					"omitted":	false
				}],
			"sum":	{
				"start":	4.0001158714294434,
				"end":	5.0000739097595215,
				"seconds":	0.99995803833007812,
				"bytes":	11796480,
				"bits_per_second":	94375800.166175187,
				"retransmits":	0,
				"omitted":	false
			}
		}, {
			"streams":	[{
					"socket":	6,
					"start":	5.0000739097595215,
					"end":	6.0000679492950439,
					"seconds":	0.99999403953552246,
					"bytes":	13107200,
					"bits_per_second":	104858225.00372531,
					"retransmits":	0,
					"snd_cwnd":	4383096,
					"rtt":	348423,
					"rttvar":	589,
					"pmtu":	1500,
					"omitted":	false
				}],
			"sum":	{
				"start":	5.0000739097595215,
				"end":	6.0000679492950439,
				"seconds":	0.99999403953552246,
				"bytes":	13107200,
				"bits_per_second":	104858225.00372531,
				"retransmits":	0,
				"omitted":	false
			}
		}, {
			"streams":	[{
					"socket":	6,
					"start":	6.0000679492950439,
					"end":	7.00007700920105,
					"seconds":	1.0000090599060059,
					"bytes":	11796480,
					"bits_per_second":	94370985.007746145,
					"retransmits":	0,
					"snd_cwnd":	4979672,
					"rtt":	395964,
					"rttvar":	721,
					"pmtu":	1500,
					"omitted":	false
				}],
			"sum":	{
				"start":	6.0000679492950439,
				"end":	7.00007700920105,
				"seconds":	1.0000090599060059,
				"bytes":	11796480,
				"bits_per_second":	94370985.007746145,
				"retransmits":	0,
				"omitted":	false
			}
		}, {
			"streams":	[{
					"socket":	6,
					"start":	7.00007700920105,
					"end":	8.0000729560852051,
					"seconds":	0.99999594688415527,
					"bytes":	11796480,
					"bits_per_second":	94372222.501550317,
					"retransmits":	0,
					"snd_cwnd":	5577696,
					"rtt":	443637,
					"rttvar":	584,
					"pmtu":	1500,
					"omitted":	false
				}],
			"sum":	{
				"start":	7.00007700920105,
				"end":	8.0000729560852051,
				"seconds":	0.99999594688415527,
				"bytes":	11796480,
				"bits_per_second":	94372222.501550317,
				"retransmits":	0,
				"omitted":	false
			}
		}, {
			"streams":	[{
					"socket":	6,
					"start":	8.0000729560852051,
					"end":	9.0000548362731934,
					"seconds":	0.99998188018798828,
					"bytes":	11796480,
					"bits_per_second":	94373550.030985445,
					"retransmits":	0,
					"snd_cwnd":	6169928,
					"rtt":	502140,
					"rttvar":	529,
					"pmtu":	1500,
					"omitted":	false
				}],
			"sum":	{
				"start":	8.0000729560852051,
				"end":	9.0000548362731934,
				"seconds":	0.99998188018798828,
				"bytes":	11796480,
				"bits_per_second":	94373550.030985445,
				"retransmits":	0,
				"omitted":	false
			}
		}, {
			"streams":	[{
					"socket":	6,
					"start":	9.0000548362731934,
					"end":	10.000043869018555,
					"seconds":	0.99998903274536133,
					"bytes":	11796480,
					"bits_per_second":	94372875.011351228,
					"retransmits":	0,
					"snd_cwnd":	6765056,
					"rtt":	538313,
					"rttvar":	587,
					"pmtu":	1500,
					"omitted":	false
				}],
			"sum":	{
				"start":	9.0000548362731934,
				"end":	10.000043869018555,
				"seconds":	0.99998903274536133,
				"bytes":	11796480,
				"bits_per_second":	94372875.011351228,
				"retransmits":	0,
				"omitted":	false
			}
		}, {
			"streams":	[{
					"socket":	6,
					"start":	10.000043869018555,
					"end":	11.000097990036011,
					"seconds":	1.0000541210174561,
					"bytes":	11796480,
					"bits_per_second":	94366732.776408136,
					"retransmits":	0,
					"snd_cwnd":	7363080,
					"rtt":	585712,
					"rttvar":	362,
					"pmtu":	1500,
					"omitted":	false
				}],
			"sum":	{
				"start":	10.000043869018555,
				"end":	11.000097990036011,
				"seconds":	1.0000541210174561,
				"bytes":	11796480,
				"bits_per_second":	94366732.776408136,
				"retransmits":	0,
				"omitted":	false
			}
		}, {
			"streams":	[{
					"socket":	6,
					"start":	11.000097990036011,
					"end":	12.000079870223999,
					"seconds":	0.99998188018798828,
					"bytes":	11796480,
					"bits_per_second":	94373550.030985445,
					"retransmits":	0,
					"snd_cwnd":	7959656,
					"rtt":	634648,
					"rttvar":	560,
					"pmtu":	1500,
					"omitted":	false
				}],
			"sum":	{
				"start":	11.000097990036011,
				"end":	12.000079870223999,
				"seconds":	0.99998188018798828,
				"bytes":	11796480,
				"bits_per_second":	94373550.030985445,
				"retransmits":	0,
				"omitted":	false
			}
		}, {
			"streams":	[{
					"socket":	6,
					"start":	12.000079870223999,
					"end":	13.000077962875366,
					"seconds":	0.99999809265136719,
					"bytes":	11796480,
					"bits_per_second":	94372020.000343323,
					"retransmits":	0,
					"snd_cwnd":	8557680,
					"rtt":	681020,
					"rttvar":	535,
					"pmtu":	1500,