{
	"start":	{
		"connected":	[{
				"socket":	6,
				"local_host":	"192.168.7.2",
				"local_port":	51922,
				"remote_host":	"192.168.19.1",
				"remote_port":	5002
			}],
		"version":	"iperf 3.6",
		"system_info":	"Linux ba-thesis 4.19.0-23-amd64 #1 SMP Debian 4.19.269-1 (2022-12-20) x86_64",
		"timestamp":	{
			"time":	"Sun, 11 Jun 2023 04:22:22 GMT",
			"timesecs":	1686457342
		},
		"connecting_to":	{
			"host":	"h4",
			"port":	5002
		},
		"cookie":	"nhq3f4mavaynxec2xhr7k7aoe4skkdngvjyw",
		"tcp_mss_default":	1448,
		"sock_bufsize":	0,
		"sndbuf_actual":	87380,
		"rcvbuf_actual":	87380,
		"test_start":	{
			"protocol":	"TCP",
			"num_streams":	1,
			"blksize":	131072,
			"omit":	0,
			"duration":	0,
			"bytes":	30930217,
			"blocks":	0,
			"reverse":	0,
			"tos":	0
		}
	},
	"intervals":	[{
			"streams":	[{
					"socket":	6,
					"start":	0,
					"end":	1.0001049041748047,
					"seconds":	1.0001049041748047,
					"bytes":	2229920,
					"bits_per_second":	17837488.772959683,
					"retransmits":	0,
					"snd_cwnd":	143352,
					"rtt":	82073,
					"rttvar":	505,
					"pmtu":	1500,
					"omitted":	false
				}],
			"sum":	{
				"start":	0,
				"end":	1.0001049041748047,
				"seconds":	1.0001049041748047,
				"bytes":	2229920,
				"bits_per_second":	17837488.772959683,
				"retransmits":	0,
				"omitted":	false
			}
		}, {
			"streams":	[{
					"socket":	6,
					"start":	1.0001049041748047,
					"end":	2.0001289844512939,
					"seconds":	1.0000240802764893,
					"bytes":	1889640,
					"bits_per_second":	15116755.984336277,
					"retransmits":	0,
					"snd_cwnd":	225888,
					"rtt":	127653,
					"rttvar":	934,
					"pmtu":	1500,
					"omitted":	false
				}],
			"sum":	{
				"start":	1.0001049041748047,
				"end":	2.0001289844512939,
				"seconds":	1.0000240802764893,
				"bytes":	1889640,
				"bits_per_second":	15116755.984336277,
				"retransmits":	0,
				"omitted":	false
			}
		}, {
			"streams":	[{
					"socket":	6,
					"start":	2.0001289844512939,
					"end":	3.0001440048217773,
					"seconds":	1.0000150203704834,
					"bytes":	2280600,
					"bits_per_second":	18244525.960460778,
					"retransmits":	0,
					"snd_cwnd":	305528,
					"rtt":	176774,
					"rttvar":	589,
					"pmtu":	1500,
					"omitted":	false
				}],
			"sum":	{
				"start":	2.0001289844512939,
				"end":	3.0001440048217773,
				"seconds":	1.0000150203704834,
				"bytes":	2280600,
				"bits_per_second":	18244525.960460778,
				"retransmits":	0,
				"omitted":	false
			}
		}, {
			"streams":	[{
					"socket":	6,
					"start":	3.0001440048217773,
					"end":	4.0004069805145264,
					"seconds":	1.000262975692749,
					"bytes":	1368360,
					"bits_per_second":	10944001.993494313,
					"retransmits":	0,
					"snd_cwnd":	385168,
					"rtt":	219882,
					"rttvar":	2110,
					"pmtu":	1500,
					"omitted":	false
				}],
			"sum":	{
				"start":	3.0001440048217773,
				"end":	4.0004069805145264,
				"seconds":	1.000262975692749,
				"bytes":	1368360,
				"bits_per_second":	10944001.993494313,
				"retransmits":	0,
				"omitted":	false
			}
		}, {
			"streams":	[{
					"socket":	6,
					"start":	4.0004069805145264,
					"end":	5.0002038478851318,
					"seconds":	0.99979686737060547,
					"bytes":	2541240,
					"bits_per_second":	20334050.509146165,
					"retransmits":	0,
					"snd_cwnd":	469152,
					"rtt":	265312,
					"rttvar":	802,
					"pmtu":	1500,
					"omitted":	false
				}],
			"sum":	{
				"start":	4.0004069805145264,
				"end":	5.0002038478851318,
				"seconds":	0.99979686737060547,
				"bytes":	2541240,
				"bits_per_second":	20334050.509146165,
				"retransmits":	0,
				"omitted":	false
			}
		}, {
			"streams":	[{
					"socket":	6,
					"start":	5.0002038478851318,
					"end":	6.0003759860992432,
					"seconds":	1.0001721382141113,
					"bytes":	2085120,
					"bits_per_second":	16678089.063533813,
					"retransmits":	0,
					"snd_cwnd":	569064,
					"rtt":	279358,
					"rttvar":	1855,
					"pmtu":	1500,
					"omitted":	false
				}],
			"sum":	{
				"start":	5.0002038478851318,
				"end":	6.0003759860992432,
				"seconds":	1.0001721382141113,
				"bytes":	2085120,
				"bits_per_second":	16678089.063533813,
				"retransmits":	0,
				"omitted":	false
			}
		}, {
			"streams":	[{
					"socket":	6,
					"start":	6.0003759860992432,
					"end":	7.0000679492950439,
					"seconds":	0.99969196319580078,
					"bytes":	5097520,
					"bits_per_second":	40792725.660847142,
					"retransmits":	0,
					"snd_cwnd":	741376,
					"rtt":	59805,
					"rttvar":	444,
					"pmtu":	1500,
					"omitted":	false
				}],
			"sum":	{
				"start":	6.0003759860992432,
				"end":	7.0000679492950439,
				"seconds":	0.99969196319580078,
				"bytes":	5097520,
				"bits_per_second":	40792725.660847142,
				"retransmits":	0,
				"omitted":	false
			}
		}, {
			"streams":	[{
					"socket":	6,
					"start":	7.0000679492950439,
					"end":	8.0001049041748047,
					"seconds":	1.0000369548797607,
					"bytes":	11796480,
					"bits_per_second":	94368352.628875375,
					"retransmits":	0,
					"snd_cwnd":	1282928,
					"rtt":	111613,
					"rttvar":	387,
					"pmtu":	1500,
					"omitted":	false
				}],
			"sum":	{
				"start":	7.0000679492950439,
				"end":	8.0001049041748047,
				"seconds":	1.0000369548797607,
				"bytes":	11796480,
				"bits_per_second":	94368352.628875375,
				"retransmits":	0,
				"omitted":	false
			}
		}, {
			"streams":	[{
					"socket":	6,
					"start":	8.0001049041748047,
					"end":	8.1043119430542,
					"seconds":	0.10420703887939453,
					"bytes":	2621440,
					"bits_per_second":	201248593.43015859,
					"retransmits":	0,
					"snd_cwnd":	1339400,
					"rtt":	119129,
					"rttvar":	546,
					"pmtu":	1500,
					"omitted":	false
				}],
			"sum":	{
				"start":	8.0001049041748047,
				"end":	8.1043119430542,
				"seconds":	0.10420703887939453,
				"bytes":	2621440,
				"bits_per_second":	201248593.43015859,
				"retransmits":	0,
				"omitted":	false
			}
		}],
	"end":	{
		"streams":	[{
				"sender":	{
					"socket":	6,
					"start":	0,
					"end":	8.1043119430542,
					"seconds":	8.1043119430542,
					"bytes":	31910320,
					"bits_per_second":	31499596.979209311,
					"retransmits":	0,
					"max_snd_cwnd":	1339400,
					"max_rtt":	279358,
					"min_rtt":	59805,
					"mean_rtt":	160177
				},
				"receiver":	{
					"socket":	6,
					"start":	0,
					"end":	8.2569999694824219,
					"seconds":	8.1043119430542,
					"bytes":	26795240,
					"bits_per_second":	25961235.411441691
				}
			}],
		"sum_sent":	{
			"start":	0,
			"end":	8.1043119430542,
			"seconds":	8.1043119430542,
			"bytes":	31910320,
			"bits_per_second":	31499596.979209311,
			"retransmits":	0
		},
		"sum_received":	{
			"start":	0,
			"end":	8.2569999694824219,
			"seconds":	8.2569999694824219,
			"bytes":	26795240,
			"bits_per_second":	25961235.411441691
		},
		"cpu_utilization_percent":	{
			"host_total":	0.56640637991786846,
			"host_user":	0.12004675607082105,
			"host_system":	0.446347529674564,
			"remote_total":	0.72646600240559522,
			"remote_user":	0.073379564319973861,
			"remote_system":	0.65308643808562139
		},
		"sender_tcp_congestion":	"cubic",
		"receiver_tcp_congestion":	"cubic"
	}
}
