{
	"start":	{
		"connected":	[{
				"socket":	6,
				"local_host":	"192.168.2.1",
				"local_port":	54862,
				"remote_host":	"192.168.22.1",
				"remote_port":	5009
			}],
		"version":	"iperf 3.6",
		"system_info":	"Linux ba-thesis 4.19.0-23-amd64 #1 SMP Debian 4.19.269-1 (2022-12-20) x86_64",
		"timestamp":	{
			"time":	"Sun, 11 Jun 2023 04:22:22 GMT",
			"timesecs":	1686457342
		},
		"connecting_to":	{
			"host":	"h7",
			"port":	5009
		},
		"cookie":	"qwm4mpaqshhn272666hqrspwl5xk45lp2ewr",
		"tcp_mss_default":	1448,
		"sock_bufsize":	0,
		"sndbuf_actual":	87380,
		"rcvbuf_actual":	87380,
		"test_start":	{
			"protocol":	"TCP",
			"num_streams":	1,
			"blksize":	131072,
			"omit":	0,
			"duration":	0,
			"bytes":	265591514,
			"blocks":	0,
			"reverse":	0,
			"tos":	0
		}
	},
	"intervals":	[{
			"streams":	[{
					"socket":	6,
					"start":	0,
					"end":	1.0000689029693604,
					"seconds":	1.0000689029693604,
					"bytes":	18763648,
					"bits_per_second":	150098841.74410629,
					"retransmits":	0,
					"snd_cwnd":	2017064,
					"rtt":	160187,
					"rttvar":	580,
					"pmtu":	1500,
					"omitted":	false
				}],
			"sum":	{
				"start":	0,
				"end":	1.0000689029693604,
				"seconds":	1.0000689029693604,
				"bytes":	18763648,
				"bits_per_second":	150098841.74410629,
				"retransmits":	0,
				"omitted":	false
			}
		}, {
			"streams":	[{
					"socket":	6,
					"start":	1.0000689029693604,
					"end":	2.0000529289245605,
					"seconds":	0.9999840259552002,
					"bytes":	14417920,
					"bits_per_second":	115345202.52943265,
					"retransmits":	0,
					"snd_cwnd":	2612192,
					"rtt":	207650,
					"rttvar":	474,
					"pmtu":	1500,
					"omitted":	false
				}],
			"sum":	{
				"start":	1.0000689029693604,
				"end":	2.0000529289245605,
				"seconds":	0.9999840259552002,
				"bytes":	14417920,
				"bits_per_second":	115345202.52943265,
				"retransmits":	0,
				"omitted":	false
			}
		}, {
			"streams":	[{
					"socket":	6,
					"start":	2.0000529289245605,
					"end":	3.00008487701416,
					"seconds":	1.0000319480895996,
					"bytes":	11796480,
					"bits_per_second":	94368825.0963204,
					"retransmits":	0,
					"snd_cwnd":	3172568,
					"rtt":	267382,
					"rttvar":	892,
					"pmtu":	1500,
					"omitted":	false
				}],
			"sum":	{
				"start":	2.0000529289245605,
				"end":	3.00008487701416,
				"seconds":	1.0000319480895996,
				"bytes":	11796480,
				"bits_per_second":	94368825.0963204,
				"retransmits":	0,
				"omitted":	false
			}
		}, {
			"streams":	[{
					"socket":	6,
					"start":	3.00008487701416,
					"end":	4.0000748634338379,
					"seconds":	0.99998998641967773,
					"bytes":	10485760,
					"bits_per_second":	83886920.0084115,
					"retransmits":	0,
					"snd_cwnd":	3738736,
					"rtt":	309884,
					"rttvar":	789,
					"pmtu":	1500,
					"omitted":	false
				}],
			"sum":	{
				"start":	3.00008487701416,
				"end":	4.0000748634338379,
				"seconds":	0.99998998641967773,
				"bytes":	10485760,
				"bits_per_second":	83886920.0084115,
				"retransmits":	0,
				"omitted":	false
			}
		}, {
			"streams":	[{
					"socket":	6,
					"start":	4.0000748634338379,
					"end":	5.0000870227813721,
					"seconds":	1.0000121593475342,
					"bytes":	11796480,
					"bits_per_second":	94370692.513952687,
					"retransmits":	0,
					"snd_cwnd":	4307800,
					"rtt":	363313,
					"rttvar":	188,
					"pmtu":	1500,
					"omitted":	false
				}],
			"sum":	{
				"start":	4.0000748634338379,
				"end":	5.0000870227813721,
				"seconds":	1.0000121593475342,
				"bytes":	11796480,
				"bits_per_second":	94370692.513952687,
				"retransmits":	0,
				"omitted":	false
			}
		}, {
			"streams":	[{
					"socket":	6,
					"start":	5.0000870227813721,
					"end":	6.0000669956207275,
					"seconds":	0.99997997283935547,
					"bytes":	11796480,
					"bits_per_second":	94373730.0378521,
					"retransmits":	0,
					"snd_cwnd":	4868176,
					"rtt":	425969,
					"rttvar":	416,
					"pmtu":	1500,
					"omitted":	false
				}],
			"sum":	{
				"start":	5.0000870227813721,
				"end":	6.0000669956207275,
				"seconds":	0.99997997283935547,
				"bytes":	11796480,
				"bits_per_second":	94373730.0378521,
				"retransmits":	0,
				"omitted":	false
			}
		}, {
			"streams":	[{
					"socket":	6,
					"start":	6.0000669956207275,
					"end":	7.0000898838043213,
					"seconds":	1.0000228881835938,
					"bytes":	13107200,
					"bits_per_second":	104855200.05493039,
					"retransmits":	0,
					"snd_cwnd":	5573352,
					"rtt":	450849,
					"rttvar":	707,
					"pmtu":	1500,
					"omitted":	false
				}],
			"sum":	{
				"start":	6.0000669956207275,
				"end":	7.0000898838043213,
				"seconds":	1.0000228881835938,
				"bytes":	13107200,
				"bits_per_second":	104855200.05493039,
				"retransmits":	0,
				"omitted":	false
			}
		}, {
			"streams":	[{
					"socket":	6,
					"start":	7.0000898838043213,
					"end":	8.0001130104064941,
					"seconds":	1.0000231266021729,
					"bytes":	10485760,
					"bits_per_second":	83884140.044864565,
					"retransmits":	0,
					"snd_cwnd":	6109112,
					"rtt":	559226,
					"rttvar":	717,
					"pmtu":	1500,
					"omitted":	false
				}],
			"sum":	{
				"start":	7.0000898838043213,
				"end":	8.0001130104064941,
				"seconds":	1.0000231266021729,
				"bytes":	10485760,
				"bits_per_second":	83884140.044864565,
				"retransmits":	0,
				"omitted":	false
			}
		}, {
			"streams":	[{
					"socket":	6,
					"start":	8.0001130104064941,
					"end":	9.00003695487976,
					"seconds":	0.9999239444732666,
					"bytes":	11796480,
					"bits_per_second":	94379018.045930058,
					"retransmits":	0,
					"snd_cwnd":	6646320,
					"rtt":	580160,
					"rttvar":	871,
					"pmtu":	1500,
					"omitted":	false
				}],
			"sum":	{
				"start":	8.0001130104064941,
				"end":	9.00003695487976,
				"seconds":	0.9999239444732666,
				"bytes":	11796480,
				"bits_per_second":	94379018.045930058,
				"retransmits":	0,
				"omitted":	false
			}
		}, {
			"streams":	[{
					"socket":	6,
					"start":	9.00003695487976,
					"end":	10.000056982040405,
					"seconds":	1.0000200271606445,
					"bytes":	10485760,
					"bits_per_second":	83884400.033644959,
					"retransmits":	0,
					"snd_cwnd":	7196560,
					"rtt":	623073,
					"rttvar":	244,
					"pmtu":	1500,
					"omitted":	false
				}],
			"sum":	{
				"start":	9.00003695487976,
				"end":	10.000056982040405,
				"seconds":	1.0000200271606445,
				"bytes":	10485760,
				"bits_per_second":	83884400.033644959,
				"retransmits":	0,
				"omitted":	false
			}
		}, {
			"streams":	[{
					"socket":	6,
					"start":	10.000056982040405,
					"end":	11.0000638961792,
					"seconds":	1.0000069141387939,
					"bytes":	10485760,
					"bits_per_second":	83885500.004010171,
					"retransmits":	0,
					"snd_cwnd":	7754040,
					"rtt":	658573,
					"rttvar":	220,
					"pmtu":	1500,
					"omitted":	false
				}],
			"sum":	{
				"start":	10.000056982040405,
				"end":	11.0000638961792,
				"seconds":	1.0000069141387939,
				"bytes":	10485760,
				"bits_per_second":	83885500.004010171,
				"retransmits":	0,
				"omitted":	false
			}
		}, {
			"streams":	[{
					"socket":	6,
					"start":	11.0000638961792,
					"end":	12.000050067901611,
					"seconds":	0.99998617172241211,
					"bytes":	11796480,
					"bits_per_second":	94373145.018046156,
					"retransmits":	0,
					"snd_cwnd":	8317312,
					"rtt":	701825,
					"rttvar":	326,
					"pmtu":	1500,
					"omitted":	false
				}],
			"sum":	{
				"start":	11.0000638961792,
				"end":	12.000050067901611,
				"seconds":	0.99998617172241211,
				"bytes":	11796480,
				"bits_per_second":	94373145.018046156,
				"retransmits":	0,
				"omitted":	false
			}
		}, {
			"streams":	[{
					"socket":	6,
					"start":	12.000050067901611,
					"end":	13.000053882598877,
					"seconds":	1.0000038146972656,
					"bytes":	11796480,
					"bits_per_second":	94371480.001373291,
					"retransmits":	0,
					"snd_cwnd":	8808184,
					"rtt":	738980,
					"rttvar":	164,
					"pmtu":	1500,
					"omitted":	false
				}],