{
	"start":	{
		"connected":	[{
				"socket":	6,
				"local_host":	"192.168.15.2",
				"local_port":	47214,
				"remote_host":	"192.168.15.1",
				"remote_port":	5008
			}],
		"version":	"iperf 3.6",
		"system_info":	"Linux ba-thesis 4.19.0-23-amd64 #1 SMP Debian 4.19.269-1 (2022-12-20) x86_64",
		"timestamp":	{
			"time":	"Sun, 11 Jun 2023 07:28:09 GMT",
			"timesecs":	1686468489
		},
		"connecting_to":	{
			"host":	"h4",
			"port":	5008
		},
		"cookie":	"w2o5jhrpkn5rpysofbdflyudrqnzkszecj4u",
		"tcp_mss_default":	1448,
		"sock_bufsize":	0,
		"sndbuf_actual":	87380,
		"rcvbuf_actual":	87380,
		"test_start":	{
			"protocol":	"TCP",
			"num_streams":	1,
			"blksize":	131072,
			"omit":	0,
			"duration":	0,
			"bytes":	66387538,
			"blocks":	0,
			"reverse":	0,
			"tos":	0
		}
	},
	"intervals":	[{
			"streams":	[{
					"socket":	6,
					"start":	0,
					"end":	1.0000901222229004,
					"seconds":	1.0000901222229004,
					"bytes":	13169840,
					"bits_per_second":	105349225.69359966,
					"retransmits":	0,
					"snd_cwnd":	712416,
					"rtt":	65851,
					"rttvar":	270,
					"pmtu":	1500,
					"omitted":	false
				}],
			"sum":	{
				"start":	0,
				"end":	1.0000901222229004,
				"seconds":	1.0000901222229004,
				"bytes":	13169840,
				"bits_per_second":	105349225.69359966,
				"retransmits":	0,
				"omitted":	false
			}
		}, {
			"streams":	[{
					"socket":	6,
					"start":	1.0000901222229004,
					"end":	2.0001330375671387,
					"seconds":	1.0000429153442383,
					"bytes":	11796480,
					"bits_per_second":	94367790.173799679,
					"retransmits":	0,
					"snd_cwnd":	1219216,
					"rtt":	113538,
					"rttvar":	292,
					"pmtu":	1500,
					"omitted":	false
				}],
			"sum":	{
				"start":	1.0000901222229004,
				"end":	2.0001330375671387,
				"seconds":	1.0000429153442383,
				"bytes":	11796480,
				"bits_per_second":	94367790.173799679,
				"retransmits":	0,
				"omitted":	false
			}
		}, {
			"streams":	[{
					"socket":	6,
					"start":	2.0001330375671387,
					"end":	3.0001111030578613,
					"seconds":	0.99997806549072266,
					"bytes":	11796480,
					"bits_per_second":	94373910.045405433,
					"retransmits":	0,
					"snd_cwnd":	1724568,
					"rtt":	161359,
					"rttvar":	569,
					"pmtu":	1500,
					"omitted":	false
				}],
			"sum":	{
				"start":	2.0001330375671387,
				"end":	3.0001111030578613,
				"seconds":	0.99997806549072266,
				"bytes":	11796480,
				"bits_per_second":	94373910.045405433,
				"retransmits":	0,
				"omitted":	false
			}
		}, {
			"streams":	[{
					"socket":	6,
					"start":	3.0001111030578613,
					"end":	4.0000691413879395,
					"seconds":	0.99995803833007812,
					"bytes":	13107200,
					"bits_per_second":	104862000.1846391,
					"retransmits":	0,
					"snd_cwnd":	2231368,
					"rtt":	208978,
					"rttvar":	336,
					"pmtu":	1500,
					"omitted":	false
				}],
			"sum":	{
				"start":	3.0001111030578613,
				"end":	4.0000691413879395,
				"seconds":	0.99995803833007812,
				"bytes":	13107200,
				"bits_per_second":	104862000.1846391,
				"retransmits":	0,
				"omitted":	false
			}
		}, {
			"streams":	[{
					"socket":	6,
					"start":	4.0000691413879395,
					"end":	5.0000791549682617,
					"seconds":	1.0000100135803223,
					"bytes":	11796480,
					"bits_per_second":	94370895.009462744,
					"retransmits":	0,
					"snd_cwnd":	2742512,
					"rtt":	249975,
					"rttvar":	420,
					"pmtu":	1500,
					"omitted":	false
				}],
			"sum":	{
				"start":	4.0000691413879395,
				"end":	5.0000791549682617,
				"seconds":	1.0000100135803223,
				"bytes":	11796480,
				"bits_per_second":	94370895.009462744,
				"retransmits":	0,
				"omitted":	false
			}
		}, {
			"streams":	[{
					"socket":	6,
					"start":	5.0000791549682617,
					"end":	5.3658900260925293,
					"seconds":	0.36581087112426758,
					"bytes":	5242880,
					"bits_per_second":	114657718.81271337,
					"retransmits":	0,
					"snd_cwnd":	2961160,
					"rtt":	235186,
					"rttvar":	667,
					"pmtu":	1500,
					"omitted":	false
				}],
			"sum":	{
				"start":	5.0000791549682617,
				"end":	5.3658900260925293,
				"seconds":	0.36581087112426758,
				"bytes":	5242880,
				"bits_per_second":	114657718.81271337,
				"retransmits":	0,
				"omitted":	false
			}
		}],
	"end":	{
		"streams":	[{
				"sender":	{
					"socket":	6,
					"start":	0,
					"end":	5.3658900260925293,
					"seconds":	5.3658900260925293,
					"bytes":	66909360,
					"bits_per_second":	99755096.991764128,
					"retransmits":	0,
					"max_snd_cwnd":	2961160,
					"max_rtt":	249975,
					"min_rtt":	65851,
					"mean_rtt":	172481
				},
				"receiver":	{
					"socket":	6,
					"start":	0,
					"end":	5.6553249359130859,
					"seconds":	5.3658900260925293,
					"bytes":	57825880,
					"bits_per_second":	81800258.2066152
				}
			}],
		"sum_sent":	{
			"start":	0,
			"end":	5.3658900260925293,
			"seconds":	5.3658900260925293,
			"bytes":	66909360,
			"bits_per_second":	99755096.991764128,
			"retransmits":	0
		},
		"sum_received":	{
			"start":	0,
			"end":	5.6553249359130859,
			"seconds":	5.6553249359130859,
			"bytes":	57825880,
			"bits_per_second":	81800258.2066152
		},
		"cpu_utilization_percent":	{
			"host_total":	0.94208338623906818,
			"host_user":	0.11992371372571808,
			"host_system":	0.8221414553306482,
			"remote_total":	1.0579493189383973,
			"remote_user":	0.149317306134512,
			"remote_system":	0.90863201280388517
		},
		"sender_tcp_congestion":	"cubic",
		"receiver_tcp_congestion":	"cubic"
	}
}
