{
	"start":	{
		"connected":	[{
				"socket":	6,
				"local_host":	"192.168.9.2",
				"local_port":	50060,
				"remote_host":	"192.168.9.1",
				"remote_port":	5003
			}],
		"version":	"iperf 3.6",
		"system_info":	"Linux ba-thesis 4.19.0-23-amd64 #1 SMP Debian 4.19.269-1 (2022-12-20) x86_64",
		"timestamp":	{
			"time":	"Sun, 11 Jun 2023 22:15:51 GMT",
			"timesecs":	1686521751
		},
		"connecting_to":	{
			"host":	"h9",
			"port":	5003
		},
		"cookie":	"enyqn7roycavgu2xk7w6ejq2neurip53jjrh",
		"tcp_mss_default":	1448,
		"sock_bufsize":	0,
		"sndbuf_actual":	87380,
		"rcvbuf_actual":	87380,
		"test_start":	{
			"protocol":	"TCP",
			"num_streams":	1,
			"blksize":	131072,
			"omit":	0,
			"duration":	0,
			"bytes":	105035283,
			"blocks":	0,
			"reverse":	0,
			"tos":	0
		}
	},
	"intervals":	[{
			"streams":	[{
					"socket":	6,
					"start":	0,
					"end":	1.000075101852417,
					"seconds":	1.000075101852417,
					"bytes":	15401768,
					"bits_per_second":	123204891.08445272,
					"retransmits":	0,
					"snd_cwnd":	809432,
					"rtt":	63785,
					"rttvar":	611,
					"pmtu":	1500,
					"omitted":	false
				}],
			"sum":	{
				"start":	0,
				"end":	1.000075101852417,
				"seconds":	1.000075101852417,
				"bytes":	15401768,
				"bits_per_second":	123204891.08445272,
				"retransmits":	0,
				"omitted":	false
			}
		}, {
			"streams":	[{
					"socket":	6,
					"start":	1.000075101852417,
					"end":	2.0000789165496826,
					"seconds":	1.0000038146972656,
					"bytes":	14417920,
					"bits_per_second":	115342920.00167847,
					"retransmits":	0,
					"snd_cwnd":	1406008,
					"rtt":	111564,
					"rttvar":	687,
					"pmtu":	1500,
					"omitted":	false
				}],
			"sum":	{
				"start":	1.000075101852417,
				"end":	2.0000789165496826,
				"seconds":	1.0000038146972656,
				"bytes":	14417920,
				"bits_per_second":	115342920.00167847,
				"retransmits":	0,
				"omitted":	false
			}
		}, {
			"streams":	[{
					"socket":	6,
					"start":	2.0000789165496826,
					"end":	3.0000660419464111,
					"seconds":	0.99998712539672852,
					"bytes":	14417920,
					"bits_per_second":	115344845.01911904,
					"retransmits":	0,
					"snd_cwnd":	2004032,
					"rtt":	158859,
					"rttvar":	494,
					"pmtu":	1500,
					"omitted":	false
				}],
			"sum":	{
				"start":	2.0000789165496826,
				"end":	3.0000660419464111,
				"seconds":	0.99998712539672852,
				"bytes":	14417920,
				"bits_per_second":	115344845.01911904,
				"retransmits":	0,
				"omitted":	false
			}
		}, {
			"streams":	[{
					"socket":	6,
					"start":	3.0000660419464111,
					"end":	4.000108003616333,
					"seconds":	1.0000419616699219,
					"bytes":	13107200,
					"bits_per_second":	104853200.1846236,
					"retransmits":	0,
					"snd_cwnd":	2602056,
					"rtt":	206562,
					"rttvar":	621,
					"pmtu":	1500,
					"omitted":	false
				}],
			"sum":	{
				"start":	3.0000660419464111,
				"end":	4.000108003616333,
				"seconds":	1.0000419616699219,
				"bytes":	13107200,
				"bits_per_second":	104853200.1846236,
				"retransmits":	0,
				"omitted":	false
			}
		}, {
			"streams":	[{
					"socket":	6,
					"start":	4.000108003616333,
					"end":	5.0001039505004883,
					"seconds":	0.99999594688415527,
					"bytes":	13107200,
					"bits_per_second":	104858025.00172257,
					"retransmits":	0,
					"snd_cwnd":	3200080,
					"rtt":	254052,
					"rttvar":	494,
					"pmtu":	1500,
					"omitted":	false
				}],
			"sum":	{
				"start":	4.000108003616333,
				"end":	5.0001039505004883,
				"seconds":	0.99999594688415527,
				"bytes":	13107200,
				"bits_per_second":	104858025.00172257,
				"retransmits":	0,
				"omitted":	false
			}
		}, {
			"streams":	[{
					"socket":	6,
					"start":	5.0001039505004883,
					"end":	6.0001020431518555,
					"seconds":	0.99999809265136719,
					"bytes":	11796480,
					"bits_per_second":	94372020.000343323,
					"retransmits":	0,
					"snd_cwnd":	3798104,
					"rtt":	301743,
					"rttvar":	494,
					"pmtu":	1500,
					"omitted":	false
				}],
			"sum":	{
				"start":	5.0001039505004883,
				"end":	6.0001020431518555,
				"seconds":	0.99999809265136719,
				"bytes":	11796480,
				"bits_per_second":	94372020.000343323,
				"retransmits":	0,
				"omitted":	false
			}
		}, {
			"streams":	[{
					"socket":	6,
					"start":	6.0001020431518555,
					"end":	7.000108003616333,
					"seconds":	1.0000059604644775,
					"bytes":	11796480,
					"bits_per_second":	94371277.503352746,
					"retransmits":	0,
					"snd_cwnd":	4394680,
					"rtt":	349342,
					"rttvar":	505,
					"pmtu":	1500,
					"omitted":	false
				}],
			"sum":	{
				"start":	6.0001020431518555,
				"end":	7.000108003616333,
				"seconds":	1.0000059604644775,
				"bytes":	11796480,
				"bits_per_second":	94371277.503352746,
				"retransmits":	0,
				"omitted":	false
			}
		}, {
			"streams":	[{
					"socket":	6,
					"start":	7.000108003616333,
					"end":	7.9156630039215088,
					"seconds":	0.91555500030517578,
					"bytes":	11796480,
					"bits_per_second":	103076101.34677182,
					"retransmits":	0,
					"snd_cwnd":	4937680,
					"rtt":	399959,
					"rttvar":	553,
					"pmtu":	1500,
					"omitted":	false
				}],
			"sum":	{
				"start":	7.000108003616333,
				"end":	7.9156630039215088,
				"seconds":	0.91555500030517578,
				"bytes":	11796480,
				"bits_per_second":	103076101.34677182,
				"retransmits":	0,
				"omitted":	false
			}
		}],
	"end":	{
		"streams":	[{
				"sender":	{
					"socket":	6,
					"start":	0,
					"end":	7.9156630039215088,
					"seconds":	7.9156630039215088,
					"bytes":	105841448,
					"bits_per_second":	106969129.88596402,
					"retransmits":	0,
					"max_snd_cwnd":	4937680,
					"max_rtt":	399959,
					"min_rtt":	63785,
					"mean_rtt":	230733
				},
				"receiver":	{
					"socket":	6,
					"start":	0,
					"end":	8.3617639541625977,
					"seconds":	7.9156630039215088,
					"bytes":	98888264,
					"bits_per_second":	94609955.06889151
				}
			}],
		"sum_sent":	{
			"start":	0,
			"end":	7.9156630039215088,
			"seconds":	7.9156630039215088,
			"bytes":	105841448,
			"bits_per_second":	106969129.88596402,
			"retransmits":	0
		},
		"sum_received":	{
			"start":	0,
			"end":	8.3617639541625977,
			"seconds":	8.3617639541625977,
			"bytes":	98888264,
			"bits_per_second":	94609955.06889151
		},
		"cpu_utilization_percent":	{
			"host_total":	0.7455546370063294,
			"host_user":	0.022287290386603646,
			"host_system":	0.72324247241170492,
			"remote_total":	1.3582763631959436,
			"remote_user":	0.19704291609350258,
			"remote_system":	1.1612334471024408
		},
		"sender_tcp_congestion":	"cubic",
		"receiver_tcp_congestion":	"cubic"
	}
}
