{
	"start":	{
		"connected":	[{
				"socket":	6,
				"local_host":	"192.168.11.1",
				"local_port":	48060,
				"remote_host":	"192.168.11.2",
				"remote_port":	5006
			}],
		"version":	"iperf 3.6",
		"system_info":	"Linux ba-thesis 4.19.0-23-amd64 #1 SMP Debian 4.19.269-1 (2022-12-20) x86_64",
		"timestamp":	{
			"time":	"Sat, 10 Jun 2023 23:15:34 GMT",
			"timesecs":	1686438934
		},
		"connecting_to":	{
			"host":	"h4",
			"port":	5006
		},
		"cookie":	"xu63swtmzyytxgxockw5nddf3s3l4kbs57x6",
		"tcp_mss_default":	1448,
		"sock_bufsize":	0,
		"sndbuf_actual":	87380,
		"rcvbuf_actual":	87380,
		"test_start":	{
			"protocol":	"TCP",
			"num_streams":	1,
			"blksize":	131072,
			"omit":	0,
			"duration":	0,
			"bytes":	23296771,
			"blocks":	0,
			"reverse":	0,
			"tos":	0
		}
	},
	"intervals":	[{
			"streams":	[{
					"socket":	6,
					"start":	0,
					"end":	1.0000898838043213,
					"seconds":	1.0000898838043213,
					"bytes":	15284480,
					"bits_per_second":	122264850.37011395,
					"retransmits":	0,
					"snd_cwnd":	797848,
					"rtt":	62866,
					"rttvar":	577,
					"pmtu":	1500,
					"omitted":	false
				}],
			"sum":	{
				"start":	0,
				"end":	1.0000898838043213,
				"seconds":	1.0000898838043213,
				"bytes":	15284480,
				"bits_per_second":	122264850.37011395,
				"retransmits":	0,
				"omitted":	false
			}
		}, {
			"streams":	[{
					"socket":	6,
					"start":	1.0000898838043213,
					"end":	1.6029229164123535,
					"seconds":	0.60283303260803223,
					"bytes":	9175040,
					"bits_per_second":	121758954.85097876,
					"retransmits":	0,
					"snd_cwnd":	1158400,
					"rtt":	91420,
					"rttvar":	224,
					"pmtu":	1500,
					"omitted":	false
				}],
			"sum":	{
				"start":	1.0000898838043213,
				"end":	1.6029229164123535,
				"seconds":	0.60283303260803223,
				"bytes":	9175040,
				"bits_per_second":	121758954.85097876,
				"retransmits":	0,
				"omitted":	false
			}
		}],
	"end":	{
		"streams":	[{
				"sender":	{
					"socket":	6,
					"start":	0,
					"end":	1.6029229164123535,
					"seconds":	1.6029229164123535,
					"bytes":	24459520,
					"bits_per_second":	122074591.35836706,
					"retransmits":	0,
					"max_snd_cwnd":	1158400,
					"max_rtt":	91420,
					"min_rtt":	62866,
					"mean_rtt":	77143
				},
				"receiver":	{
					"socket":	6,
					"start":	0,
					"end":	1.7363989353179932,
					"seconds":	1.6029229164123535,
					"bytes":	19837600,
					"bits_per_second":	91396508.4705241
				}
			}],
		"sum_sent":	{
			"start":	0,
			"end":	1.6029229164123535,
			"seconds":	1.6029229164123535,
			"bytes":	24459520,
			"bits_per_second":	122074591.35836706,
			"retransmits":	0
		},
		"sum_received":	{
			"start":	0,
			"end":	1.7363989353179932,
			"seconds":	1.7363989353179932,
			"bytes":	19837600,
			"bits_per_second":	91396508.4705241
		},
		"cpu_utilization_percent":	{
			"host_total":	2.6496390778183434,
			"host_user":	0.7786583331788951,
			"host_system":	1.8709228302970775,
			"remote_total":	0.37416629181266142,
			"remote_user":	0,
			"remote_system":	0.37416629181266142
		},
		"sender_tcp_congestion":	"cubic",
		"receiver_tcp_congestion":	"cubic"
	}
}
