{
	"start":	{
		"connected":	[{
				"socket":	6,
				"local_host":	"192.168.13.2",
				"local_port":	44084,
				"remote_host":	"192.168.19.1",
				"remote_port":	5006
			}],
		"version":	"iperf 3.6",
		"system_info":	"Linux ba-thesis 4.19.0-23-amd64 #1 SMP Debian 4.19.269-1 (2022-12-20) x86_64",
		"timestamp":	{
			"time":	"Sun, 11 Jun 2023 13:31:37 GMT",
			"timesecs":	1686490297
		},
		"connecting_to":	{
			"host":	"h0",
			"port":	5006
		},
		"cookie":	"npgomgtkconnjmvfwt56ye67shbaqjx3lbmq",
		"tcp_mss_default":	1448,
		"sock_bufsize":	0,
		"sndbuf_actual":	87380,
		"rcvbuf_actual":	87380,
		"test_start":	{
			"protocol":	"TCP",
			"num_streams":	1,
			"blksize":	131072,
			"omit":	0,
			"duration":	0,
			"bytes":	51445822,
			"blocks":	0,
			"reverse":	0,
			"tos":	0
		}
	},
	"intervals":	[{
			"streams":	[{
					"socket":	6,
					"start":	0,
					"end":	1.0001249313354492,
					"seconds":	1.0001249313354492,
					"bytes":	16950192,
					"bits_per_second":	135584597.23520106,
					"retransmits":	0,
					"snd_cwnd":	1381392,
					"rtt":	109124,
					"rttvar":	430,
					"pmtu":	1500,
					"omitted":	false
				}],
			"sum":	{
				"start":	0,
				"end":	1.0001249313354492,
				"seconds":	1.0001249313354492,
				"bytes":	16950192,
				"bits_per_second":	135584597.23520106,
				"retransmits":	0,
				"omitted":	false
			}
		}, {
			"streams":	[{
					"socket":	6,
					"start":	1.0001249313354492,
					"end":	2.0000648498535156,
					"seconds":	0.99993991851806641,
					"bytes":	14417920,
					"bits_per_second":	115350290.41638969,
					"retransmits":	0,
					"snd_cwnd":	1979416,
					"rtt":	156969,
					"rttvar":	263,
					"pmtu":	1500,
					"omitted":	false
				}],
			"sum":	{
				"start":	1.0001249313354492,
				"end":	2.0000648498535156,
				"seconds":	0.99993991851806641,
				"bytes":	14417920,
				"bits_per_second":	115350290.41638969,
				"retransmits":	0,
				"omitted":	false
			}
		}, {
			"streams":	[{
					"socket":	6,
					"start":	2.0000648498535156,
					"end":	3.0000648498535156,
					"seconds":	1,
					"bytes":	13107200,
					"bits_per_second":	104857600,
					"retransmits":	0,
					"snd_cwnd":	2565856,
					"rtt":	203608,
					"rttvar":	628,
					"pmtu":	1500,
					"omitted":	false
				}],
			"sum":	{
				"start":	2.0000648498535156,
				"end":	3.0000648498535156,
				"seconds":	1,
				"bytes":	13107200,
				"bits_per_second":	104857600,
				"retransmits":	0,
				"omitted":	false
			}
		}, {
			"streams":	[{
					"socket":	6,
					"start":	3.0000648498535156,
					"end":	3.5371549129486084,
					"seconds":	0.53709006309509277,
					"bytes":	7864320,
					"bits_per_second":	117139683.49636151,
					"retransmits":	0,
					"snd_cwnd":	2868488,
					"rtt":	227733,
					"rttvar":	191,
					"pmtu":	1500,
					"omitted":	false
				}],
			"sum":	{
				"start":	3.0000648498535156,
				"end":	3.5371549129486084,
				"seconds":	0.53709006309509277,
				"bytes":	7864320,
				"bits_per_second":	117139683.49636151,
				"retransmits":	0,
				"omitted":	false
			}
		}],
	"end":	{
		"streams":	[{
				"sender":	{
					"socket":	6,
					"start":	0,
					"end":	3.5371549129486084,
					"seconds":	3.5371549129486084,
					"bytes":	52339632,
					"bits_per_second":	118376793.29994433,
					"retransmits":	0,
					"max_snd_cwnd":	2868488,
					"max_rtt":	227733,
					"min_rtt":	109124,
					"mean_rtt":	174358
				},
				"receiver":	{
					"socket":	6,
					"start":	0,
					"end":	3.7997758388519287,
					"seconds":	3.5371549129486084,
					"bytes":	43161984,
					"bits_per_second":	90872695.296764746
				}
			}],
		"sum_sent":	{
			"start":	0,
			"end":	3.5371549129486084,
			"seconds":	3.5371549129486084,
			"bytes":	52339632,
			"bits_per_second":	118376793.29994433,
			"retransmits":	0
		},
		"sum_received":	{
			"start":	0,
			"end":	3.7997758388519287,
			"seconds":	3.7997758388519287,
			"bytes":	43161984,
			"bits_per_second":	90872695.296764746
		},
		"cpu_utilization_percent":	{
			"host_total":	1.1373978677335652,
			"host_user":	0,
			"host_system":	1.1374248823849615,
			"remote_total":	1.1448947198473878,
			"remote_user":	0.085904914250107822,
			"remote_system":	1.0589645987562439
		},
		"sender_tcp_congestion":	"cubic",
		"receiver_tcp_congestion":	"cubic"
	}
}
