{
	"start":	{
		"connected":	[{
				"socket":	6,
				"local_host":	"192.168.23.2",
				"local_port":	60720,
				"remote_host":	"192.168.23.1",
				"remote_port":	5006
			}],
		"version":	"iperf 3.6",
		"system_info":	"Linux ba-thesis 4.19.0-23-amd64 #1 SMP Debian 4.19.269-1 (2022-12-20) x86_64",
		"timestamp":	{
			"time":	"Mon, 05 Jun 2023 09:55:26 GMT",
			"timesecs":	1685958926
		},
		"connecting_to":	{
			"host":	"h17",
			"port":	5006
		},
		"cookie":	"krammeecz45l5cgdjmz6giinivghvscfc7pg",
		"tcp_mss_default":	1448,
		"sock_bufsize":	0,
		"sndbuf_actual":	87380,
		"rcvbuf_actual":	87380,
		"test_start":	{
			"protocol":	"TCP",
			"num_streams":	1,
			"blksize":	131072,
			"omit":	0,
			"duration":	0,
			"bytes":	6741829,
			"blocks":	0,
			"reverse":	0,
			"tos":	0
		}
	},
	"intervals":	[{
			"streams":	[{
					"socket":	6,
					"start":	0,
					"end":	0.528709888458252,
					"seconds":	0.528709888458252,
					"bytes":	7587520,
					"bits_per_second":	114808066.43697381,
					"retransmits":	0,
					"snd_cwnd":	459016,
					"rtt":	51004,
					"rttvar":	904,
					"pmtu":	1500,
					"omitted":	false
				}],
			"sum":	{
				"start":	0,
				"end":	0.528709888458252,
				"seconds":	0.528709888458252,
				"bytes":	7587520,
				"bits_per_second":	114808066.43697381,
				"retransmits":	0,
				"omitted":	false
			}
		}],
	"end":	{
		"streams":	[{
				"sender":	{
					"socket":	6,
					"start":	0,
					"end":	0.528709888458252,
					"seconds":	0.528709888458252,
					"bytes":	7587520,
					"bits_per_second":	114808066.43697381,
					"retransmits":	0,
					"max_snd_cwnd":	459016,
					"max_rtt":	51004,
					"min_rtt":	51004,
					"mean_rtt":	51004
				},
				"receiver":	{
					"socket":	6,
					"start":	0,
					"end":	0.60893511772155762,
					"seconds":	0.528709888458252,
					"bytes":	5327192,
					"bits_per_second":	69986990.008822814
				}
			}],
		"sum_sent":	{
			"start":	0,
			"end":	0.528709888458252,
			"seconds":	0.528709888458252,
			"bytes":	7587520,
			"bits_per_second":	114808066.43697381,
			"retransmits":	0
		},
		"sum_received":	{
			"start":	0,
			"end":	0.60893511772155762,
			"seconds":	0.60893511772155762,
			"bytes":	5327192,
			"bits_per_second":	69986990.008822814
		},
		"cpu_utilization_percent":	{
			"host_total":	6.0591957592191052,
			"host_user":	1.0139604578309944,
			"host_system":	5.0469137912355366,
			"remote_total":	1.2881926552879788,
			"remote_user":	0,
			"remote_system":	1.2881926552879788
		},
		"sender_tcp_congestion":	"cubic",
		"receiver_tcp_congestion":	"cubic"
	}
}
