{
	"start":	{
		"connected":	[{
				"socket":	6,
				"local_host":	"192.168.32.1",
				"local_port":	49328,
				"remote_host":	"192.168.44.1",
				"remote_port":	5013
			}],
		"version":	"iperf 3.6",
		"system_info":	"Linux ba-thesis 4.19.0-23-amd64 #1 SMP Debian 4.19.269-1 (2022-12-20) x86_64",
		"timestamp":	{
			"time":	"Mon, 05 Jun 2023 20:32:37 GMT",
			"timesecs":	1685997157
		},
		"connecting_to":	{
			"host":	"h4",
			"port":	5013
		},
		"cookie":	"77ful2ij3pfjmrxzg3kqmbvigbztkep3kvif",
		"tcp_mss_default":	1448,
		"sock_bufsize":	0,
		"sndbuf_actual":	87380,
		"rcvbuf_actual":	87380,
		"test_start":	{
			"protocol":	"TCP",
			"num_streams":	1,
			"blksize":	131072,
			"omit":	0,
			"duration":	0,
			"bytes":	121354897,
			"blocks":	0,
			"reverse":	0,
			"tos":	0
		}
	},
	"intervals":	[{
			"streams":	[{
					"socket":	6,
					"start":	0,
					"end":	1.0000259876251221,
					"seconds":	1.0000259876251221,
					"bytes":	16107176,
					"bits_per_second":	128854059.38900915,
					"retransmits":	0,
					"snd_cwnd":	1330712,
					"rtt":	105319,
					"rttvar":	483,
					"pmtu":	1500,
					"omitted":	false
				}],
			"sum":	{
				"start":	0,
				"end":	1.0000259876251221,
				"seconds":	1.0000259876251221,
				"bytes":	16107176,
				"bits_per_second":	128854059.38900915,
				"retransmits":	0,
				"omitted":	false
			}
		}, {
			"streams":	[{
					"socket":	6,
					"start":	1.0000259876251221,
					"end":	2.0000560283660889,
					"seconds":	1.0000300407409668,
					"bytes":	14417920,
					"bits_per_second":	115339895.10408804,
					"retransmits":	0,
					"snd_cwnd":	1928736,
					"rtt":	153093,
					"rttvar":	292,
					"pmtu":	1500,
					"omitted":	false
				}],
			"sum":	{
				"start":	1.0000259876251221,
				"end":	2.0000560283660889,
				"seconds":	1.0000300407409668,
				"bytes":	14417920,
				"bits_per_second":	115339895.10408804,
				"retransmits":	0,
				"omitted":	false
			}
		}, {
			"streams":	[{
					"socket":	6,
					"start":	2.0000560283660889,
					"end":	3.000032901763916,
					"seconds":	0.99997687339782715,
					"bytes":	13107200,
					"bits_per_second":	104860025.05608331,
					"retransmits":	0,
					"snd_cwnd":	2512280,
					"rtt":	199139,
					"rttvar":	417,
					"pmtu":	1500,
					"omitted":	false
				}],
			"sum":	{
				"start":	2.0000560283660889,
				"end":	3.000032901763916,
				"seconds":	0.99997687339782715,
				"bytes":	13107200,
				"bits_per_second":	104860025.05608331,
				"retransmits":	0,
				"omitted":	false
			}
		}, {
			"streams":	[{
					"socket":	6,
					"start":	3.000032901763916,
					"end":	4.0000410079956055,
					"seconds":	1.0000081062316895,
					"bytes":	13107200,
					"bits_per_second":	104856750.00689024,
					"retransmits":	0,
					"snd_cwnd":	3108856,
					"rtt":	246784,
					"rttvar":	544,
					"pmtu":	1500,
					"omitted":	false
				}],
			"sum":	{
				"start":	3.000032901763916,
				"end":	4.0000410079956055,
				"seconds":	1.0000081062316895,
				"bytes":	13107200,
				"bits_per_second":	104856750.00689024,
				"retransmits":	0,
				"omitted":	false
			}
		}, {
			"streams":	[{
					"socket":	6,
					"start":	4.0000410079956055,
					"end":	5.0000519752502441,
					"seconds":	1.0000109672546387,
					"bytes":	11796480,
					"bits_per_second":	94370805.011350989,
					"retransmits":	0,
					"snd_cwnd":	3706880,
					"rtt":	294412,
					"rttvar":	295,
					"pmtu":	1500,
					"omitted":	false
				}],
			"sum":	{
				"start":	4.0000410079956055,
				"end":	5.0000519752502441,
				"seconds":	1.0000109672546387,
				"bytes":	11796480,
				"bits_per_second":	94370805.011350989,
				"retransmits":	0,
				"omitted":	false
			}
		}, {
			"streams":	[{
					"socket":	6,
					"start":	5.0000519752502441,
					"end":	6.0000789165496826,
					"seconds":	1.0000269412994385,
					"bytes":	11796480,
					"bits_per_second":	94369297.5684964,
					"retransmits":	0,
					"snd_cwnd":	4304904,
					"rtt":	342007,
					"rttvar":	327,
					"pmtu":	1500,
					"omitted":	false
				}],
			"sum":	{
				"start":	5.0000519752502441,
				"end":	6.0000789165496826,
				"seconds":	1.0000269412994385,
				"bytes":	11796480,
				"bits_per_second":	94369297.5684964,
				"retransmits":	0,
				"omitted":	false
			}
		}, {
			"streams":	[{
					"socket":	6,
					"start":	6.0000789165496826,
					"end":	7.0001258850097656,
					"seconds":	1.000046968460083,
					"bytes":	11796480,
					"bits_per_second":	94367407.708177924,
					"retransmits":	0,
					"snd_cwnd":	4901480,
					"rtt":	389749,
					"rttvar":	398,
					"pmtu":	1500,
					"omitted":	false
				}],
			"sum":	{
				"start":	6.0000789165496826,
				"end":	7.0001258850097656,
				"seconds":	1.000046968460083,
				"bytes":	11796480,
				"bits_per_second":	94367407.708177924,
				"retransmits":	0,
				"omitted":	false
			}
		}, {
			"streams":	[{
					"socket":	6,
					"start":	7.0001258850097656,
					"end":	8.0000650882720947,
					"seconds":	0.9999392032623291,
					"bytes":	13107200,
					"bits_per_second":	104863975.38760276,
					"retransmits":	0,
					"snd_cwnd":	5499504,
					"rtt":	437416,
					"rttvar":	425,
					"pmtu":	1500,
					"omitted":	false
				}],
			"sum":	{
				"start":	7.0001258850097656,
				"end":	8.0000650882720947,
				"seconds":	0.9999392032623291,
				"bytes":	13107200,
				"bits_per_second":	104863975.38760276,
				"retransmits":	0,
				"omitted":	false
			}
		}, {
			"streams":	[{
					"socket":	6,
					"start":	8.0000650882720947,
					"end":	9.0000679492950439,
					"seconds":	1.0000028610229492,
					"bytes":	11796480,
					"bits_per_second":	94371570.000772476,
					"retransmits":	0,
					"snd_cwnd":	6097528,
					"rtt":	484924,
					"rttvar":	352,
					"pmtu":	1500,
					"omitted":	false
				}],
			"sum":	{
				"start":	8.0000650882720947,
				"end":	9.0000679492950439,
				"seconds":	1.0000028610229492,
				"bytes":	11796480,
				"bits_per_second":	94371570.000772476,
				"retransmits":	0,
				"omitted":	false
			}
		}, {
			"streams":	[{
					"socket":	6,
					"start":	9.0000679492950439,
					"end":	9.42733907699585,
					"seconds":	0.42727112770080566,
					"bytes":	5242880,
					"bits_per_second":	98164929.20010826,
					"retransmits":	0,
					"snd_cwnd":	6353824,
					"rtt":	505468,
					"rttvar":	433,
					"pmtu":	1500,
					"omitted":	false
				}],
			"sum":	{
				"start":	9.0000679492950439,
				"end":	9.42733907699585,
				"seconds":	0.42727112770080566,
				"bytes":	5242880,
				"bits_per_second":	98164929.20010826,
				"retransmits":	0,
				"omitted":	false
			}
		}],
	"end":	{
		"streams":	[{
				"sender":	{
					"socket":	6,
					"start":	0,
					"end":	9.42733907699585,
					"seconds":	9.42733907699585,
					"bytes":	122275496,
					"bits_per_second":	103762467.86189832,
					"retransmits":	0,
					"max_snd_cwnd":	6353824,
					"max_rtt":	505468,
					"min_rtt":	105319,
					"mean_rtt":	315831
				},
				"receiver":	{
					"socket":	6,
					"start":	0,
					"end":	9.9739038944244385,
					"seconds":	9.42733907699585,
					"bytes":	116842016,
					"bits_per_second":	93718180.75393042
				}
			}],
		"sum_sent":	{
			"start":	0,
			"end":	9.42733907699585,
			"seconds":	9.42733907699585,
			"bytes":	122275496,
			"bits_per_second":	103762467.86189832,
			"retransmits":	0
		},
		"sum_received":	{
			"start":	0,
			"end":	9.9739038944244385,
			"seconds":	9.9739038944244385,
			"bytes":	116842016,
			"bits_per_second":	93718180.75393042
		},
		"cpu_utilization_percent":	{
			"host_total":	0.68413145037112766,
			"host_user":	0.047767266834407289,
			"host_system":	0.63634342869560179,
			"remote_total":	0.32438196230771227,
			"remote_user":	0.013291093948216723,
			"remote_system":	0.31109086835949551
		},
		"sender_tcp_congestion":	"cubic",
		"receiver_tcp_congestion":	"cubic"
	}
}
