{
	"start":	{
		"connected":	[{
				"socket":	6,
				"local_host":	"192.168.12.1",
				"local_port":	38536,
				"remote_host":	"192.168.39.1",
				"remote_port":	5008
			}],
		"version":	"iperf 3.6",
		"system_info":	"Linux ba-thesis 4.19.0-23-amd64 #1 SMP Debian 4.19.269-1 (2022-12-20) x86_64",
		"timestamp":	{
			"time":	"Sun, 04 Jun 2023 20:06:50 GMT",
			"timesecs":	1685909210
		},
		"connecting_to":	{
			"host":	"h9",
			"port":	5008
		},
		"cookie":	"4e2x43rigsnmgzcfhtdsbcnhqm5y3wu2b6o7",
		"tcp_mss_default":	1448,
		"sock_bufsize":	0,
		"sndbuf_actual":	87380,
		"rcvbuf_actual":	87380,
		"test_start":	{
			"protocol":	"TCP",
			"num_streams":	1,
			"blksize":	131072,
			"omit":	0,
			"duration":	0,
			"bytes":	93642948,
			"blocks":	0,
			"reverse":	0,
			"tos":	0
		}
	},
	"intervals":	[{
			"streams":	[{
					"socket":	6,
					"start":	0,
					"end":	1.0000920295715332,
					"seconds":	1.0000920295715332,
					"bytes":	10568064,
					"bits_per_second":	84536732.1207641,
					"retransmits":	0,
					"snd_cwnd":	771784,
					"rtt":	84890,
					"rttvar":	4313,
					"pmtu":	1500,
					"omitted":	false
				}],
			"sum":	{
				"start":	0,
				"end":	1.0000920295715332,
				"seconds":	1.0000920295715332,
				"bytes":	10568064,
				"bits_per_second":	84536732.1207641,
				"retransmits":	0,
				"omitted":	false
			}
		}, {
			"streams":	[{
					"socket":	6,
					"start":	1.0000920295715332,
					"end":	2.0001199245452881,
					"seconds":	1.0000278949737549,
					"bytes":	10485760,
					"bits_per_second":	83883740.065272421,
					"retransmits":	0,
					"snd_cwnd":	1203288,
					"rtt":	127261,
					"rttvar":	2796,
					"pmtu":	1500,
					"omitted":	false
				}],
			"sum":	{
				"start":	1.0000920295715332,
				"end":	2.0001199245452881,
				"seconds":	1.0000278949737549,
				"bytes":	10485760,
				"bits_per_second":	83883740.065272421,
				"retransmits":	0,
				"omitted":	false
			}
		}, {
			"streams":	[{
					"socket":	6,
					"start":	2.0001199245452881,
					"end":	3.0000619888305664,
					"seconds":	0.99994206428527832,
					"bytes":	10485760,
					"bits_per_second":	83890940.28158389,
					"retransmits":	0,
					"snd_cwnd":	1655064,
					"rtt":	164630,
					"rttvar":	3724,
					"pmtu":	1500,
					"omitted":	false
				}],
			"sum":	{
				"start":	2.0001199245452881,
				"end":	3.0000619888305664,
				"seconds":	0.99994206428527832,
				"bytes":	10485760,
				"bits_per_second":	83890940.28158389,
				"retransmits":	0,
				"omitted":	false
			}
		}, {
			"streams":	[{
					"socket":	6,
					"start":	3.0000619888305664,
					"end":	4.00009298324585,
					"seconds":	1.0000309944152832,
					"bytes":	10485760,
					"bits_per_second":	83883480.080582976,
					"retransmits":	0,
					"snd_cwnd":	2073536,
					"rtt":	235922,
					"rttvar":	1620,
					"pmtu":	1500,
					"omitted":	false
				}],
			"sum":	{
				"start":	3.0000619888305664,
				"end":	4.00009298324585,
				"seconds":	1.0000309944152832,
				"bytes":	10485760,
				"bits_per_second":	83883480.080582976,
				"retransmits":	0,
				"omitted":	false
			}
		}, {
			"streams":	[{
					"socket":	6,
					"start":	4.00009298324585,
					"end":	5.000046968460083,
					"seconds":	0.9999539852142334,
					"bytes":	10485760,
					"bits_per_second":	83889940.177625254,
					"retransmits":	0,
					"snd_cwnd":	2522416,
					"rtt":	241514,
					"rttvar":	1037,
					"pmtu":	1500,
					"omitted":	false
				}],
			"sum":	{
				"start":	4.00009298324585,
				"end":	5.000046968460083,
				"seconds":	0.9999539852142334,
				"bytes":	10485760,
				"bits_per_second":	83889940.177625254,
				"retransmits":	0,
				"omitted":	false
			}
		}, {
			"streams":	[{
					"socket":	6,
					"start":	5.000046968460083,
					"end":	6.0000870227813721,
					"seconds":	1.0000400543212891,
					"bytes":	10485760,
					"bits_per_second":	83882720.134577125,
					"retransmits":	0,
					"snd_cwnd":	3023424,
					"rtt":	272940,
					"rttvar":	1352,
					"pmtu":	1500,
					"omitted":	false
				}],
			"sum":	{
				"start":	5.000046968460083,
				"end":	6.0000870227813721,
				"seconds":	1.0000400543212891,
				"bytes":	10485760,
				"bits_per_second":	83882720.134577125,
				"retransmits":	0,
				"omitted":	false
			}
		}, {
			"streams":	[{
					"socket":	6,
					"start":	6.0000870227813721,
					"end":	7.0000588893890381,
					"seconds":	0.999971866607666,
					"bytes":	10485760,
					"bits_per_second":	83888440.066396669,
					"retransmits":	0,
					"snd_cwnd":	3514296,
					"rtt":	341855,
					"rttvar":	1243,
					"pmtu":	1500,
					"omitted":	false
				}],
			"sum":	{
				"start":	6.0000870227813721,
				"end":	7.0000588893890381,
				"seconds":	0.999971866607666,
				"bytes":	10485760,
				"bits_per_second":	83888440.066396669,
				"retransmits":	0,
				"omitted":	false
			}
		}, {
			"streams":	[{
					"socket":	6,
					"start":	7.0000588893890381,
					"end":	8.0001609325408936,
					"seconds":	1.0001020431518555,
					"bytes":	7864320,
					"bits_per_second":	62908140.655050188,
					"retransmits":	0,
					"snd_cwnd":	3925528,
					"rtt":	446001,
					"rttvar":	2481,
					"pmtu":	1500,
					"omitted":	false
				}],
			"sum":	{
				"start":	7.0000588893890381,
				"end":	8.0001609325408936,
				"seconds":	1.0001020431518555,
				"bytes":	7864320,
				"bits_per_second":	62908140.655050188,
				"retransmits":	0,
				"omitted":	false
			}
		}, {
			"streams":	[{
					"socket":	6,
					"start":	8.0001609325408936,
					"end":	9.00021505355835,
					"seconds":	1.0000541210174561,
					"bytes":	5242880,
					"bits_per_second":	41940770.122848064,
					"retransmits":	83,
					"snd_cwnd":	2903240,
					"rtt":	447944,
					"rttvar":	1514,
					"pmtu":	1500,
					"omitted":	false
				}],
			"sum":	{
				"start":	8.0001609325408936,
				"end":	9.00021505355835,
				"seconds":	1.0000541210174561,
				"bytes":	5242880,
				"bits_per_second":	41940770.122848064,
				"retransmits":	83,
				"omitted":	false
			}
		}, {
			"streams":	[{
					"socket":	6,
					"start":	9.00021505355835,
					"end":	9.4385919570922852,
					"seconds":	0.43837690353393555,
					"bytes":	7864320,
					"bits_per_second":	143517050.03803805,
					"retransmits":	7,
					"snd_cwnd":	2450016,
					"rtt":	360098,
					"rttvar":	881,
					"pmtu":	1500,
					"omitted":	false
				}],
			"sum":	{
				"start":	9.00021505355835,
				"end":	9.4385919570922852,
				"seconds":	0.43837690353393555,
				"bytes":	7864320,
				"bits_per_second":	143517050.03803805,
				"retransmits":	7,
				"omitted":	false
			}
		}],
	"end":	{
		"streams":	[{
				"sender":	{
					"socket":	6,
					"start":	0,
					"end":	9.4385919570922852,
					"seconds":	9.4385919570922852,
					"bytes":	94454144,
					"bits_per_second":	80057825.937925741,
					"retransmits":	90,
					"max_snd_cwnd":	3925528,
					"max_rtt":	447944,
					"min_rtt":	84890,
					"mean_rtt":	272305
				},
				"receiver":	{
					"socket":	6,
					"start":	0,
					"end":	9.7502248287200928,
					"seconds":	9.4385919570922852,
					"bytes":	85151088,
					"bits_per_second":	69865948.320847273
				}
			}],
		"sum_sent":	{
			"start":	0,
			"end":	9.4385919570922852,
			"seconds":	9.4385919570922852,
			"bytes":	94454144,
			"bits_per_second":	80057825.937925741,
			"retransmits":	90
		},
		"sum_received":	{
			"start":	0,
			"end":	9.7502248287200928,
			"seconds":	9.7502248287200928,
			"bytes":	85151088,
			"bits_per_second":	69865948.320847273
		},
		"cpu_utilization_percent":	{
			"host_total":	0.46703909311778657,
			"host_user":	0.092933107109700208,
			"host_system":	0.374085165327654,
			"remote_total":	1.3213922730426502,
			"remote_user":	0.11412321961528492,
			"remote_system":	1.2072488956565244
		},
		"sender_tcp_congestion":	"cubic",
		"receiver_tcp_congestion":	"cubic"
	}
}
