{
	"start":	{
		"connected":	[{
				"socket":	6,
				"local_host":	"192.168.2.1",
				"local_port":	49730,
				"remote_host":	"192.168.25.1",
				"remote_port":	5000
			}],
		"version":	"iperf 3.6",
		"system_info":	"Linux ba-thesis 4.19.0-23-amd64 #1 SMP Debian 4.19.269-1 (2022-12-20) x86_64",
		"timestamp":	{
			"time":	"Sun, 11 Jun 2023 19:02:00 GMT",
			"timesecs":	1686510120
		},
		"connecting_to":	{
			"host":	"h6",
			"port":	5000
		},
		"cookie":	"lpzn3wdiears5j32u6qinrg62ztcg6ifczt6",
		"tcp_mss_default":	1448,
		"sock_bufsize":	0,
		"sndbuf_actual":	87380,
		"rcvbuf_actual":	87380,
		"test_start":	{
			"protocol":	"TCP",
			"num_streams":	1,
			"blksize":	131072,
			"omit":	0,
			"duration":	0,
			"bytes":	16430380,
			"blocks":	0,
			"reverse":	0,
			"tos":	0
		}
	},
	"intervals":	[{
			"streams":	[{
					"socket":	6,
					"start":	0,
					"end":	1.0000619888305664,
					"seconds":	1.0000619888305664,
					"bytes":	16107176,
					"bits_per_second":	128849420.775087,
					"retransmits":	0,
					"snd_cwnd":	1317680,
					"rtt":	109567,
					"rttvar":	662,
					"pmtu":	1500,
					"omitted":	false
				}],
			"sum":	{
				"start":	0,
				"end":	1.0000619888305664,
				"seconds":	1.0000619888305664,
				"bytes":	16107176,
				"bits_per_second":	128849420.775087,
				"retransmits":	0,
				"omitted":	false
			}
		}, {
			"streams":	[{
					"socket":	6,
					"start":	1.0000619888305664,
					"end":	1.092972993850708,
					"seconds":	0.0929110050201416,
					"bytes":	1310720,
					"bits_per_second":	112858105.42816599,
					"retransmits":	0,
					"snd_cwnd":	1371256,
					"rtt":	113984,
					"rttvar":	715,
					"pmtu":	1500,
					"omitted":	false
				}],
			"sum":	{
				"start":	1.0000619888305664,
				"end":	1.092972993850708,
				"seconds":	0.0929110050201416,
				"bytes":	1310720,
				"bits_per_second":	112858105.42816599,
				"retransmits":	0,
				"omitted":	false
			}
		}],
	"end":	{
		"streams":	[{
				"sender":	{
					"socket":	6,
					"start":	0,
					"end":	1.092972993850708,
					"seconds":	1.092972993850708,
					"bytes":	17417896,
					"bits_per_second":	127490037.52514789,
					"retransmits":	0,
					"max_snd_cwnd":	1371256,
					"max_rtt":	113984,
					"min_rtt":	109567,
					"mean_rtt":	111775
				},
				"receiver":	{
					"socket":	6,
					"start":	0,
					"end":	1.1864089965820312,
					"seconds":	1.092972993850708,
					"bytes":	12221120,
					"bits_per_second":	82407466.802482232
				}
			}],
		"sum_sent":	{
			"start":	0,
			"end":	1.092972993850708,
			"seconds":	1.092972993850708,
			"bytes":	17417896,
			"bits_per_second":	127490037.52514789,
			"retransmits":	0
		},
		"sum_received":	{
			"start":	0,
			"end":	1.1864089965820312,
			"seconds":	1.1864089965820312,
			"bytes":	12221120,
			"bits_per_second":	82407466.802482232
		},
		"cpu_utilization_percent":	{
			"host_total":	3.4703573163865769,
			"host_user":	0.30518043204972967,
			"host_system":	3.1651768843368475,
			"remote_total":	0.91060200393924562,
			"remote_user":	0.35960807724066929,
			"remote_system":	0.55085094137959389
		},
		"sender_tcp_congestion":	"cubic",
		"receiver_tcp_congestion":	"cubic"
	}
}
