{
	"start":	{
		"connected":	[{
				"socket":	6,
				"local_host":	"192.168.19.2",
				"local_port":	52524,
				"remote_host":	"192.168.19.1",
				"remote_port":	5008
			}],
		"version":	"iperf 3.6",
		"system_info":	"Linux ba-thesis 4.19.0-23-amd64 #1 SMP Debian 4.19.269-1 (2022-12-20) x86_64",
		"timestamp":	{
			"time":	"Sun, 11 Jun 2023 11:38:45 GMT",
			"timesecs":	1686483525
		},
		"connecting_to":	{
			"host":	"h7",
			"port":	5008
		},
		"cookie":	"pwj63ihdnym6dxafy3yhw7kj53q3lvmnfufo",
		"tcp_mss_default":	1448,
		"sock_bufsize":	0,
		"sndbuf_actual":	87380,
		"rcvbuf_actual":	87380,
		"test_start":	{
			"protocol":	"TCP",
			"num_streams":	1,
			"blksize":	131072,
			"omit":	0,
			"duration":	0,
			"bytes":	110352130,
			"blocks":	0,
			"reverse":	0,
			"tos":	0
		}
	},
	"intervals":	[{
			"streams":	[{
					"socket":	6,
					"start":	0,
					"end":	1.0000941753387451,
					"seconds":	1.0000941753387451,
					"bytes":	15284480,
					"bits_per_second":	122264325.71570928,
					"retransmits":	0,
					"snd_cwnd":	797848,
					"rtt":	62879,
					"rttvar":	562,
					"pmtu":	1500,
					"omitted":	false
				}],
			"sum":	{
				"start":	0,
				"end":	1.0000941753387451,
				"seconds":	1.0000941753387451,
				"bytes":	15284480,
				"bits_per_second":	122264325.71570928,
				"retransmits":	0,
				"omitted":	false
			}
		}, {
			"streams":	[{
					"socket":	6,
					"start":	1.0000941753387451,
					"end":	2.0001070499420166,
					"seconds":	1.0000128746032715,
					"bytes":	14417920,
					"bits_per_second":	115341875.01911853,
					"retransmits":	0,
					"snd_cwnd":	1395872,
					"rtt":	110551,
					"rttvar":	514,
					"pmtu":	1500,
					"omitted":	false
				}],
			"sum":	{
				"start":	1.0000941753387451,
				"end":	2.0001070499420166,
				"seconds":	1.0000128746032715,
				"bytes":	14417920,
				"bits_per_second":	115341875.01911853,
				"retransmits":	0,
				"omitted":	false
			}
		}, {
			"streams":	[{
					"socket":	6,
					"start":	2.0001070499420166,
					"end":	3.0000979900360107,
					"seconds":	0.99999094009399414,
					"bytes":	14417920,
					"bits_per_second":	115344405.00946769,
					"retransmits":	0,
					"snd_cwnd":	1993896,
					"rtt":	158096,
					"rttvar":	528,
					"pmtu":	1500,
					"omitted":	false
				}],
			"sum":	{
				"start":	2.0001070499420166,
				"end":	3.0000979900360107,
				"seconds":	0.99999094009399414,
				"bytes":	14417920,
				"bits_per_second":	115344405.00946769,
				"retransmits":	0,
				"omitted":	false
			}
		}, {
			"streams":	[{
					"socket":	6,
					"start":	3.0000979900360107,
					"end":	4.0001029968261719,
					"seconds":	1.0000050067901611,
					"bytes":	14417920,
					"bits_per_second":	115342782.50289141,
					"retransmits":	0,
					"snd_cwnd":	2591920,
					"rtt":	205721,
					"rttvar":	396,
					"pmtu":	1500,
					"omitted":	false
				}],
			"sum":	{
				"start":	3.0000979900360107,
				"end":	4.0001029968261719,
				"seconds":	1.0000050067901611,
				"bytes":	14417920,
				"bits_per_second":	115342782.50289141,
				"retransmits":	0,
				"omitted":	false
			}
		}, {
			"streams":	[{
					"socket":	6,
					"start":	4.0001029968261719,
					"end":	5.0001389980316162,
					"seconds":	1.0000360012054443,
					"bytes":	11796480,
					"bits_per_second":	94368442.622309685,
					"retransmits":	0,
					"snd_cwnd":	3188496,
					"rtt":	253016,
					"rttvar":	253,
					"pmtu":	1500,
					"omitted":	false
				}],
			"sum":	{
				"start":	4.0001029968261719,
				"end":	5.0001389980316162,
				"seconds":	1.0000360012054443,
				"bytes":	11796480,
				"bits_per_second":	94368442.622309685,
				"retransmits":	0,
				"omitted":	false
			}
		}, {
			"streams":	[{
					"socket":	6,
					"start":	5.0001389980316162,
					"end":	6.000150203704834,
					"seconds":	1.0000112056732178,
					"bytes":	11796480,
					"bits_per_second":	94370782.511849865,
					"retransmits":	0,
					"snd_cwnd":	3786520,
					"rtt":	301054,
					"rttvar":	683,
					"pmtu":	1500,
					"omitted":	false
				}],
			"sum":	{
				"start":	5.0001389980316162,
				"end":	6.000150203704834,
				"seconds":	1.0000112056732178,
				"bytes":	11796480,
				"bits_per_second":	94370782.511849865,
				"retransmits":	0,
				"omitted":	false
			}
		}, {
			"streams":	[{
					"socket":	6,
					"start":	6.000150203704834,
					"end":	7.0001580715179443,
					"seconds":	1.0000078678131104,
					"bytes":	11796480,
					"bits_per_second":	94371097.5058418,
					"retransmits":	0,
					"snd_cwnd":	4381648,
					"rtt":	353569,
					"rttvar":	669,
					"pmtu":	1500,
					"omitted":	false
				}],
			"sum":	{
				"start":	6.000150203704834,
				"end":	7.0001580715179443,
				"seconds":	1.0000078678131104,
				"bytes":	11796480,
				"bits_per_second":	94371097.5058418,
				"retransmits":	0,
				"omitted":	false
			}
		}, {
			"streams":	[{
					"socket":	6,
					"start":	7.0001580715179443,
					"end":	8.0001740455627441,
					"seconds":	1.0000159740447998,
					"bytes":	11796480,
					"bits_per_second":	94370332.524080485,
					"retransmits":	0,
					"snd_cwnd":	4979672,
					"rtt":	395849,
					"rttvar":	641,
					"pmtu":	1500,
					"omitted":	false
				}],
			"sum":	{
				"start":	7.0001580715179443,
				"end":	8.0001740455627441,
				"seconds":	1.0000159740447998,
				"bytes":	11796480,
				"bits_per_second":	94370332.524080485,
				"retransmits":	0,
				"omitted":	false
			}
		}, {
			"streams":	[{
					"socket":	6,
					"start":	8.0001740455627441,
					"end":	8.33373212814331,
					"seconds":	0.33355808258056641,
					"bytes":	5242880,
					"bits_per_second":	125744337.16463529,
					"retransmits":	0,
					"snd_cwnd":	5179496,
					"rtt":	411746,
					"rttvar":	322,
					"pmtu":	1500,
					"omitted":	false
				}],
			"sum":	{
				"start":	8.0001740455627441,
				"end":	8.33373212814331,
				"seconds":	0.33355808258056641,
				"bytes":	5242880,
				"bits_per_second":	125744337.16463529,
				"retransmits":	0,
				"omitted":	false
			}
		}],
	"end":	{
		"streams":	[{
				"sender":	{
					"socket":	6,
					"start":	0,
					"end":	8.33373212814331,
					"seconds":	8.33373212814331,
					"bytes":	110967040,
					"bits_per_second":	106523260.68917944,
					"retransmits":	0,
					"max_snd_cwnd":	5179496,
					"max_rtt":	411746,
					"min_rtt":	62879,
					"mean_rtt":	250275
				},
				"receiver":	{
					"socket":	6,
					"start":	0,
					"end":	8.7972869873046875,
					"seconds":	8.33373212814331,
					"bytes":	104270480,
					"bits_per_second":	94820578.3446393
				}
			}],
		"sum_sent":	{
			"start":	0,
			"end":	8.33373212814331,
			"seconds":	8.33373212814331,
			"bytes":	110967040,
			"bits_per_second":	106523260.68917944,
			"retransmits":	0
		},
		"sum_received":	{
			"start":	0,
			"end":	8.7972869873046875,
			"seconds":	8.7972869873046875,
			"bytes":	104270480,
			"bits_per_second":	94820578.3446393
		},
		"cpu_utilization_percent":	{
			"host_total":	0.65114740328502452,
			"host_user":	0.059426319640292227,
			"host_system":	0.591732907425003,
			"remote_total":	0.52054196884698156,
			"remote_user":	0.041261907499578962,
			"remote_system":	0.47928469960139308
		},
		"sender_tcp_congestion":	"cubic",
		"receiver_tcp_congestion":	"cubic"
	}
}
