{
	"start":	{
		"connected":	[{
				"socket":	6,
				"local_host":	"192.168.18.2",
				"local_port":	46688,
				"remote_host":	"192.168.27.1",
				"remote_port":	5009
			}],
		"version":	"iperf 3.6",
		"system_info":	"Linux ba-thesis 4.19.0-23-amd64 #1 SMP Debian 4.19.269-1 (2022-12-20) x86_64",
		"timestamp":	{
			"time":	"Sun, 11 Jun 2023 12:35:05 GMT",
			"timesecs":	1686486905
		},
		"connecting_to":	{
			"host":	"h7",
			"port":	5009
		},
		"cookie":	"h55sh7taskni477y6bun7dinnt6ixtfysgeq",
		"tcp_mss_default":	1448,
		"sock_bufsize":	0,
		"sndbuf_actual":	87380,
		"rcvbuf_actual":	87380,
		"test_start":	{
			"protocol":	"TCP",
			"num_streams":	1,
			"blksize":	131072,
			"omit":	0,
			"duration":	0,
			"bytes":	265591514,
			"blocks":	0,
			"reverse":	0,
			"tos":	0
		}
	},
	"intervals":	[{
			"streams":	[{
					"socket":	6,
					"start":	0,
					"end":	1.0000839233398438,
					"seconds":	1.0000839233398438,
					"bytes":	16950192,
					"bits_per_second":	135590156.82118964,
					"retransmits":	0,
					"snd_cwnd":	1388632,
					"rtt":	109775,
					"rttvar":	588,
					"pmtu":	1500,
					"omitted":	false
				}],
			"sum":	{
				"start":	0,
				"end":	1.0000839233398438,
				"seconds":	1.0000839233398438,
				"bytes":	16950192,
				"bits_per_second":	135590156.82118964,
				"retransmits":	0,
				"omitted":	false
			}
		}, {
			"streams":	[{
					"socket":	6,
					"start":	1.0000839233398438,
					"end":	2.0000669956207275,
					"seconds":	0.99998307228088379,
					"bytes":	14417920,
					"bits_per_second":	115345312.53305194,
					"retransmits":	0,
					"snd_cwnd":	1986656,
					"rtt":	157436,
					"rttvar":	703,
					"pmtu":	1500,
					"omitted":	false
				}],
			"sum":	{
				"start":	1.0000839233398438,
				"end":	2.0000669956207275,
				"seconds":	0.99998307228088379,
				"bytes":	14417920,
				"bits_per_second":	115345312.53305194,
				"retransmits":	0,
				"omitted":	false
			}
		}, {
			"streams":	[{
					"socket":	6,
					"start":	2.0000669956207275,
					"end":	3.0000607967376709,
					"seconds":	0.99999380111694336,
					"bytes":	13107200,
					"bits_per_second":	104858250.0040293,
					"retransmits":	0,
					"snd_cwnd":	2570200,
					"rtt":	203976,
					"rttvar":	294,
					"pmtu":	1500,
					"omitted":	false
				}],
			"sum":	{
				"start":	2.0000669956207275,
				"end":	3.0000607967376709,
				"seconds":	0.99999380111694336,
				"bytes":	13107200,
				"bits_per_second":	104858250.0040293,
				"retransmits":	0,
				"omitted":	false
			}
		}, {
			"streams":	[{
					"socket":	6,
					"start":	3.0000607967376709,
					"end":	4.0000569820404053,
					"seconds":	0.99999618530273438,
					"bytes":	13107200,
					"bits_per_second":	104858000.00152588,
					"retransmits":	0,
					"snd_cwnd":	3166776,
					"rtt":	251581,
					"rttvar":	454,
					"pmtu":	1500,
					"omitted":	false
				}],
			"sum":	{
				"start":	3.0000607967376709,
				"end":	4.0000569820404053,
				"seconds":	0.99999618530273438,
				"bytes":	13107200,
				"bits_per_second":	104858000.00152588,
				"retransmits":	0,
				"omitted":	false
			}
		}, {
			"streams":	[{
					"socket":	6,
					"start":	4.0000569820404053,
					"end":	5.000126838684082,
					"seconds":	1.0000698566436768,
					"bytes":	11796480,
					"bits_per_second":	94365247.960497752,
					"retransmits":	0,
					"snd_cwnd":	3744528,
					"rtt":	332675,
					"rttvar":	670,
					"pmtu":	1500,
					"omitted":	false
				}],
			"sum":	{
				"start":	4.0000569820404053,
				"end":	5.000126838684082,
				"seconds":	1.0000698566436768,
				"bytes":	11796480,
				"bits_per_second":	94365247.960497752,
				"retransmits":	0,
				"omitted":	false
			}
		}, {
			"streams":	[{
					"socket":	6,
					"start":	5.000126838684082,
					"end":	6.0000817775726318,
					"seconds":	0.9999549388885498,
					"bytes":	11796480,
					"bits_per_second":	94376092.691631,
					"retransmits":	0,
					"snd_cwnd":	4341104,
					"rtt":	345084,
					"rttvar":	489,
					"pmtu":	1500,
					"omitted":	false
				}],
			"sum":	{
				"start":	5.000126838684082,
				"end":	6.0000817775726318,
				"seconds":	0.9999549388885498,
				"bytes":	11796480,
				"bits_per_second":	94376092.691631,
				"retransmits":	0,
				"omitted":	false
			}
		}, {
			"streams":	[{
					"socket":	6,
					"start":	6.0000817775726318,
					"end":	7.0001049041748047,
					"seconds":	1.0000231266021729,
					"bytes":	11796480,
					"bits_per_second":	94369657.550472647,
					"retransmits":	0,
					"snd_cwnd":	4939128,
					"rtt":	392517,
					"rttvar":	270,
					"pmtu":	1500,
					"omitted":	false
				}],
			"sum":	{
				"start":	6.0000817775726318,
				"end":	7.0001049041748047,
				"seconds":	1.0000231266021729,
				"bytes":	11796480,
				"bits_per_second":	94369657.550472647,
				"retransmits":	0,
				"omitted":	false
			}
		}, {
			"streams":	[{
					"socket":	6,
					"start":	7.0001049041748047,
					"end":	8.0001559257507324,
					"seconds":	1.0000510215759277,
					"bytes":	11796480,
					"bits_per_second":	94367025.245656356,
					"retransmits":	0,
					"snd_cwnd":	5537152,
					"rtt":	440266,
					"rttvar":	277,
					"pmtu":	1500,
					"omitted":	false
				}],
			"sum":	{
				"start":	7.0001049041748047,
				"end":	8.0001559257507324,
				"seconds":	1.0000510215759277,
				"bytes":	11796480,
				"bits_per_second":	94367025.245656356,
				"retransmits":	0,
				"omitted":	false
			}
		}, {
			"streams":	[{
					"socket":	6,
					"start":	8.0001559257507324,
					"end":	9.0000360012054443,
					"seconds":	0.99988007545471191,
					"bytes":	11796480,
					"bits_per_second":	94383158.857408822,
					"retransmits":	0,
					"snd_cwnd":	6135176,
					"rtt":	487913,
					"rttvar":	370,
					"pmtu":	1500,
					"omitted":	false
				}],
			"sum":	{
				"start":	8.0001559257507324,
				"end":	9.0000360012054443,
				"seconds":	0.99988007545471191,
				"bytes":	11796480,
				"bits_per_second":	94383158.857408822,
				"retransmits":	0,
				"omitted":	false
			}
		}, {
			"streams":	[{
					"socket":	6,
					"start":	9.0000360012054443,
					"end":	10.000037908554077,
					"seconds":	1.0000019073486328,
					"bytes":	11796480,
					"bits_per_second":	94371660.000343323,
					"retransmits":	0,
					"snd_cwnd":	6733200,
					"rtt":	535603,
					"rttvar":	487,
					"pmtu":	1500,
					"omitted":	false
				}],
			"sum":	{
				"start":	9.0000360012054443,
				"end":	10.000037908554077,
				"seconds":	1.0000019073486328,
				"bytes":	11796480,
				"bits_per_second":	94371660.000343323,
				"retransmits":	0,
				"omitted":	false
			}
		}, {
			"streams":	[{
					"socket":	6,
					"start":	10.000037908554077,
					"end":	11.000121831893921,
					"seconds":	1.0000839233398438,
					"bytes":	11796480,
					"bits_per_second":	94363920.664617077,
					"retransmits":	0,
					"snd_cwnd":	7312400,
					"rtt":	589953,
					"rttvar":	264,
					"pmtu":	1500,
					"omitted":	false
				}],
			"sum":	{
				"start":	10.000037908554077,
				"end":	11.000121831893921,
				"seconds":	1.0000839233398438,
				"bytes":	11796480,
				"bits_per_second":	94363920.664617077,
				"retransmits":	0,
				"omitted":	false
			}
		}, {
			"streams":	[{
					"socket":	6,
					"start":	11.000121831893921,
					"end":	12.000123977661133,
					"seconds":	1.0000021457672119,
					"bytes":	11796480,
					"bits_per_second":	94371637.500434518,
					"retransmits":	0,
					"snd_cwnd":	7910424,
					"rtt":	629321,
					"rttvar":	512,
					"pmtu":	1500,
					"omitted":	false
				}],
			"sum":	{
				"start":	11.000121831893921,
				"end":	12.000123977661133,
				"seconds":	1.0000021457672119,
				"bytes":	11796480,
				"bits_per_second":	94371637.500434518,
				"retransmits":	0,
				"omitted":	false
			}
		}, {
			"streams":	[{
					"socket":	6,
					"start":	12.000123977661133,
					"end":	13.000127792358398,
					"seconds":	1.0000038146972656,
					"bytes":	11796480,
					"bits_per_second":	94371480.001373291,
					"retransmits":	0,
					"snd_cwnd":	8508448,
					"rtt":	677103,
					"rttvar":	665,
					"pmtu":	1500,