{
	"start":	{
		"connected":	[{
				"socket":	6,
				"local_host":	"192.168.1.1",
				"local_port":	42682,
				"remote_host":	"192.168.1.2",
				"remote_port":	5003
			}],
		"version":	"iperf 3.6",
		"system_info":	"Linux ba-thesis 4.19.0-23-amd64 #1 SMP Debian 4.19.269-1 (2022-12-20) x86_64",
		"timestamp":	{
			"time":	"Sun, 11 Jun 2023 00:20:05 GMT",
			"timesecs":	1686442805
		},
		"connecting_to":	{
			"host":	"h0",
			"port":	5003
		},
		"cookie":	"yeiqcyqi5wzshh5zcqfvooajgapqsf5nyz3h",
		"tcp_mss_default":	1448,
		"sock_bufsize":	0,
		"sndbuf_actual":	87380,
		"rcvbuf_actual":	87380,
		"test_start":	{
			"protocol":	"TCP",
			"num_streams":	1,
			"blksize":	131072,
			"omit":	0,
			"duration":	0,
			"bytes":	168927200,
			"blocks":	0,
			"reverse":	0,
			"tos":	0
		}
	},
	"intervals":	[{
			"streams":	[{
					"socket":	6,
					"start":	0,
					"end":	1.0000669956207275,
					"seconds":	1.0000669956207275,
					"bytes":	15385560,
					"bits_per_second":	123076234.43127747,
					"retransmits":	0,
					"snd_cwnd":	779024,
					"rtt":	61327,
					"rttvar":	329,
					"pmtu":	1500,
					"omitted":	false
				}],
			"sum":	{
				"start":	0,
				"end":	1.0000669956207275,
				"seconds":	1.0000669956207275,
				"bytes":	15385560,
				"bits_per_second":	123076234.43127747,
				"retransmits":	0,
				"omitted":	false
			}
		}, {
			"streams":	[{
					"socket":	6,
					"start":	1.0000669956207275,
					"end":	2.0000989437103271,
					"seconds":	1.0000319480895996,
					"bytes":	13107200,
					"bits_per_second":	104854250.10702269,
					"retransmits":	0,
					"snd_cwnd":	1359672,
					"rtt":	107638,
					"rttvar":	417,
					"pmtu":	1500,
					"omitted":	false
				}],
			"sum":	{
				"start":	1.0000669956207275,
				"end":	2.0000989437103271,
				"seconds":	1.0000319480895996,
				"bytes":	13107200,
				"bits_per_second":	104854250.10702269,
				"retransmits":	0,
				"omitted":	false
			}
		}, {
			"streams":	[{
					"socket":	6,
					"start":	2.0000989437103271,
					"end":	3.0000889301300049,
					"seconds":	0.99998998641967773,
					"bytes":	14417920,
					"bits_per_second":	115344515.0115658,
					"retransmits":	0,
					"snd_cwnd":	1956248,
					"rtt":	155320,
					"rttvar":	601,
					"pmtu":	1500,
					"omitted":	false
				}],
			"sum":	{
				"start":	2.0000989437103271,
				"end":	3.0000889301300049,
				"seconds":	0.99998998641967773,
				"bytes":	14417920,
				"bits_per_second":	115344515.0115658,
				"retransmits":	0,
				"omitted":	false
			}
		}, {
			"streams":	[{
					"socket":	6,
					"start":	3.0000889301300049,
					"end":	4.0000720024108887,
					"seconds":	0.99998307228088379,
					"bytes":	14417920,
					"bits_per_second":	115345312.53305194,
					"retransmits":	0,
					"snd_cwnd":	2554272,
					"rtt":	202755,
					"rttvar":	366,
					"pmtu":	1500,
					"omitted":	false
				}],
			"sum":	{
				"start":	3.0000889301300049,
				"end":	4.0000720024108887,
				"seconds":	0.99998307228088379,
				"bytes":	14417920,
				"bits_per_second":	115345312.53305194,
				"retransmits":	0,
				"omitted":	false
			}
		}, {
			"streams":	[{
					"socket":	6,
					"start":	4.0000720024108887,
					"end":	5.0000829696655273,
					"seconds":	1.0000109672546387,
					"bytes":	13107200,
					"bits_per_second":	104856450.01261221,
					"retransmits":	0,
					"snd_cwnd":	3139264,
					"rtt":	249591,
					"rttvar":	449,
					"pmtu":	1500,
					"omitted":	false
				}],
			"sum":	{
				"start":	4.0000720024108887,
				"end":	5.0000829696655273,
				"seconds":	1.0000109672546387,
				"bytes":	13107200,
				"bits_per_second":	104856450.01261221,
				"retransmits":	0,
				"omitted":	false
			}
		}, {
			"streams":	[{
					"socket":	6,
					"start":	5.0000829696655273,
					"end":	6.0000700950622559,
					"seconds":	0.99998712539672852,
					"bytes":	11796480,
					"bits_per_second":	94373055.015642852,
					"retransmits":	0,
					"snd_cwnd":	3735840,
					"rtt":	297499,
					"rttvar":	560,
					"pmtu":	1500,
					"omitted":	false
				}],
			"sum":	{
				"start":	5.0000829696655273,
				"end":	6.0000700950622559,
				"seconds":	0.99998712539672852,
				"bytes":	11796480,
				"bits_per_second":	94373055.015642852,
				"retransmits":	0,
				"omitted":	false
			}
		}, {
			"streams":	[{
					"socket":	6,
					"start":	6.0000700950622559,
					"end":	7.0000300407409668,
					"seconds":	0.99995994567871094,
					"bytes":	10485760,
					"bits_per_second":	83889440.134587914,
					"retransmits":	0,
					"snd_cwnd":	4310696,
					"rtt":	343194,
					"rttvar":	438,
					"pmtu":	1500,
					"omitted":	false
				}],
			"sum":	{
				"start":	6.0000700950622559,
				"end":	7.0000300407409668,
				"seconds":	0.99995994567871094,
				"bytes":	10485760,
				"bits_per_second":	83889440.134587914,
				"retransmits":	0,
				"omitted":	false
			}
		}, {
			"streams":	[{
					"socket":	6,
					"start":	7.0000300407409668,
					"end":	8.00007700920105,
					"seconds":	1.000046968460083,
					"bytes":	13107200,
					"bits_per_second":	104852675.2313088,
					"retransmits":	0,
					"snd_cwnd":	4907272,
					"rtt":	390354,
					"rttvar":	336,
					"pmtu":	1500,
					"omitted":	false
				}],
			"sum":	{
				"start":	7.0000300407409668,
				"end":	8.00007700920105,
				"seconds":	1.000046968460083,
				"bytes":	13107200,
				"bits_per_second":	104852675.2313088,
				"retransmits":	0,
				"omitted":	false
			}
		}, {
			"streams":	[{
					"socket":	6,
					"start":	8.00007700920105,
					"end":	9.0000720024108887,
					"seconds":	0.99999499320983887,
					"bytes":	11796480,
					"bits_per_second":	94372312.502365723,
					"retransmits":	0,
					"snd_cwnd":	5505296,
					"rtt":	438445,
					"rttvar":	589,
					"pmtu":	1500,
					"omitted":	false
				}],
			"sum":	{
				"start":	8.00007700920105,
				"end":	9.0000720024108887,
				"seconds":	0.99999499320983887,
				"bytes":	11796480,
				"bits_per_second":	94372312.502365723,
				"retransmits":	0,
				"omitted":	false
			}
		}, {
			"streams":	[{
					"socket":	6,
					"start":	9.0000720024108887,
					"end":	10.000072002410889,
					"seconds":	1,
					"bytes":	11796480,
					"bits_per_second":	94371840,
					"retransmits":	0,
					"snd_cwnd":	6097528,
					"rtt":	485778,
					"rttvar":	491,
					"pmtu":	1500,
					"omitted":	false
				}],
			"sum":	{
				"start":	9.0000720024108887,
				"end":	10.000072002410889,
				"seconds":	1,
				"bytes":	11796480,
				"bits_per_second":	94371840,
				"retransmits":	0,
				"omitted":	false
			}
		}, {
			"streams":	[{
					"socket":	6,
					"start":	10.000072002410889,
					"end":	11.000065088272095,
					"seconds":	0.999993085861206,
					"bytes":	11796480,
					"bits_per_second":	94372492.5045115,
					"retransmits":	0,
					"snd_cwnd":	6695552,
					"rtt":	533889,
					"rttvar":	591,
					"pmtu":	1500,
					"omitted":	false
				}],
			"sum":	{
				"start":	10.000072002410889,
				"end":	11.000065088272095,
				"seconds":	0.999993085861206,
				"bytes":	11796480,
				"bits_per_second":	94372492.5045115,
				"retransmits":	0,
				"omitted":	false
			}
		}, {
			"streams":	[{
					"socket":	6,
					"start":	11.000065088272095,
					"end":	12.000065088272095,
					"seconds":	1,
					"bytes":	11796480,
					"bits_per_second":	94371840,
					"retransmits":	0,
					"snd_cwnd":	7271856,
					"rtt":	612641,
					"rttvar":	421,
					"pmtu":	1500,
					"omitted":	false
				}],
			"sum":	{
				"start":	11.000065088272095,
				"end":	12.000065088272095,
				"seconds":	1,
				"bytes":	11796480,
				"bits_per_second":	94371840,
				"retransmits":	0,
				"omitted":	false
			}
		}, {
			"streams":	[{
					"socket":	6,
					"start":	12.000065088272095,
					"end":	13.000062942504883,
					"seconds":	0.99999785423278809,
					"bytes":	11796480,
					"bits_per_second":	94372042.500434518,
					"retransmits":	0,
					"snd_cwnd":	7868432,
					"rtt":	627280,
					"rttvar":	224,
					"pmtu":	1500,
					"omitted":	false
				}],
			"sum":	{
				"start":	12.000065088272095,
				"end":	13.000062942504883,