{
	"start":	{
		"connected":	[{
				"socket":	6,
				"local_host":	"192.168.14.2",
				"local_port":	52430,
				"remote_host":	"192.168.19.1",
				"remote_port":	5007
			}],
		"version":	"iperf 3.6",
		"system_info":	"Linux ba-thesis 4.19.0-23-amd64 #1 SMP Debian 4.19.269-1 (2022-12-20) x86_64",
		"timestamp":	{
			"time":	"Mon, 12 Jun 2023 12:04:09 GMT",
			"timesecs":	1686571449
		},
		"connecting_to":	{
			"host":	"h4",
			"port":	5007
		},
		"cookie":	"hqlyqavxcbkclt2q2td4wbpu2mzxxi2f5vgr",
		"tcp_mss_default":	1448,
		"sock_bufsize":	0,
		"sndbuf_actual":	87380,
		"rcvbuf_actual":	87380,
		"test_start":	{
			"protocol":	"TCP",
			"num_streams":	1,
			"blksize":	131072,
			"omit":	0,
			"duration":	0,
			"bytes":	140624896,
			"blocks":	0,
			"reverse":	0,
			"tos":	0
		}
	},
	"intervals":	[{
			"streams":	[{
					"socket":	6,
					"start":	0,
					"end":	1.0000789165496826,
					"seconds":	1.0000789165496826,
					"bytes":	16950192,
					"bits_per_second":	135590835.63908279,
					"retransmits":	0,
					"snd_cwnd":	1390080,
					"rtt":	109830,
					"rttvar":	435,
					"pmtu":	1500,
					"omitted":	false
				}],
			"sum":	{
				"start":	0,
				"end":	1.0000789165496826,
				"seconds":	1.0000789165496826,
				"bytes":	16950192,
				"bits_per_second":	135590835.63908279,
				"retransmits":	0,
				"omitted":	false
			}
		}, {
			"streams":	[{
					"socket":	6,
					"start":	1.0000789165496826,
					"end":	2.0000889301300049,
					"seconds":	1.0000100135803223,
					"bytes":	14417920,
					"bits_per_second":	115342205.01156557,
					"retransmits":	0,
					"snd_cwnd":	1986656,
					"rtt":	157617,
					"rttvar":	674,
					"pmtu":	1500,
					"omitted":	false
				}],
			"sum":	{
				"start":	1.0000789165496826,
				"end":	2.0000889301300049,
				"seconds":	1.0000100135803223,
				"bytes":	14417920,
				"bits_per_second":	115342205.01156557,
				"retransmits":	0,
				"omitted":	false
			}
		}, {
			"streams":	[{
					"socket":	6,
					"start":	2.0000889301300049,
					"end":	3.0000801086425781,
					"seconds":	0.99999117851257324,
					"bytes":	14417920,
					"bits_per_second":	115344377.50897594,
					"retransmits":	0,
					"snd_cwnd":	2580336,
					"rtt":	204652,
					"rttvar":	319,
					"pmtu":	1500,
					"omitted":	false
				}],
			"sum":	{
				"start":	2.0000889301300049,
				"end":	3.0000801086425781,
				"seconds":	0.99999117851257324,
				"bytes":	14417920,
				"bits_per_second":	115344377.50897594,
				"retransmits":	0,
				"omitted":	false
			}
		}, {
			"streams":	[{
					"socket":	6,
					"start":	3.0000801086425781,
					"end":	4.0000550746917725,
					"seconds":	0.99997496604919434,
					"bytes":	11796480,
					"bits_per_second":	94374202.559144184,
					"retransmits":	0,
					"snd_cwnd":	3176912,
					"rtt":	252362,
					"rttvar":	682,
					"pmtu":	1500,
					"omitted":	false
				}],
			"sum":	{
				"start":	3.0000801086425781,
				"end":	4.0000550746917725,
				"seconds":	0.99997496604919434,
				"bytes":	11796480,
				"bits_per_second":	94374202.559144184,
				"retransmits":	0,
				"omitted":	false
			}
		}, {
			"streams":	[{
					"socket":	6,
					"start":	4.0000550746917725,
					"end":	5.0001339912414551,
					"seconds":	1.0000789165496826,
					"bytes":	11796480,
					"bits_per_second":	94364393.087684631,
					"retransmits":	0,
					"snd_cwnd":	3774936,
					"rtt":	300021,
					"rttvar":	418,
					"pmtu":	1500,
					"omitted":	false
				}],
			"sum":	{
				"start":	4.0000550746917725,
				"end":	5.0001339912414551,
				"seconds":	1.0000789165496826,
				"bytes":	11796480,
				"bits_per_second":	94364393.087684631,
				"retransmits":	0,
				"omitted":	false
			}
		}, {
			"streams":	[{
					"socket":	6,
					"start":	5.0001339912414551,
					"end":	6.0001180171966553,
					"seconds":	0.9999840259552002,
					"bytes":	11796480,
					"bits_per_second":	94373347.52408126,
					"retransmits":	0,
					"snd_cwnd":	4358480,
					"rtt":	347764,
					"rttvar":	2350,
					"pmtu":	1500,
					"omitted":	false
				}],
			"sum":	{
				"start":	5.0001339912414551,
				"end":	6.0001180171966553,
				"seconds":	0.9999840259552002,
				"bytes":	11796480,
				"bits_per_second":	94373347.52408126,
				"retransmits":	0,
				"omitted":	false
			}
		}, {
			"streams":	[{
					"socket":	6,
					"start":	6.0001180171966553,
					"end":	7.0001280307769775,
					"seconds":	1.0000100135803223,
					"bytes":	11796480,
					"bits_per_second":	94370895.009462744,
					"retransmits":	0,
					"snd_cwnd":	4953608,
					"rtt":	393982,
					"rttvar":	516,
					"pmtu":	1500,
					"omitted":	false
				}],
			"sum":	{
				"start":	6.0001180171966553,
				"end":	7.0001280307769775,
				"seconds":	1.0000100135803223,
				"bytes":	11796480,
				"bits_per_second":	94370895.009462744,
				"retransmits":	0,
				"omitted":	false
			}
		}, {
			"streams":	[{
					"socket":	6,
					"start":	7.0001280307769775,
					"end":	8.0001280307769775,
					"seconds":	1,
					"bytes":	11796480,
					"bits_per_second":	94371840,
					"retransmits":	0,
					"snd_cwnd":	5551632,
					"rtt":	441529,
					"rttvar":	344,
					"pmtu":	1500,
					"omitted":	false
				}],
			"sum":	{
				"start":	7.0001280307769775,
				"end":	8.0001280307769775,
				"seconds":	1,
				"bytes":	11796480,
				"bits_per_second":	94371840,
				"retransmits":	0,
				"omitted":	false
			}
		}, {
			"streams":	[{
					"socket":	6,
					"start":	8.0001280307769775,
					"end":	9.0001449584960938,
					"seconds":	1.0000169277191162,
					"bytes":	11796480,
					"bits_per_second":	94370242.527041569,
					"retransmits":	0,
					"snd_cwnd":	6140968,
					"rtt":	501415,
					"rttvar":	1337,
					"pmtu":	1500,
					"omitted":	false
				}],
			"sum":	{
				"start":	8.0001280307769775,
				"end":	9.0001449584960938,
				"seconds":	1.0000169277191162,
				"bytes":	11796480,
				"bits_per_second":	94370242.527041569,
				"retransmits":	0,
				"omitted":	false
			}
		}, {
			"streams":	[{
					"socket":	6,
					"start":	9.0001449584960938,
					"end":	10.000087022781372,
					"seconds":	0.99994206428527832,
					"bytes":	11796480,
					"bits_per_second":	94377307.816781878,
					"retransmits":	0,
					"snd_cwnd":	6738992,
					"rtt":	536025,
					"rttvar":	273,
					"pmtu":	1500,
					"omitted":	false
				}],
			"sum":	{
				"start":	9.0001449584960938,
				"end":	10.000087022781372,
				"seconds":	0.99994206428527832,
				"bytes":	11796480,
				"bits_per_second":	94377307.816781878,
				"retransmits":	0,
				"omitted":	false
			}
		}, {
			"streams":	[{
					"socket":	6,
					"start":	10.000087022781372,
					"end":	11.000133991241455,
					"seconds":	1.000046968460083,
					"bytes":	11796480,
					"bits_per_second":	94367407.708177924,
					"retransmits":	0,
					"snd_cwnd":	7329776,
					"rtt":	583039,
					"rttvar":	315,
					"pmtu":	1500,
					"omitted":	false
				}],
			"sum":	{
				"start":	10.000087022781372,
				"end":	11.000133991241455,
				"seconds":	1.000046968460083,
				"bytes":	11796480,
				"bits_per_second":	94367407.708177924,
				"retransmits":	0,
				"omitted":	false
			}
		}, {
			"streams":	[{
					"socket":	6,
					"start":	11.000133991241455,
					"end":	11.005892038345337,
					"seconds":	0.0057580471038818359,
					"bytes":	1310720,
					"bits_per_second":	1821061865.3902531,
					"retransmits":	0,
					"snd_cwnd":	7332672,
					"rtt":	583431,
					"rttvar":	623,
					"pmtu":	1500,
					"omitted":	false
				}],
			"sum":	{
				"start":	11.000133991241455,
				"end":	11.005892038345337,
				"seconds":	0.0057580471038818359,
				"bytes":	1310720,
				"bits_per_second":	1821061865.3902531,
				"retransmits":	0,
				"omitted":	false
			}
		}],
	"end":	{
		"streams":	[{
				"sender":	{
					"socket":	6,
					"start":	0,
					"end":	11.005892038345337,
					"seconds":	11.005892038345337,
					"bytes":	141468592,
					"bits_per_second":	102831168.25577646,
					"retransmits":	0,
					"max_snd_cwnd":	7332672,
					"max_rtt":	583431,
					"min_rtt":	109830,
					"mean_rtt":	367638
				},