{
	"start":	{
		"connected":	[{
				"socket":	6,
				"local_host":	"192.168.16.1",
				"local_port":	56260,
				"remote_host":	"192.168.26.1",
				"remote_port":	5005
			}],
		"version":	"iperf 3.6",
		"system_info":	"Linux ba-thesis 4.19.0-23-amd64 #1 SMP Debian 4.19.269-1 (2022-12-20) x86_64",
		"timestamp":	{
			"time":	"Fri, 09 Jun 2023 15:34:57 GMT",
			"timesecs":	1686324897
		},
		"connecting_to":	{
			"host":	"h7",
			"port":	5005
		},
		"cookie":	"ecve3sovqne4nwzgbdo7dw2frjcmfpzk6lvb",
		"tcp_mss_default":	1448,
		"sock_bufsize":	0,
		"sndbuf_actual":	87380,
		"rcvbuf_actual":	87380,
		"test_start":	{
			"protocol":	"TCP",
			"num_streams":	1,
			"blksize":	131072,
			"omit":	0,
			"duration":	0,
			"bytes":	1366390,
			"blocks":	0,
			"reverse":	0,
			"tos":	0
		}
	},
	"intervals":	[{
			"streams":	[{
					"socket":	6,
					"start":	0,
					"end":	0.10568499565124512,
					"seconds":	0.10568499565124512,
					"bytes":	1823032,
					"bits_per_second":	137997413.06823981,
					"retransmits":	0,
					"snd_cwnd":	267880,
					"rtt":	21806,
					"rttvar":	777,
					"pmtu":	1500,
					"omitted":	false
				}],
			"sum":	{
				"start":	0,
				"end":	0.10568499565124512,
				"seconds":	0.10568499565124512,
				"bytes":	1823032,
				"bits_per_second":	137997413.06823981,
				"retransmits":	0,
				"omitted":	false
			}
		}],
	"end":	{
		"streams":	[{
				"sender":	{
					"socket":	6,
					"start":	0,
					"end":	0.10568499565124512,
					"seconds":	0.10568499565124512,
					"bytes":	1823032,
					"bits_per_second":	137997413.06823981,
					"retransmits":	0,
					"max_snd_cwnd":	267880,
					"max_rtt":	21806,
					"min_rtt":	21806,
					"mean_rtt":	21806
				},
				"receiver":	{
					"socket":	6,
					"start":	0,
					"end":	0.15256094932556152,
					"seconds":	0.10568499565124512,
					"bytes":	519832,
					"bits_per_second":	27258980.875410814
				}
			}],
		"sum_sent":	{
			"start":	0,
			"end":	0.10568499565124512,
			"seconds":	0.10568499565124512,
			"bytes":	1823032,
			"bits_per_second":	137997413.06823981,
			"retransmits":	0
		},
		"sum_received":	{
			"start":	0,
			"end":	0.15256094932556152,
			"seconds":	0.15256094932556152,
			"bytes":	519832,
			"bits_per_second":	27258980.875410814
		},
		"cpu_utilization_percent":	{
			"host_total":	15.394909004401095,
			"host_user":	3.025752349232782,
			"host_system":	12.369156655168311,
			"remote_total":	0.0020577126870506366,
			"remote_user":	0,
			"remote_system":	0.0020577126870506366
		},
		"sender_tcp_congestion":	"cubic",
		"receiver_tcp_congestion":	"cubic"
	}
}
