{
	"start":	{
		"connected":	[{
				"socket":	6,
				"local_host":	"192.168.14.2",
				"local_port":	36064,
				"remote_host":	"192.168.14.1",
				"remote_port":	5004
			}],
		"version":	"iperf 3.6",
		"system_info":	"Linux ba-thesis 4.19.0-23-amd64 #1 SMP Debian 4.19.269-1 (2022-12-20) x86_64",
		"timestamp":	{
			"time":	"Sun, 11 Jun 2023 05:51:14 GMT",
			"timesecs":	1686462674
		},
		"connecting_to":	{
			"host":	"h8",
			"port":	5004
		},
		"cookie":	"t25o5jlwtwb36zeukes3mz76ampo3x4be3j4",
		"tcp_mss_default":	1448,
		"sock_bufsize":	0,
		"sndbuf_actual":	87380,
		"rcvbuf_actual":	87380,
		"test_start":	{
			"protocol":	"TCP",
			"num_streams":	1,
			"blksize":	131072,
			"omit":	0,
			"duration":	0,
			"bytes":	4100458,
			"blocks":	0,
			"reverse":	0,
			"tos":	0
		}
	},
	"intervals":	[{
			"streams":	[{
					"socket":	6,
					"start":	0,
					"end":	1.00010085105896,
					"seconds":	1.00010085105896,
					"bytes":	1294512,
					"bits_per_second":	10355051.682072278,
					"retransmits":	0,
					"snd_cwnd":	99912,
					"rtt":	98796,
					"rttvar":	1130,
					"pmtu":	1500,
					"omitted":	false
				}],
			"sum":	{
				"start":	0,
				"end":	1.00010085105896,
				"seconds":	1.00010085105896,
				"bytes":	1294512,
				"bits_per_second":	10355051.682072278,
				"retransmits":	0,
				"omitted":	false
			}
		}, {
			"streams":	[{
					"socket":	6,
					"start":	1.00010085105896,
					"end":	2.0000758171081543,
					"seconds":	0.99997496604919434,
					"bytes":	1172880,
					"bits_per_second":	9383274.9004422538,
					"retransmits":	0,
					"snd_cwnd":	146248,
					"rtt":	148084,
					"rttvar":	935,
					"pmtu":	1500,
					"omitted":	false
				}],
			"sum":	{
				"start":	1.00010085105896,
				"end":	2.0000758171081543,
				"seconds":	0.99997496604919434,
				"bytes":	1172880,
				"bits_per_second":	9383274.9004422538,
				"retransmits":	0,
				"omitted":	false
			}
		}, {
			"streams":	[{
					"socket":	6,
					"start":	2.0000758171081543,
					"end":	3.0000879764556885,
					"seconds":	1.0000121593475342,
					"bytes":	1172880,
					"bits_per_second":	9382925.9097429756,
					"retransmits":	0,
					"snd_cwnd":	196928,
					"rtt":	196779,
					"rttvar":	151,
					"pmtu":	1500,
					"omitted":	false
				}],
			"sum":	{
				"start":	2.0000758171081543,
				"end":	3.0000879764556885,
				"seconds":	1.0000121593475342,
				"bytes":	1172880,
				"bits_per_second":	9382925.9097429756,
				"retransmits":	0,
				"omitted":	false
			}
		}, {
			"streams":	[{
					"socket":	6,
					"start":	3.0000879764556885,
					"end":	3.8249959945678711,
					"seconds":	0.82490801811218262,
					"bytes":	912240,
					"bits_per_second":	8846950.01110721,
					"retransmits":	0,
					"snd_cwnd":	228784,
					"rtt":	230822,
					"rttvar":	3367,
					"pmtu":	1500,
					"omitted":	false
				}],
			"sum":	{
				"start":	3.0000879764556885,
				"end":	3.8249959945678711,
				"seconds":	0.82490801811218262,
				"bytes":	912240,
				"bits_per_second":	8846950.01110721,
				"retransmits":	0,
				"omitted":	false
			}
		}],
	"end":	{
		"streams":	[{
				"sender":	{
					"socket":	6,
					"start":	0,
					"end":	3.8249959945678711,
					"seconds":	3.8249959945678711,
					"bytes":	4552512,
					"bits_per_second":	9521603.6962450631,
					"retransmits":	0,
					"max_snd_cwnd":	228784,
					"max_rtt":	230822,
					"min_rtt":	98796,
					"mean_rtt":	168620
				},
				"receiver":	{
					"socket":	6,
					"start":	0,
					"end":	3.8816640377044678,
					"seconds":	3.8249959945678711,
					"bytes":	3524432,
					"bits_per_second":	7263754.855166235
				}
			}],
		"sum_sent":	{
			"start":	0,
			"end":	3.8249959945678711,
			"seconds":	3.8249959945678711,
			"bytes":	4552512,
			"bits_per_second":	9521603.6962450631,
			"retransmits":	0
		},
		"sum_received":	{
			"start":	0,
			"end":	3.8816640377044678,
			"seconds":	3.8816640377044678,
			"bytes":	3524432,
			"bits_per_second":	7263754.855166235
		},
		"cpu_utilization_percent":	{
			"host_total":	2.734777408354212,
			"host_user":	0.19977494997742951,
			"host_system":	2.5350024583767823,
			"remote_total":	0.29159523004839244,
			"remote_user":	0,
			"remote_system":	0.29159523004839244
		},
		"sender_tcp_congestion":	"cubic",
		"receiver_tcp_congestion":	"cubic"
	}
}
