{
	"start":	{
		"connected":	[{
				"socket":	6,
				"local_host":	"192.168.16.1",
				"local_port":	35280,
				"remote_host":	"192.168.16.2",
				"remote_port":	5008
			}],
		"version":	"iperf 3.6",
		"system_info":	"Linux ba-thesis 4.19.0-23-amd64 #1 SMP Debian 4.19.269-1 (2022-12-20) x86_64",
		"timestamp":	{
			"time":	"Sun, 11 Jun 2023 05:51:30 GMT",
			"timesecs":	1686462690
		},
		"connecting_to":	{
			"host":	"h5",
			"port":	5008
		},
		"cookie":	"xqr3hya75vbeeuwx27qqohoou3acdsstu2d6",
		"tcp_mss_default":	1448,
		"sock_bufsize":	0,
		"sndbuf_actual":	87380,
		"rcvbuf_actual":	87380,
		"test_start":	{
			"protocol":	"TCP",
			"num_streams":	1,
			"blksize":	131072,
			"omit":	0,
			"duration":	0,
			"bytes":	118466397,
			"blocks":	0,
			"reverse":	0,
			"tos":	0
		}
	},
	"intervals":	[{
			"streams":	[{
					"socket":	6,
					"start":	0,
					"end":	1.0000998973846436,
					"seconds":	1.0000998973846436,
					"bytes":	15284480,
					"bits_per_second":	122263626.18350723,
					"retransmits":	0,
					"snd_cwnd":	797848,
					"rtt":	62871,
					"rttvar":	570,
					"pmtu":	1500,
					"omitted":	false
				}],
			"sum":	{
				"start":	0,
				"end":	1.0000998973846436,
				"seconds":	1.0000998973846436,
				"bytes":	15284480,
				"bits_per_second":	122263626.18350723,
				"retransmits":	0,
				"omitted":	false
			}
		}, {
			"streams":	[{
					"socket":	6,
					"start":	1.0000998973846436,
					"end":	2.0000839233398438,
					"seconds":	0.9999840259552002,
					"bytes":	14417920,
					"bits_per_second":	115345202.52943265,
					"retransmits":	0,
					"snd_cwnd":	1395872,
					"rtt":	110632,
					"rttvar":	451,
					"pmtu":	1500,
					"omitted":	false
				}],
			"sum":	{
				"start":	1.0000998973846436,
				"end":	2.0000839233398438,
				"seconds":	0.9999840259552002,
				"bytes":	14417920,
				"bits_per_second":	115345202.52943265,
				"retransmits":	0,
				"omitted":	false
			}
		}, {
			"streams":	[{
					"socket":	6,
					"start":	2.0000839233398438,
					"end":	3.0002288818359375,
					"seconds":	1.0001449584960938,
					"bytes":	14417920,
					"bits_per_second":	115326642.42335477,
					"retransmits":	0,
					"snd_cwnd":	1993896,
					"rtt":	158102,
					"rttvar":	523,
					"pmtu":	1500,
					"omitted":	false
				}],
			"sum":	{
				"start":	2.0000839233398438,
				"end":	3.0002288818359375,
				"seconds":	1.0001449584960938,
				"bytes":	14417920,
				"bits_per_second":	115326642.42335477,
				"retransmits":	0,
				"omitted":	false
			}
		}, {
			"streams":	[{
					"socket":	6,
					"start":	3.0002288818359375,
					"end":	4.0000669956207275,
					"seconds":	0.99983811378479,
					"bytes":	14417920,
					"bits_per_second":	115362035.52330978,
					"retransmits":	0,
					"snd_cwnd":	2591920,
					"rtt":	205732,
					"rttvar":	377,
					"pmtu":	1500,
					"omitted":	false
				}],
			"sum":	{
				"start":	3.0002288818359375,
				"end":	4.0000669956207275,
				"seconds":	0.99983811378479,
				"bytes":	14417920,
				"bits_per_second":	115362035.52330978,
				"retransmits":	0,
				"omitted":	false
			}
		}, {
			"streams":	[{
					"socket":	6,
					"start":	4.0000669956207275,
					"end":	5.0000970363616943,
					"seconds":	1.0000300407409668,
					"bytes":	11796480,
					"bits_per_second":	94369005.085162938,
					"retransmits":	0,
					"snd_cwnd":	3188496,
					"rtt":	253001,
					"rttvar":	246,
					"pmtu":	1500,
					"omitted":	false
				}],
			"sum":	{
				"start":	4.0000669956207275,
				"end":	5.0000970363616943,
				"seconds":	1.0000300407409668,
				"bytes":	11796480,
				"bits_per_second":	94369005.085162938,
				"retransmits":	0,
				"omitted":	false
			}
		}, {
			"streams":	[{
					"socket":	6,
					"start":	5.0000970363616943,
					"end":	6.0001060962677,
					"seconds":	1.0000090599060059,
					"bytes":	11796480,
					"bits_per_second":	94370985.007746145,
					"retransmits":	0,
					"snd_cwnd":	3786520,
					"rtt":	301052,
					"rttvar":	675,
					"pmtu":	1500,
					"omitted":	false
				}],
			"sum":	{
				"start":	5.0000970363616943,
				"end":	6.0001060962677,
				"seconds":	1.0000090599060059,
				"bytes":	11796480,
				"bits_per_second":	94370985.007746145,
				"retransmits":	0,
				"omitted":	false
			}
		}, {
			"streams":	[{
					"socket":	6,
					"start":	6.0001060962677,
					"end":	7.0001270771026611,
					"seconds":	1.0000209808349609,
					"bytes":	11796480,
					"bits_per_second":	94369860.041541189,
					"retransmits":	0,
					"snd_cwnd":	4384544,
					"rtt":	349325,
					"rttvar":	501,
					"pmtu":	1500,
					"omitted":	false
				}],
			"sum":	{
				"start":	6.0001060962677,
				"end":	7.0001270771026611,
				"seconds":	1.0000209808349609,
				"bytes":	11796480,
				"bits_per_second":	94369860.041541189,
				"retransmits":	0,
				"omitted":	false
			}
		}, {
			"streams":	[{
					"socket":	6,
					"start":	7.0001270771026611,
					"end":	8.0000669956207275,
					"seconds":	0.99993991851806641,
					"bytes":	13107200,
					"bits_per_second":	104863900.37853608,
					"retransmits":	0,
					"snd_cwnd":	4982568,
					"rtt":	396223,
					"rttvar":	661,
					"pmtu":	1500,
					"omitted":	false
				}],
			"sum":	{
				"start":	7.0001270771026611,
				"end":	8.0000669956207275,
				"seconds":	0.99993991851806641,
				"bytes":	13107200,
				"bits_per_second":	104863900.37853608,
				"retransmits":	0,
				"omitted":	false
			}
		}, {
			"streams":	[{
					"socket":	6,
					"start":	8.0000669956207275,
					"end":	9.0001349449157715,
					"seconds":	1.0000679492950439,
					"bytes":	10485760,
					"bits_per_second":	83880380.387284666,
					"retransmits":	0,
					"snd_cwnd":	5567560,
					"rtt":	443064,
					"rttvar":	546,
					"pmtu":	1500,
					"omitted":	false
				}],
			"sum":	{
				"start":	8.0000669956207275,
				"end":	9.0001349449157715,
				"seconds":	1.0000679492950439,
				"bytes":	10485760,
				"bits_per_second":	83880380.387284666,
				"retransmits":	0,
				"omitted":	false
			}
		}, {
			"streams":	[{
					"socket":	6,
					"start":	9.0001349449157715,
					"end":	9.0096240043640137,
					"seconds":	0.0094890594482421875,
					"bytes":	1310720,
					"bits_per_second":	1105036811.835176,
					"retransmits":	0,
					"snd_cwnd":	5573352,
					"rtt":	443529,
					"rttvar":	378,
					"pmtu":	1500,
					"omitted":	false
				}],
			"sum":	{
				"start":	9.0001349449157715,
				"end":	9.0096240043640137,
				"seconds":	0.0094890594482421875,
				"bytes":	1310720,
				"bits_per_second":	1105036811.835176,
				"retransmits":	0,
				"omitted":	false
			}
		}],
	"end":	{
		"streams":	[{
				"sender":	{
					"socket":	6,
					"start":	0,
					"end":	9.0096240043640137,
					"seconds":	9.0096240043640137,
					"bytes":	118831360,
					"bits_per_second":	105515044.74987313,
					"retransmits":	0,
					"max_snd_cwnd":	5573352,
					"max_rtt":	443529,
					"min_rtt":	62871,
					"mean_rtt":	272353
				},
				"receiver":	{
					"socket":	6,
					"start":	0,
					"end":	9.5058109760284424,
					"seconds":	9.0096240043640137,
					"bytes":	112560280,
					"bits_per_second":	94729659.812383965
				}
			}],
		"sum_sent":	{
			"start":	0,
			"end":	9.0096240043640137,
			"seconds":	9.0096240043640137,
			"bytes":	118831360,
			"bits_per_second":	105515044.74987313,
			"retransmits":	0
		},
		"sum_received":	{
			"start":	0,
			"end":	9.5058109760284424,
			"seconds":	9.5058109760284424,
			"bytes":	112560280,
			"bits_per_second":	94729659.812383965
		},
		"cpu_utilization_percent":	{
			"host_total":	0.66344813027955585,
			"host_user":	0.12254000287298934,
			"host_system":	0.54088622962192168,
			"remote_total":	0.40083824640529547,
			"remote_user":	0.017744960768146321,
			"remote_system":	0.38308540249153911
		},
		"sender_tcp_congestion":	"cubic",
		"receiver_tcp_congestion":	"cubic"
	}
}
