{
	"start":	{
		"connected":	[{
				"socket":	6,
				"local_host":	"192.168.8.1",
				"local_port":	38192,
				"remote_host":	"192.168.8.2",
				"remote_port":	5002
			}],
		"version":	"iperf 3.6",
		"system_info":	"Linux ba-thesis 4.19.0-23-amd64 #1 SMP Debian 4.19.269-1 (2022-12-20) x86_64",
		"timestamp":	{
			"time":	"Tue, 13 Jun 2023 02:39:36 GMT",
			"timesecs":	1686623976
		},
		"connecting_to":	{
			"host":	"h7",
			"port":	5002
		},
		"cookie":	"ytowrg3673j3pgx23xo4kzaqkukjgmusdfls",
		"tcp_mss_default":	1448,
		"sock_bufsize":	0,
		"sndbuf_actual":	87380,
		"rcvbuf_actual":	87380,
		"test_start":	{
			"protocol":	"TCP",
			"num_streams":	1,
			"blksize":	131072,
			"omit":	0,
			"duration":	0,
			"bytes":	283609088,
			"blocks":	0,
			"reverse":	0,
			"tos":	0
		}
	},
	"intervals":	[{
			"streams":	[{
					"socket":	6,
					"start":	0,
					"end":	1.0001299381256104,
					"seconds":	1.0001299381256104,
					"bytes":	15284480,
					"bits_per_second":	122259953.77076982,
					"retransmits":	0,
					"snd_cwnd":	797848,
					"rtt":	62884,
					"rttvar":	569,
					"pmtu":	1500,
					"omitted":	false
				}],
			"sum":	{
				"start":	0,
				"end":	1.0001299381256104,
				"seconds":	1.0001299381256104,
				"bytes":	15284480,
				"bits_per_second":	122259953.77076982,
				"retransmits":	0,
				"omitted":	false
			}
		}, {
			"streams":	[{
					"socket":	6,
					"start":	1.0001299381256104,
					"end":	2.000108003616333,
					"seconds":	0.99997806549072266,
					"bytes":	14417920,
					"bits_per_second":	115345890.05549553,
					"retransmits":	0,
					"snd_cwnd":	1395872,
					"rtt":	110597,
					"rttvar":	556,
					"pmtu":	1500,
					"omitted":	false
				}],
			"sum":	{
				"start":	1.0001299381256104,
				"end":	2.000108003616333,
				"seconds":	0.99997806549072266,
				"bytes":	14417920,
				"bits_per_second":	115345890.05549553,
				"retransmits":	0,
				"omitted":	false
			}
		}, {
			"streams":	[{
					"socket":	6,
					"start":	2.000108003616333,
					"end":	3.0001020431518555,
					"seconds":	0.99999403953552246,
					"bytes":	14417920,
					"bits_per_second":	115344047.50409785,
					"retransmits":	0,
					"snd_cwnd":	1993896,
					"rtt":	158094,
					"rttvar":	525,
					"pmtu":	1500,
					"omitted":	false
				}],
			"sum":	{
				"start":	2.000108003616333,
				"end":	3.0001020431518555,
				"seconds":	0.99999403953552246,
				"bytes":	14417920,
				"bits_per_second":	115344047.50409785,
				"retransmits":	0,
				"omitted":	false
			}
		}, {
			"streams":	[{
					"socket":	6,
					"start":	3.0001020431518555,
					"end":	4.0000920295715332,
					"seconds":	0.99998998641967773,
					"bytes":	14417920,
					"bits_per_second":	115344515.0115658,
					"retransmits":	0,
					"snd_cwnd":	2591920,
					"rtt":	205741,
					"rttvar":	405,
					"pmtu":	1500,
					"omitted":	false
				}],
			"sum":	{
				"start":	3.0001020431518555,
				"end":	4.0000920295715332,
				"seconds":	0.99998998641967773,
				"bytes":	14417920,
				"bits_per_second":	115344515.0115658,
				"retransmits":	0,
				"omitted":	false
			}
		}, {
			"streams":	[{
					"socket":	6,
					"start":	4.0000920295715332,
					"end":	5.0001399517059326,
					"seconds":	1.0000479221343994,
					"bytes":	11796480,
					"bits_per_second":	94367317.716717467,
					"retransmits":	0,
					"snd_cwnd":	3188496,
					"rtt":	253012,
					"rttvar":	249,
					"pmtu":	1500,
					"omitted":	false
				}],
			"sum":	{
				"start":	4.0000920295715332,
				"end":	5.0001399517059326,
				"seconds":	1.0000479221343994,
				"bytes":	11796480,
				"bits_per_second":	94367317.716717467,
				"retransmits":	0,
				"omitted":	false
			}
		}, {
			"streams":	[{
					"socket":	6,
					"start":	5.0001399517059326,
					"end":	6.0000829696655273,
					"seconds":	0.99994301795959473,
					"bytes":	11796480,
					"bits_per_second":	94377217.806438386,
					"retransmits":	0,
					"snd_cwnd":	3786520,
					"rtt":	301044,
					"rttvar":	674,
					"pmtu":	1500,
					"omitted":	false
				}],
			"sum":	{
				"start":	5.0001399517059326,
				"end":	6.0000829696655273,
				"seconds":	0.99994301795959473,
				"bytes":	11796480,
				"bits_per_second":	94377217.806438386,
				"retransmits":	0,
				"omitted":	false
			}
		}, {
			"streams":	[{
					"socket":	6,
					"start":	6.0000829696655273,
					"end":	7.0001599788665771,
					"seconds":	1.0000770092010498,
					"bytes":	11796480,
					"bits_per_second":	94364573.059621274,
					"retransmits":	0,
					"snd_cwnd":	4384544,
					"rtt":	348577,
					"rttvar":	458,
					"pmtu":	1500,
					"omitted":	false
				}],
			"sum":	{
				"start":	6.0000829696655273,
				"end":	7.0001599788665771,
				"seconds":	1.0000770092010498,
				"bytes":	11796480,
				"bits_per_second":	94364573.059621274,
				"retransmits":	0,
				"omitted":	false
			}
		}, {
			"streams":	[{
					"socket":	6,
					"start":	7.0001599788665771,
					"end":	8.0000739097595215,
					"seconds":	0.99991393089294434,
					"bytes":	13107200,
					"bits_per_second":	104866625.77684055,
					"retransmits":	0,
					"snd_cwnd":	4982568,
					"rtt":	396304,
					"rttvar":	621,
					"pmtu":	1500,
					"omitted":	false
				}],
			"sum":	{
				"start":	7.0001599788665771,
				"end":	8.0000739097595215,
				"seconds":	0.99991393089294434,
				"bytes":	13107200,
				"bits_per_second":	104866625.77684055,
				"retransmits":	0,
				"omitted":	false
			}
		}, {
			"streams":	[{
					"socket":	6,
					"start":	8.0000739097595215,
					"end":	9.00010895729065,
					"seconds":	1.0000350475311279,
					"bytes":	11796480,
					"bits_per_second":	94368532.615915641,
					"retransmits":	0,
					"snd_cwnd":	5580592,
					"rtt":	443569,
					"rttvar":	368,
					"pmtu":	1500,
					"omitted":	false
				}],
			"sum":	{
				"start":	8.0000739097595215,
				"end":	9.00010895729065,
				"seconds":	1.0000350475311279,
				"bytes":	11796480,
				"bits_per_second":	94368532.615915641,
				"retransmits":	0,
				"omitted":	false
			}
		}, {
			"streams":	[{
					"socket":	6,
					"start":	9.00010895729065,
					"end":	10.000102043151855,
					"seconds":	0.999993085861206,
					"bytes":	11796480,
					"bits_per_second":	94372492.5045115,
					"retransmits":	0,
					"snd_cwnd":	6177168,
					"rtt":	491293,
					"rttvar":	468,
					"pmtu":	1500,
					"omitted":	false
				}],
			"sum":	{
				"start":	9.00010895729065,
				"end":	10.000102043151855,
				"seconds":	0.999993085861206,
				"bytes":	11796480,
				"bits_per_second":	94372492.5045115,
				"retransmits":	0,
				"omitted":	false
			}
		}, {
			"streams":	[{
					"socket":	6,
					"start":	10.000102043151855,
					"end":	11.000097990036011,
					"seconds":	0.99999594688415527,
					"bytes":	11796480,
					"bits_per_second":	94372222.501550317,
					"retransmits":	0,
					"snd_cwnd":	6775192,
					"rtt":	538970,
					"rttvar":	693,
					"pmtu":	1500,
					"omitted":	false
				}],
			"sum":	{
				"start":	10.000102043151855,
				"end":	11.000097990036011,
				"seconds":	0.99999594688415527,
				"bytes":	11796480,
				"bits_per_second":	94372222.501550317,
				"retransmits":	0,
				"omitted":	false
			}
		}, {
			"streams":	[{
					"socket":	6,
					"start":	11.000097990036011,
					"end":	12.000096082687378,
					"seconds":	0.99999809265136719,
					"bytes":	11796480,
					"bits_per_second":	94372020.000343323,
					"retransmits":	0,
					"snd_cwnd":	7373216,
					"rtt":	586550,
					"rttvar":	524,
					"pmtu":	1500,
					"omitted":	false
				}],
			"sum":	{
				"start":	11.000097990036011,
				"end":	12.000096082687378,
				"seconds":	0.99999809265136719,
				"bytes":	11796480,
				"bits_per_second":	94372020.000343323,
				"retransmits":	0,
				"omitted":	false
			}
		}, {
			"streams":	[{
					"socket":	6,
					"start":	12.000096082687378,
					"end":	13.000102996826172,
					"seconds":	1.0000069141387939,
					"bytes":	11796480,
					"bits_per_second":	94371187.504511446,
					"retransmits":	0,
					"snd_cwnd":	7971240,
					"rtt":	634196,
					"rttvar":	401,
					"pmtu":	1500,