{
	"start":	{
		"connected":	[{
				"socket":	6,
				"local_host":	"192.168.18.1",
				"local_port":	33650,
				"remote_host":	"192.168.22.1",
				"remote_port":	5007
			}],
		"version":	"iperf 3.6",
		"system_info":	"Linux ba-thesis 4.19.0-23-amd64 #1 SMP Debian 4.19.269-1 (2022-12-20) x86_64",
		"timestamp":	{
			"time":	"Sun, 11 Jun 2023 13:07:23 GMT",
			"timesecs":	1686488843
		},
		"connecting_to":	{
			"host":	"h3",
			"port":	5007
		},
		"cookie":	"fj56ucmnvmhjzxehi7cc2bffatxxus7nezdv",
		"tcp_mss_default":	1448,
		"sock_bufsize":	0,
		"sndbuf_actual":	87380,
		"rcvbuf_actual":	87380,
		"test_start":	{
			"protocol":	"TCP",
			"num_streams":	1,
			"blksize":	131072,
			"omit":	0,
			"duration":	0,
			"bytes":	132888357,
			"blocks":	0,
			"reverse":	0,
			"tos":	0
		}
	},
	"intervals":	[{
			"streams":	[{
					"socket":	6,
					"start":	0,
					"end":	1.0000770092010498,
					"seconds":	1.0000770092010498,
					"bytes":	2620880,
					"bits_per_second":	20965425.469334938,
					"retransmits":	0,
					"snd_cwnd":	160728,
					"rtt":	74803,
					"rttvar":	483,
					"pmtu":	1500,
					"omitted":	false
				}],
			"sum":	{
				"start":	0,
				"end":	1.0000770092010498,
				"seconds":	1.0000770092010498,
				"bytes":	2620880,
				"bits_per_second":	20965425.469334938,
				"retransmits":	0,
				"omitted":	false
			}
		}, {
			"streams":	[{
					"socket":	6,
					"start":	1.0000770092010498,
					"end":	2.0001249313354492,
					"seconds":	1.0000479221343994,
					"bytes":	2215440,
					"bits_per_second":	17722670.691793192,
					"retransmits":	0,
					"snd_cwnd":	254848,
					"rtt":	119894,
					"rttvar":	591,
					"pmtu":	1500,
					"omitted":	false
				}],
			"sum":	{
				"start":	1.0000770092010498,
				"end":	2.0001249313354492,
				"seconds":	1.0000479221343994,
				"bytes":	2215440,
				"bits_per_second":	17722670.691793192,
				"retransmits":	0,
				"omitted":	false
			}
		}, {
			"streams":	[{
					"socket":	6,
					"start":	2.0001249313354492,
					"end":	3.0001049041748047,
					"seconds":	0.99997997283935547,
					"bytes":	2541240,
					"bits_per_second":	20330327.158727963,
					"retransmits":	0,
					"snd_cwnd":	353312,
					"rtt":	167688,
					"rttvar":	867,
					"pmtu":	1500,
					"omitted":	false
				}],
			"sum":	{
				"start":	2.0001249313354492,
				"end":	3.0001049041748047,
				"seconds":	0.99997997283935547,
				"bytes":	2541240,
				"bits_per_second":	20330327.158727963,
				"retransmits":	0,
				"omitted":	false
			}
		}, {
			"streams":	[{
					"socket":	6,
					"start":	3.0001049041748047,
					"end":	4.0001139640808105,
					"seconds":	1.0000090599060059,
					"bytes":	2541240,
					"bits_per_second":	20329735.814504396,
					"retransmits":	0,
					"snd_cwnd":	453224,
					"rtt":	214860,
					"rttvar":	430,
					"pmtu":	1500,
					"omitted":	false
				}],
			"sum":	{
				"start":	3.0001049041748047,
				"end":	4.0001139640808105,
				"seconds":	1.0000090599060059,
				"bytes":	2541240,
				"bits_per_second":	20329735.814504396,
				"retransmits":	0,
				"omitted":	false
			}
		}, {
			"streams":	[{
					"socket":	6,
					"start":	4.0001139640808105,
					"end":	5.0003359317779541,
					"seconds":	1.0002219676971436,
					"bytes":	2019960,
					"bits_per_second":	16156093.869049052,
					"retransmits":	0,
					"snd_cwnd":	557480,
					"rtt":	262636,
					"rttvar":	528,
					"pmtu":	1500,
					"omitted":	false
				}],
			"sum":	{
				"start":	4.0001139640808105,
				"end":	5.0003359317779541,
				"seconds":	1.0002219676971436,
				"bytes":	2019960,
				"bits_per_second":	16156093.869049052,
				"retransmits":	0,
				"omitted":	false
			}
		}, {
			"streams":	[{
					"socket":	6,
					"start":	5.0003359317779541,
					"end":	6.0002799034118652,
					"seconds":	0.99994397163391113,
					"bytes":	2410920,
					"bits_per_second":	19288440.699816812,
					"retransmits":	0,
					"snd_cwnd":	658840,
					"rtt":	307903,
					"rttvar":	381,
					"pmtu":	1500,
					"omitted":	false
				}],
			"sum":	{
				"start":	5.0003359317779541,
				"end":	6.0002799034118652,
				"seconds":	0.99994397163391113,
				"bytes":	2410920,
				"bits_per_second":	19288440.699816812,
				"retransmits":	0,
				"omitted":	false
			}
		}, {
			"streams":	[{
					"socket":	6,
					"start":	6.0002799034118652,
					"end":	7.0000588893890381,
					"seconds":	0.99977898597717285,
					"bytes":	2621440,
					"bits_per_second":	20976156.024626452,
					"retransmits":	0,
					"snd_cwnd":	761648,
					"rtt":	356285,
					"rttvar":	553,
					"pmtu":	1500,
					"omitted":	false
				}],
			"sum":	{
				"start":	6.0002799034118652,
				"end":	7.0000588893890381,
				"seconds":	0.99977898597717285,
				"bytes":	2621440,
				"bits_per_second":	20976156.024626452,
				"retransmits":	0,
				"omitted":	false
			}
		}, {
			"streams":	[{
					"socket":	6,
					"start":	7.0000588893890381,
					"end":	8.0003120899200439,
					"seconds":	1.0002532005310059,
					"bytes":	2621440,
					"bits_per_second":	20966211.344154481,
					"retransmits":	0,
					"snd_cwnd":	848528,
					"rtt":	404520,
					"rttvar":	584,
					"pmtu":	1500,
					"omitted":	false
				}],
			"sum":	{
				"start":	7.0000588893890381,
				"end":	8.0003120899200439,
				"seconds":	1.0002532005310059,
				"bytes":	2621440,
				"bits_per_second":	20966211.344154481,
				"retransmits":	0,
				"omitted":	false
			}
		}, {
			"streams":	[{
					"socket":	6,
					"start":	8.0003120899200439,
					"end":	9.0000970363616943,
					"seconds":	0.99978494644165039,
					"bytes":	2621440,
					"bits_per_second":	20976030.970100172,
					"retransmits":	0,
					"snd_cwnd":	962920,
					"rtt":	452729,
					"rttvar":	564,
					"pmtu":	1500,
					"omitted":	false
				}],
			"sum":	{
				"start":	8.0003120899200439,
				"end":	9.0000970363616943,
				"seconds":	0.99978494644165039,
				"bytes":	2621440,
				"bits_per_second":	20976030.970100172,
				"retransmits":	0,
				"omitted":	false
			}
		}, {
			"streams":	[{
					"socket":	6,
					"start":	9.0000970363616943,
					"end":	10.000067949295044,
					"seconds":	0.99997091293334961,
					"bytes":	2621440,
					"bits_per_second":	20972130.017743628,
					"retransmits":	0,
					"snd_cwnd":	1059936,
					"rtt":	498567,
					"rttvar":	228,
					"pmtu":	1500,
					"omitted":	false
				}],
			"sum":	{
				"start":	9.0000970363616943,
				"end":	10.000067949295044,
				"seconds":	0.99997091293334961,
				"bytes":	2621440,
				"bits_per_second":	20972130.017743628,
				"retransmits":	0,
				"omitted":	false
			}
		}, {
			"streams":	[{
					"socket":	6,
					"start":	10.000067949295044,
					"end":	11.000186920166016,
					"seconds":	1.0001189708709717,
					"bytes":	1310720,
					"bits_per_second":	10484512.648398506,
					"retransmits":	0,
					"snd_cwnd":	1151160,
					"rtt":	546191,
					"rttvar":	1142,
					"pmtu":	1500,
					"omitted":	false
				}],
			"sum":	{
				"start":	10.000067949295044,
				"end":	11.000186920166016,
				"seconds":	1.0001189708709717,
				"bytes":	1310720,
				"bits_per_second":	10484512.648398506,
				"retransmits":	0,
				"omitted":	false
			}
		}, {
			"streams":	[{
					"socket":	6,
					"start":	11.000186920166016,
					"end":	12.000335931777954,
					"seconds":	1.0001490116119385,
					"bytes":	2621440,
					"bits_per_second":	20968395.465591908,
					"retransmits":	0,
					"snd_cwnd":	1242384,
					"rtt":	620527,
					"rttvar":	3795,
					"pmtu":	1500,
					"omitted":	false
				}],
			"sum":	{
				"start":	11.000186920166016,
				"end":	12.000335931777954,
				"seconds":	1.0001490116119385,
				"bytes":	2621440,
				"bits_per_second":	20968395.465591908,
				"retransmits":	0,
				"omitted":	false
			}
		}, {
			"streams":	[{
					"socket":	6,
					"start":	12.000335931777954,
					"end":	13.000218868255615,
					"seconds":	0.99988293647766113,
					"bytes":	2621440,
					"bits_per_second":	20973975.287424594,
					"retransmits":	0,
					"snd_cwnd":	1368360,
					"rtt":	552847,
					"rttvar":	936,
					"pmtu":	1500,
					"omitted":	false
				}],