{
	"start":	{
		"connected":	[{
				"socket":	6,
				"local_host":	"192.168.18.2",
				"local_port":	47422,
				"remote_host":	"192.168.18.1",
				"remote_port":	5009
			}],
		"version":	"iperf 3.6",
		"system_info":	"Linux ba-thesis 4.19.0-23-amd64 #1 SMP Debian 4.19.269-1 (2022-12-20) x86_64",
		"timestamp":	{
			"time":	"Sun, 11 Jun 2023 13:07:23 GMT",
			"timesecs":	1686488843
		},
		"connecting_to":	{
			"host":	"h7",
			"port":	5009
		},
		"cookie":	"3ljvpc4j2ffopqeg7uh67ywe2pqhosur3wab",
		"tcp_mss_default":	1448,
		"sock_bufsize":	0,
		"sndbuf_actual":	87380,
		"rcvbuf_actual":	87380,
		"test_start":	{
			"protocol":	"TCP",
			"num_streams":	1,
			"blksize":	131072,
			"omit":	0,
			"duration":	0,
			"bytes":	265591514,
			"blocks":	0,
			"reverse":	0,
			"tos":	0
		}
	},
	"intervals":	[{
			"streams":	[{
					"socket":	6,
					"start":	0,
					"end":	1.0001089572906494,
					"seconds":	1.0001089572906494,
					"bytes":	14597848,
					"bits_per_second":	116770061.05051897,
					"retransmits":	0,
					"snd_cwnd":	777576,
					"rtt":	61416,
					"rttvar":	469,
					"pmtu":	1500,
					"omitted":	false
				}],
			"sum":	{
				"start":	0,
				"end":	1.0001089572906494,
				"seconds":	1.0001089572906494,
				"bytes":	14597848,
				"bits_per_second":	116770061.05051897,
				"retransmits":	0,
				"omitted":	false
			}
		}, {
			"streams":	[{
					"socket":	6,
					"start":	1.0001089572906494,
					"end":	2.0000958442687988,
					"seconds":	0.99998688697814941,
					"bytes":	14417920,
					"bits_per_second":	115344872.5198337,
					"retransmits":	0,
					"snd_cwnd":	1346640,
					"rtt":	106872,
					"rttvar":	476,
					"pmtu":	1500,
					"omitted":	false
				}],
			"sum":	{
				"start":	1.0001089572906494,
				"end":	2.0000958442687988,
				"seconds":	0.99998688697814941,
				"bytes":	14417920,
				"bits_per_second":	115344872.5198337,
				"retransmits":	0,
				"omitted":	false
			}
		}, {
			"streams":	[{
					"socket":	6,
					"start":	2.0000958442687988,
					"end":	3.0001709461212158,
					"seconds":	1.000075101852417,
					"bytes":	14417920,
					"bits_per_second":	115334698.15052094,
					"retransmits":	0,
					"snd_cwnd":	1941768,
					"rtt":	154592,
					"rttvar":	641,
					"pmtu":	1500,
					"omitted":	false
				}],
			"sum":	{
				"start":	2.0000958442687988,
				"end":	3.0001709461212158,
				"seconds":	1.000075101852417,
				"bytes":	14417920,
				"bits_per_second":	115334698.15052094,
				"retransmits":	0,
				"omitted":	false
			}
		}, {
			"streams":	[{
					"socket":	6,
					"start":	3.0001709461212158,
					"end":	4.0000309944152832,
					"seconds":	0.99986004829406738,
					"bytes":	13107200,
					"bits_per_second":	104872277.05407876,
					"retransmits":	0,
					"snd_cwnd":	2536896,
					"rtt":	201999,
					"rttvar":	473,
					"pmtu":	1500,
					"omitted":	false
				}],
			"sum":	{
				"start":	3.0001709461212158,
				"end":	4.0000309944152832,
				"seconds":	0.99986004829406738,
				"bytes":	13107200,
				"bits_per_second":	104872277.05407876,
				"retransmits":	0,
				"omitted":	false
			}
		}, {
			"streams":	[{
					"socket":	6,
					"start":	4.0000309944152832,
					"end":	5.0000858306884766,
					"seconds":	1.0000548362731934,
					"bytes":	13107200,
					"bits_per_second":	104851850.31529129,
					"retransmits":	0,
					"snd_cwnd":	3133472,
					"rtt":	249921,
					"rttvar":	816,
					"pmtu":	1500,
					"omitted":	false
				}],
			"sum":	{
				"start":	4.0000309944152832,
				"end":	5.0000858306884766,
				"seconds":	1.0000548362731934,
				"bytes":	13107200,
				"bits_per_second":	104851850.31529129,
				"retransmits":	0,
				"omitted":	false
			}
		}, {
			"streams":	[{
					"socket":	6,
					"start":	5.0000858306884766,
					"end":	6.0001609325408936,
					"seconds":	1.000075101852417,
					"bytes":	11796480,
					"bits_per_second":	94364753.0322444,
					"retransmits":	0,
					"snd_cwnd":	3728600,
					"rtt":	297371,
					"rttvar":	511,
					"pmtu":	1500,
					"omitted":	false
				}],
			"sum":	{
				"start":	5.0000858306884766,
				"end":	6.0001609325408936,
				"seconds":	1.000075101852417,
				"bytes":	11796480,
				"bits_per_second":	94364753.0322444,
				"retransmits":	0,
				"omitted":	false
			}
		}, {
			"streams":	[{
					"socket":	6,
					"start":	6.0001609325408936,
					"end":	7.0001039505004883,
					"seconds":	0.99994301795959473,
					"bytes":	11796480,
					"bits_per_second":	94377217.806438386,
					"retransmits":	0,
					"snd_cwnd":	4307800,
					"rtt":	343864,
					"rttvar":	676,
					"pmtu":	1500,
					"omitted":	false
				}],
			"sum":	{
				"start":	6.0001609325408936,
				"end":	7.0001039505004883,
				"seconds":	0.99994301795959473,
				"bytes":	11796480,
				"bits_per_second":	94377217.806438386,
				"retransmits":	0,
				"omitted":	false
			}
		}, {
			"streams":	[{
					"socket":	6,
					"start":	7.0001039505004883,
					"end":	8.00009799003601,
					"seconds":	0.99999403953552246,
					"bytes":	11796480,
					"bits_per_second":	94372402.503352776,
					"retransmits":	0,
					"snd_cwnd":	4904376,
					"rtt":	391265,
					"rttvar":	497,
					"pmtu":	1500,
					"omitted":	false
				}],
			"sum":	{
				"start":	7.0001039505004883,
				"end":	8.00009799003601,
				"seconds":	0.99999403953552246,
				"bytes":	11796480,
				"bits_per_second":	94372402.503352776,
				"retransmits":	0,
				"omitted":	false
			}
		}, {
			"streams":	[{
					"socket":	6,
					"start":	8.00009799003601,
					"end":	9.00009298324585,
					"seconds":	0.99999499320983887,
					"bytes":	11796480,
					"bits_per_second":	94372312.502365723,
					"retransmits":	0,
					"snd_cwnd":	5499504,
					"rtt":	439025,
					"rttvar":	489,
					"pmtu":	1500,
					"omitted":	false
				}],
			"sum":	{
				"start":	8.00009799003601,
				"end":	9.00009298324585,
				"seconds":	0.99999499320983887,
				"bytes":	11796480,
				"bits_per_second":	94372312.502365723,
				"retransmits":	0,
				"omitted":	false
			}
		}, {
			"streams":	[{
					"socket":	6,
					"start":	9.00009298324585,
					"end":	10.000049829483032,
					"seconds":	0.99995684623718262,
					"bytes":	11796480,
					"bits_per_second":	94375912.675751284,
					"retransmits":	0,
					"snd_cwnd":	6075808,
					"rtt":	485248,
					"rttvar":	749,
					"pmtu":	1500,
					"omitted":	false
				}],
			"sum":	{
				"start":	9.00009298324585,
				"end":	10.000049829483032,
				"seconds":	0.99995684623718262,
				"bytes":	11796480,
				"bits_per_second":	94375912.675751284,
				"retransmits":	0,
				"omitted":	false
			}
		}, {
			"streams":	[{
					"socket":	6,
					"start":	10.000049829483032,
					"end":	11.000072956085205,
					"seconds":	1.0000231266021729,
					"bytes":	11796480,
					"bits_per_second":	94369657.550472647,
					"retransmits":	0,
					"snd_cwnd":	6670936,
					"rtt":	531897,
					"rttvar":	370,
					"pmtu":	1500,
					"omitted":	false
				}],
			"sum":	{
				"start":	10.000049829483032,
				"end":	11.000072956085205,
				"seconds":	1.0000231266021729,
				"bytes":	11796480,
				"bits_per_second":	94369657.550472647,
				"retransmits":	0,
				"omitted":	false
			}
		}, {
			"streams":	[{
					"socket":	6,
					"start":	11.000072956085205,
					"end":	12.000099897384644,
					"seconds":	1.0000269412994385,
					"bytes":	11796480,
					"bits_per_second":	94369297.5684964,
					"retransmits":	0,
					"snd_cwnd":	7247240,
					"rtt":	610879,
					"rttvar":	409,
					"pmtu":	1500,
					"omitted":	false
				}],
			"sum":	{
				"start":	11.000072956085205,
				"end":	12.000099897384644,
				"seconds":	1.0000269412994385,
				"bytes":	11796480,
				"bits_per_second":	94369297.5684964,
				"retransmits":	0,
				"omitted":	false
			}
		}, {
			"streams":	[{
					"socket":	6,
					"start":	12.000099897384644,
					"end":	13.000077962875366,
					"seconds":	0.99997806549072266,
					"bytes":	11796480,
					"bits_per_second":	94373910.045405433,
					"retransmits":	0,
					"snd_cwnd":	5049176,
					"rtt":	529609,
					"rttvar":	2766,
					"pmtu":	1500,
					"omitted":	false
				}],