{
	"start":	{
		"connected":	[{
				"socket":	6,
				"local_host":	"192.168.10.1",
				"local_port":	39266,
				"remote_host":	"192.168.24.1",
				"remote_port":	5004
			}],
		"version":	"iperf 3.6",
		"system_info":	"Linux ba-thesis 4.19.0-23-amd64 #1 SMP Debian 4.19.269-1 (2022-12-20) x86_64",
		"timestamp":	{
			"time":	"Sat, 10 Jun 2023 15:33:47 GMT",
			"timesecs":	1686411227
		},
		"connecting_to":	{
			"host":	"h9",
			"port":	5004
		},
		"cookie":	"rmqdbkadpyawa6dknvatpth2ebtv36advpgl",
		"tcp_mss_default":	1448,
		"sock_bufsize":	0,
		"sndbuf_actual":	87380,
		"rcvbuf_actual":	87380,
		"test_start":	{
			"protocol":	"TCP",
			"num_streams":	1,
			"blksize":	131072,
			"omit":	0,
			"duration":	0,
			"bytes":	60837478,
			"blocks":	0,
			"reverse":	0,
			"tos":	0
		}
	},
	"intervals":	[{
			"streams":	[{
					"socket":	6,
					"start":	0,
					"end":	1.0000700950622559,
					"seconds":	1.0000700950622559,
					"bytes":	15937760,
					"bits_per_second":	127493143.36017898,
					"retransmits":	0,
					"snd_cwnd":	1284376,
					"rtt":	105265,
					"rttvar":	1063,
					"pmtu":	1500,
					"omitted":	false
				}],
			"sum":	{
				"start":	0,
				"end":	1.0000700950622559,
				"seconds":	1.0000700950622559,
				"bytes":	15937760,
				"bits_per_second":	127493143.36017898,
				"retransmits":	0,
				"omitted":	false
			}
		}, {
			"streams":	[{
					"socket":	6,
					"start":	1.0000700950622559,
					"end":	2.0000560283660889,
					"seconds":	0.999985933303833,
					"bytes":	14417920,
					"bits_per_second":	115344982.52282354,
					"retransmits":	0,
					"snd_cwnd":	1859232,
					"rtt":	150993,
					"rttvar":	377,
					"pmtu":	1500,
					"omitted":	false
				}],
			"sum":	{
				"start":	1.0000700950622559,
				"end":	2.0000560283660889,
				"seconds":	0.999985933303833,
				"bytes":	14417920,
				"bits_per_second":	115344982.52282354,
				"retransmits":	0,
				"omitted":	false
			}
		}, {
			"streams":	[{
					"socket":	6,
					"start":	2.0000560283660889,
					"end":	3.0000860691070557,
					"seconds":	1.0000300407409668,
					"bytes":	13107200,
					"bits_per_second":	104854450.09462549,
					"retransmits":	0,
					"snd_cwnd":	2436984,
					"rtt":	201536,
					"rttvar":	592,
					"pmtu":	1500,
					"omitted":	false
				}],
			"sum":	{
				"start":	2.0000560283660889,
				"end":	3.0000860691070557,
				"seconds":	1.0000300407409668,
				"bytes":	13107200,
				"bits_per_second":	104854450.09462549,
				"retransmits":	0,
				"omitted":	false
			}
		}, {
			"streams":	[{
					"socket":	6,
					"start":	3.0000860691070557,
					"end":	4.0000700950622559,
					"seconds":	0.9999840259552002,
					"bytes":	13107200,
					"bits_per_second":	104859275.02675696,
					"retransmits":	0,
					"snd_cwnd":	3016184,
					"rtt":	247346,
					"rttvar":	859,
					"pmtu":	1500,
					"omitted":	false
				}],
			"sum":	{
				"start":	3.0000860691070557,
				"end":	4.0000700950622559,
				"seconds":	0.9999840259552002,
				"bytes":	13107200,
				"bits_per_second":	104859275.02675696,
				"retransmits":	0,
				"omitted":	false
			}
		}, {
			"streams":	[{
					"socket":	6,
					"start":	4.0000700950622559,
					"end":	4.4045031070709229,
					"seconds":	0.404433012008667,
					"bytes":	5242880,
					"bits_per_second":	103708250.20362374,
					"retransmits":	0,
					"snd_cwnd":	3250760,
					"rtt":	266106,
					"rttvar":	553,
					"pmtu":	1500,
					"omitted":	false
				}],
			"sum":	{
				"start":	4.0000700950622559,
				"end":	4.4045031070709229,
				"seconds":	0.404433012008667,
				"bytes":	5242880,
				"bits_per_second":	103708250.20362374,
				"retransmits":	0,
				"omitted":	false
			}
		}],
	"end":	{
		"streams":	[{
				"sender":	{
					"socket":	6,
					"start":	0,
					"end":	4.4045031070709229,
					"seconds":	4.4045031070709229,
					"bytes":	61812960,
					"bits_per_second":	112272296.77875155,
					"retransmits":	0,
					"max_snd_cwnd":	3250760,
					"max_rtt":	266106,
					"min_rtt":	105265,
					"mean_rtt":	194249
				},
				"receiver":	{
					"socket":	6,
					"start":	0,
					"end":	4.70667290687561,
					"seconds":	4.4045031070709229,
					"bytes":	53037344,
					"bits_per_second":	90148340.535875171
				}
			}],
		"sum_sent":	{
			"start":	0,
			"end":	4.4045031070709229,
			"seconds":	4.4045031070709229,
			"bytes":	61812960,
			"bits_per_second":	112272296.77875155,
			"retransmits":	0
		},
		"sum_received":	{
			"start":	0,
			"end":	4.70667290687561,
			"seconds":	4.70667290687561,
			"bytes":	53037344,
			"bits_per_second":	90148340.535875171
		},
		"cpu_utilization_percent":	{
			"host_total":	1.1991203548333886,
			"host_user":	0.2620908549543704,
			"host_system":	0.93694199041158766,
			"remote_total":	0.97950446566307869,
			"remote_user":	0.28376092058168007,
			"remote_system":	0.69574354508139857
		},
		"sender_tcp_congestion":	"cubic",
		"receiver_tcp_congestion":	"cubic"
	}
}
