{
	"start":	{
		"connected":	[{
				"socket":	6,
				"local_host":	"192.168.1.2",
				"local_port":	49738,
				"remote_host":	"192.168.1.1",
				"remote_port":	5003
			}],
		"version":	"iperf 3.6",
		"system_info":	"Linux ba-thesis 4.19.0-23-amd64 #1 SMP Debian 4.19.269-1 (2022-12-20) x86_64",
		"timestamp":	{
			"time":	"Sun, 11 Jun 2023 06:15:28 GMT",
			"timesecs":	1686464128
		},
		"connecting_to":	{
			"host":	"h0",
			"port":	5003
		},
		"cookie":	"lwozszl4lbl5nlhx2pqwdphdx3bn7o77aqyo",
		"tcp_mss_default":	1448,
		"sock_bufsize":	0,
		"sndbuf_actual":	87380,
		"rcvbuf_actual":	87380,
		"test_start":	{
			"protocol":	"TCP",
			"num_streams":	1,
			"blksize":	131072,
			"omit":	0,
			"duration":	0,
			"bytes":	168927200,
			"blocks":	0,
			"reverse":	0,
			"tos":	0
		}
	},
	"intervals":	[{
			"streams":	[{
					"socket":	6,
					"start":	0,
					"end":	1.0000739097595215,
					"seconds":	1.0000739097595215,
					"bytes":	11352320,
					"bits_per_second":	90811848.118143886,
					"retransmits":	0,
					"snd_cwnd":	640016,
					"rtt":	50284,
					"rttvar":	500,
					"pmtu":	1500,
					"omitted":	false
				}],
			"sum":	{
				"start":	0,
				"end":	1.0000739097595215,
				"seconds":	1.0000739097595215,
				"bytes":	11352320,
				"bits_per_second":	90811848.118143886,
				"retransmits":	0,
				"omitted":	false
			}
		}, {
			"streams":	[{
					"socket":	6,
					"start":	1.0000739097595215,
					"end":	2.0000910758972168,
					"seconds":	1.0000171661376953,
					"bytes":	14417920,
					"bits_per_second":	115341380.03398837,
					"retransmits":	0,
					"snd_cwnd":	1233696,
					"rtt":	103425,
					"rttvar":	372,
					"pmtu":	1500,
					"omitted":	false
				}],
			"sum":	{
				"start":	1.0000739097595215,
				"end":	2.0000910758972168,
				"seconds":	1.0000171661376953,
				"bytes":	14417920,
				"bits_per_second":	115341380.03398837,
				"retransmits":	0,
				"omitted":	false
			}
		}, {
			"streams":	[{
					"socket":	6,
					"start":	2.0000910758972168,
					"end":	3.0011711120605469,
					"seconds":	1.00108003616333,
					"bytes":	13107200,
					"bits_per_second":	104744472.18213437,
					"retransmits":	0,
					"snd_cwnd":	1773800,
					"rtt":	140493,
					"rttvar":	305,
					"pmtu":	1500,
					"omitted":	false
				}],
			"sum":	{
				"start":	2.0000910758972168,
				"end":	3.0011711120605469,
				"seconds":	1.00108003616333,
				"bytes":	13107200,
				"bits_per_second":	104744472.18213437,
				"retransmits":	0,
				"omitted":	false
			}
		}, {
			"streams":	[{
					"socket":	6,
					"start":	3.0011711120605469,
					"end":	4.0000669956207275,
					"seconds":	0.99889588356018066,
					"bytes":	14417920,
					"bits_per_second":	115470853.26741251,
					"retransmits":	0,
					"snd_cwnd":	2371824,
					"rtt":	188232,
					"rttvar":	515,
					"pmtu":	1500,
					"omitted":	false
				}],
			"sum":	{
				"start":	3.0011711120605469,
				"end":	4.0000669956207275,
				"seconds":	0.99889588356018066,
				"bytes":	14417920,
				"bits_per_second":	115470853.26741251,
				"retransmits":	0,
				"omitted":	false
			}
		}, {
			"streams":	[{
					"socket":	6,
					"start":	4.0000669956207275,
					"end":	5.0000839233398438,
					"seconds":	1.0000169277191162,
					"bytes":	13107200,
					"bits_per_second":	104855825.03004619,
					"retransmits":	0,
					"snd_cwnd":	2969848,
					"rtt":	235928,
					"rttvar":	541,
					"pmtu":	1500,
					"omitted":	false
				}],
			"sum":	{
				"start":	4.0000669956207275,
				"end":	5.0000839233398438,
				"seconds":	1.0000169277191162,
				"bytes":	13107200,
				"bits_per_second":	104855825.03004619,
				"retransmits":	0,
				"omitted":	false
			}
		}, {
			"streams":	[{
					"socket":	6,
					"start":	5.0000839233398438,
					"end":	6.0000851154327393,
					"seconds":	1.0000011920928955,
					"bytes":	11796480,
					"bits_per_second":	94371727.50013411,
					"retransmits":	0,
					"snd_cwnd":	3543256,
					"rtt":	281628,
					"rttvar":	350,
					"pmtu":	1500,
					"omitted":	false
				}],
			"sum":	{
				"start":	5.0000839233398438,
				"end":	6.0000851154327393,
				"seconds":	1.0000011920928955,
				"bytes":	11796480,
				"bits_per_second":	94371727.50013411,
				"retransmits":	0,
				"omitted":	false
			}
		}, {
			"streams":	[{
					"socket":	6,
					"start":	6.0000851154327393,
					"end":	7.0000700950622559,
					"seconds":	0.9999849796295166,
					"bytes":	11796480,
					"bits_per_second":	94373257.521291688,
					"retransmits":	0,
					"snd_cwnd":	4138384,
					"rtt":	328883,
					"rttvar":	350,
					"pmtu":	1500,
					"omitted":	false
				}],
			"sum":	{
				"start":	6.0000851154327393,
				"end":	7.0000700950622559,
				"seconds":	0.9999849796295166,
				"bytes":	11796480,
				"bits_per_second":	94373257.521291688,
				"retransmits":	0,
				"omitted":	false
			}
		}, {
			"streams":	[{
					"socket":	6,
					"start":	7.0000700950622559,
					"end":	8.0000720024108887,
					"seconds":	1.0000019073486328,
					"bytes":	11796480,
					"bits_per_second":	94371660.000343323,
					"retransmits":	0,
					"snd_cwnd":	4736408,
					"rtt":	376652,
					"rttvar":	611,
					"pmtu":	1500,
					"omitted":	false
				}],
			"sum":	{
				"start":	7.0000700950622559,
				"end":	8.0000720024108887,
				"seconds":	1.0000019073486328,
				"bytes":	11796480,
				"bits_per_second":	94371660.000343323,
				"retransmits":	0,
				"omitted":	false
			}
		}, {
			"streams":	[{
					"socket":	6,
					"start":	8.0000720024108887,
					"end":	9.00012993812561,
					"seconds":	1.0000579357147217,
					"bytes":	10485760,
					"bits_per_second":	83881220.281551257,
					"retransmits":	0,
					"snd_cwnd":	5308368,
					"rtt":	421959,
					"rttvar":	306,
					"pmtu":	1500,
					"omitted":	false
				}],
			"sum":	{
				"start":	8.0000720024108887,
				"end":	9.00012993812561,
				"seconds":	1.0000579357147217,
				"bytes":	10485760,
				"bits_per_second":	83881220.281551257,
				"retransmits":	0,
				"omitted":	false
			}
		}, {
			"streams":	[{
					"socket":	6,
					"start":	9.00012993812561,
					"end":	10.000076055526733,
					"seconds":	0.999946117401123,
					"bytes":	13107200,
					"bits_per_second":	104863250.30445309,
					"retransmits":	0,
					"snd_cwnd":	5904944,
					"rtt":	469713,
					"rttvar":	358,
					"pmtu":	1500,
					"omitted":	false
				}],
			"sum":	{
				"start":	9.00012993812561,
				"end":	10.000076055526733,
				"seconds":	0.999946117401123,
				"bytes":	13107200,
				"bits_per_second":	104863250.30445309,
				"retransmits":	0,
				"omitted":	false
			}
		}, {
			"streams":	[{
					"socket":	6,
					"start":	10.000076055526733,
					"end":	11.000134944915771,
					"seconds":	1.0000588893890381,
					"bytes":	10485760,
					"bits_per_second":	83881140.290896446,
					"retransmits":	0,
					"snd_cwnd":	6487040,
					"rtt":	543401,
					"rttvar":	638,
					"pmtu":	1500,
					"omitted":	false
				}],
			"sum":	{
				"start":	10.000076055526733,
				"end":	11.000134944915771,
				"seconds":	1.0000588893890381,
				"bytes":	10485760,
				"bits_per_second":	83881140.290896446,
				"retransmits":	0,
				"omitted":	false
			}
		}, {
			"streams":	[{
					"socket":	6,
					"start":	11.000134944915771,
					"end":	12.000155925750732,
					"seconds":	1.0000209808349609,
					"bytes":	11796480,
					"bits_per_second":	94369860.041541189,
					"retransmits":	0,
					"snd_cwnd":	7085064,
					"rtt":	563609,
					"rttvar":	310,
					"pmtu":	1500,
					"omitted":	false
				}],
			"sum":	{
				"start":	11.000134944915771,
				"end":	12.000155925750732,
				"seconds":	1.0000209808349609,
				"bytes":	11796480,
				"bits_per_second":	94369860.041541189,
				"retransmits":	0,
				"omitted":	false
			}
		}, {
			"streams":	[{
					"socket":	6,
					"start":	12.000155925750732,
					"end":	13.000071048736572,
					"seconds":	0.99991512298583984,
					"bytes":	13107200,
					"bits_per_second":	104866500.75546955,
					"retransmits":	0,
					"snd_cwnd":	7681640,
					"rtt":	611254,
					"rttvar":	557,
					"pmtu":	1500,
					"omitted":	false
				}],