{
	"start":	{
		"connected":	[{
				"socket":	6,
				"local_host":	"192.168.3.1",
				"local_port":	49810,
				"remote_host":	"192.168.3.2",
				"remote_port":	5001
			}],
		"version":	"iperf 3.6",
		"system_info":	"Linux ba-thesis 4.19.0-23-amd64 #1 SMP Debian 4.19.269-1 (2022-12-20) x86_64",
		"timestamp":	{
			"time":	"Tue, 13 Jun 2023 03:29:12 GMT",
			"timesecs":	1686626952
		},
		"connecting_to":	{
			"host":	"h0",
			"port":	5001
		},
		"cookie":	"pk6os4rtycswyrifnjhdhmaquubklsdcilv4",
		"tcp_mss_default":	1448,
		"sock_bufsize":	0,
		"sndbuf_actual":	87380,
		"rcvbuf_actual":	87380,
		"test_start":	{
			"protocol":	"TCP",
			"num_streams":	1,
			"blksize":	131072,
			"omit":	0,
			"duration":	0,
			"bytes":	245165056,
			"blocks":	0,
			"reverse":	0,
			"tos":	0
		}
	},
	"intervals":	[{
			"streams":	[{
					"socket":	6,
					"start":	0,
					"end":	1.0002310276031494,
					"seconds":	1.0002310276031494,
					"bytes":	15666752,
					"bits_per_second":	125305067.07069218,
					"retransmits":	0,
					"snd_cwnd":	792056,
					"rtt":	62323,
					"rttvar":	685,
					"pmtu":	1500,
					"omitted":	false
				}],
			"sum":	{
				"start":	0,
				"end":	1.0002310276031494,
				"seconds":	1.0002310276031494,
				"bytes":	15666752,
				"bits_per_second":	125305067.07069218,
				"retransmits":	0,
				"omitted":	false
			}
		}, {
			"streams":	[{
					"socket":	6,
					"start":	1.0002310276031494,
					"end":	2.0002851486206055,
					"seconds":	1.0000541210174561,
					"bytes":	14417920,
					"bits_per_second":	115337117.83783217,
					"retransmits":	0,
					"snd_cwnd":	1390080,
					"rtt":	109882,
					"rttvar":	460,
					"pmtu":	1500,
					"omitted":	false
				}],
			"sum":	{
				"start":	1.0002310276031494,
				"end":	2.0002851486206055,
				"seconds":	1.0000541210174561,
				"bytes":	14417920,
				"bits_per_second":	115337117.83783217,
				"retransmits":	0,
				"omitted":	false
			}
		}, {
			"streams":	[{
					"socket":	6,
					"start":	2.0002851486206055,
					"end":	3.0001029968261719,
					"seconds":	0.99981784820556641,
					"bytes":	13107200,
					"bits_per_second":	104876703.47973311,
					"retransmits":	0,
					"snd_cwnd":	1988104,
					"rtt":	157662,
					"rttvar":	586,
					"pmtu":	1500,
					"omitted":	false
				}],
			"sum":	{
				"start":	2.0002851486206055,
				"end":	3.0001029968261719,
				"seconds":	0.99981784820556641,
				"bytes":	13107200,
				"bits_per_second":	104876703.47973311,
				"retransmits":	0,
				"omitted":	false
			}
		}, {
			"streams":	[{
					"socket":	6,
					"start":	3.0001029968261719,
					"end":	4.0000419616699219,
					"seconds":	0.99993896484375,
					"bytes":	14417920,
					"bits_per_second":	115350400.42971373,
					"retransmits":	0,
					"snd_cwnd":	2586128,
					"rtt":	205255,
					"rttvar":	623,
					"pmtu":	1500,
					"omitted":	false
				}],
			"sum":	{
				"start":	3.0001029968261719,
				"end":	4.0000419616699219,
				"seconds":	0.99993896484375,
				"bytes":	14417920,
				"bits_per_second":	115350400.42971373,
				"retransmits":	0,
				"omitted":	false
			}
		}, {
			"streams":	[{
					"socket":	6,
					"start":	4.0000419616699219,
					"end":	5.0000669956207275,
					"seconds":	1.0000250339508057,
					"bytes":	13107200,
					"bits_per_second":	104854975.06571248,
					"retransmits":	0,
					"snd_cwnd":	3182704,
					"rtt":	252753,
					"rttvar":	433,
					"pmtu":	1500,
					"omitted":	false
				}],
			"sum":	{
				"start":	4.0000419616699219,
				"end":	5.0000669956207275,
				"seconds":	1.0000250339508057,
				"bytes":	13107200,
				"bits_per_second":	104854975.06571248,
				"retransmits":	0,
				"omitted":	false
			}
		}, {
			"streams":	[{
					"socket":	6,
					"start":	5.0000669956207275,
					"end":	6.0000841617584229,
					"seconds":	1.0000171661376953,
					"bytes":	11796480,
					"bits_per_second":	94370220.027808666,
					"retransmits":	0,
					"snd_cwnd":	3780728,
					"rtt":	300514,
					"rttvar":	524,
					"pmtu":	1500,
					"omitted":	false
				}],
			"sum":	{
				"start":	5.0000669956207275,
				"end":	6.0000841617584229,
				"seconds":	1.0000171661376953,
				"bytes":	11796480,
				"bits_per_second":	94370220.027808666,
				"retransmits":	0,
				"omitted":	false
			}
		}, {
			"streams":	[{
					"socket":	6,
					"start":	6.0000841617584229,
					"end":	7.0000951290130615,
					"seconds":	1.0000109672546387,
					"bytes":	11796480,
					"bits_per_second":	94370805.011350989,
					"retransmits":	0,
					"snd_cwnd":	4378752,
					"rtt":	347916,
					"rttvar":	566,
					"pmtu":	1500,
					"omitted":	false
				}],
			"sum":	{
				"start":	6.0000841617584229,
				"end":	7.0000951290130615,
				"seconds":	1.0000109672546387,
				"bytes":	11796480,
				"bits_per_second":	94370805.011350989,
				"retransmits":	0,
				"omitted":	false
			}
		}, {
			"streams":	[{
					"socket":	6,
					"start":	7.0000951290130615,
					"end":	8.0001051425933838,
					"seconds":	1.0000100135803223,
					"bytes":	11796480,
					"bits_per_second":	94370895.009462744,
					"retransmits":	0,
					"snd_cwnd":	4976776,
					"rtt":	395571,
					"rttvar":	306,
					"pmtu":	1500,
					"omitted":	false
				}],
			"sum":	{
				"start":	7.0000951290130615,
				"end":	8.0001051425933838,
				"seconds":	1.0000100135803223,
				"bytes":	11796480,
				"bits_per_second":	94370895.009462744,
				"retransmits":	0,
				"omitted":	false
			}
		}, {
			"streams":	[{
					"socket":	6,
					"start":	8.0001051425933838,
					"end":	9.0001161098480225,
					"seconds":	1.0000109672546387,
					"bytes":	11796480,
					"bits_per_second":	94370805.011350989,
					"retransmits":	0,
					"snd_cwnd":	5573352,
					"rtt":	443325,
					"rttvar":	547,
					"pmtu":	1500,
					"omitted":	false
				}],
			"sum":	{
				"start":	8.0001051425933838,
				"end":	9.0001161098480225,
				"seconds":	1.0000109672546387,
				"bytes":	11796480,
				"bits_per_second":	94370805.011350989,
				"retransmits":	0,
				"omitted":	false
			}
		}, {
			"streams":	[{
					"socket":	6,
					"start":	9.0001161098480225,
					"end":	10.000133991241455,
					"seconds":	1.0000178813934326,
					"bytes":	11796480,
					"bits_per_second":	94370152.530174315,
					"retransmits":	0,
					"snd_cwnd":	6171376,
					"rtt":	491233,
					"rttvar":	555,
					"pmtu":	1500,
					"omitted":	false
				}],
			"sum":	{
				"start":	9.0001161098480225,
				"end":	10.000133991241455,
				"seconds":	1.0000178813934326,
				"bytes":	11796480,
				"bits_per_second":	94370152.530174315,
				"retransmits":	0,
				"omitted":	false
			}
		}, {
			"streams":	[{
					"socket":	6,
					"start":	10.000133991241455,
					"end":	11.000147104263306,
					"seconds":	1.0000131130218506,
					"bytes":	11796480,
					"bits_per_second":	94370602.516227156,
					"retransmits":	0,
					"snd_cwnd":	6769400,
					"rtt":	538434,
					"rttvar":	271,
					"pmtu":	1500,
					"omitted":	false
				}],
			"sum":	{
				"start":	10.000133991241455,
				"end":	11.000147104263306,
				"seconds":	1.0000131130218506,
				"bytes":	11796480,
				"bits_per_second":	94370602.516227156,
				"retransmits":	0,
				"omitted":	false
			}
		}, {
			"streams":	[{
					"socket":	6,
					"start":	11.000147104263306,
					"end":	12.170212984085083,
					"seconds":	1.1700658798217773,
					"bytes":	11796480,
					"bits_per_second":	80655150.81456317,
					"retransmits":	0,
					"snd_cwnd":	7345704,
					"rtt":	584419,
					"rttvar":	409,
					"pmtu":	1500,
					"omitted":	false
				}],
			"sum":	{
				"start":	11.000147104263306,
				"end":	12.170212984085083,
				"seconds":	1.1700658798217773,
				"bytes":	11796480,
				"bits_per_second":	80655150.81456317,
				"retransmits":	0,
				"omitted":	false
			}
		}, {
			"streams":	[{
					"socket":	6,
					"start":	12.170212984085083,
					"end":	13.000071048736572,
					"seconds":	0.82985806465148926,
					"bytes":	10485760,
					"bits_per_second":	101084852.42621478,
					"retransmits":	0,
					"snd_cwnd":	7842368,
					"rtt":	624659,
					"rttvar":	682,
					"pmtu":	1500,