{
	"start":	{
		"connected":	[{
				"socket":	6,
				"local_host":	"192.168.6.1",
				"local_port":	55574,
				"remote_host":	"192.168.6.2",
				"remote_port":	5008
			}],
		"version":	"iperf 3.6",
		"system_info":	"Linux ba-thesis 4.19.0-23-amd64 #1 SMP Debian 4.19.269-1 (2022-12-20) x86_64",
		"timestamp":	{
			"time":	"Tue, 13 Jun 2023 03:28:16 GMT",
			"timesecs":	1686626896
		},
		"connecting_to":	{
			"host":	"h1",
			"port":	5008
		},
		"cookie":	"725mfur3oq7v4nbgc72v5zklwdp5he5c4hmr",
		"tcp_mss_default":	1448,
		"sock_bufsize":	0,
		"sndbuf_actual":	87380,
		"rcvbuf_actual":	87380,
		"test_start":	{
			"protocol":	"TCP",
			"num_streams":	1,
			"blksize":	131072,
			"omit":	0,
			"duration":	0,
			"bytes":	73016320,
			"blocks":	0,
			"reverse":	0,
			"tos":	0
		}
	},
	"intervals":	[{
			"streams":	[{
					"socket":	6,
					"start":	0,
					"end":	1.0001051425933838,
					"seconds":	1.0001051425933838,
					"bytes":	15284480,
					"bits_per_second":	122262984.95268723,
					"retransmits":	0,
					"snd_cwnd":	797848,
					"rtt":	62853,
					"rttvar":	571,
					"pmtu":	1500,
					"omitted":	false
				}],
			"sum":	{
				"start":	0,
				"end":	1.0001051425933838,
				"seconds":	1.0001051425933838,
				"bytes":	15284480,
				"bits_per_second":	122262984.95268723,
				"retransmits":	0,
				"omitted":	false
			}
		}, {
			"streams":	[{
					"socket":	6,
					"start":	1.0001051425933838,
					"end":	2.0000920295715332,
					"seconds":	0.99998688697814941,
					"bytes":	14417920,
					"bits_per_second":	115344872.5198337,
					"retransmits":	0,
					"snd_cwnd":	1395872,
					"rtt":	110558,
					"rttvar":	551,
					"pmtu":	1500,
					"omitted":	false
				}],
			"sum":	{
				"start":	1.0001051425933838,
				"end":	2.0000920295715332,
				"seconds":	0.99998688697814941,
				"bytes":	14417920,
				"bits_per_second":	115344872.5198337,
				"retransmits":	0,
				"omitted":	false
			}
		}, {
			"streams":	[{
					"socket":	6,
					"start":	2.0000920295715332,
					"end":	3.0000832080841064,
					"seconds":	0.99999117851257324,
					"bytes":	14417920,
					"bits_per_second":	115344377.50897594,
					"retransmits":	0,
					"snd_cwnd":	1993896,
					"rtt":	158091,
					"rttvar":	520,
					"pmtu":	1500,
					"omitted":	false
				}],
			"sum":	{
				"start":	2.0000920295715332,
				"end":	3.0000832080841064,
				"seconds":	0.99999117851257324,
				"bytes":	14417920,
				"bits_per_second":	115344377.50897594,
				"retransmits":	0,
				"omitted":	false
			}
		}, {
			"streams":	[{
					"socket":	6,
					"start":	3.0000832080841064,
					"end":	4.0005290508270264,
					"seconds":	1.00044584274292,
					"bytes":	14417920,
					"bits_per_second":	115291957.91724557,
					"retransmits":	0,
					"snd_cwnd":	2591920,
					"rtt":	205765,
					"rttvar":	343,
					"pmtu":	1500,
					"omitted":	false
				}],
			"sum":	{
				"start":	3.0000832080841064,
				"end":	4.0005290508270264,
				"seconds":	1.00044584274292,
				"bytes":	14417920,
				"bits_per_second":	115291957.91724557,
				"retransmits":	0,
				"omitted":	false
			}
		}, {
			"streams":	[{
					"socket":	6,
					"start":	4.0005290508270264,
					"end":	5.0000801086425781,
					"seconds":	0.99955105781555176,
					"bytes":	11796480,
					"bits_per_second":	94414226.529100969,
					"retransmits":	0,
					"snd_cwnd":	3188496,
					"rtt":	253165,
					"rttvar":	522,
					"pmtu":	1500,
					"omitted":	false
				}],
			"sum":	{
				"start":	4.0005290508270264,
				"end":	5.0000801086425781,
				"seconds":	0.99955105781555176,
				"bytes":	11796480,
				"bits_per_second":	94414226.529100969,
				"retransmits":	0,
				"omitted":	false
			}
		}, {
			"streams":	[{
					"socket":	6,
					"start":	5.0000801086425781,
					"end":	5.248054027557373,
					"seconds":	0.24797391891479492,
					"bytes":	3932160,
					"bits_per_second":	126857211.99094683,
					"retransmits":	0,
					"snd_cwnd":	3336192,
					"rtt":	265000,
					"rttvar":	527,
					"pmtu":	1500,
					"omitted":	false
				}],
			"sum":	{
				"start":	5.0000801086425781,
				"end":	5.248054027557373,
				"seconds":	0.24797391891479492,
				"bytes":	3932160,
				"bits_per_second":	126857211.99094683,
				"retransmits":	0,
				"omitted":	false
			}
		}],
	"end":	{
		"streams":	[{
				"sender":	{
					"socket":	6,
					"start":	0,
					"end":	5.248054027557373,
					"seconds":	5.248054027557373,
					"bytes":	74266880,
					"bits_per_second":	113210541.827545,
					"retransmits":	0,
					"max_snd_cwnd":	3336192,
					"max_rtt":	265000,
					"min_rtt":	62853,
					"mean_rtt":	175905
				},
				"receiver":	{
					"socket":	6,
					"start":	0,
					"end":	5.5556099414825439,
					"seconds":	5.248054027557373,
					"bytes":	65579920,
					"bits_per_second":	94434160.3399171
				}
			}],
		"sum_sent":	{
			"start":	0,
			"end":	5.248054027557373,
			"seconds":	5.248054027557373,
			"bytes":	74266880,
			"bits_per_second":	113210541.827545,
			"retransmits":	0
		},
		"sum_received":	{
			"start":	0,
			"end":	5.5556099414825439,
			"seconds":	5.5556099414825439,
			"bytes":	65579920,
			"bits_per_second":	94434160.3399171
		},
		"cpu_utilization_percent":	{
			"host_total":	1.0273119499136321,
			"host_user":	0.11284252575121918,
			"host_system":	0.91443218854922981,
			"remote_total":	0.40379409154757623,
			"remote_user":	0.151537775009848,
			"remote_system":	0.25225631653772818
		},
		"sender_tcp_congestion":	"cubic",
		"receiver_tcp_congestion":	"cubic"
	}
}
