{
	"start":	{
		"connected":	[{
				"socket":	6,
				"local_host":	"192.168.20.1",
				"local_port":	42180,
				"remote_host":	"192.168.20.2",
				"remote_port":	5010
			}],
		"version":	"iperf 3.6",
		"system_info":	"Linux ba-thesis 4.19.0-23-amd64 #1 SMP Debian 4.19.269-1 (2022-12-20) x86_64",
		"timestamp":	{
			"time":	"Mon, 05 Jun 2023 18:30:16 GMT",
			"timesecs":	1685989816
		},
		"connecting_to":	{
			"host":	"h5",
			"port":	5010
		},
		"cookie":	"rdgfpteyfzqremd3xusvhchfswcfxxnt3fez",
		"tcp_mss_default":	1448,
		"sock_bufsize":	0,
		"sndbuf_actual":	87380,
		"rcvbuf_actual":	87380,
		"test_start":	{
			"protocol":	"TCP",
			"num_streams":	1,
			"blksize":	131072,
			"omit":	0,
			"duration":	0,
			"bytes":	149041793,
			"blocks":	0,
			"reverse":	0,
			"tos":	0
		}
	},
	"intervals":	[{
			"streams":	[{
					"socket":	6,
					"start":	0,
					"end":	1.0001120567321777,
					"seconds":	1.0001120567321777,
					"bytes":	15614344,
					"bits_per_second":	124900756.02943282,
					"retransmits":	0,
					"snd_cwnd":	770336,
					"rtt":	60720,
					"rttvar":	503,
					"pmtu":	1500,
					"omitted":	false
				}],
			"sum":	{
				"start":	0,
				"end":	1.0001120567321777,
				"seconds":	1.0001120567321777,
				"bytes":	15614344,
				"bits_per_second":	124900756.02943282,
				"retransmits":	0,
				"omitted":	false
			}
		}, {
			"streams":	[{
					"socket":	6,
					"start":	1.0001120567321777,
					"end":	2.0000820159912109,
					"seconds":	0.9999699592590332,
					"bytes":	13107200,
					"bits_per_second":	104860750.09463118,
					"retransmits":	0,
					"snd_cwnd":	1340848,
					"rtt":	106173,
					"rttvar":	651,
					"pmtu":	1500,
					"omitted":	false
				}],
			"sum":	{
				"start":	1.0001120567321777,
				"end":	2.0000820159912109,
				"seconds":	0.9999699592590332,
				"bytes":	13107200,
				"bits_per_second":	104860750.09463118,
				"retransmits":	0,
				"omitted":	false
			}
		}, {
			"streams":	[{
					"socket":	6,
					"start":	2.0000820159912109,
					"end":	3.0000839233398438,
					"seconds":	1.0000019073486328,
					"bytes":	14417920,
					"bits_per_second":	115343140.00041962,
					"retransmits":	0,
					"snd_cwnd":	1938872,
					"rtt":	153501,
					"rttvar":	275,
					"pmtu":	1500,
					"omitted":	false
				}],
			"sum":	{
				"start":	2.0000820159912109,
				"end":	3.0000839233398438,
				"seconds":	1.0000019073486328,
				"bytes":	14417920,
				"bits_per_second":	115343140.00041962,
				"retransmits":	0,
				"omitted":	false
			}
		}, {
			"streams":	[{
					"socket":	6,
					"start":	3.0000839233398438,
					"end":	4.0000410079956055,
					"seconds":	0.99995708465576172,
					"bytes":	14417920,
					"bits_per_second":	115348310.21244007,
					"retransmits":	0,
					"snd_cwnd":	2535448,
					"rtt":	201321,
					"rttvar":	519,
					"pmtu":	1500,
					"omitted":	false
				}],
			"sum":	{
				"start":	3.0000839233398438,
				"end":	4.0000410079956055,
				"seconds":	0.99995708465576172,
				"bytes":	14417920,
				"bits_per_second":	115348310.21244007,
				"retransmits":	0,
				"omitted":	false
			}
		}, {
			"streams":	[{
					"socket":	6,
					"start":	4.0000410079956055,
					"end":	5.0000648498535156,
					"seconds":	1.0000238418579102,
					"bytes":	13107200,
					"bits_per_second":	104855100.05960323,
					"retransmits":	0,
					"snd_cwnd":	3133472,
					"rtt":	249462,
					"rttvar":	645,
					"pmtu":	1500,
					"omitted":	false
				}],
			"sum":	{
				"start":	4.0000410079956055,
				"end":	5.0000648498535156,
				"seconds":	1.0000238418579102,
				"bytes":	13107200,
				"bits_per_second":	104855100.05960323,
				"retransmits":	0,
				"omitted":	false
			}
		}, {
			"streams":	[{
					"socket":	6,
					"start":	5.0000648498535156,
					"end":	6.0000560283660889,
					"seconds":	0.99999117851257324,
					"bytes":	11796480,
					"bits_per_second":	94372672.507343948,
					"retransmits":	0,
					"snd_cwnd":	3725704,
					"rtt":	300148,
					"rttvar":	551,
					"pmtu":	1500,
					"omitted":	false
				}],
			"sum":	{
				"start":	5.0000648498535156,
				"end":	6.0000560283660889,
				"seconds":	0.99999117851257324,
				"bytes":	11796480,
				"bits_per_second":	94372672.507343948,
				"retransmits":	0,
				"omitted":	false
			}
		}, {
			"streams":	[{
					"socket":	6,
					"start":	6.0000560283660889,
					"end":	7.0000810623168945,
					"seconds":	1.0000250339508057,
					"bytes":	11796480,
					"bits_per_second":	94369477.559141234,
					"retransmits":	0,
					"snd_cwnd":	4313592,
					"rtt":	348674,
					"rttvar":	1327,
					"pmtu":	1500,
					"omitted":	false
				}],
			"sum":	{
				"start":	6.0000560283660889,
				"end":	7.0000810623168945,
				"seconds":	1.0000250339508057,
				"bytes":	11796480,
				"bits_per_second":	94369477.559141234,
				"retransmits":	0,
				"omitted":	false
			}
		}, {
			"streams":	[{
					"socket":	6,
					"start":	7.0000810623168945,
					"end":	8.000114917755127,
					"seconds":	1.0000338554382324,
					"bytes":	10485760,
					"bits_per_second":	83883240.0961462,
					"retransmits":	0,
					"snd_cwnd":	4891344,
					"rtt":	416252,
					"rttvar":	472,
					"pmtu":	1500,
					"omitted":	false
				}],
			"sum":	{
				"start":	7.0000810623168945,
				"end":	8.000114917755127,
				"seconds":	1.0000338554382324,
				"bytes":	10485760,
				"bits_per_second":	83883240.0961462,
				"retransmits":	0,
				"omitted":	false
			}
		}, {
			"streams":	[{
					"socket":	6,
					"start":	8.000114917755127,
					"end":	9.000114917755127,
					"seconds":	1,
					"bytes":	11796480,
					"bits_per_second":	94371840,
					"retransmits":	0,
					"snd_cwnd":	5479232,
					"rtt":	443325,
					"rttvar":	500,
					"pmtu":	1500,
					"omitted":	false
				}],
			"sum":	{
				"start":	8.000114917755127,
				"end":	9.000114917755127,
				"seconds":	1,
				"bytes":	11796480,
				"bits_per_second":	94371840,
				"retransmits":	0,
				"omitted":	false
			}
		}, {
			"streams":	[{
					"socket":	6,
					"start":	9.000114917755127,
					"end":	10.000107049942017,
					"seconds":	0.99999213218688965,
					"bytes":	11796480,
					"bits_per_second":	94372582.5058419,
					"retransmits":	0,
					"snd_cwnd":	6067120,
					"rtt":	490944,
					"rttvar":	368,
					"pmtu":	1500,
					"omitted":	false
				}],
			"sum":	{
				"start":	9.000114917755127,
				"end":	10.000107049942017,
				"seconds":	0.99999213218688965,
				"bytes":	11796480,
				"bits_per_second":	94372582.5058419,
				"retransmits":	0,
				"omitted":	false
			}
		}, {
			"streams":	[{
					"socket":	6,
					"start":	10.000107049942017,
					"end":	11.000102043151855,
					"seconds":	0.99999499320983887,
					"bytes":	11796480,
					"bits_per_second":	94372312.502365723,
					"retransmits":	0,
					"snd_cwnd":	6653560,
					"rtt":	538966,
					"rttvar":	348,
					"pmtu":	1500,
					"omitted":	false
				}],
			"sum":	{
				"start":	10.000107049942017,
				"end":	11.000102043151855,
				"seconds":	0.99999499320983887,
				"bytes":	11796480,
				"bits_per_second":	94372312.502365723,
				"retransmits":	0,
				"omitted":	false
			}
		}, {
			"streams":	[{
					"socket":	6,
					"start":	11.000102043151855,
					"end":	11.755085945129395,
					"seconds":	0.75498390197753906,
					"bytes":	9175040,
					"bits_per_second":	97221039.823155954,
					"retransmits":	0,
					"snd_cwnd":	7074928,
					"rtt":	614513,
					"rttvar":	609,
					"pmtu":	1500,
					"omitted":	false
				}],
			"sum":	{
				"start":	11.000102043151855,
				"end":	11.755085945129395,
				"seconds":	0.75498390197753906,
				"bytes":	9175040,
				"bits_per_second":	97221039.823155954,
				"retransmits":	0,
				"omitted":	false
			}
		}],
	"end":	{
		"streams":	[{
				"sender":	{
					"socket":	6,
					"start":	0,
					"end":	11.755085945129395,
					"seconds":	11.755085945129395,
					"bytes":	149307784,
					"bits_per_second":	101612381.02175798,
					"retransmits":	0,
					"max_snd_cwnd":	7074928,
					"max_rtt":	614513,
					"min_rtt":	60720,
					"mean_rtt":	326999
				},
				"receiver":	{
					"socket":	6,