{
	"start":	{
		"connected":	[{
				"socket":	6,
				"local_host":	"192.168.1.1",
				"local_port":	59588,
				"remote_host":	"192.168.1.2",
				"remote_port":	5003
			}],
		"version":	"iperf 3.6",
		"system_info":	"Linux ba-thesis 4.19.0-23-amd64 #1 SMP Debian 4.19.269-1 (2022-12-20) x86_64",
		"timestamp":	{
			"time":	"Sun, 11 Jun 2023 03:33:55 GMT",
			"timesecs":	1686454435
		},
		"connecting_to":	{
			"host":	"h0",
			"port":	5003
		},
		"cookie":	"fk3gwgxzewr6d6awhca3mguv7hn7jklxony3",
		"tcp_mss_default":	1448,
		"sock_bufsize":	0,
		"sndbuf_actual":	87380,
		"rcvbuf_actual":	87380,
		"test_start":	{
			"protocol":	"TCP",
			"num_streams":	1,
			"blksize":	131072,
			"omit":	0,
			"duration":	0,
			"bytes":	168927200,
			"blocks":	0,
			"reverse":	0,
			"tos":	0
		}
	},
	"intervals":	[{
			"streams":	[{
					"socket":	6,
					"start":	0,
					"end":	1.0000691413879395,
					"seconds":	1.0000691413879395,
					"bytes":	15284480,
					"bits_per_second":	122267386.26321404,
					"retransmits":	0,
					"snd_cwnd":	796400,
					"rtt":	62683,
					"rttvar":	440,
					"pmtu":	1500,
					"omitted":	false
				}],
			"sum":	{
				"start":	0,
				"end":	1.0000691413879395,
				"seconds":	1.0000691413879395,
				"bytes":	15284480,
				"bits_per_second":	122267386.26321404,
				"retransmits":	0,
				"omitted":	false
			}
		}, {
			"streams":	[{
					"socket":	6,
					"start":	1.0000691413879395,
					"end":	2.0000779628753662,
					"seconds":	1.0000088214874268,
					"bytes":	14417920,
					"bits_per_second":	115342342.50897579,
					"retransmits":	0,
					"snd_cwnd":	1392976,
					"rtt":	110462,
					"rttvar":	474,
					"pmtu":	1500,
					"omitted":	false
				}],
			"sum":	{
				"start":	1.0000691413879395,
				"end":	2.0000779628753662,
				"seconds":	1.0000088214874268,
				"bytes":	14417920,
				"bits_per_second":	115342342.50897579,
				"retransmits":	0,
				"omitted":	false
			}
		}, {
			"streams":	[{
					"socket":	6,
					"start":	2.0000779628753662,
					"end":	3.0000479221343994,
					"seconds":	0.9999699592590332,
					"bytes":	14417920,
					"bits_per_second":	115346825.1040943,
					"retransmits":	0,
					"snd_cwnd":	1986656,
					"rtt":	157966,
					"rttvar":	675,
					"pmtu":	1500,
					"omitted":	false
				}],
			"sum":	{
				"start":	2.0000779628753662,
				"end":	3.0000479221343994,
				"seconds":	0.9999699592590332,
				"bytes":	14417920,
				"bits_per_second":	115346825.1040943,
				"retransmits":	0,
				"omitted":	false
			}
		}, {
			"streams":	[{
					"socket":	6,
					"start":	3.0000479221343994,
					"end":	4.0001389980316162,
					"seconds":	1.0000910758972168,
					"bytes":	13107200,
					"bits_per_second":	104848050.8696956,
					"retransmits":	0,
					"snd_cwnd":	2581784,
					"rtt":	205198,
					"rttvar":	241,
					"pmtu":	1500,
					"omitted":	false
				}],
			"sum":	{
				"start":	3.0000479221343994,
				"end":	4.0001389980316162,
				"seconds":	1.0000910758972168,
				"bytes":	13107200,
				"bits_per_second":	104848050.8696956,
				"retransmits":	0,
				"omitted":	false
			}
		}, {
			"streams":	[{
					"socket":	6,
					"start":	4.0001389980316162,
					"end":	5.0001959800720215,
					"seconds":	1.0000569820404053,
					"bytes":	13107200,
					"bits_per_second":	104851625.34044829,
					"retransmits":	0,
					"snd_cwnd":	3179808,
					"rtt":	253080,
					"rttvar":	540,
					"pmtu":	1500,
					"omitted":	false
				}],
			"sum":	{
				"start":	4.0001389980316162,
				"end":	5.0001959800720215,
				"seconds":	1.0000569820404053,
				"bytes":	13107200,
				"bits_per_second":	104851625.34044829,
				"retransmits":	0,
				"omitted":	false
			}
		}, {
			"streams":	[{
					"socket":	6,
					"start":	5.0001959800720215,
					"end":	6.0001199245452881,
					"seconds":	0.9999239444732666,
					"bytes":	11796480,
					"bits_per_second":	94379018.045930058,
					"retransmits":	0,
					"snd_cwnd":	3776384,
					"rtt":	300724,
					"rttvar":	614,
					"pmtu":	1500,
					"omitted":	false
				}],
			"sum":	{
				"start":	5.0001959800720215,
				"end":	6.0001199245452881,
				"seconds":	0.9999239444732666,
				"bytes":	11796480,
				"bits_per_second":	94379018.045930058,
				"retransmits":	0,
				"omitted":	false
			}
		}, {
			"streams":	[{
					"socket":	6,
					"start":	6.0001199245452881,
					"end":	7.0000970363616943,
					"seconds":	0.99997711181640625,
					"bytes":	11796480,
					"bits_per_second":	94374000.049439609,
					"retransmits":	0,
					"snd_cwnd":	4359928,
					"rtt":	347501,
					"rttvar":	472,
					"pmtu":	1500,
					"omitted":	false
				}],
			"sum":	{
				"start":	6.0001199245452881,
				"end":	7.0000970363616943,
				"seconds":	0.99997711181640625,
				"bytes":	11796480,
				"bits_per_second":	94374000.049439609,
				"retransmits":	0,
				"omitted":	false
			}
		}, {
			"streams":	[{
					"socket":	6,
					"start":	7.0000970363616943,
					"end":	8.0001559257507324,
					"seconds":	1.0000588893890381,
					"bytes":	11796480,
					"bits_per_second":	94366282.827258512,
					"retransmits":	0,
					"snd_cwnd":	4957952,
					"rtt":	395313,
					"rttvar":	388,
					"pmtu":	1500,
					"omitted":	false
				}],
			"sum":	{
				"start":	7.0000970363616943,
				"end":	8.0001559257507324,
				"seconds":	1.0000588893890381,
				"bytes":	11796480,
				"bits_per_second":	94366282.827258512,
				"retransmits":	0,
				"omitted":	false
			}
		}, {
			"streams":	[{
					"socket":	6,
					"start":	8.0001559257507324,
					"end":	9.0001001358032227,
					"seconds":	0.99994421005249023,
					"bytes":	11796480,
					"bits_per_second":	94377105.293750465,
					"retransmits":	0,
					"snd_cwnd":	5545840,
					"rtt":	441561,
					"rttvar":	432,
					"pmtu":	1500,
					"omitted":	false
				}],
			"sum":	{
				"start":	8.0001559257507324,
				"end":	9.0001001358032227,
				"seconds":	0.99994421005249023,
				"bytes":	11796480,
				"bits_per_second":	94377105.293750465,
				"retransmits":	0,
				"omitted":	false
			}
		}, {
			"streams":	[{
					"socket":	6,
					"start":	9.0001001358032227,
					"end":	10.00007700920105,
					"seconds":	0.99997687339782715,
					"bytes":	11796480,
					"bits_per_second":	94374022.550474972,
					"retransmits":	0,
					"snd_cwnd":	6136624,
					"rtt":	497601,
					"rttvar":	296,
					"pmtu":	1500,
					"omitted":	false
				}],
			"sum":	{
				"start":	9.0001001358032227,
				"end":	10.00007700920105,
				"seconds":	0.99997687339782715,
				"bytes":	11796480,
				"bits_per_second":	94374022.550474972,
				"retransmits":	0,
				"omitted":	false
			}
		}, {
			"streams":	[{
					"socket":	6,
					"start":	10.00007700920105,
					"end":	11.000107049942017,
					"seconds":	1.0000300407409668,
					"bytes":	11796480,
					"bits_per_second":	94369005.085162938,
					"retransmits":	0,
					"snd_cwnd":	6733200,
					"rtt":	536419,
					"rttvar":	211,
					"pmtu":	1500,
					"omitted":	false
				}],
			"sum":	{
				"start":	10.00007700920105,
				"end":	11.000107049942017,
				"seconds":	1.0000300407409668,
				"bytes":	11796480,
				"bits_per_second":	94369005.085162938,
				"retransmits":	0,
				"omitted":	false
			}
		}, {
			"streams":	[{
					"socket":	6,
					"start":	11.000107049942017,
					"end":	12.000149011611938,
					"seconds":	1.0000419616699219,
					"bytes":	11796480,
					"bits_per_second":	94367880.166161239,
					"retransmits":	0,
					"snd_cwnd":	7331224,
					"rtt":	584394,
					"rttvar":	542,
					"pmtu":	1500,
					"omitted":	false
				}],
			"sum":	{
				"start":	11.000107049942017,
				"end":	12.000149011611938,
				"seconds":	1.0000419616699219,
				"bytes":	11796480,
				"bits_per_second":	94367880.166161239,
				"retransmits":	0,
				"omitted":	false
			}
		}, {
			"streams":	[{
					"socket":	6,
					"start":	12.000149011611938,
					"end":	13.000114917755127,
					"seconds":	0.99996590614318848,
					"bytes":	11796480,
					"bits_per_second":	94375057.609700724,
					"retransmits":	0,
					"snd_cwnd":	7927800,
					"rtt":	632131,
					"rttvar":	545,
					"pmtu":	1500,