{
	"start":	{
		"connected":	[{
				"socket":	6,
				"local_host":	"192.168.14.1",
				"local_port":	52816,
				"remote_host":	"192.168.15.1",
				"remote_port":	5006
			}],
		"version":	"iperf 3.6",
		"system_info":	"Linux ba-thesis 4.19.0-23-amd64 #1 SMP Debian 4.19.269-1 (2022-12-20) x86_64",
		"timestamp":	{
			"time":	"Sun, 11 Jun 2023 03:33:57 GMT",
			"timesecs":	1686454437
		},
		"connecting_to":	{
			"host":	"h0",
			"port":	5006
		},
		"cookie":	"ehllzuh2gghal2j2xulk6oh47b7g5wetp4xm",
		"tcp_mss_default":	1448,
		"sock_bufsize":	0,
		"sndbuf_actual":	87380,
		"rcvbuf_actual":	87380,
		"test_start":	{
			"protocol":	"TCP",
			"num_streams":	1,
			"blksize":	131072,
			"omit":	0,
			"duration":	0,
			"bytes":	51445822,
			"blocks":	0,
			"reverse":	0,
			"tos":	0
		}
	},
	"intervals":	[{
			"streams":	[{
					"socket":	6,
					"start":	0,
					"end":	1.0000960826873779,
					"seconds":	1.0000960826873779,
					"bytes":	13165728,
					"bits_per_second":	105315704.98404203,
					"retransmits":	0,
					"snd_cwnd":	1154056,
					"rtt":	109839,
					"rttvar":	486,
					"pmtu":	1500,
					"omitted":	false
				}],
			"sum":	{
				"start":	0,
				"end":	1.0000960826873779,
				"seconds":	1.0000960826873779,
				"bytes":	13165728,
				"bits_per_second":	105315704.98404203,
				"retransmits":	0,
				"omitted":	false
			}
		}, {
			"streams":	[{
					"socket":	6,
					"start":	1.0000960826873779,
					"end":	2.000028133392334,
					"seconds":	0.999932050704956,
					"bytes":	13107200,
					"bits_per_second":	104864725.48417163,
					"retransmits":	0,
					"snd_cwnd":	1684024,
					"rtt":	148887,
					"rttvar":	1053,
					"pmtu":	1500,
					"omitted":	false
				}],
			"sum":	{
				"start":	1.0000960826873779,
				"end":	2.000028133392334,
				"seconds":	0.999932050704956,
				"bytes":	13107200,
				"bits_per_second":	104864725.48417163,
				"retransmits":	0,
				"omitted":	false
			}
		}, {
			"streams":	[{
					"socket":	6,
					"start":	2.000028133392334,
					"end":	3.0000650882720947,
					"seconds":	1.0000369548797607,
					"bytes":	13107200,
					"bits_per_second":	104853725.14319487,
					"retransmits":	0,
					"snd_cwnd":	2219784,
					"rtt":	195534,
					"rttvar":	1071,
					"pmtu":	1500,
					"omitted":	false
				}],
			"sum":	{
				"start":	2.000028133392334,
				"end":	3.0000650882720947,
				"seconds":	1.0000369548797607,
				"bytes":	13107200,
				"bits_per_second":	104853725.14319487,
				"retransmits":	0,
				"omitted":	false
			}
		}, {
			"streams":	[{
					"socket":	6,
					"start":	3.0000650882720947,
					"end":	4.0000860691070557,
					"seconds":	1.0000209808349609,
					"bytes":	11796480,
					"bits_per_second":	94369860.041541189,
					"retransmits":	0,
					"snd_cwnd":	2761336,
					"rtt":	240321,
					"rttvar":	263,
					"pmtu":	1500,
					"omitted":	false
				}],
			"sum":	{
				"start":	3.0000650882720947,
				"end":	4.0000860691070557,
				"seconds":	1.0000209808349609,
				"bytes":	11796480,
				"bits_per_second":	94369860.041541189,
				"retransmits":	0,
				"omitted":	false
			}
		}, {
			"streams":	[{
					"socket":	6,
					"start":	4.0000860691070557,
					"end":	4.0052731037139893,
					"seconds":	0.0051870346069335938,
					"bytes":	1310720,
					"bits_per_second":	2021532685.7437029,
					"retransmits":	0,
					"snd_cwnd":	2764232,
					"rtt":	240422,
					"rttvar":	356,
					"pmtu":	1500,
					"omitted":	false
				}],
			"sum":	{
				"start":	4.0000860691070557,
				"end":	4.0052731037139893,
				"seconds":	0.0051870346069335938,
				"bytes":	1310720,
				"bits_per_second":	2021532685.7437029,
				"retransmits":	0,
				"omitted":	false
			}
		}],
	"end":	{
		"streams":	[{
				"sender":	{
					"socket":	6,
					"start":	0,
					"end":	4.0052731037139893,
					"seconds":	4.0052731037139893,
					"bytes":	52487328,
					"bits_per_second":	104836452.62807137,
					"retransmits":	0,
					"max_snd_cwnd":	2764232,
					"max_rtt":	240422,
					"min_rtt":	109839,
					"mean_rtt":	187000
				},
				"receiver":	{
					"socket":	6,
					"start":	0,
					"end":	4.2585940361022949,
					"seconds":	4.0052731037139893,
					"bytes":	43295200,
					"bits_per_second":	81332382.72155419
				}
			}],
		"sum_sent":	{
			"start":	0,
			"end":	4.0052731037139893,
			"seconds":	4.0052731037139893,
			"bytes":	52487328,
			"bits_per_second":	104836452.62807137,
			"retransmits":	0
		},
		"sum_received":	{
			"start":	0,
			"end":	4.2585940361022949,
			"seconds":	4.2585940361022949,
			"bytes":	43295200,
			"bits_per_second":	81332382.72155419
		},
		"cpu_utilization_percent":	{
			"host_total":	1.156064037105206,
			"host_user":	0.062123997987645625,
			"host_system":	1.0939164088406537,
			"remote_total":	0.61647603857778555,
			"remote_user":	0.025293619726862858,
			"remote_system":	0.59116698650209609
		},
		"sender_tcp_congestion":	"cubic",
		"receiver_tcp_congestion":	"cubic"
	}
}
