{
	"start":	{
		"connected":	[{
				"socket":	6,
				"local_host":	"192.168.37.1",
				"local_port":	39714,
				"remote_host":	"192.168.42.1",
				"remote_port":	5019
			}],
		"version":	"iperf 3.6",
		"system_info":	"Linux ba-thesis 4.19.0-23-amd64 #1 SMP Debian 4.19.269-1 (2022-12-20) x86_64",
		"timestamp":	{
			"time":	"Mon, 05 Jun 2023 16:44:49 GMT",
			"timesecs":	1685983489
		},
		"connecting_to":	{
			"host":	"h4",
			"port":	5019
		},
		"cookie":	"3urhct7lvzzrjp4jnozx5umejbicp2es3chf",
		"tcp_mss_default":	1448,
		"sock_bufsize":	0,
		"sndbuf_actual":	87380,
		"rcvbuf_actual":	87380,
		"test_start":	{
			"protocol":	"TCP",
			"num_streams":	1,
			"blksize":	131072,
			"omit":	0,
			"duration":	0,
			"bytes":	25340267,
			"blocks":	0,
			"reverse":	0,
			"tos":	0
		}
	},
	"intervals":	[{
			"streams":	[{
					"socket":	6,
					"start":	0,
					"end":	1.0000767707824707,
					"seconds":	1.0000767707824707,
					"bytes":	16107176,
					"bits_per_second":	128847516.27535613,
					"retransmits":	0,
					"snd_cwnd":	1336504,
					"rtt":	105651,
					"rttvar":	382,
					"pmtu":	1500,
					"omitted":	false
				}],
			"sum":	{
				"start":	0,
				"end":	1.0000767707824707,
				"seconds":	1.0000767707824707,
				"bytes":	16107176,
				"bits_per_second":	128847516.27535613,
				"retransmits":	0,
				"omitted":	false
			}
		}, {
			"streams":	[{
					"socket":	6,
					"start":	1.0000767707824707,
					"end":	1.6984457969665527,
					"seconds":	0.698369026184082,
					"bytes":	10485760,
					"bits_per_second":	120117125.55231307,
					"retransmits":	0,
					"snd_cwnd":	1754976,
					"rtt":	139049,
					"rttvar":	486,
					"pmtu":	1500,
					"omitted":	false
				}],
			"sum":	{
				"start":	1.0000767707824707,
				"end":	1.6984457969665527,
				"seconds":	0.698369026184082,
				"bytes":	10485760,
				"bits_per_second":	120117125.55231307,
				"retransmits":	0,
				"omitted":	false
			}
		}],
	"end":	{
		"streams":	[{
				"sender":	{
					"socket":	6,
					"start":	0,
					"end":	1.6984457969665527,
					"seconds":	1.6984457969665527,
					"bytes":	26592936,
					"bits_per_second":	125257743.50877889,
					"retransmits":	0,
					"max_snd_cwnd":	1754976,
					"max_rtt":	139049,
					"min_rtt":	105651,
					"mean_rtt":	122350
				},
				"receiver":	{
					"socket":	6,
					"start":	0,
					"end":	1.8565640449523926,
					"seconds":	1.6984457969665527,
					"bytes":	20274896,
					"bits_per_second":	87365242.497820333
				}
			}],
		"sum_sent":	{
			"start":	0,
			"end":	1.6984457969665527,
			"seconds":	1.6984457969665527,
			"bytes":	26592936,
			"bits_per_second":	125257743.50877889,
			"retransmits":	0
		},
		"sum_received":	{
			"start":	0,
			"end":	1.8565640449523926,
			"seconds":	1.8565640449523926,
			"bytes":	20274896,
			"bits_per_second":	87365242.497820333
		},
		"cpu_utilization_percent":	{
			"host_total":	2.4351132809319842,
			"host_user":	0.39634538669411923,
			"host_system":	2.0387153703329228,
			"remote_total":	1.1876030110553151,
			"remote_user":	0.53416352613468787,
			"remote_system":	0.653391292614047
		},
		"sender_tcp_congestion":	"cubic",
		"receiver_tcp_congestion":	"cubic"
	}
}
