{
	"start":	{
		"connected":	[{
				"socket":	6,
				"local_host":	"192.168.23.2",
				"local_port":	47330,
				"remote_host":	"192.168.40.1",
				"remote_port":	5006
			}],
		"version":	"iperf 3.6",
		"system_info":	"Linux ba-thesis 4.19.0-23-amd64 #1 SMP Debian 4.19.269-1 (2022-12-20) x86_64",
		"timestamp":	{
			"time":	"Mon, 05 Jun 2023 16:46:00 GMT",
			"timesecs":	1685983560
		},
		"connecting_to":	{
			"host":	"h2",
			"port":	5006
		},
		"cookie":	"b3tuttxx4yfpugq7xblute26vekk5pqhm43t",
		"tcp_mss_default":	1448,
		"sock_bufsize":	0,
		"sndbuf_actual":	87380,
		"rcvbuf_actual":	87380,
		"test_start":	{
			"protocol":	"TCP",
			"num_streams":	1,
			"blksize":	131072,
			"omit":	0,
			"duration":	0,
			"bytes":	123347760,
			"blocks":	0,
			"reverse":	0,
			"tos":	0
		}
	},
	"intervals":	[{
			"streams":	[{
					"socket":	6,
					"start":	0,
					"end":	1.0000600814819336,
					"seconds":	1.0000600814819336,
					"bytes":	13290256,
					"bits_per_second":	106315660.39757057,
					"retransmits":	0,
					"snd_cwnd":	1159848,
					"rtt":	119425,
					"rttvar":	279,
					"pmtu":	1500,
					"omitted":	false
				}],
			"sum":	{
				"start":	0,
				"end":	1.0000600814819336,
				"seconds":	1.0000600814819336,
				"bytes":	13290256,
				"bits_per_second":	106315660.39757057,
				"retransmits":	0,
				"omitted":	false
			}
		}, {
			"streams":	[{
					"socket":	6,
					"start":	1.0000600814819336,
					"end":	2.0001161098480225,
					"seconds":	1.0000560283660889,
					"bytes":	10485760,
					"bits_per_second":	83881380.263318568,
					"retransmits":	0,
					"snd_cwnd":	1620312,
					"rtt":	166483,
					"rttvar":	719,
					"pmtu":	1500,
					"omitted":	false
				}],
			"sum":	{
				"start":	1.0000600814819336,
				"end":	2.0001161098480225,
				"seconds":	1.0000560283660889,
				"bytes":	10485760,
				"bits_per_second":	83881380.263318568,
				"retransmits":	0,
				"omitted":	false
			}
		}, {
			"streams":	[{
					"socket":	6,
					"start":	2.0001161098480225,
					"end":	3.0000820159912109,
					"seconds":	0.99996590614318848,
					"bytes":	10485760,
					"bits_per_second":	83888940.097511753,
					"retransmits":	0,
					"snd_cwnd":	2067744,
					"rtt":	228768,
					"rttvar":	529,
					"pmtu":	1500,
					"omitted":	false
				}],
			"sum":	{
				"start":	2.0001161098480225,
				"end":	3.0000820159912109,
				"seconds":	0.99996590614318848,
				"bytes":	10485760,
				"bits_per_second":	83888940.097511753,
				"retransmits":	0,
				"omitted":	false
			}
		}, {
			"streams":	[{
					"socket":	6,
					"start":	3.0000820159912109,
					"end":	4.0001060962677,
					"seconds":	1.0000240802764893,
					"bytes":	10485760,
					"bits_per_second":	83884060.048640981,
					"retransmits":	0,
					"snd_cwnd":	2499248,
					"rtt":	275976,
					"rttvar":	460,
					"pmtu":	1500,
					"omitted":	false
				}],
			"sum":	{
				"start":	3.0000820159912109,
				"end":	4.0001060962677,
				"seconds":	1.0000240802764893,
				"bytes":	10485760,
				"bits_per_second":	83884060.048640981,
				"retransmits":	0,
				"omitted":	false
			}
		}, {
			"streams":	[{
					"socket":	6,
					"start":	4.0001060962677,
					"end":	5.0001440048217773,
					"seconds":	1.0000379085540771,
					"bytes":	9175040,
					"bits_per_second":	73397537.605476558,
					"retransmits":	0,
					"snd_cwnd":	2920616,
					"rtt":	324493,
					"rttvar":	654,
					"pmtu":	1500,
					"omitted":	false
				}],
			"sum":	{
				"start":	4.0001060962677,
				"end":	5.0001440048217773,
				"seconds":	1.0000379085540771,
				"bytes":	9175040,
				"bits_per_second":	73397537.605476558,
				"retransmits":	0,
				"omitted":	false
			}
		}, {
			"streams":	[{
					"socket":	6,
					"start":	5.0001440048217773,
					"end":	6.0000550746917725,
					"seconds":	0.99991106986999512,
					"bytes":	9175040,
					"bits_per_second":	73406848.080543056,
					"retransmits":	0,
					"snd_cwnd":	3347776,
					"rtt":	373486,
					"rttvar":	1846,
					"pmtu":	1500,
					"omitted":	false
				}],
			"sum":	{
				"start":	5.0001440048217773,
				"end":	6.0000550746917725,
				"seconds":	0.99991106986999512,
				"bytes":	9175040,
				"bits_per_second":	73406848.080543056,
				"retransmits":	0,
				"omitted":	false
			}
		}, {
			"streams":	[{
					"socket":	6,
					"start":	6.0000550746917725,
					"end":	7.0001001358032227,
					"seconds":	1.0000450611114502,
					"bytes":	7864320,
					"bits_per_second":	62911725.127742492,
					"retransmits":	0,
					"snd_cwnd":	3777832,
					"rtt":	418060,
					"rttvar":	476,
					"pmtu":	1500,
					"omitted":	false
				}],
			"sum":	{
				"start":	6.0000550746917725,
				"end":	7.0001001358032227,
				"seconds":	1.0000450611114502,
				"bytes":	7864320,
				"bits_per_second":	62911725.127742492,
				"retransmits":	0,
				"omitted":	false
			}
		}, {
			"streams":	[{
					"socket":	6,
					"start":	7.0001001358032227,
					"end":	8.000093936920166,
					"seconds":	0.99999380111694336,
					"bytes":	9175040,
					"bits_per_second":	73400775.0028205,
					"retransmits":	0,
					"snd_cwnd":	4206440,
					"rtt":	475496,
					"rttvar":	895,
					"pmtu":	1500,
					"omitted":	false
				}],
			"sum":	{
				"start":	7.0001001358032227,
				"end":	8.000093936920166,
				"seconds":	0.99999380111694336,
				"bytes":	9175040,
				"bits_per_second":	73400775.0028205,
				"retransmits":	0,
				"omitted":	false
			}
		}, {
			"streams":	[{
					"socket":	6,
					"start":	8.000093936920166,
					"end":	9.0000700950622559,
					"seconds":	0.99997615814208984,
					"bytes":	9175040,
					"bits_per_second":	73402070.04172425,
					"retransmits":	0,
					"snd_cwnd":	3040800,
					"rtt":	281683,
					"rttvar":	1812,
					"pmtu":	1500,
					"omitted":	false
				}],
			"sum":	{
				"start":	8.000093936920166,
				"end":	9.0000700950622559,
				"seconds":	0.99997615814208984,
				"bytes":	9175040,
				"bits_per_second":	73402070.04172425,
				"retransmits":	0,
				"omitted":	false
			}
		}, {
			"streams":	[{
					"socket":	6,
					"start":	9.0000700950622559,
					"end":	10.000025987625122,
					"seconds":	0.99995589256286621,
					"bytes":	11796480,
					"bits_per_second":	94376002.6836053,
					"retransmits":	0,
					"snd_cwnd":	3288408,
					"rtt":	269088,
					"rttvar":	282,
					"pmtu":	1500,
					"omitted":	false
				}],
			"sum":	{
				"start":	9.0000700950622559,
				"end":	10.000025987625122,
				"seconds":	0.99995589256286621,
				"bytes":	11796480,
				"bits_per_second":	94376002.6836053,
				"retransmits":	0,
				"omitted":	false
			}
		}, {
			"streams":	[{
					"socket":	6,
					"start":	10.000025987625122,
					"end":	11.000078916549683,
					"seconds":	1.0000529289245605,
					"bytes":	11796480,
					"bits_per_second":	94366845.264365986,
					"retransmits":	0,
					"snd_cwnd":	3512848,
					"rtt":	287802,
					"rttvar":	16,
					"pmtu":	1500,
					"omitted":	false
				}],
			"sum":	{
				"start":	10.000025987625122,
				"end":	11.000078916549683,
				"seconds":	1.0000529289245605,
				"bytes":	11796480,
				"bits_per_second":	94366845.264365986,
				"retransmits":	0,
				"omitted":	false
			}
		}, {
			"streams":	[{
					"socket":	6,
					"start":	11.000078916549683,
					"end":	11.811677932739258,
					"seconds":	0.8115990161895752,
					"bytes":	10485760,
					"bits_per_second":	103359021.29827827,
					"retransmits":	0,
					"snd_cwnd":	3669232,
					"rtt":	301912,
					"rttvar":	108,
					"pmtu":	1500,
					"omitted":	false
				}],
			"sum":	{
				"start":	11.000078916549683,
				"end":	11.811677932739258,
				"seconds":	0.8115990161895752,
				"bytes":	10485760,
				"bits_per_second":	103359021.29827827,
				"retransmits":	0,
				"omitted":	false
			}
		}],
	"end":	{
		"streams":	[{
				"sender":	{
					"socket":	6,
					"start":	0,
					"end":	11.811677932739258,
					"seconds":	11.811677932739258,
					"bytes":	123390736,
					"bits_per_second":	83572028.768572658,
					"retransmits":	0,
					"max_snd_cwnd":	4206440,
					"max_rtt":	475496,
					"min_rtt":	119425,
					"mean_rtt":	293556
				},