{
	"start":	{
		"connected":	[{
				"socket":	6,
				"local_host":	"192.168.6.2",
				"local_port":	59642,
				"remote_host":	"192.168.25.1",
				"remote_port":	5005
			}],
		"version":	"iperf 3.6",
		"system_info":	"Linux ba-thesis 4.19.0-23-amd64 #1 SMP Debian 4.19.269-1 (2022-12-20) x86_64",
		"timestamp":	{
			"time":	"Fri, 09 Jun 2023 13:01:18 GMT",
			"timesecs":	1686315678
		},
		"connecting_to":	{
			"host":	"h7",
			"port":	5005
		},
		"cookie":	"e43ibpc5i5kmcsvzn2fqeaetio2n4walhhg6",
		"tcp_mss_default":	1448,
		"sock_bufsize":	0,
		"sndbuf_actual":	87380,
		"rcvbuf_actual":	87380,
		"test_start":	{
			"protocol":	"TCP",
			"num_streams":	1,
			"blksize":	131072,
			"omit":	0,
			"duration":	0,
			"bytes":	1366390,
			"blocks":	0,
			"reverse":	0,
			"tos":	0
		}
	},
	"intervals":	[{
			"streams":	[{
					"socket":	6,
					"start":	0,
					"end":	0.74180698394775391,
					"seconds":	0.74180698394775391,
					"bytes":	1378496,
					"bits_per_second":	14866357.743507992,
					"retransmits":	0,
					"snd_cwnd":	211408,
					"rtt":	133160,
					"rttvar":	1269,
					"pmtu":	1500,
					"omitted":	false
				}],
			"sum":	{
				"start":	0,
				"end":	0.74180698394775391,
				"seconds":	0.74180698394775391,
				"bytes":	1378496,
				"bits_per_second":	14866357.743507992,
				"retransmits":	0,
				"omitted":	false
			}
		}],
	"end":	{
		"streams":	[{
				"sender":	{
					"socket":	6,
					"start":	0,
					"end":	0.74180698394775391,
					"seconds":	0.74180698394775391,
					"bytes":	1378496,
					"bits_per_second":	14866357.743507992,
					"retransmits":	0,
					"max_snd_cwnd":	211408,
					"max_rtt":	133160,
					"min_rtt":	133160,
					"mean_rtt":	133160
				},
				"receiver":	{
					"socket":	6,
					"start":	0,
					"end":	0.88503885269165039,
					"seconds":	0.74180698394775391,
					"bytes":	408336,
					"bits_per_second":	3691010.8410100746
				}
			}],
		"sum_sent":	{
			"start":	0,
			"end":	0.74180698394775391,
			"seconds":	0.74180698394775391,
			"bytes":	1378496,
			"bits_per_second":	14866357.743507992,
			"retransmits":	0
		},
		"sum_received":	{
			"start":	0,
			"end":	0.88503885269165039,
			"seconds":	0.88503885269165039,
			"bytes":	408336,
			"bits_per_second":	3691010.8410100746
		},
		"cpu_utilization_percent":	{
			"host_total":	16.879836156099064,
			"host_user":	1.3744294471666327,
			"host_system":	15.505406708932428,
			"remote_total":	0.0019464739664108209,
			"remote_user":	0.0019454737228515144,
			"remote_system":	0
		},
		"sender_tcp_congestion":	"cubic",
		"receiver_tcp_congestion":	"cubic"
	}
}
