{
	"start":	{
		"connected":	[{
				"socket":	6,
				"local_host":	"192.168.9.1",
				"local_port":	40570,
				"remote_host":	"192.168.9.2",
				"remote_port":	5008
			}],
		"version":	"iperf 3.6",
		"system_info":	"Linux ba-thesis 4.19.0-23-amd64 #1 SMP Debian 4.19.269-1 (2022-12-20) x86_64",
		"timestamp":	{
			"time":	"Thu, 01 Jun 2023 21:38:19 GMT",
			"timesecs":	1685655499
		},
		"connecting_to":	{
			"host":	"h2",
			"port":	5008
		},
		"cookie":	"qvzro3jshwo545w36baeokyforocqu3vnq6o",
		"tcp_mss_default":	1448,
		"sock_bufsize":	0,
		"sndbuf_actual":	87380,
		"rcvbuf_actual":	87380,
		"test_start":	{
			"protocol":	"TCP",
			"num_streams":	1,
			"blksize":	131072,
			"omit":	0,
			"duration":	0,
			"bytes":	82543616,
			"blocks":	0,
			"reverse":	0,
			"tos":	0
		}
	},
	"intervals":	[{
			"streams":	[{
					"socket":	6,
					"start":	0,
					"end":	1.0000808238983154,
					"seconds":	1.0000808238983154,
					"bytes":	15284480,
					"bits_per_second":	122265957.98864409,
					"retransmits":	0,
					"snd_cwnd":	797848,
					"rtt":	62922,
					"rttvar":	526,
					"pmtu":	1500,
					"omitted":	false
				}],
			"sum":	{
				"start":	0,
				"end":	1.0000808238983154,
				"seconds":	1.0000808238983154,
				"bytes":	15284480,
				"bits_per_second":	122265957.98864409,
				"retransmits":	0,
				"omitted":	false
			}
		}, {
			"streams":	[{
					"socket":	6,
					"start":	1.0000808238983154,
					"end":	2.000079870223999,
					"seconds":	0.99999904632568359,
					"bytes":	14417920,
					"bits_per_second":	115343470.0001049,
					"retransmits":	0,
					"snd_cwnd":	1395872,
					"rtt":	110519,
					"rttvar":	485,
					"pmtu":	1500,
					"omitted":	false
				}],
			"sum":	{
				"start":	1.0000808238983154,
				"end":	2.000079870223999,
				"seconds":	0.99999904632568359,
				"bytes":	14417920,
				"bits_per_second":	115343470.0001049,
				"retransmits":	0,
				"omitted":	false
			}
		}, {
			"streams":	[{
					"socket":	6,
					"start":	2.000079870223999,
					"end":	3.0000619888305664,
					"seconds":	0.99998211860656738,
					"bytes":	14417920,
					"bits_per_second":	115345422.53688103,
					"retransmits":	0,
					"snd_cwnd":	1993896,
					"rtt":	157933,
					"rttvar":	241,
					"pmtu":	1500,
					"omitted":	false
				}],
			"sum":	{
				"start":	2.000079870223999,
				"end":	3.0000619888305664,
				"seconds":	0.99998211860656738,
				"bytes":	14417920,
				"bits_per_second":	115345422.53688103,
				"retransmits":	0,
				"omitted":	false
			}
		}, {
			"streams":	[{
					"socket":	6,
					"start":	3.0000619888305664,
					"end":	4.0000870227813721,
					"seconds":	1.0000250339508057,
					"bytes":	13107200,
					"bits_per_second":	104854975.06571248,
					"retransmits":	0,
					"snd_cwnd":	2583232,
					"rtt":	204821,
					"rttvar":	293,
					"pmtu":	1500,
					"omitted":	false
				}],
			"sum":	{
				"start":	3.0000619888305664,
				"end":	4.0000870227813721,
				"seconds":	1.0000250339508057,
				"bytes":	13107200,
				"bits_per_second":	104854975.06571248,
				"retransmits":	0,
				"omitted":	false
			}
		}, {
			"streams":	[{
					"socket":	6,
					"start":	4.0000870227813721,
					"end":	5.0000879764556885,
					"seconds":	1.0000009536743164,
					"bytes":	13107200,
					"bits_per_second":	104857500.00009537,
					"retransmits":	0,
					"snd_cwnd":	3181256,
					"rtt":	252565,
					"rttvar":	394,
					"pmtu":	1500,
					"omitted":	false
				}],
			"sum":	{
				"start":	4.0000870227813721,
				"end":	5.0000879764556885,
				"seconds":	1.0000009536743164,
				"bytes":	13107200,
				"bits_per_second":	104857500.00009537,
				"retransmits":	0,
				"omitted":	false
			}
		}, {
			"streams":	[{
					"socket":	6,
					"start":	5.0000879764556885,
					"end":	6.0000708103179932,
					"seconds":	0.99998283386230469,
					"bytes":	11796480,
					"bits_per_second":	94373460.02780962,
					"retransmits":	0,
					"snd_cwnd":	3772040,
					"rtt":	305003,
					"rttvar":	1595,
					"pmtu":	1500,
					"omitted":	false
				}],
			"sum":	{
				"start":	5.0000879764556885,
				"end":	6.0000708103179932,
				"seconds":	0.99998283386230469,
				"bytes":	11796480,
				"bits_per_second":	94373460.02780962,
				"retransmits":	0,
				"omitted":	false
			}
		}, {
			"streams":	[{
					"socket":	6,
					"start":	6.0000708103179932,
					"end":	6.0413548946380615,
					"seconds":	0.041284084320068359,
					"bytes":	1310720,
					"bits_per_second":	253990373.59544462,
					"retransmits":	0,
					"snd_cwnd":	3796656,
					"rtt":	301661,
					"rttvar":	188,
					"pmtu":	1500,
					"omitted":	false
				}],
			"sum":	{
				"start":	6.0000708103179932,
				"end":	6.0413548946380615,
				"seconds":	0.041284084320068359,
				"bytes":	1310720,
				"bits_per_second":	253990373.59544462,
				"retransmits":	0,
				"omitted":	false
			}
		}],
	"end":	{
		"streams":	[{
				"sender":	{
					"socket":	6,
					"start":	0,
					"end":	6.0413548946380615,
					"seconds":	6.0413548946380615,
					"bytes":	83441920,
					"bits_per_second":	110494313.21978183,
					"retransmits":	0,
					"max_snd_cwnd":	3796656,
					"max_rtt":	305003,
					"min_rtt":	62922,
					"mean_rtt":	199346
				},
				"receiver":	{
					"socket":	6,
					"start":	0,
					"end":	6.3943150043487549,
					"seconds":	6.0413548946380615,
					"bytes":	75252560,
					"bits_per_second":	94149331.021472618
				}
			}],
		"sum_sent":	{
			"start":	0,
			"end":	6.0413548946380615,
			"seconds":	6.0413548946380615,
			"bytes":	83441920,
			"bits_per_second":	110494313.21978183,
			"retransmits":	0
		},
		"sum_received":	{
			"start":	0,
			"end":	6.3943150043487549,
			"seconds":	6.3943150043487549,
			"bytes":	75252560,
			"bits_per_second":	94149331.021472618
		},
		"cpu_utilization_percent":	{
			"host_total":	0.80022078636809679,
			"host_user":	0.071680935791534062,
			"host_system":	0.72855607532436517,
			"remote_total":	0.30032102769814395,
			"remote_user":	0.041718822074466567,
			"remote_system":	0.25859807749958535
		},
		"sender_tcp_congestion":	"cubic",
		"receiver_tcp_congestion":	"cubic"
	}
}
