{
	"start":	{
		"connected":	[{
				"socket":	6,
				"local_host":	"192.168.16.1",
				"local_port":	39928,
				"remote_host":	"192.168.16.2",
				"remote_port":	5008
			}],
		"version":	"iperf 3.6",
		"system_info":	"Linux ba-thesis 4.19.0-23-amd64 #1 SMP Debian 4.19.269-1 (2022-12-20) x86_64",
		"timestamp":	{
			"time":	"Sun, 11 Jun 2023 13:55:51 GMT",
			"timesecs":	1686491751
		},
		"connecting_to":	{
			"host":	"h5",
			"port":	5008
		},
		"cookie":	"spk3myv36ekn7zc6r7zf3umsvndz3wy3yjal",
		"tcp_mss_default":	1448,
		"sock_bufsize":	0,
		"sndbuf_actual":	87380,
		"rcvbuf_actual":	87380,
		"test_start":	{
			"protocol":	"TCP",
			"num_streams":	1,
			"blksize":	131072,
			"omit":	0,
			"duration":	0,
			"bytes":	118466397,
			"blocks":	0,
			"reverse":	0,
			"tos":	0
		}
	},
	"intervals":	[{
			"streams":	[{
					"socket":	6,
					"start":	0,
					"end":	1.000075101852417,
					"seconds":	1.000075101852417,
					"bytes":	15284480,
					"bits_per_second":	122266657.54752934,
					"retransmits":	0,
					"snd_cwnd":	797848,
					"rtt":	62904,
					"rttvar":	588,
					"pmtu":	1500,
					"omitted":	false
				}],
			"sum":	{
				"start":	0,
				"end":	1.000075101852417,
				"seconds":	1.000075101852417,
				"bytes":	15284480,
				"bits_per_second":	122266657.54752934,
				"retransmits":	0,
				"omitted":	false
			}
		}, {
			"streams":	[{
					"socket":	6,
					"start":	1.000075101852417,
					"end":	2.0000591278076172,
					"seconds":	0.9999840259552002,
					"bytes":	14417920,
					"bits_per_second":	115345202.52943265,
					"retransmits":	0,
					"snd_cwnd":	1395872,
					"rtt":	110531,
					"rttvar":	504,
					"pmtu":	1500,
					"omitted":	false
				}],
			"sum":	{
				"start":	1.000075101852417,
				"end":	2.0000591278076172,
				"seconds":	0.9999840259552002,
				"bytes":	14417920,
				"bits_per_second":	115345202.52943265,
				"retransmits":	0,
				"omitted":	false
			}
		}, {
			"streams":	[{
					"socket":	6,
					"start":	2.0000591278076172,
					"end":	3.0000782012939453,
					"seconds":	1.0000190734863281,
					"bytes":	14417920,
					"bits_per_second":	115341160.04196087,
					"retransmits":	0,
					"snd_cwnd":	1993896,
					"rtt":	158084,
					"rttvar":	533,
					"pmtu":	1500,
					"omitted":	false
				}],
			"sum":	{
				"start":	2.0000591278076172,
				"end":	3.0000782012939453,
				"seconds":	1.0000190734863281,
				"bytes":	14417920,
				"bits_per_second":	115341160.04196087,
				"retransmits":	0,
				"omitted":	false
			}
		}, {
			"streams":	[{
					"socket":	6,
					"start":	3.0000782012939453,
					"end":	4.0000841617584229,
					"seconds":	1.0000059604644775,
					"bytes":	13107200,
					"bits_per_second":	104856975.00372528,
					"retransmits":	0,
					"snd_cwnd":	2584680,
					"rtt":	205075,
					"rttvar":	588,
					"pmtu":	1500,
					"omitted":	false
				}],
			"sum":	{
				"start":	3.0000782012939453,
				"end":	4.0000841617584229,
				"seconds":	1.0000059604644775,
				"bytes":	13107200,
				"bits_per_second":	104856975.00372528,
				"retransmits":	0,
				"omitted":	false
			}
		}, {
			"streams":	[{
					"socket":	6,
					"start":	4.0000841617584229,
					"end":	5.0000882148742676,
					"seconds":	1.0000040531158447,
					"bytes":	13107200,
					"bits_per_second":	104857175.00172257,
					"retransmits":	0,
					"snd_cwnd":	3182704,
					"rtt":	252720,
					"rttvar":	398,
					"pmtu":	1500,
					"omitted":	false
				}],
			"sum":	{
				"start":	4.0000841617584229,
				"end":	5.0000882148742676,
				"seconds":	1.0000040531158447,
				"bytes":	13107200,
				"bits_per_second":	104857175.00172257,
				"retransmits":	0,
				"omitted":	false
			}
		}, {
			"streams":	[{
					"socket":	6,
					"start":	5.0000882148742676,
					"end":	6.0001201629638672,
					"seconds":	1.0000319480895996,
					"bytes":	11796480,
					"bits_per_second":	94368825.0963204,
					"retransmits":	0,
					"snd_cwnd":	3779280,
					"rtt":	300303,
					"rttvar":	605,
					"pmtu":	1500,
					"omitted":	false
				}],
			"sum":	{
				"start":	5.0000882148742676,
				"end":	6.0001201629638672,
				"seconds":	1.0000319480895996,
				"bytes":	11796480,
				"bits_per_second":	94368825.0963204,
				"retransmits":	0,
				"omitted":	false
			}
		}, {
			"streams":	[{
					"socket":	6,
					"start":	6.0001201629638672,
					"end":	7.0001001358032227,
					"seconds":	0.99997997283935547,
					"bytes":	11796480,
					"bits_per_second":	94373730.0378521,
					"retransmits":	0,
					"snd_cwnd":	4377304,
					"rtt":	347655,
					"rttvar":	144,
					"pmtu":	1500,
					"omitted":	false
				}],
			"sum":	{
				"start":	6.0001201629638672,
				"end":	7.0001001358032227,
				"seconds":	0.99997997283935547,
				"bytes":	11796480,
				"bits_per_second":	94373730.0378521,
				"retransmits":	0,
				"omitted":	false
			}
		}, {
			"streams":	[{
					"socket":	6,
					"start":	7.0001001358032227,
					"end":	8.0001451969146729,
					"seconds":	1.0000450611114502,
					"bytes":	11796480,
					"bits_per_second":	94367587.691613749,
					"retransmits":	0,
					"snd_cwnd":	4975328,
					"rtt":	395562,
					"rttvar":	370,
					"pmtu":	1500,
					"omitted":	false
				}],
			"sum":	{
				"start":	7.0001001358032227,
				"end":	8.0001451969146729,
				"seconds":	1.0000450611114502,
				"bytes":	11796480,
				"bits_per_second":	94367587.691613749,
				"retransmits":	0,
				"omitted":	false
			}
		}, {
			"streams":	[{
					"socket":	6,
					"start":	8.0001451969146729,
					"end":	8.9999110698699951,
					"seconds":	0.99976587295532227,
					"bytes":	13107200,
					"bits_per_second":	104882155.74916498,
					"retransmits":	0,
					"snd_cwnd":	5573352,
					"rtt":	443166,
					"rttvar":	539,
					"pmtu":	1500,
					"omitted":	false
				}],
			"sum":	{
				"start":	8.0001451969146729,
				"end":	8.9999110698699951,
				"seconds":	0.99976587295532227,
				"bytes":	13107200,
				"bits_per_second":	104882155.74916498,
				"retransmits":	0,
				"omitted":	false
			}
		}],
	"end":	{
		"streams":	[{
				"sender":	{
					"socket":	6,
					"start":	0,
					"end":	8.9999110698699951,
					"seconds":	8.9999110698699951,
					"bytes":	118831360,
					"bits_per_second":	105628919.2881694,
					"retransmits":	0,
					"max_snd_cwnd":	5573352,
					"max_rtt":	443166,
					"min_rtt":	62904,
					"mean_rtt":	252888
				},
				"receiver":	{
					"socket":	6,
					"start":	0,
					"end":	9.49607801437378,
					"seconds":	8.9999110698699951,
					"bytes":	112545800,
					"bits_per_second":	94814553.8228684
				}
			}],
		"sum_sent":	{
			"start":	0,
			"end":	8.9999110698699951,
			"seconds":	8.9999110698699951,
			"bytes":	118831360,
			"bits_per_second":	105628919.2881694,
			"retransmits":	0
		},
		"sum_received":	{
			"start":	0,
			"end":	9.49607801437378,
			"seconds":	9.49607801437378,
			"bytes":	112545800,
			"bits_per_second":	94814553.8228684
		},
		"cpu_utilization_percent":	{
			"host_total":	0.68860706873014188,
			"host_user":	0.042074600085749744,
			"host_system":	0.64652150600757974,
			"remote_total":	1.3370641648721162,
			"remote_user":	0.16384798823211041,
			"remote_system":	1.1732057603661195
		},
		"sender_tcp_congestion":	"cubic",
		"receiver_tcp_congestion":	"cubic"
	}
}
