{
	"start":	{
		"connected":	[{
				"socket":	6,
				"local_host":	"192.168.37.1",
				"local_port":	53722,
				"remote_host":	"192.168.43.1",
				"remote_port":	5019
			}],
		"version":	"iperf 3.6",
		"system_info":	"Linux ba-thesis 4.19.0-23-amd64 #1 SMP Debian 4.19.269-1 (2022-12-20) x86_64",
		"timestamp":	{
			"time":	"Mon, 05 Jun 2023 17:01:05 GMT",
			"timesecs":	1685984465
		},
		"connecting_to":	{
			"host":	"h5",
			"port":	5019
		},
		"cookie":	"yfucizricr6cqvysx74vsmpjhwffrod3yrdc",
		"tcp_mss_default":	1448,
		"sock_bufsize":	0,
		"sndbuf_actual":	87380,
		"rcvbuf_actual":	87380,
		"test_start":	{
			"protocol":	"TCP",
			"num_streams":	1,
			"blksize":	131072,
			"omit":	0,
			"duration":	0,
			"bytes":	22875823,
			"blocks":	0,
			"reverse":	0,
			"tos":	0
		}
	},
	"intervals":	[{
			"streams":	[{
					"socket":	6,
					"start":	0,
					"end":	1.0000319480895996,
					"seconds":	1.0000319480895996,
					"bytes":	16107176,
					"bits_per_second":	128853291.38350168,
					"retransmits":	0,
					"snd_cwnd":	1320576,
					"rtt":	105144,
					"rttvar":	774,
					"pmtu":	1500,
					"omitted":	false
				}],
			"sum":	{
				"start":	0,
				"end":	1.0000319480895996,
				"seconds":	1.0000319480895996,
				"bytes":	16107176,
				"bits_per_second":	128853291.38350168,
				"retransmits":	0,
				"omitted":	false
			}
		}, {
			"streams":	[{
					"socket":	6,
					"start":	1.0000319480895996,
					"end":	1.5572898387908936,
					"seconds":	0.557257890701294,
					"bytes":	7864320,
					"bits_per_second":	112900258.65909898,
					"retransmits":	0,
					"snd_cwnd":	1644928,
					"rtt":	131923,
					"rttvar":	695,
					"pmtu":	1500,
					"omitted":	false
				}],
			"sum":	{
				"start":	1.0000319480895996,
				"end":	1.5572898387908936,
				"seconds":	0.557257890701294,
				"bytes":	7864320,
				"bits_per_second":	112900258.65909898,
				"retransmits":	0,
				"omitted":	false
			}
		}],
	"end":	{
		"streams":	[{
				"sender":	{
					"socket":	6,
					"start":	0,
					"end":	1.5572898387908936,
					"seconds":	1.5572898387908936,
					"bytes":	23971496,
					"bits_per_second":	123144685.86585978,
					"retransmits":	0,
					"max_snd_cwnd":	1644928,
					"max_rtt":	131923,
					"min_rtt":	105144,
					"mean_rtt":	118533
				},
				"receiver":	{
					"socket":	6,
					"start":	0,
					"end":	1.7262060642242432,
					"seconds":	1.5572898387908936,
					"bytes":	17972576,
					"bits_per_second":	83292841.439886257
				}
			}],
		"sum_sent":	{
			"start":	0,
			"end":	1.5572898387908936,
			"seconds":	1.5572898387908936,
			"bytes":	23971496,
			"bits_per_second":	123144685.86585978,
			"retransmits":	0
		},
		"sum_received":	{
			"start":	0,
			"end":	1.7262060642242432,
			"seconds":	1.7262060642242432,
			"bytes":	17972576,
			"bits_per_second":	83292841.439886257
		},
		"cpu_utilization_percent":	{
			"host_total":	2.4130217234961258,
			"host_user":	0.20474158115900651,
			"host_system":	2.2081098554661804,
			"remote_total":	0.53457315417619966,
			"remote_user":	0.041367551265315952,
			"remote_system":	0.49315981702127076
		},
		"sender_tcp_congestion":	"cubic",
		"receiver_tcp_congestion":	"cubic"
	}
}
