{
	"start":	{
		"connected":	[{
				"socket":	6,
				"local_host":	"192.168.16.1",
				"local_port":	36706,
				"remote_host":	"192.168.47.1",
				"remote_port":	5008
			}],
		"version":	"iperf 3.6",
		"system_info":	"Linux ba-thesis 4.19.0-23-amd64 #1 SMP Debian 4.19.269-1 (2022-12-20) x86_64",
		"timestamp":	{
			"time":	"Mon, 05 Jun 2023 17:01:49 GMT",
			"timesecs":	1685984509
		},
		"connecting_to":	{
			"host":	"h9",
			"port":	5008
		},
		"cookie":	"vmihth5xbsf3k2gfqxc2rza5cq73unjgffs3",
		"tcp_mss_default":	1448,
		"sock_bufsize":	0,
		"sndbuf_actual":	87380,
		"rcvbuf_actual":	87380,
		"test_start":	{
			"protocol":	"TCP",
			"num_streams":	1,
			"blksize":	131072,
			"omit":	0,
			"duration":	0,
			"bytes":	93642948,
			"blocks":	0,
			"reverse":	0,
			"tos":	0
		}
	},
	"intervals":	[{
			"streams":	[{
					"socket":	6,
					"start":	0,
					"end":	1.0000739097595215,
					"seconds":	1.0000739097595215,
					"bytes":	16950192,
					"bits_per_second":	135591514.46377283,
					"retransmits":	0,
					"snd_cwnd":	1390080,
					"rtt":	109863,
					"rttvar":	419,
					"pmtu":	1500,
					"omitted":	false
				}],
			"sum":	{
				"start":	0,
				"end":	1.0000739097595215,
				"seconds":	1.0000739097595215,
				"bytes":	16950192,
				"bits_per_second":	135591514.46377283,
				"retransmits":	0,
				"omitted":	false
			}
		}, {
			"streams":	[{
					"socket":	6,
					"start":	1.0000739097595215,
					"end":	2.0000720024108887,
					"seconds":	0.99999809265136719,
					"bytes":	14417920,
					"bits_per_second":	115343580.00041962,
					"retransmits":	0,
					"snd_cwnd":	1977968,
					"rtt":	156713,
					"rttvar":	377,
					"pmtu":	1500,
					"omitted":	false
				}],
			"sum":	{
				"start":	1.0000739097595215,
				"end":	2.0000720024108887,
				"seconds":	0.99999809265136719,
				"bytes":	14417920,
				"bits_per_second":	115343580.00041962,
				"retransmits":	0,
				"omitted":	false
			}
		}, {
			"streams":	[{
					"socket":	6,
					"start":	2.0000720024108887,
					"end":	3.0001308917999268,
					"seconds":	1.0000588893890381,
					"bytes":	13107200,
					"bits_per_second":	104851425.36362056,
					"retransmits":	0,
					"snd_cwnd":	2571648,
					"rtt":	204397,
					"rttvar":	881,
					"pmtu":	1500,
					"omitted":	false
				}],
			"sum":	{
				"start":	2.0000720024108887,
				"end":	3.0001308917999268,
				"seconds":	1.0000588893890381,
				"bytes":	13107200,
				"bits_per_second":	104851425.36362056,
				"retransmits":	0,
				"omitted":	false
			}
		}, {
			"streams":	[{
					"socket":	6,
					"start":	3.0001308917999268,
					"end":	4.0000758171081543,
					"seconds":	0.99994492530822754,
					"bytes":	13107200,
					"bits_per_second":	104863375.31807387,
					"retransmits":	0,
					"snd_cwnd":	3142160,
					"rtt":	252666,
					"rttvar":	4388,
					"pmtu":	1500,
					"omitted":	false
				}],
			"sum":	{
				"start":	3.0001308917999268,
				"end":	4.0000758171081543,
				"seconds":	0.99994492530822754,
				"bytes":	13107200,
				"bits_per_second":	104863375.31807387,
				"retransmits":	0,
				"omitted":	false
			}
		}, {
			"streams":	[{
					"socket":	6,
					"start":	4.0000758171081543,
					"end":	5.0000410079956055,
					"seconds":	0.99996519088745117,
					"bytes":	11796480,
					"bits_per_second":	94375125.114351913,
					"retransmits":	0,
					"snd_cwnd":	3740184,
					"rtt":	297276,
					"rttvar":	500,
					"pmtu":	1500,
					"omitted":	false
				}],
			"sum":	{
				"start":	4.0000758171081543,
				"end":	5.0000410079956055,
				"seconds":	0.99996519088745117,
				"bytes":	11796480,
				"bits_per_second":	94375125.114351913,
				"retransmits":	0,
				"omitted":	false
			}
		}, {
			"streams":	[{
					"socket":	6,
					"start":	5.0000410079956055,
					"end":	6.0000948905944824,
					"seconds":	1.000053882598877,
					"bytes":	11796480,
					"bits_per_second":	94366755.273978248,
					"retransmits":	0,
					"snd_cwnd":	4338208,
					"rtt":	345220,
					"rttvar":	607,
					"pmtu":	1500,
					"omitted":	false
				}],
			"sum":	{
				"start":	5.0000410079956055,
				"end":	6.0000948905944824,
				"seconds":	1.000053882598877,
				"bytes":	11796480,
				"bits_per_second":	94366755.273978248,
				"retransmits":	0,
				"omitted":	false
			}
		}, {
			"streams":	[{
					"socket":	6,
					"start":	6.0000948905944824,
					"end":	7.0000419616699219,
					"seconds":	0.99994707107543945,
					"bytes":	11796480,
					"bits_per_second":	94376835.26439397,
					"retransmits":	0,
					"snd_cwnd":	4910168,
					"rtt":	390384,
					"rttvar":	564,
					"pmtu":	1500,
					"omitted":	false
				}],
			"sum":	{
				"start":	6.0000948905944824,
				"end":	7.0000419616699219,
				"seconds":	0.99994707107543945,
				"bytes":	11796480,
				"bits_per_second":	94376835.26439397,
				"retransmits":	0,
				"omitted":	false
			}
		}, {
			"streams":	[{
					"socket":	6,
					"start":	7.0000419616699219,
					"end":	7.0892019271850586,
					"seconds":	0.089159965515136719,
					"bytes":	1310720,
					"bits_per_second":	117606146.87788129,
					"retransmits":	0,
					"snd_cwnd":	4963744,
					"rtt":	394694,
					"rttvar":	274,
					"pmtu":	1500,
					"omitted":	false
				}],
			"sum":	{
				"start":	7.0000419616699219,
				"end":	7.0892019271850586,
				"seconds":	0.089159965515136719,
				"bytes":	1310720,
				"bits_per_second":	117606146.87788129,
				"retransmits":	0,
				"omitted":	false
			}
		}],
	"end":	{
		"streams":	[{
				"sender":	{
					"socket":	6,
					"start":	0,
					"end":	7.0892019271850586,
					"seconds":	7.0892019271850586,
					"bytes":	94282672,
					"bits_per_second":	106395809.25288977,
					"retransmits":	0,
					"max_snd_cwnd":	4963744,
					"max_rtt":	394694,
					"min_rtt":	109863,
					"mean_rtt":	268901
				},
				"receiver":	{
					"socket":	6,
					"start":	0,
					"end":	7.54082989692688,
					"seconds":	7.0892019271850586,
					"bytes":	87341912,
					"bits_per_second":	92660264.924521923
				}
			}],
		"sum_sent":	{
			"start":	0,
			"end":	7.0892019271850586,
			"seconds":	7.0892019271850586,
			"bytes":	94282672,
			"bits_per_second":	106395809.25288977,
			"retransmits":	0
		},
		"sum_received":	{
			"start":	0,
			"end":	7.54082989692688,
			"seconds":	7.54082989692688,
			"bytes":	87341912,
			"bits_per_second":	92660264.924521923
		},
		"cpu_utilization_percent":	{
			"host_total":	0.81684519499866048,
			"host_user":	0.12321205669133435,
			"host_system":	0.69363313830732609,
			"remote_total":	0.1898021106256314,
			"remote_user":	0.025034250272332918,
			"remote_system":	0.16476970789944406
		},
		"sender_tcp_congestion":	"cubic",
		"receiver_tcp_congestion":	"cubic"
	}
}
