{
	"start":	{
		"connected":	[{
				"socket":	6,
				"local_host":	"192.168.1.1",
				"local_port":	56376,
				"remote_host":	"192.168.1.2",
				"remote_port":	5000
			}],
		"version":	"iperf 3.6",
		"system_info":	"Linux ba-thesis 4.19.0-23-amd64 #1 SMP Debian 4.19.269-1 (2022-12-20) x86_64",
		"timestamp":	{
			"time":	"Fri, 09 Jun 2023 12:03:15 GMT",
			"timesecs":	1686312195
		},
		"connecting_to":	{
			"host":	"h3",
			"port":	5000
		},
		"cookie":	"eu7exyvszjq6ainto5uk5kmtjvrhyehkbclx",
		"tcp_mss_default":	1448,
		"sock_bufsize":	0,
		"sndbuf_actual":	87380,
		"rcvbuf_actual":	87380,
		"test_start":	{
			"protocol":	"TCP",
			"num_streams":	1,
			"blksize":	131072,
			"omit":	0,
			"duration":	0,
			"bytes":	83702255,
			"blocks":	0,
			"reverse":	0,
			"tos":	0
		}
	},
	"intervals":	[{
			"streams":	[{
					"socket":	6,
					"start":	0,
					"end":	1.0000991821289062,
					"seconds":	1.0000991821289062,
					"bytes":	15284480,
					"bits_per_second":	122263713.62459473,
					"retransmits":	0,
					"snd_cwnd":	797848,
					"rtt":	62896,
					"rttvar":	559,
					"pmtu":	1500,
					"omitted":	false
				}],
			"sum":	{
				"start":	0,
				"end":	1.0000991821289062,
				"seconds":	1.0000991821289062,
				"bytes":	15284480,
				"bits_per_second":	122263713.62459473,
				"retransmits":	0,
				"omitted":	false
			}
		}, {
			"streams":	[{
					"socket":	6,
					"start":	1.0000991821289062,
					"end":	2.0000691413879395,
					"seconds":	0.9999699592590332,
					"bytes":	14417920,
					"bits_per_second":	115346825.1040943,
					"retransmits":	0,
					"snd_cwnd":	1395872,
					"rtt":	110641,
					"rttvar":	550,
					"pmtu":	1500,
					"omitted":	false
				}],
			"sum":	{
				"start":	1.0000991821289062,
				"end":	2.0000691413879395,
				"seconds":	0.9999699592590332,
				"bytes":	14417920,
				"bits_per_second":	115346825.1040943,
				"retransmits":	0,
				"omitted":	false
			}
		}, {
			"streams":	[{
					"socket":	6,
					"start":	2.0000691413879395,
					"end":	3.0000600814819336,
					"seconds":	0.99999094009399414,
					"bytes":	14417920,
					"bits_per_second":	115344405.00946769,
					"retransmits":	0,
					"snd_cwnd":	1993896,
					"rtt":	158029,
					"rttvar":	242,
					"pmtu":	1500,
					"omitted":	false
				}],
			"sum":	{
				"start":	2.0000691413879395,
				"end":	3.0000600814819336,
				"seconds":	0.99999094009399414,
				"bytes":	14417920,
				"bits_per_second":	115344405.00946769,
				"retransmits":	0,
				"omitted":	false
			}
		}, {
			"streams":	[{
					"socket":	6,
					"start":	3.0000600814819336,
					"end":	4.00004506111145,
					"seconds":	0.9999849796295166,
					"bytes":	14417920,
					"bits_per_second":	115345092.52602318,
					"retransmits":	0,
					"snd_cwnd":	2591920,
					"rtt":	205815,
					"rttvar":	382,
					"pmtu":	1500,
					"omitted":	false
				}],
			"sum":	{
				"start":	3.0000600814819336,
				"end":	4.00004506111145,
				"seconds":	0.9999849796295166,
				"bytes":	14417920,
				"bits_per_second":	115345092.52602318,
				"retransmits":	0,
				"omitted":	false
			}
		}, {
			"streams":	[{
					"socket":	6,
					"start":	4.00004506111145,
					"end":	5.0000491142272949,
					"seconds":	1.0000040531158447,
					"bytes":	11796480,
					"bits_per_second":	94371457.501550317,
					"retransmits":	0,
					"snd_cwnd":	3188496,
					"rtt":	253008,
					"rttvar":	225,
					"pmtu":	1500,
					"omitted":	false
				}],
			"sum":	{
				"start":	4.00004506111145,
				"end":	5.0000491142272949,
				"seconds":	1.0000040531158447,
				"bytes":	11796480,
				"bits_per_second":	94371457.501550317,
				"retransmits":	0,
				"omitted":	false
			}
		}, {
			"streams":	[{
					"socket":	6,
					"start":	5.0000491142272949,
					"end":	6.0001242160797119,
					"seconds":	1.000075101852417,
					"bytes":	11796480,
					"bits_per_second":	94364753.0322444,
					"retransmits":	0,
					"snd_cwnd":	3786520,
					"rtt":	301120,
					"rttvar":	669,
					"pmtu":	1500,
					"omitted":	false
				}],
			"sum":	{
				"start":	5.0000491142272949,
				"end":	6.0001242160797119,
				"seconds":	1.000075101852417,
				"bytes":	11796480,
				"bits_per_second":	94364753.0322444,
				"retransmits":	0,
				"omitted":	false
			}
		}, {
			"streams":	[{
					"socket":	6,
					"start":	6.0001242160797119,
					"end":	6.1267170906066895,
					"seconds":	0.12659287452697754,
					"bytes":	2621440,
					"bits_per_second":	165661140.71081361,
					"retransmits":	0,
					"snd_cwnd":	3863264,
					"rtt":	306902,
					"rttvar":	523,
					"pmtu":	1500,
					"omitted":	false
				}],
			"sum":	{
				"start":	6.0001242160797119,
				"end":	6.1267170906066895,
				"seconds":	0.12659287452697754,
				"bytes":	2621440,
				"bits_per_second":	165661140.71081361,
				"retransmits":	0,
				"omitted":	false
			}
		}],
	"end":	{
		"streams":	[{
				"sender":	{
					"socket":	6,
					"start":	0,
					"end":	6.1267170906066895,
					"seconds":	6.1267170906066895,
					"bytes":	84752640,
					"bits_per_second":	110666301.37688632,
					"retransmits":	0,
					"max_snd_cwnd":	3863264,
					"max_rtt":	306902,
					"min_rtt":	62896,
					"mean_rtt":	199773
				},
				"receiver":	{
					"socket":	6,
					"start":	0,
					"end":	6.4936280250549316,
					"seconds":	6.1267170906066895,
					"bytes":	76635400,
					"bits_per_second":	94413045.778798476
				}
			}],
		"sum_sent":	{
			"start":	0,
			"end":	6.1267170906066895,
			"seconds":	6.1267170906066895,
			"bytes":	84752640,
			"bits_per_second":	110666301.37688632,
			"retransmits":	0
		},
		"sum_received":	{
			"start":	0,
			"end":	6.4936280250549316,
			"seconds":	6.4936280250549316,
			"bytes":	76635400,
			"bits_per_second":	94413045.778798476
		},
		"cpu_utilization_percent":	{
			"host_total":	0.92221956769037539,
			"host_user":	0.0038724516827642781,
			"host_system":	0.91831511227469576,
			"remote_total":	0.54811698698213362,
			"remote_user":	0,
			"remote_system":	0.54812402404705829
		},
		"sender_tcp_congestion":	"cubic",
		"receiver_tcp_congestion":	"cubic"
	}
}
