{
	"start":	{
		"connected":	[{
				"socket":	6,
				"local_host":	"192.168.0.2",
				"local_port":	59930,
				"remote_host":	"192.168.25.1",
				"remote_port":	5000
			}],
		"version":	"iperf 3.6",
		"system_info":	"Linux ba-thesis 4.19.0-23-amd64 #1 SMP Debian 4.19.269-1 (2022-12-20) x86_64",
		"timestamp":	{
			"time":	"Tue, 30 May 2023 20:55:54 GMT",
			"timesecs":	1685480154
		},
		"connecting_to":	{
			"host":	"h7",
			"port":	5000
		},
		"cookie":	"2hylas7mzhkzh3juwwajgecn5xjln2ya7wsk",
		"tcp_mss_default":	1448,
		"sock_bufsize":	0,
		"sndbuf_actual":	87380,
		"rcvbuf_actual":	87380,
		"test_start":	{
			"protocol":	"TCP",
			"num_streams":	1,
			"blksize":	131072,
			"omit":	0,
			"duration":	0,
			"bytes":	123703296,
			"blocks":	0,
			"reverse":	0,
			"tos":	0
		}
	},
	"intervals":	[{
			"streams":	[{
					"socket":	6,
					"start":	0,
					"end":	1.0000600814819336,
					"seconds":	1.0000600814819336,
					"bytes":	16950192,
					"bits_per_second":	135593389.34822756,
					"retransmits":	0,
					"snd_cwnd":	1400216,
					"rtt":	110580,
					"rttvar":	410,
					"pmtu":	1500,
					"omitted":	false
				}],
			"sum":	{
				"start":	0,
				"end":	1.0000600814819336,
				"seconds":	1.0000600814819336,
				"bytes":	16950192,
				"bits_per_second":	135593389.34822756,
				"retransmits":	0,
				"omitted":	false
			}
		}, {
			"streams":	[{
					"socket":	6,
					"start":	1.0000600814819336,
					"end":	2.0000729560852051,
					"seconds":	1.0000128746032715,
					"bytes":	14417920,
					"bits_per_second":	115341875.01911853,
					"retransmits":	0,
					"snd_cwnd":	1996792,
					"rtt":	158211,
					"rttvar":	303,
					"pmtu":	1500,
					"omitted":	false
				}],
			"sum":	{
				"start":	1.0000600814819336,
				"end":	2.0000729560852051,
				"seconds":	1.0000128746032715,
				"bytes":	14417920,
				"bits_per_second":	115341875.01911853,
				"retransmits":	0,
				"omitted":	false
			}
		}, {
			"streams":	[{
					"socket":	6,
					"start":	2.0000729560852051,
					"end":	3.0000691413879395,
					"seconds":	0.99999618530273438,
					"bytes":	14417920,
					"bits_per_second":	115343800.00167847,
					"retransmits":	0,
					"snd_cwnd":	2594816,
					"rtt":	205859,
					"rttvar":	331,
					"pmtu":	1500,
					"omitted":	false
				}],
			"sum":	{
				"start":	2.0000729560852051,
				"end":	3.0000691413879395,
				"seconds":	0.99999618530273438,
				"bytes":	14417920,
				"bits_per_second":	115343800.00167847,
				"retransmits":	0,
				"omitted":	false
			}
		}, {
			"streams":	[{
					"socket":	6,
					"start":	3.0000691413879395,
					"end":	4.0001111030578613,
					"seconds":	1.0000419616699219,
					"bytes":	11796480,
					"bits_per_second":	94367880.166161239,
					"retransmits":	0,
					"snd_cwnd":	3192840,
					"rtt":	253572,
					"rttvar":	555,
					"pmtu":	1500,
					"omitted":	false
				}],
			"sum":	{
				"start":	3.0000691413879395,
				"end":	4.0001111030578613,
				"seconds":	1.0000419616699219,
				"bytes":	11796480,
				"bits_per_second":	94367880.166161239,
				"retransmits":	0,
				"omitted":	false
			}
		}, {
			"streams":	[{
					"socket":	6,
					"start":	4.0001111030578613,
					"end":	5.0001349449157715,
					"seconds":	1.0000238418579102,
					"bytes":	11796480,
					"bits_per_second":	94369590.0536429,
					"retransmits":	0,
					"snd_cwnd":	3780728,
					"rtt":	313312,
					"rttvar":	849,
					"pmtu":	1500,
					"omitted":	false
				}],
			"sum":	{
				"start":	4.0001111030578613,
				"end":	5.0001349449157715,
				"seconds":	1.0000238418579102,
				"bytes":	11796480,
				"bits_per_second":	94369590.0536429,
				"retransmits":	0,
				"omitted":	false
			}
		}, {
			"streams":	[{
					"socket":	6,
					"start":	5.0001349449157715,
					"end":	6.0000801086425781,
					"seconds":	0.99994516372680664,
					"bytes":	11796480,
					"bits_per_second":	94377015.283793271,
					"retransmits":	0,
					"snd_cwnd":	4378752,
					"rtt":	348048,
					"rttvar":	651,
					"pmtu":	1500,
					"omitted":	false
				}],
			"sum":	{
				"start":	5.0001349449157715,
				"end":	6.0000801086425781,
				"seconds":	0.99994516372680664,
				"bytes":	11796480,
				"bits_per_second":	94377015.283793271,
				"retransmits":	0,
				"omitted":	false
			}
		}, {
			"streams":	[{
					"socket":	6,
					"start":	6.0000801086425781,
					"end":	7.0000679492950439,
					"seconds":	0.99998784065246582,
					"bytes":	13107200,
					"bits_per_second":	104858875.01550336,
					"retransmits":	0,
					"snd_cwnd":	4976776,
					"rtt":	395608,
					"rttvar":	300,
					"pmtu":	1500,
					"omitted":	false
				}],
			"sum":	{
				"start":	6.0000801086425781,
				"end":	7.0000679492950439,
				"seconds":	0.99998784065246582,
				"bytes":	13107200,
				"bits_per_second":	104858875.01550336,
				"retransmits":	0,
				"omitted":	false
			}
		}, {
			"streams":	[{
					"socket":	6,
					"start":	7.0000679492950439,
					"end":	8.0000481605529785,
					"seconds":	0.99998021125793457,
					"bytes":	11796480,
					"bits_per_second":	94373707.5369562,
					"retransmits":	0,
					"snd_cwnd":	5573352,
					"rtt":	443176,
					"rttvar":	498,
					"pmtu":	1500,
					"omitted":	false
				}],
			"sum":	{
				"start":	7.0000679492950439,
				"end":	8.0000481605529785,
				"seconds":	0.99998021125793457,
				"bytes":	11796480,
				"bits_per_second":	94373707.5369562,
				"retransmits":	0,
				"omitted":	false
			}
		}, {
			"streams":	[{
					"socket":	6,
					"start":	8.0000481605529785,
					"end":	9.0000710487365723,
					"seconds":	1.0000228881835938,
					"bytes":	11796480,
					"bits_per_second":	94369680.049437344,
					"retransmits":	0,
					"snd_cwnd":	6171376,
					"rtt":	491015,
					"rttvar":	507,
					"pmtu":	1500,
					"omitted":	false
				}],
			"sum":	{
				"start":	8.0000481605529785,
				"end":	9.0000710487365723,
				"seconds":	1.0000228881835938,
				"bytes":	11796480,
				"bits_per_second":	94369680.049437344,
				"retransmits":	0,
				"omitted":	false
			}
		}, {
			"streams":	[{
					"socket":	6,
					"start":	9.0000710487365723,
					"end":	9.52885913848877,
					"seconds":	0.52878808975219727,
					"bytes":	6553600,
					"bits_per_second":	99148980.500996888,
					"retransmits":	0,
					"snd_cwnd":	6487040,
					"rtt":	516154,
					"rttvar":	679,
					"pmtu":	1500,
					"omitted":	false
				}],
			"sum":	{
				"start":	9.0000710487365723,
				"end":	9.52885913848877,
				"seconds":	0.52878808975219727,
				"bytes":	6553600,
				"bits_per_second":	99148980.500996888,
				"retransmits":	0,
				"omitted":	false
			}
		}],
	"end":	{
		"streams":	[{
				"sender":	{
					"socket":	6,
					"start":	0,
					"end":	9.52885913848877,
					"seconds":	9.52885913848877,
					"bytes":	124429232,
					"bits_per_second":	104465166.45201148,
					"retransmits":	0,
					"max_snd_cwnd":	6487040,
					"max_rtt":	516154,
					"min_rtt":	110580,
					"mean_rtt":	323553
				},
				"receiver":	{
					"socket":	6,
					"start":	0,
					"end":	10.097776889801025,
					"seconds":	9.52885913848877,
					"bytes":	119147232,
					"bits_per_second":	94394822.3853837
				}
			}],
		"sum_sent":	{
			"start":	0,
			"end":	9.52885913848877,
			"seconds":	9.52885913848877,
			"bytes":	124429232,
			"bits_per_second":	104465166.45201148,
			"retransmits":	0
		},
		"sum_received":	{
			"start":	0,
			"end":	10.097776889801025,
			"seconds":	10.097776889801025,
			"bytes":	119147232,
			"bits_per_second":	94394822.3853837
		},
		"cpu_utilization_percent":	{
			"host_total":	0.65610103821890409,
			"host_user":	0,
			"host_system":	0.65610103821890409,
			"remote_total":	1.2578052872686929,
			"remote_user":	0,
			"remote_system":	1.2578052872686929
		},
		"sender_tcp_congestion":	"cubic",
		"receiver_tcp_congestion":	"cubic"
	}
}
