{
	"start":	{
		"connected":	[{
				"socket":	6,
				"local_host":	"192.168.3.1",
				"local_port":	57456,
				"remote_host":	"192.168.3.2",
				"remote_port":	5008
			}],
		"version":	"iperf 3.6",
		"system_info":	"Linux ba-thesis 4.19.0-23-amd64 #1 SMP Debian 4.19.269-1 (2022-12-20) x86_64",
		"timestamp":	{
			"time":	"Tue, 30 May 2023 20:56:27 GMT",
			"timesecs":	1685480187
		},
		"connecting_to":	{
			"host":	"h0",
			"port":	5008
		},
		"cookie":	"s4aiju4mmvtgz6rvwh6dm6pwc3qwo2or4sjf",
		"tcp_mss_default":	1448,
		"sock_bufsize":	0,
		"sndbuf_actual":	87380,
		"rcvbuf_actual":	87380,
		"test_start":	{
			"protocol":	"TCP",
			"num_streams":	1,
			"blksize":	131072,
			"omit":	0,
			"duration":	0,
			"bytes":	41846784,
			"blocks":	0,
			"reverse":	0,
			"tos":	0
		}
	},
	"intervals":	[{
			"streams":	[{
					"socket":	6,
					"start":	0,
					"end":	1.0001411437988281,
					"seconds":	1.0001411437988281,
					"bytes":	144800,
					"bits_per_second":	1158236.5220973296,
					"retransmits":	0,
					"snd_cwnd":	28960,
					"rtt":	440682,
					"rttvar":	44171,
					"pmtu":	1500,
					"omitted":	false
				}],
			"sum":	{
				"start":	0,
				"end":	1.0001411437988281,
				"seconds":	1.0001411437988281,
				"bytes":	144800,
				"bits_per_second":	1158236.5220973296,
				"retransmits":	0,
				"omitted":	false
			}
		}, {
			"streams":	[{
					"socket":	6,
					"start":	1.0001411437988281,
					"end":	2.00019907951355,
					"seconds":	1.0000579357147217,
					"bytes":	421368,
					"bits_per_second":	3370748.71326415,
					"retransmits":	0,
					"snd_cwnd":	99912,
					"rtt":	448524,
					"rttvar":	768,
					"pmtu":	1500,
					"omitted":	false
				}],
			"sum":	{
				"start":	1.0001411437988281,
				"end":	2.00019907951355,
				"seconds":	1.0000579357147217,
				"bytes":	421368,
				"bits_per_second":	3370748.71326415,
				"retransmits":	0,
				"omitted":	false
			}
		}, {
			"streams":	[{
					"socket":	6,
					"start":	2.00019907951355,
					"end":	3.0001711845397949,
					"seconds":	0.99997210502624512,
					"bytes":	1246728,
					"bits_per_second":	9974102.227319859,
					"retransmits":	0,
					"snd_cwnd":	399648,
					"rtt":	451715,
					"rttvar":	48,
					"pmtu":	1500,
					"omitted":	false
				}],
			"sum":	{
				"start":	2.00019907951355,
				"end":	3.0001711845397949,
				"seconds":	0.99997210502624512,
				"bytes":	1246728,
				"bits_per_second":	9974102.227319859,
				"retransmits":	0,
				"omitted":	false
			}
		}, {
			"streams":	[{
					"socket":	6,
					"start":	3.0001711845397949,
					"end":	4.00033712387085,
					"seconds":	1.0001659393310547,
					"bytes":	6082440,
					"bits_per_second":	48651446.811461262,
					"retransmits":	0,
					"snd_cwnd":	1598592,
					"rtt":	455225,
					"rttvar":	33,
					"pmtu":	1500,
					"omitted":	false
				}],
			"sum":	{
				"start":	3.0001711845397949,
				"end":	4.00033712387085,
				"seconds":	1.0001659393310547,
				"bytes":	6082440,
				"bits_per_second":	48651446.811461262,
				"retransmits":	0,
				"omitted":	false
			}
		}, {
			"streams":	[{
					"socket":	6,
					"start":	4.00033712387085,
					"end":	5.0002272129058838,
					"seconds":	0.99989008903503418,
					"bytes":	10485760,
					"bits_per_second":	83895301.0134905,
					"retransmits":	0,
					"snd_cwnd":	260640,
					"rtt":	574082,
					"rttvar":	8620,
					"pmtu":	1500,
					"omitted":	false
				}],
			"sum":	{
				"start":	4.00033712387085,
				"end":	5.0002272129058838,
				"seconds":	0.99989008903503418,
				"bytes":	10485760,
				"bits_per_second":	83895301.0134905,
				"retransmits":	0,
				"omitted":	false
			}
		}, {
			"streams":	[{
					"socket":	6,
					"start":	5.0002272129058838,
					"end":	6.000974178314209,
					"seconds":	1.0007469654083252,
					"bytes":	0,
					"bits_per_second":	0,
					"retransmits":	0,
					"snd_cwnd":	632776,
					"rtt":	461447,
					"rttvar":	3209,
					"pmtu":	1500,
					"omitted":	false
				}],
			"sum":	{
				"start":	5.0002272129058838,
				"end":	6.000974178314209,
				"seconds":	1.0007469654083252,
				"bytes":	0,
				"bits_per_second":	0,
				"retransmits":	0,
				"omitted":	false
			}
		}, {
			"streams":	[{
					"socket":	6,
					"start":	6.000974178314209,
					"end":	7.0004570484161377,
					"seconds":	0.99948287010192871,
					"bytes":	1310720,
					"bits_per_second":	10491185.305587726,
					"retransmits":	0,
					"snd_cwnd":	715312,
					"rtt":	456562,
					"rttvar":	22,
					"pmtu":	1500,
					"omitted":	false
				}],
			"sum":	{
				"start":	6.000974178314209,
				"end":	7.0004570484161377,
				"seconds":	0.99948287010192871,
				"bytes":	1310720,
				"bits_per_second":	10491185.305587726,
				"retransmits":	0,
				"omitted":	false
			}
		}, {
			"streams":	[{
					"socket":	6,
					"start":	7.0004570484161377,
					"end":	8.0003030300140381,
					"seconds":	0.99984598159790039,
					"bytes":	2621440,
					"bits_per_second":	20974750.497556072,
					"retransmits":	0,
					"snd_cwnd":	741376,
					"rtt":	327435,
					"rttvar":	14,
					"pmtu":	1500,
					"omitted":	false
				}],
			"sum":	{
				"start":	7.0004570484161377,
				"end":	8.0003030300140381,
				"seconds":	0.99984598159790039,
				"bytes":	2621440,
				"bits_per_second":	20974750.497556072,
				"retransmits":	0,
				"omitted":	false
			}
		}, {
			"streams":	[{
					"socket":	6,
					"start":	8.0003030300140381,
					"end":	9.0006630420684814,
					"seconds":	1.0003600120544434,
					"bytes":	1310720,
					"bits_per_second":	10481986.358556408,
					"retransmits":	0,
					"snd_cwnd":	721104,
					"rtt":	414315,
					"rttvar":	24811,
					"pmtu":	1500,
					"omitted":	false
				}],
			"sum":	{
				"start":	8.0003030300140381,
				"end":	9.0006630420684814,
				"seconds":	1.0003600120544434,
				"bytes":	1310720,
				"bits_per_second":	10481986.358556408,
				"retransmits":	0,
				"omitted":	false
			}
		}, {
			"streams":	[{
					"socket":	6,
					"start":	9.0006630420684814,
					"end":	10.00084114074707,
					"seconds":	1.0001780986785889,
					"bytes":	1310720,
					"bits_per_second":	10483892.832540058,
					"retransmits":	0,
					"snd_cwnd":	367792,
					"rtt":	473339,
					"rttvar":	1528,
					"pmtu":	1500,
					"omitted":	false
				}],
			"sum":	{
				"start":	9.0006630420684814,
				"end":	10.00084114074707,
				"seconds":	1.0001780986785889,
				"bytes":	1310720,
				"bits_per_second":	10483892.832540058,
				"retransmits":	0,
				"omitted":	false
			}
		}, {
			"streams":	[{
					"socket":	6,
					"start":	10.00084114074707,
					"end":	11.000933170318604,
					"seconds":	1.0000920295715332,
					"bytes":	1310720,
					"bits_per_second":	10484795.088800365,
					"retransmits":	0,
					"snd_cwnd":	414128,
					"rtt":	384267,
					"rttvar":	912,
					"pmtu":	1500,
					"omitted":	false
				}],
			"sum":	{
				"start":	10.00084114074707,
				"end":	11.000933170318604,
				"seconds":	1.0000920295715332,
				"bytes":	1310720,
				"bits_per_second":	10484795.088800365,
				"retransmits":	0,
				"omitted":	false
			}
		}, {
			"streams":	[{
					"socket":	6,
					"start":	11.000933170318604,
					"end":	12.0003821849823,
					"seconds":	0.99944901466369629,
					"bytes":	1310720,
					"bits_per_second":	10491540.685072709,
					"retransmits":	0,
					"snd_cwnd":	435848,
					"rtt":	308519,
					"rttvar":	8599,
					"pmtu":	1500,
					"omitted":	false
				}],
			"sum":	{
				"start":	11.000933170318604,
				"end":	12.0003821849823,
				"seconds":	0.99944901466369629,
				"bytes":	1310720,
				"bits_per_second":	10491540.685072709,
				"retransmits":	0,
				"omitted":	false
			}
		}, {
			"streams":	[{
					"socket":	6,
					"start":	12.0003821849823,
					"end":	13.00048303604126,
					"seconds":	1.00010085105896,
					"bytes":	1310720,
					"bits_per_second":	10484702.60663924,
					"retransmits":	0,
					"snd_cwnd":	441640,
					"rtt":	289489,
					"rttvar":	1108,
					"pmtu":	1500,
					"omitted":	false
				}],
			"sum":	{
				"start":	12.0003821849823,
				"end":	13.00048303604126,