{
	"start":	{
		"connected":	[{
				"socket":	6,
				"local_host":	"192.168.1.1",
				"local_port":	35960,
				"remote_host":	"192.168.44.1",
				"remote_port":	5000
			}],
		"version":	"iperf 3.6",
		"system_info":	"Linux ba-thesis 4.19.0-23-amd64 #1 SMP Debian 4.19.269-1 (2022-12-20) x86_64",
		"timestamp":	{
			"time":	"Mon, 05 Jun 2023 13:18:14 GMT",
			"timesecs":	1685971094
		},
		"connecting_to":	{
			"host":	"h4",
			"port":	5000
		},
		"cookie":	"ufclykakq3llejr2g3uj4g5qfeybbygjssiv",
		"tcp_mss_default":	1448,
		"sock_bufsize":	0,
		"sndbuf_actual":	87380,
		"rcvbuf_actual":	87380,
		"test_start":	{
			"protocol":	"TCP",
			"num_streams":	1,
			"blksize":	131072,
			"omit":	0,
			"duration":	0,
			"bytes":	58823542,
			"blocks":	0,
			"reverse":	0,
			"tos":	0
		}
	},
	"intervals":	[{
			"streams":	[{
					"socket":	6,
					"start":	0,
					"end":	1.0001668930053711,
					"seconds":	1.0001668930053711,
					"bytes":	8078392,
					"bits_per_second":	64616351.982821472,
					"retransmits":	0,
					"snd_cwnd":	527072,
					"rtt":	68076,
					"rttvar":	231,
					"pmtu":	1500,
					"omitted":	false
				}],
			"sum":	{
				"start":	0,
				"end":	1.0001668930053711,
				"seconds":	1.0001668930053711,
				"bytes":	8078392,
				"bits_per_second":	64616351.982821472,
				"retransmits":	0,
				"omitted":	false
			}
		}, {
			"streams":	[{
					"socket":	6,
					"start":	1.0001668930053711,
					"end":	2.0000619888305664,
					"seconds":	0.99989509582519531,
					"bytes":	10202560,
					"bits_per_second":	81629043.227419868,
					"retransmits":	0,
					"snd_cwnd":	900656,
					"rtt":	107832,
					"rttvar":	568,
					"pmtu":	1500,
					"omitted":	false
				}],
			"sum":	{
				"start":	1.0001668930053711,
				"end":	2.0000619888305664,
				"seconds":	0.99989509582519531,
				"bytes":	10202560,
				"bits_per_second":	81629043.227419868,
				"retransmits":	0,
				"omitted":	false
			}
		}, {
			"streams":	[{
					"socket":	6,
					"start":	2.0000619888305664,
					"end":	3.0001099109649658,
					"seconds":	1.0000479221343994,
					"bytes":	9175040,
					"bits_per_second":	73396802.668558031,
					"retransmits":	0,
					"snd_cwnd":	1329264,
					"rtt":	148823,
					"rttvar":	403,
					"pmtu":	1500,
					"omitted":	false
				}],
			"sum":	{
				"start":	2.0000619888305664,
				"end":	3.0001099109649658,
				"seconds":	1.0000479221343994,
				"bytes":	9175040,
				"bits_per_second":	73396802.668558031,
				"retransmits":	0,
				"omitted":	false
			}
		}, {
			"streams":	[{
					"socket":	6,
					"start":	3.0001099109649658,
					"end":	4.0001370906829834,
					"seconds":	1.0000271797180176,
					"bytes":	10485760,
					"bits_per_second":	83883800.061968073,
					"retransmits":	0,
					"snd_cwnd":	1763664,
					"rtt":	191147,
					"rttvar":	636,
					"pmtu":	1500,
					"omitted":	false
				}],
			"sum":	{
				"start":	3.0001099109649658,
				"end":	4.0001370906829834,
				"seconds":	1.0000271797180176,
				"bytes":	10485760,
				"bits_per_second":	83883800.061968073,
				"retransmits":	0,
				"omitted":	false
			}
		}, {
			"streams":	[{
					"socket":	6,
					"start":	4.0001370906829834,
					"end":	5.0001261234283447,
					"seconds":	0.99998903274536133,
					"bytes":	10485760,
					"bits_per_second":	83887000.010089979,
					"retransmits":	0,
					"snd_cwnd":	2199512,
					"rtt":	228361,
					"rttvar":	325,
					"pmtu":	1500,
					"omitted":	false
				}],
			"sum":	{
				"start":	4.0001370906829834,
				"end":	5.0001261234283447,
				"seconds":	0.99998903274536133,
				"bytes":	10485760,
				"bits_per_second":	83887000.010089979,
				"retransmits":	0,
				"omitted":	false
			}
		}, {
			"streams":	[{
					"socket":	6,
					"start":	5.0001261234283447,
					"end":	6.0000810623168945,
					"seconds":	0.9999549388885498,
					"bytes":	9175040,
					"bits_per_second":	73403627.649046347,
					"retransmits":	0,
					"snd_cwnd":	2564408,
					"rtt":	260486,
					"rttvar":	264,
					"pmtu":	1500,
					"omitted":	false
				}],
			"sum":	{
				"start":	5.0001261234283447,
				"end":	6.0000810623168945,
				"seconds":	0.9999549388885498,
				"bytes":	9175040,
				"bits_per_second":	73403627.649046347,
				"retransmits":	0,
				"omitted":	false
			}
		}, {
			"streams":	[{
					"socket":	6,
					"start":	6.0000810623168945,
					"end":	6.09451699256897,
					"seconds":	0.0944359302520752,
					"bytes":	1310720,
					"bits_per_second":	111035704.01658197,
					"retransmits":	0,
					"snd_cwnd":	2610744,
					"rtt":	266767,
					"rttvar":	235,
					"pmtu":	1500,
					"omitted":	false
				}],
			"sum":	{
				"start":	6.0000810623168945,
				"end":	6.09451699256897,
				"seconds":	0.0944359302520752,
				"bytes":	1310720,
				"bits_per_second":	111035704.01658197,
				"retransmits":	0,
				"omitted":	false
			}
		}],
	"end":	{
		"streams":	[{
				"sender":	{
					"socket":	6,
					"start":	0,
					"end":	6.09451699256897,
					"seconds":	6.09451699256897,
					"bytes":	58913272,
					"bits_per_second":	77332818.429198325,
					"retransmits":	0,
					"max_snd_cwnd":	2610744,
					"max_rtt":	266767,
					"min_rtt":	68076,
					"mean_rtt":	181641
				},
				"receiver":	{
					"socket":	6,
					"start":	0,
					"end":	6.399479866027832,
					"seconds":	6.09451699256897,
					"bytes":	50339720,
					"bits_per_second":	62929764.360672578
				}
			}],
		"sum_sent":	{
			"start":	0,
			"end":	6.09451699256897,
			"seconds":	6.09451699256897,
			"bytes":	58913272,
			"bits_per_second":	77332818.429198325,
			"retransmits":	0
		},
		"sum_received":	{
			"start":	0,
			"end":	6.399479866027832,
			"seconds":	6.399479866027832,
			"bytes":	50339720,
			"bits_per_second":	62929764.360672578
		},
		"cpu_utilization_percent":	{
			"host_total":	0.644438526823304,
			"host_user":	0.098849477070611411,
			"host_system":	0.54566892166370629,
			"remote_total":	1.497479906438822,
			"remote_user":	0.36534713823808296,
			"remote_system":	1.1321327682007392
		},
		"sender_tcp_congestion":	"cubic",
		"receiver_tcp_congestion":	"cubic"
	}
}
