{
	"start":	{
		"connected":	[{
				"socket":	6,
				"local_host":	"192.168.3.1",
				"local_port":	36702,
				"remote_host":	"192.168.3.2",
				"remote_port":	5008
			}],
		"version":	"iperf 3.6",
		"system_info":	"Linux ba-thesis 4.19.0-23-amd64 #1 SMP Debian 4.19.269-1 (2022-12-20) x86_64",
		"timestamp":	{
			"time":	"Tue, 30 May 2023 21:28:45 GMT",
			"timesecs":	1685482125
		},
		"connecting_to":	{
			"host":	"h0",
			"port":	5008
		},
		"cookie":	"yx5hxc6hr6giug2hemvdvlqvtmkziqbiwvho",
		"tcp_mss_default":	1448,
		"sock_bufsize":	0,
		"sndbuf_actual":	87380,
		"rcvbuf_actual":	87380,
		"test_start":	{
			"protocol":	"TCP",
			"num_streams":	1,
			"blksize":	131072,
			"omit":	0,
			"duration":	0,
			"bytes":	41846784,
			"blocks":	0,
			"reverse":	0,
			"tos":	0
		}
	},
	"intervals":	[{
			"streams":	[{
					"socket":	6,
					"start":	0,
					"end":	1.0000882148742676,
					"seconds":	1.0000882148742676,
					"bytes":	253400,
					"bits_per_second":	2027021.186580888,
					"retransmits":	0,
					"snd_cwnd":	56472,
					"rtt":	325651,
					"rttvar":	7095,
					"pmtu":	1500,
					"omitted":	false
				}],
			"sum":	{
				"start":	0,
				"end":	1.0000882148742676,
				"seconds":	1.0000882148742676,
				"bytes":	253400,
				"bits_per_second":	2027021.186580888,
				"retransmits":	0,
				"omitted":	false
			}
		}, {
			"streams":	[{
					"socket":	6,
					"start":	1.0000882148742676,
					"end":	2.0000572204589844,
					"seconds":	0.9999690055847168,
					"bytes":	719656,
					"bits_per_second":	5757426.4480662942,
					"retransmits":	0,
					"snd_cwnd":	117288,
					"rtt":	342013,
					"rttvar":	44,
					"pmtu":	1500,
					"omitted":	false
				}],
			"sum":	{
				"start":	1.0000882148742676,
				"end":	2.0000572204589844,
				"seconds":	0.9999690055847168,
				"bytes":	719656,
				"bits_per_second":	5757426.4480662942,
				"retransmits":	0,
				"omitted":	false
			}
		}, {
			"streams":	[{
					"socket":	6,
					"start":	2.0000572204589844,
					"end":	3.0000541210174561,
					"seconds":	0.99999690055847168,
					"bytes":	260640,
					"bits_per_second":	2085126.4627275504,
					"retransmits":	0,
					"snd_cwnd":	128872,
					"rtt":	349652,
					"rttvar":	39,
					"pmtu":	1500,
					"omitted":	false
				}],
			"sum":	{
				"start":	2.0000572204589844,
				"end":	3.0000541210174561,
				"seconds":	0.99999690055847168,
				"bytes":	260640,
				"bits_per_second":	2085126.4627275504,
				"retransmits":	0,
				"omitted":	false
			}
		}, {
			"streams":	[{
					"socket":	6,
					"start":	3.0000541210174561,
					"end":	4.0004332065582275,
					"seconds":	1.0003790855407715,
					"bytes":	325800,
					"bits_per_second":	2605412.3258595187,
					"retransmits":	0,
					"snd_cwnd":	149144,
					"rtt":	364460,
					"rttvar":	12067,
					"pmtu":	1500,
					"omitted":	false
				}],
			"sum":	{
				"start":	3.0000541210174561,
				"end":	4.0004332065582275,
				"seconds":	1.0003790855407715,
				"bytes":	325800,
				"bits_per_second":	2605412.3258595187,
				"retransmits":	0,
				"omitted":	false
			}
		}, {
			"streams":	[{
					"socket":	6,
					"start":	4.0004332065582275,
					"end":	5.0001749992370605,
					"seconds":	0.999741792678833,
					"bytes":	716760,
					"bits_per_second":	5735560.9638318606,
					"retransmits":	0,
					"snd_cwnd":	172312,
					"rtt":	367143,
					"rttvar":	2931,
					"pmtu":	1500,
					"omitted":	false
				}],
			"sum":	{
				"start":	4.0004332065582275,
				"end":	5.0001749992370605,
				"seconds":	0.999741792678833,
				"bytes":	716760,
				"bits_per_second":	5735560.9638318606,
				"retransmits":	0,
				"omitted":	false
			}
		}, {
			"streams":	[{
					"socket":	6,
					"start":	5.0001749992370605,
					"end":	6.0003750324249268,
					"seconds":	1.0002000331878662,
					"bytes":	390960,
					"bits_per_second":	3127054.4853226696,
					"retransmits":	0,
					"snd_cwnd":	198376,
					"rtt":	370613,
					"rttvar":	12,
					"pmtu":	1500,
					"omitted":	false
				}],
			"sum":	{
				"start":	5.0001749992370605,
				"end":	6.0003750324249268,
				"seconds":	1.0002000331878662,
				"bytes":	390960,
				"bits_per_second":	3127054.4853226696,
				"retransmits":	0,
				"omitted":	false
			}
		}, {
			"streams":	[{
					"socket":	6,
					"start":	6.0003750324249268,
					"end":	7.0002410411834717,
					"seconds":	0.99986600875854492,
					"bytes":	912240,
					"bits_per_second":	7298897.98840272,
					"retransmits":	0,
					"snd_cwnd":	220096,
					"rtt":	414151,
					"rttvar":	12210,
					"pmtu":	1500,
					"omitted":	false
				}],
			"sum":	{
				"start":	6.0003750324249268,
				"end":	7.0002410411834717,
				"seconds":	0.99986600875854492,
				"bytes":	912240,
				"bits_per_second":	7298897.98840272,
				"retransmits":	0,
				"omitted":	false
			}
		}, {
			"streams":	[{
					"socket":	6,
					"start":	7.0002410411834717,
					"end":	8.0005190372467041,
					"seconds":	1.0002779960632324,
					"bytes":	521280,
					"bits_per_second":	4169081.0118913972,
					"retransmits":	0,
					"snd_cwnd":	270776,
					"rtt":	375171,
					"rttvar":	97,
					"pmtu":	1500,
					"omitted":	false
				}],
			"sum":	{
				"start":	7.0002410411834717,
				"end":	8.0005190372467041,
				"seconds":	1.0002779960632324,
				"bytes":	521280,
				"bits_per_second":	4169081.0118913972,
				"retransmits":	0,
				"omitted":	false
			}
		}, {
			"streams":	[{
					"socket":	6,
					"start":	8.0005190372467041,
					"end":	9.000622034072876,
					"seconds":	1.0001029968261719,
					"bytes":	781920,
					"bits_per_second":	6254715.7841256279,
					"retransmits":	0,
					"snd_cwnd":	333040,
					"rtt":	376245,
					"rttvar":	392,
					"pmtu":	1500,
					"omitted":	false
				}],
			"sum":	{
				"start":	8.0005190372467041,
				"end":	9.000622034072876,
				"seconds":	1.0001029968261719,
				"bytes":	781920,
				"bits_per_second":	6254715.7841256279,
				"retransmits":	0,
				"omitted":	false
			}
		}, {
			"streams":	[{
					"socket":	6,
					"start":	9.000622034072876,
					"end":	10.000368118286133,
					"seconds":	0.99974608421325684,
					"bytes":	1498680,
					"bits_per_second":	11992485.081284421,
					"retransmits":	0,
					"snd_cwnd":	359104,
					"rtt":	465530,
					"rttvar":	2035,
					"pmtu":	1500,
					"omitted":	false
				}],
			"sum":	{
				"start":	9.000622034072876,
				"end":	10.000368118286133,
				"seconds":	0.99974608421325684,
				"bytes":	1498680,
				"bits_per_second":	11992485.081284421,
				"retransmits":	0,
				"omitted":	false
			}
		}, {
			"streams":	[{
					"socket":	6,
					"start":	10.000368118286133,
					"end":	11.000560998916626,
					"seconds":	1.0001928806304932,
					"bytes":	847080,
					"bits_per_second":	6775333.1694664722,
					"retransmits":	0,
					"snd_cwnd":	211408,
					"rtt":	502633,
					"rttvar":	1917,
					"pmtu":	1500,
					"omitted":	false
				}],
			"sum":	{
				"start":	10.000368118286133,
				"end":	11.000560998916626,
				"seconds":	1.0001928806304932,
				"bytes":	847080,
				"bits_per_second":	6775333.1694664722,
				"retransmits":	0,
				"omitted":	false
			}
		}, {
			"streams":	[{
					"socket":	6,
					"start":	11.000560998916626,
					"end":	12.000181198120117,
					"seconds":	0.99962019920349121,
					"bytes":	977400,
					"bits_per_second":	7822170.8667256106,
					"retransmits":	0,
					"snd_cwnd":	237472,
					"rtt":	379660,
					"rttvar":	11230,
					"pmtu":	1500,
					"omitted":	false
				}],
			"sum":	{
				"start":	11.000560998916626,
				"end":	12.000181198120117,
				"seconds":	0.99962019920349121,
				"bytes":	977400,
				"bits_per_second":	7822170.8667256106,
				"retransmits":	0,
				"omitted":	false
			}
		}, {
			"streams":	[{
					"socket":	6,
					"start":	12.000181198120117,
					"end":	13.000998020172119,
					"seconds":	1.000816822052002,
					"bytes":	0,
					"bits_per_second":	0,
					"retransmits":	0,
					"snd_cwnd":	250504,
					"rtt":	376619,
					"rttvar":	119,
					"pmtu":	1500,
					"omitted":	false
				}],
			"sum":	{
				"start":	12.000181198120117,