{
	"start":	{
		"connected":	[{
				"socket":	6,
				"local_host":	"192.168.6.2",
				"local_port":	33556,
				"remote_host":	"192.168.23.1",
				"remote_port":	5001
			}],
		"version":	"iperf 3.6",
		"system_info":	"Linux ba-thesis 4.19.0-23-amd64 #1 SMP Debian 4.19.269-1 (2022-12-20) x86_64",
		"timestamp":	{
			"time":	"Sun, 11 Jun 2023 05:35:05 GMT",
			"timesecs":	1686461705
		},
		"connecting_to":	{
			"host":	"h4",
			"port":	5001
		},
		"cookie":	"km4qbganxy7nj67mxo3hzuj5iiiu5p52nhh6",
		"tcp_mss_default":	1448,
		"sock_bufsize":	0,
		"sndbuf_actual":	87380,
		"rcvbuf_actual":	87380,
		"test_start":	{
			"protocol":	"TCP",
			"num_streams":	1,
			"blksize":	131072,
			"omit":	0,
			"duration":	0,
			"bytes":	9513981,
			"blocks":	0,
			"reverse":	0,
			"tos":	0
		}
	},
	"intervals":	[{
			"streams":	[{
					"socket":	6,
					"start":	0,
					"end":	1.0000379085540771,
					"seconds":	1.0000379085540771,
					"bytes":	2229920,
					"bits_per_second":	17838683.76129197,
					"retransmits":	0,
					"snd_cwnd":	137560,
					"rtt":	76485,
					"rttvar":	723,
					"pmtu":	1500,
					"omitted":	false
				}],
			"sum":	{
				"start":	0,
				"end":	1.0000379085540771,
				"seconds":	1.0000379085540771,
				"bytes":	2229920,
				"bits_per_second":	17838683.76129197,
				"retransmits":	0,
				"omitted":	false
			}
		}, {
			"streams":	[{
					"socket":	6,
					"start":	1.0000379085540771,
					"end":	2.0001749992370605,
					"seconds":	1.0001370906829834,
					"bytes":	1889640,
					"bits_per_second":	15115047.867764482,
					"retransmits":	0,
					"snd_cwnd":	224440,
					"rtt":	122771,
					"rttvar":	721,
					"pmtu":	1500,
					"omitted":	false
				}],
			"sum":	{
				"start":	1.0000379085540771,
				"end":	2.0001749992370605,
				"seconds":	1.0001370906829834,
				"bytes":	1889640,
				"bits_per_second":	15115047.867764482,
				"retransmits":	0,
				"omitted":	false
			}
		}, {
			"streams":	[{
					"socket":	6,
					"start":	2.0001749992370605,
					"end":	3.0001199245452881,
					"seconds":	0.99994492530822754,
					"bytes":	2280600,
					"bits_per_second":	18245804.882080022,
					"retransmits":	0,
					"snd_cwnd":	311320,
					"rtt":	170704,
					"rttvar":	599,
					"pmtu":	1500,
					"omitted":	false
				}],
			"sum":	{
				"start":	2.0001749992370605,
				"end":	3.0001199245452881,
				"seconds":	0.99994492530822754,
				"bytes":	2280600,
				"bits_per_second":	18245804.882080022,
				"retransmits":	0,
				"omitted":	false
			}
		}, {
			"streams":	[{
					"socket":	6,
					"start":	3.0001199245452881,
					"end":	4.0001828670501709,
					"seconds":	1.0000629425048828,
					"bytes":	1368360,
					"bits_per_second":	10946191.019318318,
					"retransmits":	0,
					"snd_cwnd":	377928,
					"rtt":	207942,
					"rttvar":	1199,
					"pmtu":	1500,
					"omitted":	false
				}],
			"sum":	{
				"start":	3.0001199245452881,
				"end":	4.0001828670501709,
				"seconds":	1.0000629425048828,
				"bytes":	1368360,
				"bits_per_second":	10946191.019318318,
				"retransmits":	0,
				"omitted":	false
			}
		}, {
			"streams":	[{
					"socket":	6,
					"start":	4.0001828670501709,
					"end":	4.92074990272522,
					"seconds":	0.92056703567504883,
					"bytes":	2541240,
					"bits_per_second":	22084127.730135519,
					"retransmits":	0,
					"snd_cwnd":	456120,
					"rtt":	263831,
					"rttvar":	1116,
					"pmtu":	1500,
					"omitted":	false
				}],
			"sum":	{
				"start":	4.0001828670501709,
				"end":	4.92074990272522,
				"seconds":	0.92056703567504883,
				"bytes":	2541240,
				"bits_per_second":	22084127.730135519,
				"retransmits":	0,
				"omitted":	false
			}
		}],
	"end":	{
		"streams":	[{
				"sender":	{
					"socket":	6,
					"start":	0,
					"end":	4.92074990272522,
					"seconds":	4.92074990272522,
					"bytes":	10309760,
					"bits_per_second":	16761282.656190639,
					"retransmits":	0,
					"max_snd_cwnd":	456120,
					"max_rtt":	263831,
					"min_rtt":	76485,
					"mean_rtt":	168346
				},
				"receiver":	{
					"socket":	6,
					"start":	0,
					"end":	5.2101960182189941,
					"seconds":	4.92074990272522,
					"bytes":	8256496,
					"bits_per_second":	12677443.952018259
				}
			}],
		"sum_sent":	{
			"start":	0,
			"end":	4.92074990272522,
			"seconds":	4.92074990272522,
			"bytes":	10309760,
			"bits_per_second":	16761282.656190639,
			"retransmits":	0
		},
		"sum_received":	{
			"start":	0,
			"end":	5.2101960182189941,
			"seconds":	5.2101960182189941,
			"bytes":	8256496,
			"bits_per_second":	12677443.952018259
		},
		"cpu_utilization_percent":	{
			"host_total":	0.8403886382395398,
			"host_user":	0.15004905034099467,
			"host_system":	0.6903395878985451,
			"remote_total":	0.66231702565607786,
			"remote_user":	0.033598220411775619,
			"remote_system":	0.62871880524430235
		},
		"sender_tcp_congestion":	"cubic",
		"receiver_tcp_congestion":	"cubic"
	}
}
