{
	"start":	{
		"connected":	[{
				"socket":	6,
				"local_host":	"192.168.3.2",
				"local_port":	50356,
				"remote_host":	"192.168.3.1",
				"remote_port":	5001
			}],
		"version":	"iperf 3.6",
		"system_info":	"Linux ba-thesis 4.19.0-23-amd64 #1 SMP Debian 4.19.269-1 (2022-12-20) x86_64",
		"timestamp":	{
			"time":	"Mon, 12 Jun 2023 22:13:18 GMT",
			"timesecs":	1686607998
		},
		"connecting_to":	{
			"host":	"h0",
			"port":	5001
		},
		"cookie":	"jewezijjj7m5wnkf5dwhvfakyl5i2ccgxy7a",
		"tcp_mss_default":	1448,
		"sock_bufsize":	0,
		"sndbuf_actual":	87380,
		"rcvbuf_actual":	87380,
		"test_start":	{
			"protocol":	"TCP",
			"num_streams":	1,
			"blksize":	131072,
			"omit":	0,
			"duration":	0,
			"bytes":	245165056,
			"blocks":	0,
			"reverse":	0,
			"tos":	0
		}
	},
	"intervals":	[{
			"streams":	[{
					"socket":	6,
					"start":	0,
					"end":	1.0000700950622559,
					"seconds":	1.0000700950622559,
					"bytes":	15284480,
					"bits_per_second":	122267269.66812076,
					"retransmits":	0,
					"snd_cwnd":	797848,
					"rtt":	62883,
					"rttvar":	558,
					"pmtu":	1500,
					"omitted":	false
				}],
			"sum":	{
				"start":	0,
				"end":	1.0000700950622559,
				"seconds":	1.0000700950622559,
				"bytes":	15284480,
				"bits_per_second":	122267269.66812076,
				"retransmits":	0,
				"omitted":	false
			}
		}, {
			"streams":	[{
					"socket":	6,
					"start":	1.0000700950622559,
					"end":	2.0000669956207275,
					"seconds":	0.99999690055847168,
					"bytes":	14417920,
					"bits_per_second":	115343717.50110805,
					"retransmits":	0,
					"snd_cwnd":	1395872,
					"rtt":	110446,
					"rttvar":	482,
					"pmtu":	1500,
					"omitted":	false
				}],
			"sum":	{
				"start":	1.0000700950622559,
				"end":	2.0000669956207275,
				"seconds":	0.99999690055847168,
				"bytes":	14417920,
				"bits_per_second":	115343717.50110805,
				"retransmits":	0,
				"omitted":	false
			}
		}, {
			"streams":	[{
					"socket":	6,
					"start":	2.0000669956207275,
					"end":	3.0000729560852051,
					"seconds":	1.0000059604644775,
					"bytes":	14417920,
					"bits_per_second":	115342672.50409779,
					"retransmits":	0,
					"snd_cwnd":	1993896,
					"rtt":	158102,
					"rttvar":	520,
					"pmtu":	1500,
					"omitted":	false
				}],
			"sum":	{
				"start":	2.0000669956207275,
				"end":	3.0000729560852051,
				"seconds":	1.0000059604644775,
				"bytes":	14417920,
				"bits_per_second":	115342672.50409779,
				"retransmits":	0,
				"omitted":	false
			}
		}, {
			"streams":	[{
					"socket":	6,
					"start":	3.0000729560852051,
					"end":	4.0001089572906494,
					"seconds":	1.0000360012054443,
					"bytes":	13107200,
					"bits_per_second":	104853825.13589966,
					"retransmits":	0,
					"snd_cwnd":	2583232,
					"rtt":	204846,
					"rttvar":	310,
					"pmtu":	1500,
					"omitted":	false
				}],
			"sum":	{
				"start":	3.0000729560852051,
				"end":	4.0001089572906494,
				"seconds":	1.0000360012054443,
				"bytes":	13107200,
				"bits_per_second":	104853825.13589966,
				"retransmits":	0,
				"omitted":	false
			}
		}, {
			"streams":	[{
					"socket":	6,
					"start":	4.0001089572906494,
					"end":	5.0000340938568115,
					"seconds":	0.99992513656616211,
					"bytes":	13107200,
					"bits_per_second":	104865450.58772196,
					"retransmits":	0,
					"snd_cwnd":	3179808,
					"rtt":	252548,
					"rttvar":	416,
					"pmtu":	1500,
					"omitted":	false
				}],
			"sum":	{
				"start":	4.0001089572906494,
				"end":	5.0000340938568115,
				"seconds":	0.99992513656616211,
				"bytes":	13107200,
				"bits_per_second":	104865450.58772196,
				"retransmits":	0,
				"omitted":	false
			}
		}, {
			"streams":	[{
					"socket":	6,
					"start":	5.0000340938568115,
					"end":	6.0001020431518555,
					"seconds":	1.0000679492950439,
					"bytes":	11796480,
					"bits_per_second":	94365427.935695246,
					"retransmits":	0,
					"snd_cwnd":	3777832,
					"rtt":	300193,
					"rttvar":	590,
					"pmtu":	1500,
					"omitted":	false
				}],
			"sum":	{
				"start":	5.0000340938568115,
				"end":	6.0001020431518555,
				"seconds":	1.0000679492950439,
				"bytes":	11796480,
				"bits_per_second":	94365427.935695246,
				"retransmits":	0,
				"omitted":	false
			}
		}, {
			"streams":	[{
					"socket":	6,
					"start":	6.0001020431518555,
					"end":	7.000108003616333,
					"seconds":	1.0000059604644775,
					"bytes":	11796480,
					"bits_per_second":	94371277.503352746,
					"retransmits":	0,
					"snd_cwnd":	4375856,
					"rtt":	347645,
					"rttvar":	237,
					"pmtu":	1500,
					"omitted":	false
				}],
			"sum":	{
				"start":	6.0001020431518555,
				"end":	7.000108003616333,
				"seconds":	1.0000059604644775,
				"bytes":	11796480,
				"bits_per_second":	94371277.503352746,
				"retransmits":	0,
				"omitted":	false
			}
		}, {
			"streams":	[{
					"socket":	6,
					"start":	7.000108003616333,
					"end":	8.00003695487976,
					"seconds":	0.99992895126342773,
					"bytes":	11796480,
					"bits_per_second":	94378545.476415634,
					"retransmits":	0,
					"snd_cwnd":	4973880,
					"rtt":	395553,
					"rttvar":	365,
					"pmtu":	1500,
					"omitted":	false
				}],
			"sum":	{
				"start":	7.000108003616333,
				"end":	8.00003695487976,
				"seconds":	0.99992895126342773,
				"bytes":	11796480,
				"bits_per_second":	94378545.476415634,
				"retransmits":	0,
				"omitted":	false
			}
		}, {
			"streams":	[{
					"socket":	6,
					"start":	8.00003695487976,
					"end":	9.0000410079956055,
					"seconds":	1.0000040531158447,
					"bytes":	11796480,
					"bits_per_second":	94371457.501550317,
					"retransmits":	0,
					"snd_cwnd":	5570456,
					"rtt":	443120,
					"rttvar":	491,
					"pmtu":	1500,
					"omitted":	false
				}],
			"sum":	{
				"start":	8.00003695487976,
				"end":	9.0000410079956055,
				"seconds":	1.0000040531158447,
				"bytes":	11796480,
				"bits_per_second":	94371457.501550317,
				"retransmits":	0,
				"omitted":	false
			}
		}, {
			"streams":	[{
					"socket":	6,
					"start":	9.0000410079956055,
					"end":	10.000080108642578,
					"seconds":	1.0000391006469727,
					"bytes":	13107200,
					"bits_per_second":	104853500.16030638,
					"retransmits":	0,
					"snd_cwnd":	6168480,
					"rtt":	490873,
					"rttvar":	711,
					"pmtu":	1500,
					"omitted":	false
				}],
			"sum":	{
				"start":	9.0000410079956055,
				"end":	10.000080108642578,
				"seconds":	1.0000391006469727,
				"bytes":	13107200,
				"bits_per_second":	104853500.16030638,
				"retransmits":	0,
				"omitted":	false
			}
		}, {
			"streams":	[{
					"socket":	6,
					"start":	10.000080108642578,
					"end":	11.000088930130005,
					"seconds":	1.0000088214874268,
					"bytes":	11796480,
					"bits_per_second":	94371007.507343829,
					"retransmits":	0,
					"snd_cwnd":	6766504,
					"rtt":	538422,
					"rttvar":	498,
					"pmtu":	1500,
					"omitted":	false
				}],
			"sum":	{
				"start":	10.000080108642578,
				"end":	11.000088930130005,
				"seconds":	1.0000088214874268,
				"bytes":	11796480,
				"bits_per_second":	94371007.507343829,
				"retransmits":	0,
				"omitted":	false
			}
		}, {
			"streams":	[{
					"socket":	6,
					"start":	11.000088930130005,
					"end":	12.000070095062256,
					"seconds":	0.999981164932251,
					"bytes":	11796480,
					"bits_per_second":	94373617.533479959,
					"retransmits":	0,
					"snd_cwnd":	7364528,
					"rtt":	585892,
					"rttvar":	479,
					"pmtu":	1500,
					"omitted":	false
				}],
			"sum":	{
				"start":	11.000088930130005,
				"end":	12.000070095062256,
				"seconds":	0.999981164932251,
				"bytes":	11796480,
				"bits_per_second":	94373617.533479959,
				"retransmits":	0,
				"omitted":	false
			}
		}, {
			"streams":	[{
					"socket":	6,
					"start":	12.000070095062256,
					"end":	13.000091075897217,
					"seconds":	1.0000209808349609,
					"bytes":	11796480,
					"bits_per_second":	94369860.041541189,
					"retransmits":	0,
					"snd_cwnd":	7961104,
					"rtt":	633716,
					"rttvar":	622,
					"pmtu":	1500,