{
	"start":	{
		"connected":	[{
				"socket":	6,
				"local_host":	"192.168.7.1",
				"local_port":	42216,
				"remote_host":	"192.168.7.2",
				"remote_port":	5001
			}],
		"version":	"iperf 3.6",
		"system_info":	"Linux ba-thesis 4.19.0-23-amd64 #1 SMP Debian 4.19.269-1 (2022-12-20) x86_64",
		"timestamp":	{
			"time":	"Wed, 31 May 2023 12:43:33 GMT",
			"timesecs":	1685537013
		},
		"connecting_to":	{
			"host":	"h9",
			"port":	5001
		},
		"cookie":	"g6kxfnsdvapwescali3h5lzzboyvflbnpcdf",
		"tcp_mss_default":	1448,
		"sock_bufsize":	0,
		"sndbuf_actual":	87380,
		"rcvbuf_actual":	87380,
		"test_start":	{
			"protocol":	"TCP",
			"num_streams":	1,
			"blksize":	131072,
			"omit":	0,
			"duration":	0,
			"bytes":	182001664,
			"blocks":	0,
			"reverse":	0,
			"tos":	0
		}
	},
	"intervals":	[{
			"streams":	[{
					"socket":	6,
					"start":	0,
					"end":	1.000093936920166,
					"seconds":	1.000093936920166,
					"bytes":	15284480,
					"bits_per_second":	122264354.86305808,
					"retransmits":	0,
					"snd_cwnd":	797848,
					"rtt":	62882,
					"rttvar":	569,
					"pmtu":	1500,
					"omitted":	false
				}],
			"sum":	{
				"start":	0,
				"end":	1.000093936920166,
				"seconds":	1.000093936920166,
				"bytes":	15284480,
				"bits_per_second":	122264354.86305808,
				"retransmits":	0,
				"omitted":	false
			}
		}, {
			"streams":	[{
					"socket":	6,
					"start":	1.000093936920166,
					"end":	2.0000619888305664,
					"seconds":	0.99996805191040039,
					"bytes":	13107200,
					"bits_per_second":	104860950.10702951,
					"retransmits":	0,
					"snd_cwnd":	1372704,
					"rtt":	108609,
					"rttvar":	584,
					"pmtu":	1500,
					"omitted":	false
				}],
			"sum":	{
				"start":	1.000093936920166,
				"end":	2.0000619888305664,
				"seconds":	0.99996805191040039,
				"bytes":	13107200,
				"bits_per_second":	104860950.10702951,
				"retransmits":	0,
				"omitted":	false
			}
		}, {
			"streams":	[{
					"socket":	6,
					"start":	2.0000619888305664,
					"end":	3.0000569820404053,
					"seconds":	0.99999499320983887,
					"bytes":	14417920,
					"bits_per_second":	115343937.50289144,
					"retransmits":	0,
					"snd_cwnd":	1969280,
					"rtt":	156253,
					"rttvar":	599,
					"pmtu":	1500,
					"omitted":	false
				}],
			"sum":	{
				"start":	2.0000619888305664,
				"end":	3.0000569820404053,
				"seconds":	0.99999499320983887,
				"bytes":	14417920,
				"bits_per_second":	115343937.50289144,
				"retransmits":	0,
				"omitted":	false
			}
		}, {
			"streams":	[{
					"socket":	6,
					"start":	3.0000569820404053,
					"end":	4.0000808238983154,
					"seconds":	1.0000238418579102,
					"bytes":	14417920,
					"bits_per_second":	115340610.06556354,
					"retransmits":	0,
					"snd_cwnd":	2551376,
					"rtt":	229303,
					"rttvar":	433,
					"pmtu":	1500,
					"omitted":	false
				}],
			"sum":	{
				"start":	3.0000569820404053,
				"end":	4.0000808238983154,
				"seconds":	1.0000238418579102,
				"bytes":	14417920,
				"bits_per_second":	115340610.06556354,
				"retransmits":	0,
				"omitted":	false
			}
		}, {
			"streams":	[{
					"socket":	6,
					"start":	4.0000808238983154,
					"end":	5.00006890296936,
					"seconds":	0.99998807907104492,
					"bytes":	13107200,
					"bits_per_second":	104858850.01490134,
					"retransmits":	0,
					"snd_cwnd":	3149400,
					"rtt":	250108,
					"rttvar":	696,
					"pmtu":	1500,
					"omitted":	false
				}],
			"sum":	{
				"start":	4.0000808238983154,
				"end":	5.00006890296936,
				"seconds":	0.99998807907104492,
				"bytes":	13107200,
				"bits_per_second":	104858850.01490134,
				"retransmits":	0,
				"omitted":	false
			}
		}, {
			"streams":	[{
					"socket":	6,
					"start":	5.00006890296936,
					"end":	6.0001158714294434,
					"seconds":	1.000046968460083,
					"bytes":	11796480,
					"bits_per_second":	94367407.708177924,
					"retransmits":	0,
					"snd_cwnd":	3745976,
					"rtt":	297527,
					"rttvar":	356,
					"pmtu":	1500,
					"omitted":	false
				}],
			"sum":	{
				"start":	5.00006890296936,
				"end":	6.0001158714294434,
				"seconds":	1.000046968460083,
				"bytes":	11796480,
				"bits_per_second":	94367407.708177924,
				"retransmits":	0,
				"omitted":	false
			}
		}, {
			"streams":	[{
					"socket":	6,
					"start":	6.0001158714294434,
					"end":	7.0000739097595215,
					"seconds":	0.99995803833007812,
					"bytes":	11796480,
					"bits_per_second":	94375800.166175187,
					"retransmits":	0,
					"snd_cwnd":	4344000,
					"rtt":	345210,
					"rttvar":	345,
					"pmtu":	1500,
					"omitted":	false
				}],
			"sum":	{
				"start":	6.0001158714294434,
				"end":	7.0000739097595215,
				"seconds":	0.99995803833007812,
				"bytes":	11796480,
				"bits_per_second":	94375800.166175187,
				"retransmits":	0,
				"omitted":	false
			}
		}, {
			"streams":	[{
					"socket":	6,
					"start":	7.0000739097595215,
					"end":	8.0000648498535156,
					"seconds":	0.99999094009399414,
					"bytes":	11796480,
					"bits_per_second":	94372695.0077463,
					"retransmits":	0,
					"snd_cwnd":	4942024,
					"rtt":	392940,
					"rttvar":	612,
					"pmtu":	1500,
					"omitted":	false
				}],
			"sum":	{
				"start":	7.0000739097595215,
				"end":	8.0000648498535156,
				"seconds":	0.99999094009399414,
				"bytes":	11796480,
				"bits_per_second":	94372695.0077463,
				"retransmits":	0,
				"omitted":	false
			}
		}, {
			"streams":	[{
					"socket":	6,
					"start":	8.0000648498535156,
					"end":	9.0000519752502441,
					"seconds":	0.99998712539672852,
					"bytes":	11796480,
					"bits_per_second":	94373055.015642852,
					"retransmits":	0,
					"snd_cwnd":	5540048,
					"rtt":	440368,
					"rttvar":	196,
					"pmtu":	1500,
					"omitted":	false
				}],
			"sum":	{
				"start":	8.0000648498535156,
				"end":	9.0000519752502441,
				"seconds":	0.99998712539672852,
				"bytes":	11796480,
				"bits_per_second":	94373055.015642852,
				"retransmits":	0,
				"omitted":	false
			}
		}, {
			"streams":	[{
					"socket":	6,
					"start":	9.0000519752502441,
					"end":	10.000075817108154,
					"seconds":	1.0000238418579102,
					"bytes":	11796480,
					"bits_per_second":	94369590.0536429,
					"retransmits":	0,
					"snd_cwnd":	6138072,
					"rtt":	488216,
					"rttvar":	374,
					"pmtu":	1500,
					"omitted":	false
				}],
			"sum":	{
				"start":	9.0000519752502441,
				"end":	10.000075817108154,
				"seconds":	1.0000238418579102,
				"bytes":	11796480,
				"bits_per_second":	94369590.0536429,
				"retransmits":	0,
				"omitted":	false
			}
		}, {
			"streams":	[{
					"socket":	6,
					"start":	10.000075817108154,
					"end":	11.000089883804321,
					"seconds":	1.000014066696167,
					"bytes":	11796480,
					"bits_per_second":	94370512.518673271,
					"retransmits":	0,
					"snd_cwnd":	6736096,
					"rtt":	535879,
					"rttvar":	350,
					"pmtu":	1500,
					"omitted":	false
				}],
			"sum":	{
				"start":	10.000075817108154,
				"end":	11.000089883804321,
				"seconds":	1.000014066696167,
				"bytes":	11796480,
				"bits_per_second":	94370512.518673271,
				"retransmits":	0,
				"omitted":	false
			}
		}, {
			"streams":	[{
					"socket":	6,
					"start":	11.000089883804321,
					"end":	12.000098943710327,
					"seconds":	1.0000090599060059,
					"bytes":	11796480,
					"bits_per_second":	94370985.007746145,
					"retransmits":	0,
					"snd_cwnd":	7332672,
					"rtt":	583673,
					"rttvar":	215,
					"pmtu":	1500,
					"omitted":	false
				}],
			"sum":	{
				"start":	11.000089883804321,
				"end":	12.000098943710327,
				"seconds":	1.0000090599060059,
				"bytes":	11796480,
				"bits_per_second":	94370985.007746145,
				"retransmits":	0,
				"omitted":	false
			}
		}, {
			"streams":	[{
					"socket":	6,
					"start":	12.000098943710327,
					"end":	13.000104904174805,
					"seconds":	1.0000059604644775,
					"bytes":	11796480,
					"bits_per_second":	94371277.503352746,
					"retransmits":	0,
					"snd_cwnd":	7930696,
					"rtt":	631077,
					"rttvar":	276,
					"pmtu":	1500,
					"omitted":	false
				}],