{
	"start":	{
		"connected":	[{
				"socket":	6,
				"local_host":	"192.168.4.1",
				"local_port":	34750,
				"remote_host":	"192.168.4.2",
				"remote_port":	5001
			}],
		"version":	"iperf 3.6",
		"system_info":	"Linux ba-thesis 4.19.0-23-amd64 #1 SMP Debian 4.19.269-1 (2022-12-20) x86_64",
		"timestamp":	{
			"time":	"Wed, 31 May 2023 12:43:24 GMT",
			"timesecs":	1685537004
		},
		"connecting_to":	{
			"host":	"h6",
			"port":	5001
		},
		"cookie":	"4htfe7y36vcvzl4wcyowym6i6pmy456otdhy",
		"tcp_mss_default":	1448,
		"sock_bufsize":	0,
		"sndbuf_actual":	87380,
		"rcvbuf_actual":	87380,
		"test_start":	{
			"protocol":	"TCP",
			"num_streams":	1,
			"blksize":	131072,
			"omit":	0,
			"duration":	0,
			"bytes":	98044928,
			"blocks":	0,
			"reverse":	0,
			"tos":	0
		}
	},
	"intervals":	[{
			"streams":	[{
					"socket":	6,
					"start":	0,
					"end":	1.0002279281616211,
					"seconds":	1.0002279281616211,
					"bytes":	15284480,
					"bits_per_second":	122247976.24351291,
					"retransmits":	0,
					"snd_cwnd":	797848,
					"rtt":	63116,
					"rttvar":	566,
					"pmtu":	1500,
					"omitted":	false
				}],
			"sum":	{
				"start":	0,
				"end":	1.0002279281616211,
				"seconds":	1.0002279281616211,
				"bytes":	15284480,
				"bits_per_second":	122247976.24351291,
				"retransmits":	0,
				"omitted":	false
			}
		}, {
			"streams":	[{
					"socket":	6,
					"start":	1.0002279281616211,
					"end":	2.0000858306884766,
					"seconds":	0.99985790252685547,
					"bytes":	14417920,
					"bits_per_second":	115359752.32930857,
					"retransmits":	0,
					"snd_cwnd":	1390080,
					"rtt":	109945,
					"rttvar":	440,
					"pmtu":	1500,
					"omitted":	false
				}],
			"sum":	{
				"start":	1.0002279281616211,
				"end":	2.0000858306884766,
				"seconds":	0.99985790252685547,
				"bytes":	14417920,
				"bits_per_second":	115359752.32930857,
				"retransmits":	0,
				"omitted":	false
			}
		}, {
			"streams":	[{
					"socket":	6,
					"start":	2.0000858306884766,
					"end":	3.0000660419464111,
					"seconds":	0.99998021125793457,
					"bytes":	14417920,
					"bits_per_second":	115345642.5451687,
					"retransmits":	0,
					"snd_cwnd":	1988104,
					"rtt":	157644,
					"rttvar":	584,
					"pmtu":	1500,
					"omitted":	false
				}],
			"sum":	{
				"start":	2.0000858306884766,
				"end":	3.0000660419464111,
				"seconds":	0.99998021125793457,
				"bytes":	14417920,
				"bits_per_second":	115345642.5451687,
				"retransmits":	0,
				"omitted":	false
			}
		}, {
			"streams":	[{
					"socket":	6,
					"start":	3.0000660419464111,
					"end":	4.0001318454742432,
					"seconds":	1.000065803527832,
					"bytes":	13107200,
					"bits_per_second":	104850700.45401447,
					"retransmits":	0,
					"snd_cwnd":	2584680,
					"rtt":	205108,
					"rttvar":	641,
					"pmtu":	1500,
					"omitted":	false
				}],
			"sum":	{
				"start":	3.0000660419464111,
				"end":	4.0001318454742432,
				"seconds":	1.000065803527832,
				"bytes":	13107200,
				"bits_per_second":	104850700.45401447,
				"retransmits":	0,
				"omitted":	false
			}
		}, {
			"streams":	[{
					"socket":	6,
					"start":	4.0001318454742432,
					"end":	5.0000839233398438,
					"seconds":	0.99995207786560059,
					"bytes":	13107200,
					"bits_per_second":	104862625.24082026,
					"retransmits":	0,
					"snd_cwnd":	3182704,
					"rtt":	252735,
					"rttvar":	430,
					"pmtu":	1500,
					"omitted":	false
				}],
			"sum":	{
				"start":	4.0001318454742432,
				"end":	5.0000839233398438,
				"seconds":	0.99995207786560059,
				"bytes":	13107200,
				"bits_per_second":	104862625.24082026,
				"retransmits":	0,
				"omitted":	false
			}
		}, {
			"streams":	[{
					"socket":	6,
					"start":	5.0000839233398438,
					"end":	6.0001120567321777,
					"seconds":	1.000028133392334,
					"bytes":	11796480,
					"bits_per_second":	94369185.074692056,
					"retransmits":	0,
					"snd_cwnd":	3779280,
					"rtt":	300266,
					"rttvar":	521,
					"pmtu":	1500,
					"omitted":	false
				}],
			"sum":	{
				"start":	5.0000839233398438,
				"end":	6.0001120567321777,
				"seconds":	1.000028133392334,
				"bytes":	11796480,
				"bits_per_second":	94369185.074692056,
				"retransmits":	0,
				"omitted":	false
			}
		}, {
			"streams":	[{
					"socket":	6,
					"start":	6.0001120567321777,
					"end":	7.0001239776611328,
					"seconds":	1.0000119209289551,
					"bytes":	11796480,
					"bits_per_second":	94370715.013410881,
					"retransmits":	0,
					"snd_cwnd":	4378752,
					"rtt":	347824,
					"rttvar":	429,
					"pmtu":	1500,
					"omitted":	false
				}],
			"sum":	{
				"start":	6.0001120567321777,
				"end":	7.0001239776611328,
				"seconds":	1.0000119209289551,
				"bytes":	11796480,
				"bits_per_second":	94370715.013410881,
				"retransmits":	0,
				"omitted":	false
			}
		}, {
			"streams":	[{
					"socket":	6,
					"start":	7.0001239776611328,
					"end":	7.3746938705444336,
					"seconds":	0.37456989288330078,
					"bytes":	5242880,
					"bits_per_second":	111976538.41620307,
					"retransmits":	0,
					"snd_cwnd":	4587264,
					"rtt":	389766,
					"rttvar":	1236,
					"pmtu":	1500,
					"omitted":	false
				}],
			"sum":	{
				"start":	7.0001239776611328,
				"end":	7.3746938705444336,
				"seconds":	0.37456989288330078,
				"bytes":	5242880,
				"bits_per_second":	111976538.41620307,
				"retransmits":	0,
				"omitted":	false
			}
		}],
	"end":	{
		"streams":	[{
				"sender":	{
					"socket":	6,
					"start":	0,
					"end":	7.3746938705444336,
					"seconds":	7.3746938705444336,
					"bytes":	99170560,
					"bits_per_second":	107579310.26382118,
					"retransmits":	0,
					"max_snd_cwnd":	4587264,
					"max_rtt":	389766,
					"min_rtt":	63116,
					"mean_rtt":	228300
				},
				"receiver":	{
					"socket":	6,
					"start":	0,
					"end":	7.7896590232849121,
					"seconds":	7.3746938705444336,
					"bytes":	91837952,
					"bits_per_second":	94317814.657075226
				}
			}],
		"sum_sent":	{
			"start":	0,
			"end":	7.3746938705444336,
			"seconds":	7.3746938705444336,
			"bytes":	99170560,
			"bits_per_second":	107579310.26382118,
			"retransmits":	0
		},
		"sum_received":	{
			"start":	0,
			"end":	7.7896590232849121,
			"seconds":	7.7896590232849121,
			"bytes":	91837952,
			"bits_per_second":	94317814.657075226
		},
		"cpu_utilization_percent":	{
			"host_total":	0.76394301031826573,
			"host_user":	0.040441295631339712,
			"host_system":	0.723501714686926,
			"remote_total":	1.2984562079282875,
			"remote_user":	0.300583929753642,
			"remote_system":	0.99787227817464541
		},
		"sender_tcp_congestion":	"cubic",
		"receiver_tcp_congestion":	"cubic"
	}
}
