{
	"start":	{
		"connected":	[{
				"socket":	6,
				"local_host":	"192.168.15.2",
				"local_port":	42400,
				"remote_host":	"192.168.15.1",
				"remote_port":	5004
			}],
		"version":	"iperf 3.6",
		"system_info":	"Linux ba-thesis 4.19.0-23-amd64 #1 SMP Debian 4.19.269-1 (2022-12-20) x86_64",
		"timestamp":	{
			"time":	"Tue, 30 May 2023 20:39:45 GMT",
			"timesecs":	1685479185
		},
		"connecting_to":	{
			"host":	"h7",
			"port":	5004
		},
		"cookie":	"qnfpydf32prgn6sivjg4f6sd4ok3g6lcak7n",
		"tcp_mss_default":	1448,
		"sock_bufsize":	0,
		"sndbuf_actual":	87380,
		"rcvbuf_actual":	87380,
		"test_start":	{
			"protocol":	"TCP",
			"num_streams":	1,
			"blksize":	131072,
			"omit":	0,
			"duration":	0,
			"bytes":	355232768,
			"blocks":	0,
			"reverse":	0,
			"tos":	0
		}
	},
	"intervals":	[{
			"streams":	[{
					"socket":	6,
					"start":	0,
					"end":	1.0000598430633545,
					"seconds":	1.0000598430633545,
					"bytes":	15284480,
					"bits_per_second":	122268523.07702725,
					"retransmits":	0,
					"snd_cwnd":	797848,
					"rtt":	63165,
					"rttvar":	708,
					"pmtu":	1500,
					"omitted":	false
				}],
			"sum":	{
				"start":	0,
				"end":	1.0000598430633545,
				"seconds":	1.0000598430633545,
				"bytes":	15284480,
				"bits_per_second":	122268523.07702725,
				"retransmits":	0,
				"omitted":	false
			}
		}, {
			"streams":	[{
					"socket":	6,
					"start":	1.0000598430633545,
					"end":	2.0002257823944092,
					"seconds":	1.0001659393310547,
					"bytes":	14417920,
					"bits_per_second":	115324223.17555185,
					"retransmits":	0,
					"snd_cwnd":	1394424,
					"rtt":	110662,
					"rttvar":	507,
					"pmtu":	1500,
					"omitted":	false
				}],
			"sum":	{
				"start":	1.0000598430633545,
				"end":	2.0002257823944092,
				"seconds":	1.0001659393310547,
				"bytes":	14417920,
				"bits_per_second":	115324223.17555185,
				"retransmits":	0,
				"omitted":	false
			}
		}, {
			"streams":	[{
					"socket":	6,
					"start":	2.0002257823944092,
					"end":	3.0000338554382324,
					"seconds":	0.99980807304382324,
					"bytes":	14417920,
					"bits_per_second":	115365501.74959861,
					"retransmits":	0,
					"snd_cwnd":	1992448,
					"rtt":	157907,
					"rttvar":	322,
					"pmtu":	1500,
					"omitted":	false
				}],
			"sum":	{
				"start":	2.0002257823944092,
				"end":	3.0000338554382324,
				"seconds":	0.99980807304382324,
				"bytes":	14417920,
				"bits_per_second":	115365501.74959861,
				"retransmits":	0,
				"omitted":	false
			}
		}, {
			"streams":	[{
					"socket":	6,
					"start":	3.0000338554382324,
					"end":	4.0000720024108887,
					"seconds":	1.0000381469726562,
					"bytes":	14417920,
					"bits_per_second":	115338960.16784027,
					"retransmits":	0,
					"snd_cwnd":	2589024,
					"rtt":	205855,
					"rttvar":	573,
					"pmtu":	1500,
					"omitted":	false
				}],
			"sum":	{
				"start":	3.0000338554382324,
				"end":	4.0000720024108887,
				"seconds":	1.0000381469726562,
				"bytes":	14417920,
				"bits_per_second":	115338960.16784027,
				"retransmits":	0,
				"omitted":	false
			}
		}, {
			"streams":	[{
					"socket":	6,
					"start":	4.0000720024108887,
					"end":	5.0000889301300049,
					"seconds":	1.0000169277191162,
					"bytes":	11796480,
					"bits_per_second":	94370242.527041569,
					"retransmits":	0,
					"snd_cwnd":	3185600,
					"rtt":	253474,
					"rttvar":	399,
					"pmtu":	1500,
					"omitted":	false
				}],
			"sum":	{
				"start":	4.0000720024108887,
				"end":	5.0000889301300049,
				"seconds":	1.0000169277191162,
				"bytes":	11796480,
				"bits_per_second":	94370242.527041569,
				"retransmits":	0,
				"omitted":	false
			}
		}, {
			"streams":	[{
					"socket":	6,
					"start":	5.0000889301300049,
					"end":	6.0000808238983154,
					"seconds":	0.99999189376831055,
					"bytes":	11796480,
					"bits_per_second":	94372605.006201312,
					"retransmits":	0,
					"snd_cwnd":	3776384,
					"rtt":	300346,
					"rttvar":	518,
					"pmtu":	1500,
					"omitted":	false
				}],
			"sum":	{
				"start":	5.0000889301300049,
				"end":	6.0000808238983154,
				"seconds":	0.99999189376831055,
				"bytes":	11796480,
				"bits_per_second":	94372605.006201312,
				"retransmits":	0,
				"omitted":	false
			}
		}, {
			"streams":	[{
					"socket":	6,
					"start":	6.0000808238983154,
					"end":	7.0001688003540039,
					"seconds":	1.0000879764556885,
					"bytes":	11796480,
					"bits_per_second":	94363538.23036027,
					"retransmits":	0,
					"snd_cwnd":	4374408,
					"rtt":	347624,
					"rttvar":	185,
					"pmtu":	1500,
					"omitted":	false
				}],
			"sum":	{
				"start":	6.0000808238983154,
				"end":	7.0001688003540039,
				"seconds":	1.0000879764556885,
				"bytes":	11796480,
				"bits_per_second":	94363538.23036027,
				"retransmits":	0,
				"omitted":	false
			}
		}, {
			"streams":	[{
					"socket":	6,
					"start":	7.0001688003540039,
					"end":	8.0001559257507324,
					"seconds":	0.99998712539672852,
					"bytes":	11796480,
					"bits_per_second":	94373055.015642852,
					"retransmits":	0,
					"snd_cwnd":	4970984,
					"rtt":	395785,
					"rttvar":	434,
					"pmtu":	1500,
					"omitted":	false
				}],
			"sum":	{
				"start":	7.0001688003540039,
				"end":	8.0001559257507324,
				"seconds":	0.99998712539672852,
				"bytes":	11796480,
				"bits_per_second":	94373055.015642852,
				"retransmits":	0,
				"omitted":	false
			}
		}, {
			"streams":	[{
					"socket":	6,
					"start":	8.0001559257507324,
					"end":	9.0001599788665771,
					"seconds":	1.0000040531158447,
					"bytes":	11796480,
					"bits_per_second":	94371457.501550317,
					"retransmits":	0,
					"snd_cwnd":	5569008,
					"rtt":	443388,
					"rttvar":	516,
					"pmtu":	1500,
					"omitted":	false
				}],
			"sum":	{
				"start":	8.0001559257507324,
				"end":	9.0001599788665771,
				"seconds":	1.0000040531158447,
				"bytes":	11796480,
				"bits_per_second":	94371457.501550317,
				"retransmits":	0,
				"omitted":	false
			}
		}, {
			"streams":	[{
					"socket":	6,
					"start":	9.0001599788665771,
					"end":	10.000091791152954,
					"seconds":	0.999931812286377,
					"bytes":	13107200,
					"bits_per_second":	104864750.4875754,
					"retransmits":	0,
					"snd_cwnd":	6165584,
					"rtt":	490994,
					"rttvar":	317,
					"pmtu":	1500,
					"omitted":	false
				}],
			"sum":	{
				"start":	9.0001599788665771,
				"end":	10.000091791152954,
				"seconds":	0.999931812286377,
				"bytes":	13107200,
				"bits_per_second":	104864750.4875754,
				"retransmits":	0,
				"omitted":	false
			}
		}, {
			"streams":	[{
					"socket":	6,
					"start":	10.000091791152954,
					"end":	11.000181913375854,
					"seconds":	1.0000901222229004,
					"bytes":	11796480,
					"bits_per_second":	94363335.766420439,
					"retransmits":	0,
					"snd_cwnd":	6762160,
					"rtt":	538823,
					"rttvar":	560,
					"pmtu":	1500,
					"omitted":	false
				}],
			"sum":	{
				"start":	10.000091791152954,
				"end":	11.000181913375854,
				"seconds":	1.0000901222229004,
				"bytes":	11796480,
				"bits_per_second":	94363335.766420439,
				"retransmits":	0,
				"omitted":	false
			}
		}, {
			"streams":	[{
					"socket":	6,
					"start":	11.000181913375854,
					"end":	12.000082969665527,
					"seconds":	0.99990105628967285,
					"bytes":	11796480,
					"bits_per_second":	94381178.423978314,
					"retransmits":	0,
					"snd_cwnd":	7358736,
					"rtt":	586620,
					"rttvar":	317,
					"pmtu":	1500,
					"omitted":	false
				}],
			"sum":	{
				"start":	11.000181913375854,
				"end":	12.000082969665527,
				"seconds":	0.99990105628967285,
				"bytes":	11796480,
				"bits_per_second":	94381178.423978314,
				"retransmits":	0,
				"omitted":	false
			}
		}, {
			"streams":	[{
					"socket":	6,
					"start":	12.000082969665527,
					"end":	13.000080823898315,
					"seconds":	0.99999785423278809,
					"bytes":	11796480,
					"bits_per_second":	94372042.500434518,
					"retransmits":	0,
					"snd_cwnd":	7956760,
					"rtt":	633286,
					"rttvar":	397,
					"pmtu":	1500,