{
	"start":	{
		"connected":	[{
				"socket":	6,
				"local_host":	"192.168.3.2",
				"local_port":	40288,
				"remote_host":	"192.168.3.1",
				"remote_port":	5001
			}],
		"version":	"iperf 3.6",
		"system_info":	"Linux ba-thesis 4.19.0-23-amd64 #1 SMP Debian 4.19.269-1 (2022-12-20) x86_64",
		"timestamp":	{
			"time":	"Thu, 01 Jun 2023 19:37:32 GMT",
			"timesecs":	1685648252
		},
		"connecting_to":	{
			"host":	"h6",
			"port":	5001
		},
		"cookie":	"gb4eyfuanqmcwdvycycxdgianjptgxxko57z",
		"tcp_mss_default":	1448,
		"sock_bufsize":	0,
		"sndbuf_actual":	87380,
		"rcvbuf_actual":	87380,
		"test_start":	{
			"protocol":	"TCP",
			"num_streams":	1,
			"blksize":	131072,
			"omit":	0,
			"duration":	0,
			"bytes":	98044928,
			"blocks":	0,
			"reverse":	0,
			"tos":	0
		}
	},
	"intervals":	[{
			"streams":	[{
					"socket":	6,
					"start":	0,
					"end":	1.0000839233398438,
					"seconds":	1.0000839233398438,
					"bytes":	15284480,
					"bits_per_second":	122265579.064257,
					"retransmits":	0,
					"snd_cwnd":	797848,
					"rtt":	62852,
					"rttvar":	570,
					"pmtu":	1500,
					"omitted":	false
				}],
			"sum":	{
				"start":	0,
				"end":	1.0000839233398438,
				"seconds":	1.0000839233398438,
				"bytes":	15284480,
				"bits_per_second":	122265579.064257,
				"retransmits":	0,
				"omitted":	false
			}
		}, {
			"streams":	[{
					"socket":	6,
					"start":	1.0000839233398438,
					"end":	2.0000710487365723,
					"seconds":	0.99998712539672852,
					"bytes":	14417920,
					"bits_per_second":	115344845.01911904,
					"retransmits":	0,
					"snd_cwnd":	1395872,
					"rtt":	110449,
					"rttvar":	484,
					"pmtu":	1500,
					"omitted":	false
				}],
			"sum":	{
				"start":	1.0000839233398438,
				"end":	2.0000710487365723,
				"seconds":	0.99998712539672852,
				"bytes":	14417920,
				"bits_per_second":	115344845.01911904,
				"retransmits":	0,
				"omitted":	false
			}
		}, {
			"streams":	[{
					"socket":	6,
					"start":	2.0000710487365723,
					"end":	3.0000500679016113,
					"seconds":	0.99997901916503906,
					"bytes":	14417920,
					"bits_per_second":	115345780.05077468,
					"retransmits":	0,
					"snd_cwnd":	1993896,
					"rtt":	157935,
					"rttvar":	238,
					"pmtu":	1500,
					"omitted":	false
				}],
			"sum":	{
				"start":	2.0000710487365723,
				"end":	3.0000500679016113,
				"seconds":	0.99997901916503906,
				"bytes":	14417920,
				"bits_per_second":	115345780.05077468,
				"retransmits":	0,
				"omitted":	false
			}
		}, {
			"streams":	[{
					"socket":	6,
					"start":	3.0000500679016113,
					"end":	4.0000700950622559,
					"seconds":	1.0000200271606445,
					"bytes":	14417920,
					"bits_per_second":	115341050.04626182,
					"retransmits":	0,
					"snd_cwnd":	2590472,
					"rtt":	205885,
					"rttvar":	472,
					"pmtu":	1500,
					"omitted":	false
				}],
			"sum":	{
				"start":	3.0000500679016113,
				"end":	4.0000700950622559,
				"seconds":	1.0000200271606445,
				"bytes":	14417920,
				"bits_per_second":	115341050.04626182,
				"retransmits":	0,
				"omitted":	false
			}
		}, {
			"streams":	[{
					"socket":	6,
					"start":	4.0000700950622559,
					"end":	5.0001060962677,
					"seconds":	1.0000360012054443,
					"bytes":	11796480,
					"bits_per_second":	94368442.622309685,
					"retransmits":	0,
					"snd_cwnd":	3188496,
					"rtt":	253157,
					"rttvar":	520,
					"pmtu":	1500,
					"omitted":	false
				}],
			"sum":	{
				"start":	4.0000700950622559,
				"end":	5.0001060962677,
				"seconds":	1.0000360012054443,
				"bytes":	11796480,
				"bits_per_second":	94368442.622309685,
				"retransmits":	0,
				"omitted":	false
			}
		}, {
			"streams":	[{
					"socket":	6,
					"start":	5.0001060962677,
					"end":	6.0001180171966553,
					"seconds":	1.0000119209289551,
					"bytes":	11796480,
					"bits_per_second":	94370715.013410881,
					"retransmits":	0,
					"snd_cwnd":	3785072,
					"rtt":	301395,
					"rttvar":	657,
					"pmtu":	1500,
					"omitted":	false
				}],
			"sum":	{
				"start":	5.0001060962677,
				"end":	6.0001180171966553,
				"seconds":	1.0000119209289551,
				"bytes":	11796480,
				"bits_per_second":	94370715.013410881,
				"retransmits":	0,
				"omitted":	false
			}
		}, {
			"streams":	[{
					"socket":	6,
					"start":	6.0001180171966553,
					"end":	7.0001230239868164,
					"seconds":	1.0000050067901611,
					"bytes":	11796480,
					"bits_per_second":	94371367.5023657,
					"retransmits":	0,
					"snd_cwnd":	4383096,
					"rtt":	348487,
					"rttvar":	581,
					"pmtu":	1500,
					"omitted":	false
				}],
			"sum":	{
				"start":	6.0001180171966553,
				"end":	7.0001230239868164,
				"seconds":	1.0000050067901611,
				"bytes":	11796480,
				"bits_per_second":	94371367.5023657,
				"retransmits":	0,
				"omitted":	false
			}
		}, {
			"streams":	[{
					"socket":	6,
					"start":	7.0001230239868164,
					"end":	7.3410699367523193,
					"seconds":	0.34094691276550293,
					"bytes":	5242880,
					"bits_per_second":	123019269.06975004,
					"retransmits":	0,
					"snd_cwnd":	4587264,
					"rtt":	364772,
					"rttvar":	693,
					"pmtu":	1500,
					"omitted":	false
				}],
			"sum":	{
				"start":	7.0001230239868164,
				"end":	7.3410699367523193,
				"seconds":	0.34094691276550293,
				"bytes":	5242880,
				"bits_per_second":	123019269.06975004,
				"retransmits":	0,
				"omitted":	false
			}
		}],
	"end":	{
		"streams":	[{
				"sender":	{
					"socket":	6,
					"start":	0,
					"end":	7.3410699367523193,
					"seconds":	7.3410699367523193,
					"bytes":	99170560,
					"bits_per_second":	108072050.37348868,
					"retransmits":	0,
					"max_snd_cwnd":	4587264,
					"max_rtt":	364772,
					"min_rtt":	62852,
					"mean_rtt":	225616
				},
				"receiver":	{
					"socket":	6,
					"start":	0,
					"end":	7.7769849300384521,
					"seconds":	7.3410699367523193,
					"bytes":	91839400,
					"bits_per_second":	94473013.206207573
				}
			}],
		"sum_sent":	{
			"start":	0,
			"end":	7.3410699367523193,
			"seconds":	7.3410699367523193,
			"bytes":	99170560,
			"bits_per_second":	108072050.37348868,
			"retransmits":	0
		},
		"sum_received":	{
			"start":	0,
			"end":	7.7769849300384521,
			"seconds":	7.7769849300384521,
			"bytes":	91839400,
			"bits_per_second":	94473013.206207573
		},
		"cpu_utilization_percent":	{
			"host_total":	0.73984504480081992,
			"host_user":	0.10314541963885576,
			"host_system":	0.63671301893155752,
			"remote_total":	0.1876694818277882,
			"remote_user":	0.027850599264160062,
			"remote_system":	0.15981888256362814
		},
		"sender_tcp_congestion":	"cubic",
		"receiver_tcp_congestion":	"cubic"
	}
}
