{
	"start":	{
		"connected":	[{
				"socket":	6,
				"local_host":	"192.168.21.1",
				"local_port":	60112,
				"remote_host":	"192.168.21.2",
				"remote_port":	5005
			}],
		"version":	"iperf 3.6",
		"system_info":	"Linux ba-thesis 4.19.0-23-amd64 #1 SMP Debian 4.19.269-1 (2022-12-20) x86_64",
		"timestamp":	{
			"time":	"Mon, 05 Jun 2023 12:37:44 GMT",
			"timesecs":	1685968664
		},
		"connecting_to":	{
			"host":	"h10",
			"port":	5005
		},
		"cookie":	"kqft46fec4keech5txwzdbutkqnvgw4ofr6i",
		"tcp_mss_default":	1448,
		"sock_bufsize":	0,
		"sndbuf_actual":	87380,
		"rcvbuf_actual":	87380,
		"test_start":	{
			"protocol":	"TCP",
			"num_streams":	1,
			"blksize":	131072,
			"omit":	0,
			"duration":	0,
			"bytes":	57996842,
			"blocks":	0,
			"reverse":	0,
			"tos":	0
		}
	},
	"intervals":	[{
			"streams":	[{
					"socket":	6,
					"start":	0,
					"end":	1.0001339912414551,
					"seconds":	1.0001339912414551,
					"bytes":	1122200,
					"bits_per_second":	8976397.2413898315,
					"retransmits":	0,
					"snd_cwnd":	95568,
					"rtt":	105128,
					"rttvar":	2588,
					"pmtu":	1500,
					"omitted":	false
				}],
			"sum":	{
				"start":	0,
				"end":	1.0001339912414551,
				"seconds":	1.0001339912414551,
				"bytes":	1122200,
				"bits_per_second":	8976397.2413898315,
				"retransmits":	0,
				"omitted":	false
			}
		}, {
			"streams":	[{
					"socket":	6,
					"start":	1.0001339912414551,
					"end":	2.0000650882720947,
					"seconds":	0.99993109703063965,
					"bytes":	1107720,
					"bits_per_second":	8862370.64365292,
					"retransmits":	0,
					"snd_cwnd":	140456,
					"rtt":	149510,
					"rttvar":	1785,
					"pmtu":	1500,
					"omitted":	false
				}],
			"sum":	{
				"start":	1.0001339912414551,
				"end":	2.0000650882720947,
				"seconds":	0.99993109703063965,
				"bytes":	1107720,
				"bits_per_second":	8862370.64365292,
				"retransmits":	0,
				"omitted":	false
			}
		}, {
			"streams":	[{
					"socket":	6,
					"start":	2.0000650882720947,
					"end":	3.0001661777496338,
					"seconds":	1.0001010894775391,
					"bytes":	1889640,
					"bits_per_second":	15115591.972704785,
					"retransmits":	0,
					"snd_cwnd":	222992,
					"rtt":	116057,
					"rttvar":	11,
					"pmtu":	1500,
					"omitted":	false
				}],
			"sum":	{
				"start":	2.0000650882720947,
				"end":	3.0001661777496338,
				"seconds":	1.0001010894775391,
				"bytes":	1889640,
				"bits_per_second":	15115591.972704785,
				"retransmits":	0,
				"omitted":	false
			}
		}, {
			"streams":	[{
					"socket":	6,
					"start":	3.0001661777496338,
					"end":	4.0000991821289062,
					"seconds":	0.99993300437927246,
					"bytes":	13438000,
					"bits_per_second":	107511202.7797654,
					"retransmits":	0,
					"snd_cwnd":	777576,
					"rtt":	61043,
					"rttvar":	300,
					"pmtu":	1500,
					"omitted":	false
				}],
			"sum":	{
				"start":	3.0001661777496338,
				"end":	4.0000991821289062,
				"seconds":	0.99993300437927246,
				"bytes":	13438000,
				"bits_per_second":	107511202.7797654,
				"retransmits":	0,
				"omitted":	false
			}
		}, {
			"streams":	[{
					"socket":	6,
					"start":	4.0000991821289062,
					"end":	5.0000851154327393,
					"seconds":	0.999985933303833,
					"bytes":	14417920,
					"bits_per_second":	115344982.52282354,
					"retransmits":	0,
					"snd_cwnd":	1375600,
					"rtt":	108781,
					"rttvar":	377,
					"pmtu":	1500,
					"omitted":	false
				}],
			"sum":	{
				"start":	4.0000991821289062,
				"end":	5.0000851154327393,
				"seconds":	0.999985933303833,
				"bytes":	14417920,
				"bits_per_second":	115344982.52282354,
				"retransmits":	0,
				"omitted":	false
			}
		}, {
			"streams":	[{
					"socket":	6,
					"start":	5.0000851154327393,
					"end":	6.0000400543212891,
					"seconds":	0.9999549388885498,
					"bytes":	14417920,
					"bits_per_second":	115348557.73421568,
					"retransmits":	0,
					"snd_cwnd":	1972176,
					"rtt":	156336,
					"rttvar":	478,
					"pmtu":	1500,
					"omitted":	false
				}],
			"sum":	{
				"start":	5.0000851154327393,
				"end":	6.0000400543212891,
				"seconds":	0.9999549388885498,
				"bytes":	14417920,
				"bits_per_second":	115348557.73421568,
				"retransmits":	0,
				"omitted":	false
			}
		}, {
			"streams":	[{
					"socket":	6,
					"start":	6.0000400543212891,
					"end":	6.7780461311340332,
					"seconds":	0.77800607681274414,
					"bytes":	11796480,
					"bits_per_second":	121299618.10402937,
					"retransmits":	0,
					"snd_cwnd":	2438432,
					"rtt":	193505,
					"rttvar":	465,
					"pmtu":	1500,
					"omitted":	false
				}],
			"sum":	{
				"start":	6.0000400543212891,
				"end":	6.7780461311340332,
				"seconds":	0.77800607681274414,
				"bytes":	11796480,
				"bits_per_second":	121299618.10402937,
				"retransmits":	0,
				"omitted":	false
			}
		}],
	"end":	{
		"streams":	[{
				"sender":	{
					"socket":	6,
					"start":	0,
					"end":	6.7780461311340332,
					"seconds":	6.7780461311340332,
					"bytes":	58189880,
					"bits_per_second":	68680417.777285635,
					"retransmits":	0,
					"max_snd_cwnd":	2438432,
					"max_rtt":	193505,
					"min_rtt":	61043,
					"mean_rtt":	127194
				},
				"receiver":	{
					"socket":	6,
					"start":	0,
					"end":	7.0291719436645508,
					"seconds":	6.7780461311340332,
					"bytes":	49927040,
					"bits_per_second":	56822670.323208861
				}
			}],
		"sum_sent":	{
			"start":	0,
			"end":	6.7780461311340332,
			"seconds":	6.7780461311340332,
			"bytes":	58189880,
			"bits_per_second":	68680417.777285635,
			"retransmits":	0
		},
		"sum_received":	{
			"start":	0,
			"end":	7.0291719436645508,
			"seconds":	7.0291719436645508,
			"bytes":	49927040,
			"bits_per_second":	56822670.323208861
		},
		"cpu_utilization_percent":	{
			"host_total":	1.8312081234093387,
			"host_user":	0.17219225010670275,
			"host_system":	1.6589876450649137,
			"remote_total":	0.98725547889942711,
			"remote_user":	0.16984233390798134,
			"remote_system":	0.81742679242687433
		},
		"sender_tcp_congestion":	"cubic",
		"receiver_tcp_congestion":	"cubic"
	}
}
