{
	"start":	{
		"connected":	[{
				"socket":	6,
				"local_host":	"192.168.16.2",
				"local_port":	51552,
				"remote_host":	"192.168.16.1",
				"remote_port":	5008
			}],
		"version":	"iperf 3.6",
		"system_info":	"Linux ba-thesis 4.19.0-23-amd64 #1 SMP Debian 4.19.269-1 (2022-12-20) x86_64",
		"timestamp":	{
			"time":	"Sun, 11 Jun 2023 02:13:09 GMT",
			"timesecs":	1686449589
		},
		"connecting_to":	{
			"host":	"h5",
			"port":	5008
		},
		"cookie":	"74z3srnmqj46lgxwngdgagzkdn2mnxn3hwd4",
		"tcp_mss_default":	1448,
		"sock_bufsize":	0,
		"sndbuf_actual":	87380,
		"rcvbuf_actual":	87380,
		"test_start":	{
			"protocol":	"TCP",
			"num_streams":	1,
			"blksize":	131072,
			"omit":	0,
			"duration":	0,
			"bytes":	118466397,
			"blocks":	0,
			"reverse":	0,
			"tos":	0
		}
	},
	"intervals":	[{
			"streams":	[{
					"socket":	6,
					"start":	0,
					"end":	1.0000700950622559,
					"seconds":	1.0000700950622559,
					"bytes":	15278688,
					"bits_per_second":	122220936.91581792,
					"retransmits":	0,
					"snd_cwnd":	796400,
					"rtt":	62604,
					"rttvar":	452,
					"pmtu":	1500,
					"omitted":	false
				}],
			"sum":	{
				"start":	0,
				"end":	1.0000700950622559,
				"seconds":	1.0000700950622559,
				"bytes":	15278688,
				"bits_per_second":	122220936.91581792,
				"retransmits":	0,
				"omitted":	false
			}
		}, {
			"streams":	[{
					"socket":	6,
					"start":	1.0000700950622559,
					"end":	2.0000629425048828,
					"seconds":	0.999992847442627,
					"bytes":	14417920,
					"bits_per_second":	115344185.0059009,
					"retransmits":	0,
					"snd_cwnd":	1384288,
					"rtt":	109507,
					"rttvar":	520,
					"pmtu":	1500,
					"omitted":	false
				}],
			"sum":	{
				"start":	1.0000700950622559,
				"end":	2.0000629425048828,
				"seconds":	0.999992847442627,
				"bytes":	14417920,
				"bits_per_second":	115344185.0059009,
				"retransmits":	0,
				"omitted":	false
			}
		}, {
			"streams":	[{
					"socket":	6,
					"start":	2.0000629425048828,
					"end":	3.000075101852417,
					"seconds":	1.0000121593475342,
					"bytes":	14417920,
					"bits_per_second":	115341957.51705328,
					"retransmits":	0,
					"snd_cwnd":	1982312,
					"rtt":	156905,
					"rttvar":	176,
					"pmtu":	1500,
					"omitted":	false
				}],
			"sum":	{
				"start":	2.0000629425048828,
				"end":	3.000075101852417,
				"seconds":	1.0000121593475342,
				"bytes":	14417920,
				"bits_per_second":	115341957.51705328,
				"retransmits":	0,
				"omitted":	false
			}
		}, {
			"streams":	[{
					"socket":	6,
					"start":	3.000075101852417,
					"end":	4.0001289844512939,
					"seconds":	1.000053882598877,
					"bytes":	13107200,
					"bits_per_second":	104851950.30442028,
					"retransmits":	0,
					"snd_cwnd":	2580336,
					"rtt":	204808,
					"rttvar":	422,
					"pmtu":	1500,
					"omitted":	false
				}],
			"sum":	{
				"start":	3.000075101852417,
				"end":	4.0001289844512939,
				"seconds":	1.000053882598877,
				"bytes":	13107200,
				"bits_per_second":	104851950.30442028,
				"retransmits":	0,
				"omitted":	false
			}
		}, {
			"streams":	[{
					"socket":	6,
					"start":	4.0001289844512939,
					"end":	5.0000829696655273,
					"seconds":	0.9999539852142334,
					"bytes":	13107200,
					"bits_per_second":	104862425.22203156,
					"retransmits":	0,
					"snd_cwnd":	3176912,
					"rtt":	252273,
					"rttvar":	418,
					"pmtu":	1500,
					"omitted":	false
				}],
			"sum":	{
				"start":	4.0001289844512939,
				"end":	5.0000829696655273,
				"seconds":	0.9999539852142334,
				"bytes":	13107200,
				"bits_per_second":	104862425.22203156,
				"retransmits":	0,
				"omitted":	false
			}
		}, {
			"streams":	[{
					"socket":	6,
					"start":	5.0000829696655273,
					"end":	6.0001029968261719,
					"seconds":	1.0000200271606445,
					"bytes":	11796480,
					"bits_per_second":	94369950.037850574,
					"retransmits":	0,
					"snd_cwnd":	3774936,
					"rtt":	300173,
					"rttvar":	554,
					"pmtu":	1500,
					"omitted":	false
				}],
			"sum":	{
				"start":	5.0000829696655273,
				"end":	6.0001029968261719,
				"seconds":	1.0000200271606445,
				"bytes":	11796480,
				"bits_per_second":	94369950.037850574,
				"retransmits":	0,
				"omitted":	false
			}
		}, {
			"streams":	[{
					"socket":	6,
					"start":	6.0001029968261719,
					"end":	7.000108003616333,
					"seconds":	1.0000050067901611,
					"bytes":	11796480,
					"bits_per_second":	94371367.5023657,
					"retransmits":	0,
					"snd_cwnd":	4370064,
					"rtt":	353491,
					"rttvar":	459,
					"pmtu":	1500,
					"omitted":	false
				}],
			"sum":	{
				"start":	6.0001029968261719,
				"end":	7.000108003616333,
				"seconds":	1.0000050067901611,
				"bytes":	11796480,
				"bits_per_second":	94371367.5023657,
				"retransmits":	0,
				"omitted":	false
			}
		}, {
			"streams":	[{
					"socket":	6,
					"start":	7.000108003616333,
					"end":	8.000114917755127,
					"seconds":	1.0000069141387939,
					"bytes":	11796480,
					"bits_per_second":	94371187.504511446,
					"retransmits":	0,
					"snd_cwnd":	4968088,
					"rtt":	394963,
					"rttvar":	497,
					"pmtu":	1500,
					"omitted":	false
				}],
			"sum":	{
				"start":	7.000108003616333,
				"end":	8.000114917755127,
				"seconds":	1.0000069141387939,
				"bytes":	11796480,
				"bits_per_second":	94371187.504511446,
				"retransmits":	0,
				"omitted":	false
			}
		}, {
			"streams":	[{
					"socket":	6,
					"start":	8.000114917755127,
					"end":	9.00012493133545,
					"seconds":	1.0000100135803223,
					"bytes":	11796480,
					"bits_per_second":	94370895.009462744,
					"retransmits":	0,
					"snd_cwnd":	5564664,
					"rtt":	442695,
					"rttvar":	654,
					"pmtu":	1500,
					"omitted":	false
				}],
			"sum":	{
				"start":	8.000114917755127,
				"end":	9.00012493133545,
				"seconds":	1.0000100135803223,
				"bytes":	11796480,
				"bits_per_second":	94370895.009462744,
				"retransmits":	0,
				"omitted":	false
			}
		}, {
			"streams":	[{
					"socket":	6,
					"start":	9.00012493133545,
					"end":	9.0125949382781982,
					"seconds":	0.012470006942749023,
					"bytes":	1310720,
					"bits_per_second":	840878441.2182858,
					"retransmits":	0,
					"snd_cwnd":	5573352,
					"rtt":	443286,
					"rttvar":	434,
					"pmtu":	1500,
					"omitted":	false
				}],
			"sum":	{
				"start":	9.00012493133545,
				"end":	9.0125949382781982,
				"seconds":	0.012470006942749023,
				"bytes":	1310720,
				"bits_per_second":	840878441.2182858,
				"retransmits":	0,
				"omitted":	false
			}
		}],
	"end":	{
		"streams":	[{
				"sender":	{
					"socket":	6,
					"start":	0,
					"end":	9.0125949382781982,
					"seconds":	9.0125949382781982,
					"bytes":	118825568,
					"bits_per_second":	105475121.26197998,
					"retransmits":	0,
					"max_snd_cwnd":	5573352,
					"max_rtt":	443286,
					"min_rtt":	62604,
					"mean_rtt":	272070
				},
				"receiver":	{
					"socket":	6,
					"start":	0,
					"end":	9.5127460956573486,
					"seconds":	9.0125949382781982,
					"bytes":	112540008,
					"bits_per_second":	94643550.342524529
				}
			}],
		"sum_sent":	{
			"start":	0,
			"end":	9.0125949382781982,
			"seconds":	9.0125949382781982,
			"bytes":	118825568,
			"bits_per_second":	105475121.26197998,
			"retransmits":	0
		},
		"sum_received":	{
			"start":	0,
			"end":	9.5127460956573486,
			"seconds":	9.5127460956573486,
			"bytes":	112540008,
			"bits_per_second":	94643550.342524529
		},
		"cpu_utilization_percent":	{
			"host_total":	0.70403919607776633,
			"host_user":	0.1949847314296218,
			"host_system":	0.50904352335801328,
			"remote_total":	1.1685581897687762,
			"remote_user":	0.10394808293347771,
			"remote_system":	1.0645997099476276
		},
		"sender_tcp_congestion":	"cubic",
		"receiver_tcp_congestion":	"cubic"
	}
}
