{
	"start":	{
		"connected":	[{
				"socket":	6,
				"local_host":	"192.168.15.2",
				"local_port":	44794,
				"remote_host":	"192.168.23.1",
				"remote_port":	5007
			}],
		"version":	"iperf 3.6",
		"system_info":	"Linux ba-thesis 4.19.0-23-amd64 #1 SMP Debian 4.19.269-1 (2022-12-20) x86_64",
		"timestamp":	{
			"time":	"Thu, 01 Jun 2023 20:17:35 GMT",
			"timesecs":	1685650655
		},
		"connecting_to":	{
			"host":	"h5",
			"port":	5007
		},
		"cookie":	"aa6urbsdqjprgdzyxwqxjfqw7lffgvk46nz3",
		"tcp_mss_default":	1448,
		"sock_bufsize":	0,
		"sndbuf_actual":	87380,
		"rcvbuf_actual":	87380,
		"test_start":	{
			"protocol":	"TCP",
			"num_streams":	1,
			"blksize":	131072,
			"omit":	0,
			"duration":	0,
			"bytes":	48476160,
			"blocks":	0,
			"reverse":	0,
			"tos":	0
		}
	},
	"intervals":	[{
			"streams":	[{
					"socket":	6,
					"start":	0,
					"end":	1.080482006072998,
					"seconds":	1.080482006072998,
					"bytes":	79640,
					"bits_per_second":	589662.75830507057,
					"retransmits":	1,
					"snd_cwnd":	14480,
					"rtt":	1079190,
					"rttvar":	406631,
					"pmtu":	1500,
					"omitted":	false
				}],
			"sum":	{
				"start":	0,
				"end":	1.080482006072998,
				"seconds":	1.080482006072998,
				"bytes":	79640,
				"bits_per_second":	589662.75830507057,
				"retransmits":	1,
				"omitted":	false
			}
		}, {
			"streams":	[{
					"socket":	6,
					"start":	1.080482006072998,
					"end":	2.0004889965057373,
					"seconds":	0.92000699043273926,
					"bytes":	0,
					"bits_per_second":	0,
					"retransmits":	0,
					"snd_cwnd":	14480,
					"rtt":	1079190,
					"rttvar":	406631,
					"pmtu":	1500,
					"omitted":	false
				}],
			"sum":	{
				"start":	1.080482006072998,
				"end":	2.0004889965057373,
				"seconds":	0.92000699043273926,
				"bytes":	0,
				"bits_per_second":	0,
				"retransmits":	0,
				"omitted":	false
			}
		}, {
			"streams":	[{
					"socket":	6,
					"start":	2.0004889965057373,
					"end":	3.0003480911254883,
					"seconds":	0.999859094619751,
					"bytes":	65160,
					"bits_per_second":	521353.46150773787,
					"retransmits":	0,
					"snd_cwnd":	28960,
					"rtt":	1079816,
					"rttvar":	97209,
					"pmtu":	1500,
					"omitted":	false
				}],
			"sum":	{
				"start":	2.0004889965057373,
				"end":	3.0003480911254883,
				"seconds":	0.999859094619751,
				"bytes":	65160,
				"bits_per_second":	521353.46150773787,
				"retransmits":	0,
				"omitted":	false
			}
		}, {
			"streams":	[{
					"socket":	6,
					"start":	3.0003480911254883,
					"end":	4.0008430480957031,
					"seconds":	1.0004949569702148,
					"bytes":	217200,
					"bits_per_second":	1736740.3882393872,
					"retransmits":	0,
					"snd_cwnd":	57920,
					"rtt":	1087256,
					"rttvar":	16356,
					"pmtu":	1500,
					"omitted":	false
				}],
			"sum":	{
				"start":	3.0003480911254883,
				"end":	4.0008430480957031,
				"seconds":	1.0004949569702148,
				"bytes":	217200,
				"bits_per_second":	1736740.3882393872,
				"retransmits":	0,
				"omitted":	false
			}
		}, {
			"streams":	[{
					"socket":	6,
					"start":	4.0008430480957031,
					"end":	5.000791072845459,
					"seconds":	0.99994802474975586,
					"bytes":	204168,
					"bits_per_second":	1633428.8978757232,
					"retransmits":	0,
					"snd_cwnd":	99912,
					"rtt":	1084777,
					"rttvar":	1075,
					"pmtu":	1500,
					"omitted":	false
				}],
			"sum":	{
				"start":	4.0008430480957031,
				"end":	5.000791072845459,
				"seconds":	0.99994802474975586,
				"bytes":	204168,
				"bits_per_second":	1633428.8978757232,
				"retransmits":	0,
				"omitted":	false
			}
		}, {
			"streams":	[{
					"socket":	6,
					"start":	5.000791072845459,
					"end":	6.0001790523529053,
					"seconds":	0.99938797950744629,
					"bytes":	1442208,
					"bits_per_second":	11544729.611102987,
					"retransmits":	0,
					"snd_cwnd":	399648,
					"rtt":	416113,
					"rttvar":	1061,
					"pmtu":	1500,
					"omitted":	false
				}],
			"sum":	{
				"start":	5.000791072845459,
				"end":	6.0001790523529053,
				"seconds":	0.99938797950744629,
				"bytes":	1442208,
				"bits_per_second":	11544729.611102987,
				"retransmits":	0,
				"omitted":	false
			}
		}, {
			"streams":	[{
					"socket":	6,
					"start":	6.0001790523529053,
					"end":	7.000697135925293,
					"seconds":	1.0005180835723877,
					"bytes":	2215440,
					"bits_per_second":	17714342.490160197,
					"retransmits":	0,
					"snd_cwnd":	757304,
					"rtt":	485723,
					"rttvar":	864,
					"pmtu":	1500,
					"omitted":	false
				}],
			"sum":	{
				"start":	6.0001790523529053,
				"end":	7.000697135925293,
				"seconds":	1.0005180835723877,
				"bytes":	2215440,
				"bits_per_second":	17714342.490160197,
				"retransmits":	0,
				"omitted":	false
			}
		}, {
			"streams":	[{
					"socket":	6,
					"start":	7.000697135925293,
					"end":	8.000248908996582,
					"seconds":	0.99955177307128906,
					"bytes":	2621440,
					"bits_per_second":	20980924.215222508,
					"retransmits":	0,
					"snd_cwnd":	835496,
					"rtt":	518328,
					"rttvar":	11014,
					"pmtu":	1500,
					"omitted":	false
				}],
			"sum":	{
				"start":	7.000697135925293,
				"end":	8.000248908996582,
				"seconds":	0.99955177307128906,
				"bytes":	2621440,
				"bits_per_second":	20980924.215222508,
				"retransmits":	0,
				"omitted":	false
			}
		}, {
			"streams":	[{
					"socket":	6,
					"start":	8.000248908996582,
					"end":	9.0006890296936035,
					"seconds":	1.0004401206970215,
					"bytes":	1310720,
					"bits_per_second":	10481147.030263456,
					"retransmits":	0,
					"snd_cwnd":	920928,
					"rtt":	575605,
					"rttvar":	1088,
					"pmtu":	1500,
					"omitted":	false
				}],
			"sum":	{
				"start":	8.000248908996582,
				"end":	9.0006890296936035,
				"seconds":	1.0004401206970215,
				"bytes":	1310720,
				"bits_per_second":	10481147.030263456,
				"retransmits":	0,
				"omitted":	false
			}
		}, {
			"streams":	[{
					"socket":	6,
					"start":	9.0006890296936035,
					"end":	10.00060510635376,
					"seconds":	0.99991607666015625,
					"bytes":	1310720,
					"bits_per_second":	10486640.073858738,
					"retransmits":	0,
					"snd_cwnd":	967264,
					"rtt":	608533,
					"rttvar":	1316,
					"pmtu":	1500,
					"omitted":	false
				}],
			"sum":	{
				"start":	9.0006890296936035,
				"end":	10.00060510635376,
				"seconds":	0.99991607666015625,
				"bytes":	1310720,
				"bits_per_second":	10486640.073858738,
				"retransmits":	0,
				"omitted":	false
			}
		}, {
			"streams":	[{
					"socket":	6,
					"start":	10.00060510635376,
					"end":	11.00021505355835,
					"seconds":	0.99960994720458984,
					"bytes":	2621440,
					"bits_per_second":	20979703.191876866,
					"retransmits":	0,
					"snd_cwnd":	1065728,
					"rtt":	686136,
					"rttvar":	1175,
					"pmtu":	1500,
					"omitted":	false
				}],
			"sum":	{
				"start":	10.00060510635376,
				"end":	11.00021505355835,
				"seconds":	0.99960994720458984,
				"bytes":	2621440,
				"bits_per_second":	20979703.191876866,
				"retransmits":	0,
				"omitted":	false
			}
		}, {
			"streams":	[{
					"socket":	6,
					"start":	11.00021505355835,
					"end":	12.000448942184448,
					"seconds":	1.0002338886260986,
					"bytes":	1310720,
					"bits_per_second":	10483308.073477726,
					"retransmits":	0,
					"snd_cwnd":	1119304,
					"rtt":	731102,
					"rttvar":	3906,
					"pmtu":	1500,
					"omitted":	false
				}],
			"sum":	{
				"start":	11.00021505355835,
				"end":	12.000448942184448,
				"seconds":	1.0002338886260986,
				"bytes":	1310720,
				"bits_per_second":	10483308.073477726,
				"retransmits":	0,
				"omitted":	false
			}
		}, {
			"streams":	[{
					"socket":	6,
					"start":	12.000448942184448,
					"end":	13.000649929046631,
					"seconds":	1.0002009868621826,
					"bytes":	1310720,
					"bits_per_second":	10483652.923494695,
					"retransmits":	0,
					"snd_cwnd":	1177224,
					"rtt":	805318,
					"rttvar":	16275,
					"pmtu":	1500,
					"omitted":	false
				}],
			"sum":	{
				"start":	12.000448942184448,