{
	"start":	{
		"connected":	[{
				"socket":	6,
				"local_host":	"192.168.6.1",
				"local_port":	54604,
				"remote_host":	"192.168.18.1",
				"remote_port":	5007
			}],
		"version":	"iperf 3.6",
		"system_info":	"Linux ba-thesis 4.19.0-23-amd64 #1 SMP Debian 4.19.269-1 (2022-12-20) x86_64",
		"timestamp":	{
			"time":	"Sat, 10 Jun 2023 23:23:34 GMT",
			"timesecs":	1686439414
		},
		"connecting_to":	{
			"host":	"h3",
			"port":	5007
		},
		"cookie":	"n7bxandahvi4vss37hnz5fwr7lzqq54n3iwx",
		"tcp_mss_default":	1448,
		"sock_bufsize":	0,
		"sndbuf_actual":	87380,
		"rcvbuf_actual":	87380,
		"test_start":	{
			"protocol":	"TCP",
			"num_streams":	1,
			"blksize":	131072,
			"omit":	0,
			"duration":	0,
			"bytes":	36335510,
			"blocks":	0,
			"reverse":	0,
			"tos":	0
		}
	},
	"intervals":	[{
			"streams":	[{
					"socket":	6,
					"start":	0,
					"end":	1.000175952911377,
					"seconds":	1.000175952911377,
					"bytes":	1775248,
					"bits_per_second":	14199485.559175808,
					"retransmits":	0,
					"snd_cwnd":	157832,
					"rtt":	165512,
					"rttvar":	2299,
					"pmtu":	1500,
					"omitted":	false
				}],
			"sum":	{
				"start":	0,
				"end":	1.000175952911377,
				"seconds":	1.000175952911377,
				"bytes":	1775248,
				"bits_per_second":	14199485.559175808,
				"retransmits":	0,
				"omitted":	false
			}
		}, {
			"streams":	[{
					"socket":	6,
					"start":	1.000175952911377,
					"end":	2.0005099773406982,
					"seconds":	1.0003340244293213,
					"bytes":	716760,
					"bits_per_second":	5732165.3167512966,
					"retransmits":	0,
					"snd_cwnd":	192584,
					"rtt":	271923,
					"rttvar":	5495,
					"pmtu":	1500,
					"omitted":	false
				}],
			"sum":	{
				"start":	1.000175952911377,
				"end":	2.0005099773406982,
				"seconds":	1.0003340244293213,
				"bytes":	716760,
				"bits_per_second":	5732165.3167512966,
				"retransmits":	0,
				"omitted":	false
			}
		}, {
			"streams":	[{
					"socket":	6,
					"start":	2.0005099773406982,
					"end":	3.0004160404205322,
					"seconds":	0.999906063079834,
					"bytes":	847080,
					"bits_per_second":	6777276.636494345,
					"retransmits":	0,
					"snd_cwnd":	221544,
					"rtt":	374046,
					"rttvar":	5502,
					"pmtu":	1500,
					"omitted":	false
				}],
			"sum":	{
				"start":	2.0005099773406982,
				"end":	3.0004160404205322,
				"seconds":	0.999906063079834,
				"bytes":	847080,
				"bits_per_second":	6777276.636494345,
				"retransmits":	0,
				"omitted":	false
			}
		}, {
			"streams":	[{
					"socket":	6,
					"start":	3.0004160404205322,
					"end":	4.0007550716400146,
					"seconds":	1.0003390312194824,
					"bytes":	456120,
					"bits_per_second":	3647723.3079185821,
					"retransmits":	0,
					"snd_cwnd":	246160,
					"rtt":	476082,
					"rttvar":	6091,
					"pmtu":	1500,
					"omitted":	false
				}],
			"sum":	{
				"start":	3.0004160404205322,
				"end":	4.0007550716400146,
				"seconds":	1.0003390312194824,
				"bytes":	456120,
				"bits_per_second":	3647723.3079185821,
				"retransmits":	0,
				"omitted":	false
			}
		}, {
			"streams":	[{
					"socket":	6,
					"start":	4.0007550716400146,
					"end":	5.0002360343933105,
					"seconds":	0.9994809627532959,
					"bytes":	1107720,
					"bits_per_second":	8866361.9721062835,
					"retransmits":	0,
					"snd_cwnd":	283808,
					"rtt":	279701,
					"rttvar":	801,
					"pmtu":	1500,
					"omitted":	false
				}],
			"sum":	{
				"start":	4.0007550716400146,
				"end":	5.0002360343933105,
				"seconds":	0.9994809627532959,
				"bytes":	1107720,
				"bits_per_second":	8866361.9721062835,
				"retransmits":	0,
				"omitted":	false
			}
		}, {
			"streams":	[{
					"socket":	6,
					"start":	5.0002360343933105,
					"end":	6.0001740455627441,
					"seconds":	0.99993801116943359,
					"bytes":	1238040,
					"bits_per_second":	9904933.995275205,
					"retransmits":	0,
					"snd_cwnd":	330144,
					"rtt":	325900,
					"rttvar":	2109,
					"pmtu":	1500,
					"omitted":	false
				}],
			"sum":	{
				"start":	5.0002360343933105,
				"end":	6.0001740455627441,
				"seconds":	0.99993801116943359,
				"bytes":	1238040,
				"bits_per_second":	9904933.995275205,
				"retransmits":	0,
				"omitted":	false
			}
		}, {
			"streams":	[{
					"socket":	6,
					"start":	6.0001740455627441,
					"end":	7.000554084777832,
					"seconds":	1.0003800392150879,
					"bytes":	716760,
					"bits_per_second":	5731901.6525949864,
					"retransmits":	0,
					"snd_cwnd":	379376,
					"rtt":	373641,
					"rttvar":	802,
					"pmtu":	1500,
					"omitted":	false
				}],
			"sum":	{
				"start":	6.0001740455627441,
				"end":	7.000554084777832,
				"seconds":	1.0003800392150879,
				"bytes":	716760,
				"bits_per_second":	5731901.6525949864,
				"retransmits":	0,
				"omitted":	false
			}
		}, {
			"streams":	[{
					"socket":	6,
					"start":	7.000554084777832,
					"end":	8.0001358985900879,
					"seconds":	0.99958181381225586,
					"bytes":	1629000,
					"bits_per_second":	13037452.082384229,
					"retransmits":	0,
					"snd_cwnd":	422816,
					"rtt":	421303,
					"rttvar":	1682,
					"pmtu":	1500,
					"omitted":	false
				}],
			"sum":	{
				"start":	7.000554084777832,
				"end":	8.0001358985900879,
				"seconds":	0.99958181381225586,
				"bytes":	1629000,
				"bits_per_second":	13037452.082384229,
				"retransmits":	0,
				"omitted":	false
			}
		}, {
			"streams":	[{
					"socket":	6,
					"start":	8.0001358985900879,
					"end":	9.000417947769165,
					"seconds":	1.0002820491790771,
					"bytes":	912240,
					"bits_per_second":	7295862.2080535581,
					"retransmits":	0,
					"snd_cwnd":	472048,
					"rtt":	469996,
					"rttvar":	1084,
					"pmtu":	1500,
					"omitted":	false
				}],
			"sum":	{
				"start":	8.0001358985900879,
				"end":	9.000417947769165,
				"seconds":	1.0002820491790771,
				"bytes":	912240,
				"bits_per_second":	7295862.2080535581,
				"retransmits":	0,
				"omitted":	false
			}
		}, {
			"streams":	[{
					"socket":	6,
					"start":	9.000417947769165,
					"end":	10.000761032104492,
					"seconds":	1.0003430843353271,
					"bytes":	1042560,
					"bits_per_second":	8337619.4933579108,
					"retransmits":	0,
					"snd_cwnd":	583544,
					"rtt":	519923,
					"rttvar":	1424,
					"pmtu":	1500,
					"omitted":	false
				}],
			"sum":	{
				"start":	9.000417947769165,
				"end":	10.000761032104492,
				"seconds":	1.0003430843353271,
				"bytes":	1042560,
				"bits_per_second":	8337619.4933579108,
				"retransmits":	0,
				"omitted":	false
			}
		}, {
			"streams":	[{
					"socket":	6,
					"start":	10.000761032104492,
					"end":	11.000300884246826,
					"seconds":	0.999539852142334,
					"bytes":	2548760,
					"bits_per_second":	20399466.770932175,
					"retransmits":	0,
					"snd_cwnd":	747168,
					"rtt":	572621,
					"rttvar":	762,
					"pmtu":	1500,
					"omitted":	false
				}],
			"sum":	{
				"start":	10.000761032104492,
				"end":	11.000300884246826,
				"seconds":	0.999539852142334,
				"bytes":	2548760,
				"bits_per_second":	20399466.770932175,
				"retransmits":	0,
				"omitted":	false
			}
		}, {
			"streams":	[{
					"socket":	6,
					"start":	11.000300884246826,
					"end":	12.000557899475098,
					"seconds":	1.0002570152282715,
					"bytes":	1310720,
					"bits_per_second":	10483065.692478063,
					"retransmits":	0,
					"snd_cwnd":	955680,
					"rtt":	618335,
					"rttvar":	735,
					"pmtu":	1500,
					"omitted":	false
				}],
			"sum":	{
				"start":	11.000300884246826,
				"end":	12.000557899475098,
				"seconds":	1.0002570152282715,
				"bytes":	1310720,
				"bits_per_second":	10483065.692478063,
				"retransmits":	0,
				"omitted":	false
			}
		}, {
			"streams":	[{
					"socket":	6,
					"start":	12.000557899475098,
					"end":	13.000319004058838,
					"seconds":	0.99976110458374023,
					"bytes":	2621440,
					"bits_per_second":	20976531.19715203,
					"retransmits":	0,
					"snd_cwnd":	1158400,
					"rtt":	667141,
					"rttvar":	693,
					"pmtu":	1500,
					"omitted":	false
				}],