{
	"start":	{
		"connected":	[{
				"socket":	6,
				"local_host":	"192.168.15.2",
				"local_port":	47622,
				"remote_host":	"192.168.20.1",
				"remote_port":	5008
			}],
		"version":	"iperf 3.6",
		"system_info":	"Linux ba-thesis 4.19.0-23-amd64 #1 SMP Debian 4.19.269-1 (2022-12-20) x86_64",
		"timestamp":	{
			"time":	"Sat, 10 Jun 2023 18:08:52 GMT",
			"timesecs":	1686420532
		},
		"connecting_to":	{
			"host":	"h0",
			"port":	5008
		},
		"cookie":	"mvo3vk3fjx32fbyvwcmnyw3h3st7yjcxddkq",
		"tcp_mss_default":	1448,
		"sock_bufsize":	0,
		"sndbuf_actual":	87380,
		"rcvbuf_actual":	87380,
		"test_start":	{
			"protocol":	"TCP",
			"num_streams":	1,
			"blksize":	131072,
			"omit":	0,
			"duration":	0,
			"bytes":	56698110,
			"blocks":	0,
			"reverse":	0,
			"tos":	0
		}
	},
	"intervals":	[{
			"streams":	[{
					"socket":	6,
					"start":	0,
					"end":	1.0000770092010498,
					"seconds":	1.0000770092010498,
					"bytes":	16950192,
					"bits_per_second":	135591094.23816326,
					"retransmits":	0,
					"snd_cwnd":	1381392,
					"rtt":	109348,
					"rttvar":	484,
					"pmtu":	1500,
					"omitted":	false
				}],
			"sum":	{
				"start":	0,
				"end":	1.0000770092010498,
				"seconds":	1.0000770092010498,
				"bytes":	16950192,
				"bits_per_second":	135591094.23816326,
				"retransmits":	0,
				"omitted":	false
			}
		}, {
			"streams":	[{
					"socket":	6,
					"start":	1.0000770092010498,
					"end":	2.000075101852417,
					"seconds":	0.99999809265136719,
					"bytes":	14417920,
					"bits_per_second":	115343580.00041962,
					"retransmits":	0,
					"snd_cwnd":	1979416,
					"rtt":	156841,
					"rttvar":	281,
					"pmtu":	1500,
					"omitted":	false
				}],
			"sum":	{
				"start":	1.0000770092010498,
				"end":	2.000075101852417,
				"seconds":	0.99999809265136719,
				"bytes":	14417920,
				"bits_per_second":	115343580.00041962,
				"retransmits":	0,
				"omitted":	false
			}
		}, {
			"streams":	[{
					"socket":	6,
					"start":	2.000075101852417,
					"end":	3.000075101852417,
					"seconds":	1,
					"bytes":	14417920,
					"bits_per_second":	115343360,
					"retransmits":	0,
					"snd_cwnd":	2577440,
					"rtt":	204496,
					"rttvar":	383,
					"pmtu":	1500,
					"omitted":	false
				}],
			"sum":	{
				"start":	2.000075101852417,
				"end":	3.000075101852417,
				"seconds":	1,
				"bytes":	14417920,
				"bits_per_second":	115343360,
				"retransmits":	0,
				"omitted":	false
			}
		}, {
			"streams":	[{
					"socket":	6,
					"start":	3.000075101852417,
					"end":	3.9126389026641846,
					"seconds":	0.91256380081176758,
					"bytes":	11796480,
					"bits_per_second":	103413963.95085132,
					"retransmits":	0,
					"snd_cwnd":	3121888,
					"rtt":	247943,
					"rttvar":	561,
					"pmtu":	1500,
					"omitted":	false
				}],
			"sum":	{
				"start":	3.000075101852417,
				"end":	3.9126389026641846,
				"seconds":	0.91256380081176758,
				"bytes":	11796480,
				"bits_per_second":	103413963.95085132,
				"retransmits":	0,
				"omitted":	false
			}
		}],
	"end":	{
		"streams":	[{
				"sender":	{
					"socket":	6,
					"start":	0,
					"end":	3.9126389026641846,
					"seconds":	3.9126389026641846,
					"bytes":	57582512,
					"bits_per_second":	117736419.70546488,
					"retransmits":	0,
					"max_snd_cwnd":	3121888,
					"max_rtt":	247943,
					"min_rtt":	109348,
					"mean_rtt":	179657
				},
				"receiver":	{
					"socket":	6,
					"start":	0,
					"end":	4.1943490505218506,
					"seconds":	3.9126389026641846,
					"bytes":	48665832,
					"bits_per_second":	92821711.142891392
				}
			}],
		"sum_sent":	{
			"start":	0,
			"end":	3.9126389026641846,
			"seconds":	3.9126389026641846,
			"bytes":	57582512,
			"bits_per_second":	117736419.70546488,
			"retransmits":	0
		},
		"sum_received":	{
			"start":	0,
			"end":	4.1943490505218506,
			"seconds":	4.1943490505218506,
			"bytes":	48665832,
			"bits_per_second":	92821711.142891392
		},
		"cpu_utilization_percent":	{
			"host_total":	1.2316592746843626,
			"host_user":	0.18543901657502179,
			"host_system":	1.0461712261113041,
			"remote_total":	0.046976681435936647,
			"remote_user":	0.0040219583085885652,
			"remote_system":	0.042953681169237042
		},
		"sender_tcp_congestion":	"cubic",
		"receiver_tcp_congestion":	"cubic"
	}
}
