{
	"start":	{
		"connected":	[{
				"socket":	6,
				"local_host":	"192.168.3.2",
				"local_port":	34596,
				"remote_host":	"192.168.26.1",
				"remote_port":	5000
			}],
		"version":	"iperf 3.6",
		"system_info":	"Linux ba-thesis 4.19.0-23-amd64 #1 SMP Debian 4.19.269-1 (2022-12-20) x86_64",
		"timestamp":	{
			"time":	"Thu, 01 Jun 2023 22:28:20 GMT",
			"timesecs":	1685658500
		},
		"connecting_to":	{
			"host":	"h7",
			"port":	5000
		},
		"cookie":	"vqbbktxzgohmrtxo63hqpdawa3zyp7am3onb",
		"tcp_mss_default":	1448,
		"sock_bufsize":	0,
		"sndbuf_actual":	87380,
		"rcvbuf_actual":	87380,
		"test_start":	{
			"protocol":	"TCP",
			"num_streams":	1,
			"blksize":	131072,
			"omit":	0,
			"duration":	0,
			"bytes":	123703296,
			"blocks":	0,
			"reverse":	0,
			"tos":	0
		}
	},
	"intervals":	[{
			"streams":	[{
					"socket":	6,
					"start":	0,
					"end":	1.0000879764556885,
					"seconds":	1.0000879764556885,
					"bytes":	16950192,
					"bits_per_second":	135589607.30692095,
					"retransmits":	0,
					"snd_cwnd":	1390080,
					"rtt":	109893,
					"rttvar":	419,
					"pmtu":	1500,
					"omitted":	false
				}],
			"sum":	{
				"start":	0,
				"end":	1.0000879764556885,
				"seconds":	1.0000879764556885,
				"bytes":	16950192,
				"bits_per_second":	135589607.30692095,
				"retransmits":	0,
				"omitted":	false
			}
		}, {
			"streams":	[{
					"socket":	6,
					"start":	1.0000879764556885,
					"end":	2.0000910758972168,
					"seconds":	1.0000030994415283,
					"bytes":	14417920,
					"bits_per_second":	115343002.50110805,
					"retransmits":	0,
					"snd_cwnd":	1986656,
					"rtt":	157596,
					"rttvar":	677,
					"pmtu":	1500,
					"omitted":	false
				}],
			"sum":	{
				"start":	1.0000879764556885,
				"end":	2.0000910758972168,
				"seconds":	1.0000030994415283,
				"bytes":	14417920,
				"bits_per_second":	115343002.50110805,
				"retransmits":	0,
				"omitted":	false
			}
		}, {
			"streams":	[{
					"socket":	6,
					"start":	2.0000910758972168,
					"end":	3.0000491142272949,
					"seconds":	0.99995803833007812,
					"bytes":	14417920,
					"bits_per_second":	115348200.203103,
					"retransmits":	0,
					"snd_cwnd":	2584680,
					"rtt":	205136,
					"rttvar":	676,
					"pmtu":	1500,
					"omitted":	false
				}],
			"sum":	{
				"start":	2.0000910758972168,
				"end":	3.0000491142272949,
				"seconds":	0.99995803833007812,
				"bytes":	14417920,
				"bits_per_second":	115348200.203103,
				"retransmits":	0,
				"omitted":	false
			}
		}, {
			"streams":	[{
					"socket":	6,
					"start":	3.0000491142272949,
					"end":	4.0001070499420166,
					"seconds":	1.0000579357147217,
					"bytes":	11796480,
					"bits_per_second":	94366372.816745162,
					"retransmits":	0,
					"snd_cwnd":	3182704,
					"rtt":	252704,
					"rttvar":	389,
					"pmtu":	1500,
					"omitted":	false
				}],
			"sum":	{
				"start":	3.0000491142272949,
				"end":	4.0001070499420166,
				"seconds":	1.0000579357147217,
				"bytes":	11796480,
				"bits_per_second":	94366372.816745162,
				"retransmits":	0,
				"omitted":	false
			}
		}, {
			"streams":	[{
					"socket":	6,
					"start":	4.0001070499420166,
					"end":	5.0000829696655273,
					"seconds":	0.99997591972351074,
					"bytes":	13107200,
					"bits_per_second":	104860125.06080416,
					"retransmits":	0,
					"snd_cwnd":	3780728,
					"rtt":	300549,
					"rttvar":	439,
					"pmtu":	1500,
					"omitted":	false
				}],
			"sum":	{
				"start":	4.0001070499420166,
				"end":	5.0000829696655273,
				"seconds":	0.99997591972351074,
				"bytes":	13107200,
				"bits_per_second":	104860125.06080416,
				"retransmits":	0,
				"omitted":	false
			}
		}, {
			"streams":	[{
					"socket":	6,
					"start":	5.0000829696655273,
					"end":	6.0000760555267334,
					"seconds":	0.999993085861206,
					"bytes":	11796480,
					"bits_per_second":	94372492.5045115,
					"retransmits":	0,
					"snd_cwnd":	4378752,
					"rtt":	347789,
					"rttvar":	425,
					"pmtu":	1500,
					"omitted":	false
				}],
			"sum":	{
				"start":	5.0000829696655273,
				"end":	6.0000760555267334,
				"seconds":	0.999993085861206,
				"bytes":	11796480,
				"bits_per_second":	94372492.5045115,
				"retransmits":	0,
				"omitted":	false
			}
		}, {
			"streams":	[{
					"socket":	6,
					"start":	6.0000760555267334,
					"end":	7.0000829696655273,
					"seconds":	1.0000069141387939,
					"bytes":	11796480,
					"bits_per_second":	94371187.504511446,
					"retransmits":	0,
					"snd_cwnd":	4975328,
					"rtt":	395493,
					"rttvar":	324,
					"pmtu":	1500,
					"omitted":	false
				}],
			"sum":	{
				"start":	6.0000760555267334,
				"end":	7.0000829696655273,
				"seconds":	1.0000069141387939,
				"bytes":	11796480,
				"bits_per_second":	94371187.504511446,
				"retransmits":	0,
				"omitted":	false
			}
		}, {
			"streams":	[{
					"socket":	6,
					"start":	7.0000829696655273,
					"end":	8.0000920295715332,
					"seconds":	1.0000090599060059,
					"bytes":	11796480,
					"bits_per_second":	94370985.007746145,
					"retransmits":	0,
					"snd_cwnd":	5573352,
					"rtt":	443132,
					"rttvar":	425,
					"pmtu":	1500,
					"omitted":	false
				}],
			"sum":	{
				"start":	7.0000829696655273,
				"end":	8.0000920295715332,
				"seconds":	1.0000090599060059,
				"bytes":	11796480,
				"bits_per_second":	94370985.007746145,
				"retransmits":	0,
				"omitted":	false
			}
		}, {
			"streams":	[{
					"socket":	6,
					"start":	8.0000920295715332,
					"end":	9.000075101852417,
					"seconds":	0.99998307228088379,
					"bytes":	11796480,
					"bits_per_second":	94373437.5270425,
					"retransmits":	0,
					"snd_cwnd":	6171376,
					"rtt":	490591,
					"rttvar":	237,
					"pmtu":	1500,
					"omitted":	false
				}],
			"sum":	{
				"start":	8.0000920295715332,
				"end":	9.000075101852417,
				"seconds":	0.99998307228088379,
				"bytes":	11796480,
				"bits_per_second":	94373437.5270425,
				"retransmits":	0,
				"omitted":	false
			}
		}, {
			"streams":	[{
					"socket":	6,
					"start":	9.000075101852417,
					"end":	9.5128321647644043,
					"seconds":	0.5127570629119873,
					"bytes":	6553600,
					"bits_per_second":	102248810.97152083,
					"retransmits":	0,
					"snd_cwnd":	6476904,
					"rtt":	515387,
					"rttvar":	474,
					"pmtu":	1500,
					"omitted":	false
				}],
			"sum":	{
				"start":	9.000075101852417,
				"end":	9.5128321647644043,
				"seconds":	0.5127570629119873,
				"bytes":	6553600,
				"bits_per_second":	102248810.97152083,
				"retransmits":	0,
				"omitted":	false
			}
		}],
	"end":	{
		"streams":	[{
				"sender":	{
					"socket":	6,
					"start":	0,
					"end":	9.5128321647644043,
					"seconds":	9.5128321647644043,
					"bytes":	124429232,
					"bits_per_second":	104641166.66402398,
					"retransmits":	0,
					"max_snd_cwnd":	6476904,
					"max_rtt":	515387,
					"min_rtt":	109893,
					"mean_rtt":	321827
				},
				"receiver":	{
					"socket":	6,
					"start":	0,
					"end":	10.075523138046265,
					"seconds":	9.5128321647644043,
					"bytes":	119125512,
					"bits_per_second":	94586065.9484125
				}
			}],
		"sum_sent":	{
			"start":	0,
			"end":	9.5128321647644043,
			"seconds":	9.5128321647644043,
			"bytes":	124429232,
			"bits_per_second":	104641166.66402398,
			"retransmits":	0
		},
		"sum_received":	{
			"start":	0,
			"end":	10.075523138046265,
			"seconds":	10.075523138046265,
			"bytes":	119125512,
			"bits_per_second":	94586065.9484125
		},
		"cpu_utilization_percent":	{
			"host_total":	0.65559643777103416,
			"host_user":	0.10278760225289595,
			"host_system":	0.55279850302896916,
			"remote_total":	0.12027039252685064,
			"remote_user":	0.004213528915333894,
			"remote_system":	0.11605603482927533
		},
		"sender_tcp_congestion":	"cubic",
		"receiver_tcp_congestion":	"cubic"
	}
}
