{
	"start":	{
		"connected":	[{
				"socket":	6,
				"local_host":	"192.168.1.2",
				"local_port":	37096,
				"remote_host":	"192.168.1.1",
				"remote_port":	5003
			}],
		"version":	"iperf 3.6",
		"system_info":	"Linux ba-thesis 4.19.0-23-amd64 #1 SMP Debian 4.19.269-1 (2022-12-20) x86_64",
		"timestamp":	{
			"time":	"Sun, 11 Jun 2023 01:08:33 GMT",
			"timesecs":	1686445713
		},
		"connecting_to":	{
			"host":	"h0",
			"port":	5003
		},
		"cookie":	"a643xtwpnfga4cd2a7z64ces54eyetklme33",
		"tcp_mss_default":	1448,
		"sock_bufsize":	0,
		"sndbuf_actual":	87380,
		"rcvbuf_actual":	87380,
		"test_start":	{
			"protocol":	"TCP",
			"num_streams":	1,
			"blksize":	131072,
			"omit":	0,
			"duration":	0,
			"bytes":	168927200,
			"blocks":	0,
			"reverse":	0,
			"tos":	0
		}
	},
	"intervals":	[{
			"streams":	[{
					"socket":	6,
					"start":	0,
					"end":	1.0000679492950439,
					"seconds":	1.0000679492950439,
					"bytes":	15769128,
					"bits_per_second":	126144452.57337393,
					"retransmits":	0,
					"snd_cwnd":	806536,
					"rtt":	63411,
					"rttvar":	603,
					"pmtu":	1500,
					"omitted":	false
				}],
			"sum":	{
				"start":	0,
				"end":	1.0000679492950439,
				"seconds":	1.0000679492950439,
				"bytes":	15769128,
				"bits_per_second":	126144452.57337393,
				"retransmits":	0,
				"omitted":	false
			}
		}, {
			"streams":	[{
					"socket":	6,
					"start":	1.0000679492950439,
					"end":	2.0001099109649658,
					"seconds":	1.0000419616699219,
					"bytes":	13107200,
					"bits_per_second":	104853200.1846236,
					"retransmits":	0,
					"snd_cwnd":	1404560,
					"rtt":	111072,
					"rttvar":	374,
					"pmtu":	1500,
					"omitted":	false
				}],
			"sum":	{
				"start":	1.0000679492950439,
				"end":	2.0001099109649658,
				"seconds":	1.0000419616699219,
				"bytes":	13107200,
				"bits_per_second":	104853200.1846236,
				"retransmits":	0,
				"omitted":	false
			}
		}, {
			"streams":	[{
					"socket":	6,
					"start":	2.0001099109649658,
					"end":	3.0000998973846436,
					"seconds":	0.99998998641967773,
					"bytes":	14417920,
					"bits_per_second":	115344515.0115658,
					"retransmits":	0,
					"snd_cwnd":	2002584,
					"rtt":	158734,
					"rttvar":	492,
					"pmtu":	1500,
					"omitted":	false
				}],
			"sum":	{
				"start":	2.0001099109649658,
				"end":	3.0000998973846436,
				"seconds":	0.99998998641967773,
				"bytes":	14417920,
				"bits_per_second":	115344515.0115658,
				"retransmits":	0,
				"omitted":	false
			}
		}, {
			"streams":	[{
					"socket":	6,
					"start":	3.0000998973846436,
					"end":	4.0000519752502441,
					"seconds":	0.99995207786560059,
					"bytes":	14417920,
					"bits_per_second":	115348887.76490229,
					"retransmits":	0,
					"snd_cwnd":	2599160,
					"rtt":	206080,
					"rttvar":	403,
					"pmtu":	1500,
					"omitted":	false
				}],
			"sum":	{
				"start":	3.0000998973846436,
				"end":	4.0000519752502441,
				"seconds":	0.99995207786560059,
				"bytes":	14417920,
				"bits_per_second":	115348887.76490229,
				"retransmits":	0,
				"omitted":	false
			}
		}, {
			"streams":	[{
					"socket":	6,
					"start":	4.0000519752502441,
					"end":	5.0000369548797607,
					"seconds":	0.9999849796295166,
					"bytes":	13107200,
					"bits_per_second":	104859175.02365744,
					"retransmits":	0,
					"snd_cwnd":	3184152,
					"rtt":	252806,
					"rttvar":	426,
					"pmtu":	1500,
					"omitted":	false
				}],
			"sum":	{
				"start":	4.0000519752502441,
				"end":	5.0000369548797607,
				"seconds":	0.9999849796295166,
				"bytes":	13107200,
				"bits_per_second":	104859175.02365744,
				"retransmits":	0,
				"omitted":	false
			}
		}, {
			"streams":	[{
					"socket":	6,
					"start":	5.0000369548797607,
					"end":	6.000065803527832,
					"seconds":	1.0000288486480713,
					"bytes":	11796480,
					"bits_per_second":	94369117.578538179,
					"retransmits":	0,
					"snd_cwnd":	3782176,
					"rtt":	300514,
					"rttvar":	549,
					"pmtu":	1500,
					"omitted":	false
				}],
			"sum":	{
				"start":	5.0000369548797607,
				"end":	6.000065803527832,
				"seconds":	1.0000288486480713,
				"bytes":	11796480,
				"bits_per_second":	94369117.578538179,
				"retransmits":	0,
				"omitted":	false
			}
		}, {
			"streams":	[{
					"socket":	6,
					"start":	6.000065803527832,
					"end":	7.0000598430633545,
					"seconds":	0.99999403953552246,
					"bytes":	11796480,
					"bits_per_second":	94372402.503352776,
					"retransmits":	0,
					"snd_cwnd":	4378752,
					"rtt":	348077,
					"rttvar":	552,
					"pmtu":	1500,
					"omitted":	false
				}],
			"sum":	{
				"start":	6.000065803527832,
				"end":	7.0000598430633545,
				"seconds":	0.99999403953552246,
				"bytes":	11796480,
				"bits_per_second":	94372402.503352776,
				"retransmits":	0,
				"omitted":	false
			}
		}, {
			"streams":	[{
					"socket":	6,
					"start":	7.0000598430633545,
					"end":	8.0000748634338379,
					"seconds":	1.0000150203704834,
					"bytes":	11796480,
					"bits_per_second":	94370422.521291062,
					"retransmits":	0,
					"snd_cwnd":	4976776,
					"rtt":	395777,
					"rttvar":	282,
					"pmtu":	1500,
					"omitted":	false
				}],
			"sum":	{
				"start":	7.0000598430633545,
				"end":	8.0000748634338379,
				"seconds":	1.0000150203704834,
				"bytes":	11796480,
				"bits_per_second":	94370422.521291062,
				"retransmits":	0,
				"omitted":	false
			}
		}, {
			"streams":	[{
					"socket":	6,
					"start":	8.0000748634338379,
					"end":	9.0000429153442383,
					"seconds":	0.99996805191040039,
					"bytes":	11796480,
					"bits_per_second":	94374855.096326575,
					"retransmits":	0,
					"snd_cwnd":	5574800,
					"rtt":	443310,
					"rttvar":	534,
					"pmtu":	1500,
					"omitted":	false
				}],
			"sum":	{
				"start":	8.0000748634338379,
				"end":	9.0000429153442383,
				"seconds":	0.99996805191040039,
				"bytes":	11796480,
				"bits_per_second":	94374855.096326575,
				"retransmits":	0,
				"omitted":	false
			}
		}, {
			"streams":	[{
					"socket":	6,
					"start":	9.0000429153442383,
					"end":	10.000123977661133,
					"seconds":	1.0000810623168945,
					"bytes":	11796480,
					"bits_per_second":	94364190.620076463,
					"retransmits":	0,
					"snd_cwnd":	6152552,
					"rtt":	523242,
					"rttvar":	334,
					"pmtu":	1500,
					"omitted":	false
				}],
			"sum":	{
				"start":	9.0000429153442383,
				"end":	10.000123977661133,
				"seconds":	1.0000810623168945,
				"bytes":	11796480,
				"bits_per_second":	94364190.620076463,
				"retransmits":	0,
				"omitted":	false
			}
		}, {
			"streams":	[{
					"socket":	6,
					"start":	10.000123977661133,
					"end":	11.00007700920105,
					"seconds":	0.999953031539917,
					"bytes":	11796480,
					"bits_per_second":	94376272.708197474,
					"retransmits":	0,
					"snd_cwnd":	6749128,
					"rtt":	536935,
					"rttvar":	771,
					"pmtu":	1500,
					"omitted":	false
				}],
			"sum":	{
				"start":	10.000123977661133,
				"end":	11.00007700920105,
				"seconds":	0.999953031539917,
				"bytes":	11796480,
				"bits_per_second":	94376272.708197474,
				"retransmits":	0,
				"omitted":	false
			}
		}, {
			"streams":	[{
					"socket":	6,
					"start":	11.00007700920105,
					"end":	12.0000638961792,
					"seconds":	0.99998688697814941,
					"bytes":	11796480,
					"bits_per_second":	94373077.516227573,
					"retransmits":	0,
					"snd_cwnd":	7347152,
					"rtt":	584699,
					"rttvar":	238,
					"pmtu":	1500,
					"omitted":	false
				}],
			"sum":	{
				"start":	11.00007700920105,
				"end":	12.0000638961792,
				"seconds":	0.99998688697814941,
				"bytes":	11796480,
				"bits_per_second":	94373077.516227573,
				"retransmits":	0,
				"omitted":	false
			}
		}, {
			"streams":	[{
					"socket":	6,
					"start":	12.0000638961792,
					"end":	13.00008487701416,
					"seconds":	1.0000209808349609,
					"bytes":	11796480,
					"bits_per_second":	94369860.041541189,
					"retransmits":	0,
					"snd_cwnd":	7943728,
					"rtt":	632519,
					"rttvar":	385,
					"pmtu":	1500,