{
	"start":	{
		"connected":	[{
				"socket":	6,
				"local_host":	"192.168.12.1",
				"local_port":	54978,
				"remote_host":	"192.168.12.2",
				"remote_port":	5003
			}],
		"version":	"iperf 3.6",
		"system_info":	"Linux ba-thesis 4.19.0-23-amd64 #1 SMP Debian 4.19.269-1 (2022-12-20) x86_64",
		"timestamp":	{
			"time":	"Sun, 11 Jun 2023 19:58:33 GMT",
			"timesecs":	1686513513
		},
		"connecting_to":	{
			"host":	"h9",
			"port":	5003
		},
		"cookie":	"om25v67n547ieitrapvymld2w577zlkuc7vv",
		"tcp_mss_default":	1448,
		"sock_bufsize":	0,
		"sndbuf_actual":	87380,
		"rcvbuf_actual":	87380,
		"test_start":	{
			"protocol":	"TCP",
			"num_streams":	1,
			"blksize":	131072,
			"omit":	0,
			"duration":	0,
			"bytes":	105035283,
			"blocks":	0,
			"reverse":	0,
			"tos":	0
		}
	},
	"intervals":	[{
			"streams":	[{
					"socket":	6,
					"start":	0,
					"end":	1.0000929832458496,
					"seconds":	1.0000929832458496,
					"bytes":	15284480,
					"bits_per_second":	122264471.45259225,
					"retransmits":	0,
					"snd_cwnd":	797848,
					"rtt":	62882,
					"rttvar":	569,
					"pmtu":	1500,
					"omitted":	false
				}],
			"sum":	{
				"start":	0,
				"end":	1.0000929832458496,
				"seconds":	1.0000929832458496,
				"bytes":	15284480,
				"bits_per_second":	122264471.45259225,
				"retransmits":	0,
				"omitted":	false
			}
		}, {
			"streams":	[{
					"socket":	6,
					"start":	1.0000929832458496,
					"end":	2.0000929832458496,
					"seconds":	1,
					"bytes":	14417920,
					"bits_per_second":	115343360,
					"retransmits":	0,
					"snd_cwnd":	1395872,
					"rtt":	110595,
					"rttvar":	588,
					"pmtu":	1500,
					"omitted":	false
				}],
			"sum":	{
				"start":	1.0000929832458496,
				"end":	2.0000929832458496,
				"seconds":	1,
				"bytes":	14417920,
				"bits_per_second":	115343360,
				"retransmits":	0,
				"omitted":	false
			}
		}, {
			"streams":	[{
					"socket":	6,
					"start":	2.0000929832458496,
					"end":	3.0000829696655273,
					"seconds":	0.99998998641967773,
					"bytes":	14417920,
					"bits_per_second":	115344515.0115658,
					"retransmits":	0,
					"snd_cwnd":	1993896,
					"rtt":	157943,
					"rttvar":	252,
					"pmtu":	1500,
					"omitted":	false
				}],
			"sum":	{
				"start":	2.0000929832458496,
				"end":	3.0000829696655273,
				"seconds":	0.99998998641967773,
				"bytes":	14417920,
				"bits_per_second":	115344515.0115658,
				"retransmits":	0,
				"omitted":	false
			}
		}, {
			"streams":	[{
					"socket":	6,
					"start":	3.0000829696655273,
					"end":	4.0000319480896,
					"seconds":	0.99994897842407227,
					"bytes":	14417920,
					"bits_per_second":	115349245.30027729,
					"retransmits":	0,
					"snd_cwnd":	2591920,
					"rtt":	205757,
					"rttvar":	406,
					"pmtu":	1500,
					"omitted":	false
				}],
			"sum":	{
				"start":	3.0000829696655273,
				"end":	4.0000319480896,
				"seconds":	0.99994897842407227,
				"bytes":	14417920,
				"bits_per_second":	115349245.30027729,
				"retransmits":	0,
				"omitted":	false
			}
		}, {
			"streams":	[{
					"socket":	6,
					"start":	4.0000319480896,
					"end":	5.0008459091186523,
					"seconds":	1.0008139610290527,
					"bytes":	11796480,
					"bits_per_second":	94295087.4735654,
					"retransmits":	0,
					"snd_cwnd":	3166776,
					"rtt":	256732,
					"rttvar":	1178,
					"pmtu":	1500,
					"omitted":	false
				}],
			"sum":	{
				"start":	4.0000319480896,
				"end":	5.0008459091186523,
				"seconds":	1.0008139610290527,
				"bytes":	11796480,
				"bits_per_second":	94295087.4735654,
				"retransmits":	0,
				"omitted":	false
			}
		}, {
			"streams":	[{
					"socket":	6,
					"start":	5.0008459091186523,
					"end":	6.0000729560852051,
					"seconds":	0.99922704696655273,
					"bytes":	11796480,
					"bits_per_second":	94444841.426674187,
					"retransmits":	0,
					"snd_cwnd":	3753216,
					"rtt":	304776,
					"rttvar":	619,
					"pmtu":	1500,
					"omitted":	false
				}],
			"sum":	{
				"start":	5.0008459091186523,
				"end":	6.0000729560852051,
				"seconds":	0.99922704696655273,
				"bytes":	11796480,
				"bits_per_second":	94444841.426674187,
				"retransmits":	0,
				"omitted":	false
			}
		}, {
			"streams":	[{
					"socket":	6,
					"start":	6.0000729560852051,
					"end":	7.0000729560852051,
					"seconds":	1,
					"bytes":	11796480,
					"bits_per_second":	94371840,
					"retransmits":	0,
					"snd_cwnd":	4336760,
					"rtt":	352189,
					"rttvar":	401,
					"pmtu":	1500,
					"omitted":	false
				}],
			"sum":	{
				"start":	6.0000729560852051,
				"end":	7.0000729560852051,
				"seconds":	1,
				"bytes":	11796480,
				"bits_per_second":	94371840,
				"retransmits":	0,
				"omitted":	false
			}
		}, {
			"streams":	[{
					"socket":	6,
					"start":	7.0000729560852051,
					"end":	8.0000228881835938,
					"seconds":	0.99994993209838867,
					"bytes":	10485760,
					"bits_per_second":	83890280.210295722,
					"retransmits":	0,
					"snd_cwnd":	4908720,
					"rtt":	398491,
					"rttvar":	211,
					"pmtu":	1500,
					"omitted":	false
				}],
			"sum":	{
				"start":	7.0000729560852051,
				"end":	8.0000228881835938,
				"seconds":	0.99994993209838867,
				"bytes":	10485760,
				"bits_per_second":	83890280.210295722,
				"retransmits":	0,
				"omitted":	false
			}
		}, {
			"streams":	[{
					"socket":	6,
					"start":	8.0000228881835938,
					"end":	8.0117700099945068,
					"seconds":	0.011747121810913086,
					"bytes":	1310720,
					"bits_per_second":	892623756.59191,
					"retransmits":	0,
					"snd_cwnd":	4915960,
					"rtt":	399201,
					"rttvar":	650,
					"pmtu":	1500,
					"omitted":	false
				}],
			"sum":	{
				"start":	8.0000228881835938,
				"end":	8.0117700099945068,
				"seconds":	0.011747121810913086,
				"bytes":	1310720,
				"bits_per_second":	892623756.59191,
				"retransmits":	0,
				"omitted":	false
			}
		}],
	"end":	{
		"streams":	[{
				"sender":	{
					"socket":	6,
					"start":	0,
					"end":	8.0117700099945068,
					"seconds":	8.0117700099945068,
					"bytes":	105724160,
					"bits_per_second":	105568841.70974597,
					"retransmits":	0,
					"max_snd_cwnd":	4915960,
					"max_rtt":	399201,
					"min_rtt":	62882,
					"mean_rtt":	249840
				},
				"receiver":	{
					"socket":	6,
					"start":	0,
					"end":	8.46448802947998,
					"seconds":	8.0117700099945068,
					"bytes":	98744912,
					"bits_per_second":	93326293.716612592
				}
			}],
		"sum_sent":	{
			"start":	0,
			"end":	8.0117700099945068,
			"seconds":	8.0117700099945068,
			"bytes":	105724160,
			"bits_per_second":	105568841.70974597,
			"retransmits":	0
		},
		"sum_received":	{
			"start":	0,
			"end":	8.46448802947998,
			"seconds":	8.46448802947998,
			"bytes":	98744912,
			"bits_per_second":	93326293.716612592
		},
		"cpu_utilization_percent":	{
			"host_total":	0.57055771888522544,
			"host_user":	0.050652876291577983,
			"host_system":	0.51990484259364755,
			"remote_total":	1.1158335705151798,
			"remote_user":	0.30479368433457388,
			"remote_system":	0.81105150799423886
		},
		"sender_tcp_congestion":	"cubic",
		"receiver_tcp_congestion":	"cubic"
	}
}
