{
	"start":	{
		"connected":	[{
				"socket":	6,
				"local_host":	"192.168.2.1",
				"local_port":	39260,
				"remote_host":	"192.168.17.1",
				"remote_port":	5009
			}],
		"version":	"iperf 3.6",
		"system_info":	"Linux ba-thesis 4.19.0-23-amd64 #1 SMP Debian 4.19.269-1 (2022-12-20) x86_64",
		"timestamp":	{
			"time":	"Wed, 31 May 2023 09:27:49 GMT",
			"timesecs":	1685525269
		},
		"connecting_to":	{
			"host":	"h2",
			"port":	5009
		},
		"cookie":	"5kx6ogp4eny4ypmrwivc4ppptazzgmcxrkca",
		"tcp_mss_default":	1448,
		"sock_bufsize":	0,
		"sndbuf_actual":	87380,
		"rcvbuf_actual":	87380,
		"test_start":	{
			"protocol":	"TCP",
			"num_streams":	1,
			"blksize":	131072,
			"omit":	0,
			"duration":	0,
			"bytes":	214041600,
			"blocks":	0,
			"reverse":	0,
			"tos":	0
		}
	},
	"intervals":	[{
			"streams":	[{
					"socket":	6,
					"start":	0,
					"end":	1.000079870223999,
					"seconds":	1.000079870223999,
					"bytes":	16950192,
					"bits_per_second":	135590706.33991244,
					"retransmits":	0,
					"snd_cwnd":	1390080,
					"rtt":	109933,
					"rttvar":	413,
					"pmtu":	1500,
					"omitted":	false
				}],
			"sum":	{
				"start":	0,
				"end":	1.000079870223999,
				"seconds":	1.000079870223999,
				"bytes":	16950192,
				"bits_per_second":	135590706.33991244,
				"retransmits":	0,
				"omitted":	false
			}
		}, {
			"streams":	[{
					"socket":	6,
					"start":	1.000079870223999,
					"end":	2.00007700920105,
					"seconds":	0.99999713897705078,
					"bytes":	14417920,
					"bits_per_second":	115343690.00094414,
					"retransmits":	0,
					"snd_cwnd":	1986656,
					"rtt":	157583,
					"rttvar":	634,
					"pmtu":	1500,
					"omitted":	false
				}],
			"sum":	{
				"start":	1.000079870223999,
				"end":	2.00007700920105,
				"seconds":	0.99999713897705078,
				"bytes":	14417920,
				"bits_per_second":	115343690.00094414,
				"retransmits":	0,
				"omitted":	false
			}
		}, {
			"streams":	[{
					"socket":	6,
					"start":	2.00007700920105,
					"end":	3.0000779628753662,
					"seconds":	1.0000009536743164,
					"bytes":	14417920,
					"bits_per_second":	115343250.0001049,
					"retransmits":	0,
					"snd_cwnd":	2584680,
					"rtt":	205170,
					"rttvar":	671,
					"pmtu":	1500,
					"omitted":	false
				}],
			"sum":	{
				"start":	2.00007700920105,
				"end":	3.0000779628753662,
				"seconds":	1.0000009536743164,
				"bytes":	14417920,
				"bits_per_second":	115343250.0001049,
				"retransmits":	0,
				"omitted":	false
			}
		}, {
			"streams":	[{
					"socket":	6,
					"start":	3.0000779628753662,
					"end":	4.0001308917999268,
					"seconds":	1.0000529289245605,
					"bytes":	11796480,
					"bits_per_second":	94366845.264365986,
					"retransmits":	0,
					"snd_cwnd":	3182704,
					"rtt":	252707,
					"rttvar":	396,
					"pmtu":	1500,
					"omitted":	false
				}],
			"sum":	{
				"start":	3.0000779628753662,
				"end":	4.0001308917999268,
				"seconds":	1.0000529289245605,
				"bytes":	11796480,
				"bits_per_second":	94366845.264365986,
				"retransmits":	0,
				"omitted":	false
			}
		}, {
			"streams":	[{
					"socket":	6,
					"start":	4.0001308917999268,
					"end":	5.0000669956207275,
					"seconds":	0.99993610382080078,
					"bytes":	13107200,
					"bits_per_second":	104864300.42813176,
					"retransmits":	0,
					"snd_cwnd":	3780728,
					"rtt":	300546,
					"rttvar":	538,
					"pmtu":	1500,
					"omitted":	false
				}],
			"sum":	{
				"start":	4.0001308917999268,
				"end":	5.0000669956207275,
				"seconds":	0.99993610382080078,
				"bytes":	13107200,
				"bits_per_second":	104864300.42813176,
				"retransmits":	0,
				"omitted":	false
			}
		}, {
			"streams":	[{
					"socket":	6,
					"start":	5.0000669956207275,
					"end":	6.0000698566436768,
					"seconds":	1.0000028610229492,
					"bytes":	11796480,
					"bits_per_second":	94371570.000772476,
					"retransmits":	0,
					"snd_cwnd":	4377304,
					"rtt":	347662,
					"rttvar":	171,
					"pmtu":	1500,
					"omitted":	false
				}],
			"sum":	{
				"start":	5.0000669956207275,
				"end":	6.0000698566436768,
				"seconds":	1.0000028610229492,
				"bytes":	11796480,
				"bits_per_second":	94371570.000772476,
				"retransmits":	0,
				"omitted":	false
			}
		}, {
			"streams":	[{
					"socket":	6,
					"start":	6.0000698566436768,
					"end":	7.0000429153442383,
					"seconds":	0.99997305870056152,
					"bytes":	11796480,
					"bits_per_second":	94374382.5685001,
					"retransmits":	0,
					"snd_cwnd":	4975328,
					"rtt":	395530,
					"rttvar":	339,
					"pmtu":	1500,
					"omitted":	false
				}],
			"sum":	{
				"start":	6.0000698566436768,
				"end":	7.0000429153442383,
				"seconds":	0.99997305870056152,
				"bytes":	11796480,
				"bits_per_second":	94374382.5685001,
				"retransmits":	0,
				"omitted":	false
			}
		}, {
			"streams":	[{
					"socket":	6,
					"start":	7.0000429153442383,
					"end":	8.0000808238983154,
					"seconds":	1.0000379085540771,
					"bytes":	11796480,
					"bits_per_second":	94368262.635612711,
					"retransmits":	0,
					"snd_cwnd":	5573352,
					"rtt":	443169,
					"rttvar":	444,
					"pmtu":	1500,
					"omitted":	false
				}],
			"sum":	{
				"start":	7.0000429153442383,
				"end":	8.0000808238983154,
				"seconds":	1.0000379085540771,
				"bytes":	11796480,
				"bits_per_second":	94368262.635612711,
				"retransmits":	0,
				"omitted":	false
			}
		}, {
			"streams":	[{
					"socket":	6,
					"start":	8.0000808238983154,
					"end":	9.0000908374786377,
					"seconds":	1.0000100135803223,
					"bytes":	11796480,
					"bits_per_second":	94370895.009462744,
					"retransmits":	0,
					"snd_cwnd":	6171376,
					"rtt":	490961,
					"rttvar":	549,
					"pmtu":	1500,
					"omitted":	false
				}],
			"sum":	{
				"start":	8.0000808238983154,
				"end":	9.0000908374786377,
				"seconds":	1.0000100135803223,
				"bytes":	11796480,
				"bits_per_second":	94370895.009462744,
				"retransmits":	0,
				"omitted":	false
			}
		}, {
			"streams":	[{
					"socket":	6,
					"start":	9.0000908374786377,
					"end":	10.000078916549683,
					"seconds":	0.99998807907104492,
					"bytes":	11796480,
					"bits_per_second":	94372965.013411209,
					"retransmits":	0,
					"snd_cwnd":	6769400,
					"rtt":	538458,
					"rttvar":	325,
					"pmtu":	1500,
					"omitted":	false
				}],
			"sum":	{
				"start":	9.0000908374786377,
				"end":	10.000078916549683,
				"seconds":	0.99998807907104492,
				"bytes":	11796480,
				"bits_per_second":	94372965.013411209,
				"retransmits":	0,
				"omitted":	false
			}
		}, {
			"streams":	[{
					"socket":	6,
					"start":	10.000078916549683,
					"end":	11.000207901000977,
					"seconds":	1.0001289844512939,
					"bytes":	11796480,
					"bits_per_second":	94359669.069860741,
					"retransmits":	0,
					"snd_cwnd":	7367424,
					"rtt":	586135,
					"rttvar":	490,
					"pmtu":	1500,
					"omitted":	false
				}],
			"sum":	{
				"start":	10.000078916549683,
				"end":	11.000207901000977,
				"seconds":	1.0001289844512939,
				"bytes":	11796480,
				"bits_per_second":	94359669.069860741,
				"retransmits":	0,
				"omitted":	false
			}
		}, {
			"streams":	[{
					"socket":	6,
					"start":	11.000207901000977,
					"end":	12.000048875808716,
					"seconds":	0.99984097480773926,
					"bytes":	11796480,
					"bits_per_second":	94386849.886950165,
					"retransmits":	0,
					"snd_cwnd":	7964000,
					"rtt":	633838,
					"rttvar":	509,
					"pmtu":	1500,
					"omitted":	false
				}],
			"sum":	{
				"start":	11.000207901000977,
				"end":	12.000048875808716,
				"seconds":	0.99984097480773926,
				"bytes":	11796480,
				"bits_per_second":	94386849.886950165,
				"retransmits":	0,
				"omitted":	false
			}
		}, {
			"streams":	[{
					"socket":	6,
					"start":	12.000048875808716,
					"end":	13.000101804733276,
					"seconds":	1.0000529289245605,
					"bytes":	11796480,
					"bits_per_second":	94366845.264365986,
					"retransmits":	0,
					"snd_cwnd":	8562024,
					"rtt":	681182,
					"rttvar":	326,
					"pmtu":	1500,