{
	"start":	{
		"connected":	[{
				"socket":	6,
				"local_host":	"192.168.1.1",
				"local_port":	33168,
				"remote_host":	"192.168.17.1",
				"remote_port":	5003
			}],
		"version":	"iperf 3.6",
		"system_info":	"Linux ba-thesis 4.19.0-23-amd64 #1 SMP Debian 4.19.269-1 (2022-12-20) x86_64",
		"timestamp":	{
			"time":	"Fri, 09 Jun 2023 11:33:33 GMT",
			"timesecs":	1686310413
		},
		"connecting_to":	{
			"host":	"h2",
			"port":	5003
		},
		"cookie":	"zdlugig4d3ptgzruhbzrb3nhflynoxsyobki",
		"tcp_mss_default":	1448,
		"sock_bufsize":	0,
		"sndbuf_actual":	87380,
		"rcvbuf_actual":	87380,
		"test_start":	{
			"protocol":	"TCP",
			"num_streams":	1,
			"blksize":	131072,
			"omit":	0,
			"duration":	0,
			"bytes":	286123179,
			"blocks":	0,
			"reverse":	0,
			"tos":	0
		}
	},
	"intervals":	[{
			"streams":	[{
					"socket":	6,
					"start":	0,
					"end":	1.0000770092010498,
					"seconds":	1.0000770092010498,
					"bytes":	16950192,
					"bits_per_second":	135591094.23816326,
					"retransmits":	0,
					"snd_cwnd":	1390080,
					"rtt":	109915,
					"rttvar":	360,
					"pmtu":	1500,
					"omitted":	false
				}],
			"sum":	{
				"start":	0,
				"end":	1.0000770092010498,
				"seconds":	1.0000770092010498,
				"bytes":	16950192,
				"bits_per_second":	135591094.23816326,
				"retransmits":	0,
				"omitted":	false
			}
		}, {
			"streams":	[{
					"socket":	6,
					"start":	1.0000770092010498,
					"end":	2.0000669956207275,
					"seconds":	0.99998998641967773,
					"bytes":	14417920,
					"bits_per_second":	115344515.0115658,
					"retransmits":	0,
					"snd_cwnd":	1986656,
					"rtt":	157573,
					"rttvar":	623,
					"pmtu":	1500,
					"omitted":	false
				}],
			"sum":	{
				"start":	1.0000770092010498,
				"end":	2.0000669956207275,
				"seconds":	0.99998998641967773,
				"bytes":	14417920,
				"bits_per_second":	115344515.0115658,
				"retransmits":	0,
				"omitted":	false
			}
		}, {
			"streams":	[{
					"socket":	6,
					"start":	2.0000669956207275,
					"end":	3.0000700950622559,
					"seconds":	1.0000030994415283,
					"bytes":	14417920,
					"bits_per_second":	115343002.50110805,
					"retransmits":	0,
					"snd_cwnd":	2584680,
					"rtt":	205156,
					"rttvar":	684,
					"pmtu":	1500,
					"omitted":	false
				}],
			"sum":	{
				"start":	2.0000669956207275,
				"end":	3.0000700950622559,
				"seconds":	1.0000030994415283,
				"bytes":	14417920,
				"bits_per_second":	115343002.50110805,
				"retransmits":	0,
				"omitted":	false
			}
		}, {
			"streams":	[{
					"socket":	6,
					"start":	3.0000700950622559,
					"end":	4.000136137008667,
					"seconds":	1.0000660419464111,
					"bytes":	11796480,
					"bits_per_second":	94365607.911579251,
					"retransmits":	0,
					"snd_cwnd":	3182704,
					"rtt":	252660,
					"rttvar":	400,
					"pmtu":	1500,
					"omitted":	false
				}],
			"sum":	{
				"start":	3.0000700950622559,
				"end":	4.000136137008667,
				"seconds":	1.0000660419464111,
				"bytes":	11796480,
				"bits_per_second":	94365607.911579251,
				"retransmits":	0,
				"omitted":	false
			}
		}, {
			"streams":	[{
					"socket":	6,
					"start":	4.000136137008667,
					"end":	5.0000350475311279,
					"seconds":	0.99989891052246094,
					"bytes":	13107200,
					"bits_per_second":	104868201.07165679,
					"retransmits":	0,
					"snd_cwnd":	3780728,
					"rtt":	300554,
					"rttvar":	516,
					"pmtu":	1500,
					"omitted":	false
				}],
			"sum":	{
				"start":	4.000136137008667,
				"end":	5.0000350475311279,
				"seconds":	0.99989891052246094,
				"bytes":	13107200,
				"bits_per_second":	104868201.07165679,
				"retransmits":	0,
				"omitted":	false
			}
		}, {
			"streams":	[{
					"socket":	6,
					"start":	5.0000350475311279,
					"end":	6.0000941753387451,
					"seconds":	1.0000591278076172,
					"bytes":	11796480,
					"bits_per_second":	94366260.329913661,
					"retransmits":	0,
					"snd_cwnd":	4378752,
					"rtt":	347839,
					"rttvar":	413,
					"pmtu":	1500,
					"omitted":	false
				}],
			"sum":	{
				"start":	5.0000350475311279,
				"end":	6.0000941753387451,
				"seconds":	1.0000591278076172,
				"bytes":	11796480,
				"bits_per_second":	94366260.329913661,
				"retransmits":	0,
				"omitted":	false
			}
		}, {
			"streams":	[{
					"socket":	6,
					"start":	6.0000941753387451,
					"end":	7.0000920295715332,
					"seconds":	0.99999785423278809,
					"bytes":	11796480,
					"bits_per_second":	94372042.500434518,
					"retransmits":	0,
					"snd_cwnd":	4975328,
					"rtt":	395600,
					"rttvar":	400,
					"pmtu":	1500,
					"omitted":	false
				}],
			"sum":	{
				"start":	6.0000941753387451,
				"end":	7.0000920295715332,
				"seconds":	0.99999785423278809,
				"bytes":	11796480,
				"bits_per_second":	94372042.500434518,
				"retransmits":	0,
				"omitted":	false
			}
		}, {
			"streams":	[{
					"socket":	6,
					"start":	7.0000920295715332,
					"end":	8.0000810623168945,
					"seconds":	0.99998903274536133,
					"bytes":	11796480,
					"bits_per_second":	94372875.011351228,
					"retransmits":	0,
					"snd_cwnd":	5573352,
					"rtt":	443235,
					"rttvar":	434,
					"pmtu":	1500,
					"omitted":	false
				}],
			"sum":	{
				"start":	7.0000920295715332,
				"end":	8.0000810623168945,
				"seconds":	0.99998903274536133,
				"bytes":	11796480,
				"bits_per_second":	94372875.011351228,
				"retransmits":	0,
				"omitted":	false
			}
		}, {
			"streams":	[{
					"socket":	6,
					"start":	8.0000810623168945,
					"end":	9.00008511543274,
					"seconds":	1.0000040531158447,
					"bytes":	11796480,
					"bits_per_second":	94371457.501550317,
					"retransmits":	0,
					"snd_cwnd":	6171376,
					"rtt":	490993,
					"rttvar":	505,
					"pmtu":	1500,
					"omitted":	false
				}],
			"sum":	{
				"start":	8.0000810623168945,
				"end":	9.00008511543274,
				"seconds":	1.0000040531158447,
				"bytes":	11796480,
				"bits_per_second":	94371457.501550317,
				"retransmits":	0,
				"omitted":	false
			}
		}, {
			"streams":	[{
					"socket":	6,
					"start":	9.00008511543274,
					"end":	10.000105142593384,
					"seconds":	1.0000200271606445,
					"bytes":	11796480,
					"bits_per_second":	94369950.037850574,
					"retransmits":	0,
					"snd_cwnd":	6769400,
					"rtt":	538520,
					"rttvar":	361,
					"pmtu":	1500,
					"omitted":	false
				}],
			"sum":	{
				"start":	9.00008511543274,
				"end":	10.000105142593384,
				"seconds":	1.0000200271606445,
				"bytes":	11796480,
				"bits_per_second":	94369950.037850574,
				"retransmits":	0,
				"omitted":	false
			}
		}, {
			"streams":	[{
					"socket":	6,
					"start":	10.000105142593384,
					"end":	11.000082969665527,
					"seconds":	0.99997782707214355,
					"bytes":	11796480,
					"bits_per_second":	94373932.54639788,
					"retransmits":	0,
					"snd_cwnd":	7367424,
					"rtt":	586164,
					"rttvar":	510,
					"pmtu":	1500,
					"omitted":	false
				}],
			"sum":	{
				"start":	10.000105142593384,
				"end":	11.000082969665527,
				"seconds":	0.99997782707214355,
				"bytes":	11796480,
				"bits_per_second":	94373932.54639788,
				"retransmits":	0,
				"omitted":	false
			}
		}, {
			"streams":	[{
					"socket":	6,
					"start":	11.000082969665527,
					"end":	12.000048160552979,
					"seconds":	0.99996519088745117,
					"bytes":	11796480,
					"bits_per_second":	94375125.114351913,
					"retransmits":	0,
					"snd_cwnd":	7964000,
					"rtt":	633801,
					"rttvar":	501,
					"pmtu":	1500,
					"omitted":	false
				}],
			"sum":	{
				"start":	11.000082969665527,
				"end":	12.000048160552979,
				"seconds":	0.99996519088745117,
				"bytes":	11796480,
				"bits_per_second":	94375125.114351913,
				"retransmits":	0,
				"omitted":	false
			}
		}, {
			"streams":	[{
					"socket":	6,
					"start":	12.000048160552979,
					"end":	13.000100135803223,
					"seconds":	1.0000519752502441,
					"bytes":	11796480,
					"bits_per_second":	94366935.254925355,
					"retransmits":	0,
					"snd_cwnd":	8562024,
					"rtt":	681196,
					"rttvar":	315,
					"pmtu":	1500,