{
	"start":	{
		"connected":	[{
				"socket":	6,
				"local_host":	"192.168.7.2",
				"local_port":	52308,
				"remote_host":	"192.168.15.1",
				"remote_port":	5008
			}],
		"version":	"iperf 3.6",
		"system_info":	"Linux ba-thesis 4.19.0-23-amd64 #1 SMP Debian 4.19.269-1 (2022-12-20) x86_64",
		"timestamp":	{
			"time":	"Fri, 09 Jun 2023 11:30:49 GMT",
			"timesecs":	1686310249
		},
		"connecting_to":	{
			"host":	"h0",
			"port":	5008
		},
		"cookie":	"2bjkqjqfq7rhh2ddgm27zjhai3uh32eo6jq6",
		"tcp_mss_default":	1448,
		"sock_bufsize":	0,
		"sndbuf_actual":	87380,
		"rcvbuf_actual":	87380,
		"test_start":	{
			"protocol":	"TCP",
			"num_streams":	1,
			"blksize":	131072,
			"omit":	0,
			"duration":	0,
			"bytes":	56698110,
			"blocks":	0,
			"reverse":	0,
			"tos":	0
		}
	},
	"intervals":	[{
			"streams":	[{
					"socket":	6,
					"start":	0,
					"end":	1.0000541210174561,
					"seconds":	1.0000541210174561,
					"bytes":	11561952,
					"bits_per_second":	92490610.314064667,
					"retransmits":	0,
					"snd_cwnd":	787712,
					"rtt":	90654,
					"rttvar":	418,
					"pmtu":	1500,
					"omitted":	false
				}],
			"sum":	{
				"start":	0,
				"end":	1.0000541210174561,
				"seconds":	1.0000541210174561,
				"bytes":	11561952,
				"bits_per_second":	92490610.314064667,
				"retransmits":	0,
				"omitted":	false
			}
		}, {
			"streams":	[{
					"socket":	6,
					"start":	1.0000541210174561,
					"end":	2.0000801086425781,
					"seconds":	1.0000259876251221,
					"bytes":	9175040,
					"bits_per_second":	73398412.549570113,
					"retransmits":	0,
					"snd_cwnd":	1196048,
					"rtt":	145831,
					"rttvar":	498,
					"pmtu":	1500,
					"omitted":	false
				}],
			"sum":	{
				"start":	1.0000541210174561,
				"end":	2.0000801086425781,
				"seconds":	1.0000259876251221,
				"bytes":	9175040,
				"bits_per_second":	73398412.549570113,
				"retransmits":	0,
				"omitted":	false
			}
		}, {
			"streams":	[{
					"socket":	6,
					"start":	2.0000801086425781,
					"end":	3.000169038772583,
					"seconds":	1.0000889301300049,
					"bytes":	9175040,
					"bits_per_second":	73393793.0804398,
					"retransmits":	0,
					"snd_cwnd":	1558048,
					"rtt":	188504,
					"rttvar":	1701,
					"pmtu":	1500,
					"omitted":	false
				}],
			"sum":	{
				"start":	2.0000801086425781,
				"end":	3.000169038772583,
				"seconds":	1.0000889301300049,
				"bytes":	9175040,
				"bits_per_second":	73393793.0804398,
				"retransmits":	0,
				"omitted":	false
			}
		}, {
			"streams":	[{
					"socket":	6,
					"start":	3.000169038772583,
					"end":	4.0001339912414551,
					"seconds":	0.99996495246887207,
					"bytes":	9175040,
					"bits_per_second":	73402892.590162933,
					"retransmits":	0,
					"snd_cwnd":	1986656,
					"rtt":	239656,
					"rttvar":	326,
					"pmtu":	1500,
					"omitted":	false
				}],
			"sum":	{
				"start":	3.000169038772583,
				"end":	4.0001339912414551,
				"seconds":	0.99996495246887207,
				"bytes":	9175040,
				"bits_per_second":	73402892.590162933,
				"retransmits":	0,
				"omitted":	false
			}
		}, {
			"streams":	[{
					"socket":	6,
					"start":	4.0001339912414551,
					"end":	5.0000700950622559,
					"seconds":	0.99993610382080078,
					"bytes":	9175040,
					"bits_per_second":	73405010.299692228,
					"retransmits":	0,
					"snd_cwnd":	2358792,
					"rtt":	287683,
					"rttvar":	24,
					"pmtu":	1500,
					"omitted":	false
				}],
			"sum":	{
				"start":	4.0001339912414551,
				"end":	5.0000700950622559,
				"seconds":	0.99993610382080078,
				"bytes":	9175040,
				"bits_per_second":	73405010.299692228,
				"retransmits":	0,
				"omitted":	false
			}
		}, {
			"streams":	[{
					"socket":	6,
					"start":	5.0000700950622559,
					"end":	5.9588170051574707,
					"seconds":	0.95874691009521484,
					"bytes":	9175040,
					"bits_per_second":	76558598.7575287,
					"retransmits":	0,
					"snd_cwnd":	2723688,
					"rtt":	336959,
					"rttvar":	18,
					"pmtu":	1500,
					"omitted":	false
				}],
			"sum":	{
				"start":	5.0000700950622559,
				"end":	5.9588170051574707,
				"seconds":	0.95874691009521484,
				"bytes":	9175040,
				"bits_per_second":	76558598.7575287,
				"retransmits":	0,
				"omitted":	false
			}
		}],
	"end":	{
		"streams":	[{
				"sender":	{
					"socket":	6,
					"start":	0,
					"end":	5.9588170051574707,
					"seconds":	5.9588170051574707,
					"bytes":	57437152,
					"bits_per_second":	77112154.241738975,
					"retransmits":	0,
					"max_snd_cwnd":	2723688,
					"max_rtt":	336959,
					"min_rtt":	90654,
					"mean_rtt":	214881
				},
				"receiver":	{
					"socket":	6,
					"start":	0,
					"end":	6.308866024017334,
					"seconds":	5.9588170051574707,
					"bytes":	48755608,
					"bits_per_second":	61824876.691806622
				}
			}],
		"sum_sent":	{
			"start":	0,
			"end":	5.9588170051574707,
			"seconds":	5.9588170051574707,
			"bytes":	57437152,
			"bits_per_second":	77112154.241738975,
			"retransmits":	0
		},
		"sum_received":	{
			"start":	0,
			"end":	6.308866024017334,
			"seconds":	6.308866024017334,
			"bytes":	48755608,
			"bits_per_second":	61824876.691806622
		},
		"cpu_utilization_percent":	{
			"host_total":	0.84369599505316528,
			"host_user":	0.11754612301135625,
			"host_system":	0.72613353938611758,
			"remote_total":	1.11057393765193,
			"remote_user":	0.22136387774756111,
			"remote_system":	0.88921005990436863
		},
		"sender_tcp_congestion":	"cubic",
		"receiver_tcp_congestion":	"cubic"
	}
}
