{
	"start":	{
		"connected":	[{
				"socket":	6,
				"local_host":	"192.168.3.2",
				"local_port":	51422,
				"remote_host":	"192.168.24.1",
				"remote_port":	5000
			}],
		"version":	"iperf 3.6",
		"system_info":	"Linux ba-thesis 4.19.0-23-amd64 #1 SMP Debian 4.19.269-1 (2022-12-20) x86_64",
		"timestamp":	{
			"time":	"Sun, 11 Jun 2023 03:02:28 GMT",
			"timesecs":	1686452548
		},
		"connecting_to":	{
			"host":	"h5",
			"port":	5000
		},
		"cookie":	"6ugwlk2ae24mqim2xzb6bglrrw2lvb6c5md3",
		"tcp_mss_default":	1448,
		"sock_bufsize":	0,
		"sndbuf_actual":	87380,
		"rcvbuf_actual":	87380,
		"test_start":	{
			"protocol":	"TCP",
			"num_streams":	1,
			"blksize":	131072,
			"omit":	0,
			"duration":	0,
			"bytes":	186188931,
			"blocks":	0,
			"reverse":	0,
			"tos":	0
		}
	},
	"intervals":	[{
			"streams":	[{
					"socket":	6,
					"start":	0,
					"end":	1.0000801086425781,
					"seconds":	1.0000801086425781,
					"bytes":	16950192,
					"bits_per_second":	135590674.01515839,
					"retransmits":	0,
					"snd_cwnd":	1390080,
					"rtt":	109865,
					"rttvar":	414,
					"pmtu":	1500,
					"omitted":	false
				}],
			"sum":	{
				"start":	0,
				"end":	1.0000801086425781,
				"seconds":	1.0000801086425781,
				"bytes":	16950192,
				"bits_per_second":	135590674.01515839,
				"retransmits":	0,
				"omitted":	false
			}
		}, {
			"streams":	[{
					"socket":	6,
					"start":	1.0000801086425781,
					"end":	2.0001180171966553,
					"seconds":	1.0000379085540771,
					"bytes":	13107200,
					"bits_per_second":	104853625.1506808,
					"retransmits":	0,
					"snd_cwnd":	1964936,
					"rtt":	155969,
					"rttvar":	313,
					"pmtu":	1500,
					"omitted":	false
				}],
			"sum":	{
				"start":	1.0000801086425781,
				"end":	2.0001180171966553,
				"seconds":	1.0000379085540771,
				"bytes":	13107200,
				"bits_per_second":	104853625.1506808,
				"retransmits":	0,
				"omitted":	false
			}
		}, {
			"streams":	[{
					"socket":	6,
					"start":	2.0001180171966553,
					"end":	3.0001111030578613,
					"seconds":	0.999993085861206,
					"bytes":	14417920,
					"bits_per_second":	115344157.50551407,
					"retransmits":	0,
					"snd_cwnd":	2562960,
					"rtt":	203315,
					"rttvar":	520,
					"pmtu":	1500,
					"omitted":	false
				}],
			"sum":	{
				"start":	2.0001180171966553,
				"end":	3.0001111030578613,
				"seconds":	0.999993085861206,
				"bytes":	14417920,
				"bits_per_second":	115344157.50551407,
				"retransmits":	0,
				"omitted":	false
			}
		}, {
			"streams":	[{
					"socket":	6,
					"start":	3.0001111030578613,
					"end":	4.0000879764556885,
					"seconds":	0.99997687339782715,
					"bytes":	13107200,
					"bits_per_second":	104860025.05608331,
					"retransmits":	0,
					"snd_cwnd":	3137816,
					"rtt":	264371,
					"rttvar":	5348,
					"pmtu":	1500,
					"omitted":	false
				}],
			"sum":	{
				"start":	3.0001111030578613,
				"end":	4.0000879764556885,
				"seconds":	0.99997687339782715,
				"bytes":	13107200,
				"bits_per_second":	104860025.05608331,
				"retransmits":	0,
				"omitted":	false
			}
		}, {
			"streams":	[{
					"socket":	6,
					"start":	4.0000879764556885,
					"end":	5.0000801086425781,
					"seconds":	0.99999213218688965,
					"bytes":	11796480,
					"bits_per_second":	94372582.5058419,
					"retransmits":	0,
					"snd_cwnd":	3735840,
					"rtt":	296958,
					"rttvar":	559,
					"pmtu":	1500,
					"omitted":	false
				}],
			"sum":	{
				"start":	4.0000879764556885,
				"end":	5.0000801086425781,
				"seconds":	0.99999213218688965,
				"bytes":	11796480,
				"bits_per_second":	94372582.5058419,
				"retransmits":	0,
				"omitted":	false
			}
		}, {
			"streams":	[{
					"socket":	6,
					"start":	5.0000801086425781,
					"end":	6.0000820159912109,
					"seconds":	1.0000019073486328,
					"bytes":	11796480,
					"bits_per_second":	94371660.000343323,
					"retransmits":	0,
					"snd_cwnd":	4333864,
					"rtt":	344383,
					"rttvar":	328,
					"pmtu":	1500,
					"omitted":	false
				}],
			"sum":	{
				"start":	5.0000801086425781,
				"end":	6.0000820159912109,
				"seconds":	1.0000019073486328,
				"bytes":	11796480,
				"bits_per_second":	94371660.000343323,
				"retransmits":	0,
				"omitted":	false
			}
		}, {
			"streams":	[{
					"socket":	6,
					"start":	6.0000820159912109,
					"end":	7.0000870227813721,
					"seconds":	1.0000050067901611,
					"bytes":	11796480,
					"bits_per_second":	94371367.5023657,
					"retransmits":	0,
					"snd_cwnd":	4911616,
					"rtt":	390567,
					"rttvar":	611,
					"pmtu":	1500,
					"omitted":	false
				}],
			"sum":	{
				"start":	6.0000820159912109,
				"end":	7.0000870227813721,
				"seconds":	1.0000050067901611,
				"bytes":	11796480,
				"bits_per_second":	94371367.5023657,
				"retransmits":	0,
				"omitted":	false
			}
		}, {
			"streams":	[{
					"socket":	6,
					"start":	7.0000870227813721,
					"end":	8.0000720024108887,
					"seconds":	0.9999849796295166,
					"bytes":	11796480,
					"bits_per_second":	94373257.521291688,
					"retransmits":	0,
					"snd_cwnd":	5509640,
					"rtt":	437982,
					"rttvar":	403,
					"pmtu":	1500,
					"omitted":	false
				}],
			"sum":	{
				"start":	7.0000870227813721,
				"end":	8.0000720024108887,
				"seconds":	0.9999849796295166,
				"bytes":	11796480,
				"bits_per_second":	94373257.521291688,
				"retransmits":	0,
				"omitted":	false
			}
		}, {
			"streams":	[{
					"socket":	6,
					"start":	8.0000720024108887,
					"end":	9.0000829696655273,
					"seconds":	1.0000109672546387,
					"bytes":	11796480,
					"bits_per_second":	94370805.011350989,
					"retransmits":	0,
					"snd_cwnd":	6085944,
					"rtt":	517051,
					"rttvar":	259,
					"pmtu":	1500,
					"omitted":	false
				}],
			"sum":	{
				"start":	8.0000720024108887,
				"end":	9.0000829696655273,
				"seconds":	1.0000109672546387,
				"bytes":	11796480,
				"bits_per_second":	94370805.011350989,
				"retransmits":	0,
				"omitted":	false
			}
		}, {
			"streams":	[{
					"socket":	6,
					"start":	9.0000829696655273,
					"end":	10.000080108642578,
					"seconds":	0.99999713897705078,
					"bytes":	11796480,
					"bits_per_second":	94372110.000772476,
					"retransmits":	0,
					"snd_cwnd":	6683968,
					"rtt":	531804,
					"rttvar":	530,
					"pmtu":	1500,
					"omitted":	false
				}],
			"sum":	{
				"start":	9.0000829696655273,
				"end":	10.000080108642578,
				"seconds":	0.99999713897705078,
				"bytes":	11796480,
				"bits_per_second":	94372110.000772476,
				"retransmits":	0,
				"omitted":	false
			}
		}, {
			"streams":	[{
					"socket":	6,
					"start":	10.000080108642578,
					"end":	11.000097036361694,
					"seconds":	1.0000169277191162,
					"bytes":	11796480,
					"bits_per_second":	94370242.527041569,
					"retransmits":	0,
					"snd_cwnd":	7281992,
					"rtt":	579352,
					"rttvar":	551,
					"pmtu":	1500,
					"omitted":	false
				}],
			"sum":	{
				"start":	10.000080108642578,
				"end":	11.000097036361694,
				"seconds":	1.0000169277191162,
				"bytes":	11796480,
				"bits_per_second":	94370242.527041569,
				"retransmits":	0,
				"omitted":	false
			}
		}, {
			"streams":	[{
					"socket":	6,
					"start":	11.000097036361694,
					"end":	12.000080108642578,
					"seconds":	0.99998307228088379,
					"bytes":	11796480,
					"bits_per_second":	94373437.5270425,
					"retransmits":	0,
					"snd_cwnd":	7880016,
					"rtt":	626913,
					"rttvar":	329,
					"pmtu":	1500,
					"omitted":	false
				}],
			"sum":	{
				"start":	11.000097036361694,
				"end":	12.000080108642578,
				"seconds":	0.99998307228088379,
				"bytes":	11796480,
				"bits_per_second":	94373437.5270425,
				"retransmits":	0,
				"omitted":	false
			}
		}, {
			"streams":	[{
					"socket":	6,
					"start":	12.000080108642578,
					"end":	13.000075101852417,
					"seconds":	0.99999499320983887,
					"bytes":	11796480,
					"bits_per_second":	94372312.502365723,
					"retransmits":	0,
					"snd_cwnd":	8478040,
					"rtt":	674538,
					"rttvar":	295,
					"pmtu":	1500,