{
	"start":	{
		"connected":	[{
				"socket":	6,
				"local_host":	"192.168.14.1",
				"local_port":	42712,
				"remote_host":	"192.168.14.2",
				"remote_port":	5008
			}],
		"version":	"iperf 3.6",
		"system_info":	"Linux ba-thesis 4.19.0-23-amd64 #1 SMP Debian 4.19.269-1 (2022-12-20) x86_64",
		"timestamp":	{
			"time":	"Sun, 11 Jun 2023 03:01:47 GMT",
			"timesecs":	1686452507
		},
		"connecting_to":	{
			"host":	"h4",
			"port":	5008
		},
		"cookie":	"trxktzxqq2uafg657s3kuhghb2imsdsacwhv",
		"tcp_mss_default":	1448,
		"sock_bufsize":	0,
		"sndbuf_actual":	87380,
		"rcvbuf_actual":	87380,
		"test_start":	{
			"protocol":	"TCP",
			"num_streams":	1,
			"blksize":	131072,
			"omit":	0,
			"duration":	0,
			"bytes":	66387538,
			"blocks":	0,
			"reverse":	0,
			"tos":	0
		}
	},
	"intervals":	[{
			"streams":	[{
					"socket":	6,
					"start":	0,
					"end":	1.0000710487365723,
					"seconds":	1.0000710487365723,
					"bytes":	10361888,
					"bits_per_second":	82889214.826011151,
					"retransmits":	0,
					"snd_cwnd":	540104,
					"rtt":	42315,
					"rttvar":	331,
					"pmtu":	1500,
					"omitted":	false
				}],
			"sum":	{
				"start":	0,
				"end":	1.0000710487365723,
				"seconds":	1.0000710487365723,
				"bytes":	10361888,
				"bits_per_second":	82889214.826011151,
				"retransmits":	0,
				"omitted":	false
			}
		}, {
			"streams":	[{
					"socket":	6,
					"start":	1.0000710487365723,
					"end":	2.0000641345977783,
					"seconds":	0.999993085861206,
					"bytes":	14134720,
					"bits_per_second":	113078541.8407329,
					"retransmits":	0,
					"snd_cwnd":	1138128,
					"rtt":	89989,
					"rttvar":	530,
					"pmtu":	1500,
					"omitted":	false
				}],
			"sum":	{
				"start":	1.0000710487365723,
				"end":	2.0000641345977783,
				"seconds":	0.999993085861206,
				"bytes":	14134720,
				"bits_per_second":	113078541.8407329,
				"retransmits":	0,
				"omitted":	false
			}
		}, {
			"streams":	[{
					"socket":	6,
					"start":	2.0000641345977783,
					"end":	3.0000729560852051,
					"seconds":	1.0000088214874268,
					"bytes":	14417920,
					"bits_per_second":	115342342.50897579,
					"retransmits":	0,
					"snd_cwnd":	1736152,
					"rtt":	137521,
					"rttvar":	451,
					"pmtu":	1500,
					"omitted":	false
				}],
			"sum":	{
				"start":	2.0000641345977783,
				"end":	3.0000729560852051,
				"seconds":	1.0000088214874268,
				"bytes":	14417920,
				"bits_per_second":	115342342.50897579,
				"retransmits":	0,
				"omitted":	false
			}
		}, {
			"streams":	[{
					"socket":	6,
					"start":	3.0000729560852051,
					"end":	4.00007700920105,
					"seconds":	1.0000040531158447,
					"bytes":	14417920,
					"bits_per_second":	115342892.50189482,
					"retransmits":	0,
					"snd_cwnd":	2332728,
					"rtt":	185245,
					"rttvar":	651,
					"pmtu":	1500,
					"omitted":	false
				}],
			"sum":	{
				"start":	3.0000729560852051,
				"end":	4.00007700920105,
				"seconds":	1.0000040531158447,
				"bytes":	14417920,
				"bits_per_second":	115342892.50189482,
				"retransmits":	0,
				"omitted":	false
			}
		}, {
			"streams":	[{
					"socket":	6,
					"start":	4.00007700920105,
					"end":	4.8861970901489258,
					"seconds":	0.886120080947876,
					"bytes":	13107200,
					"bits_per_second":	118333397.75782377,
					"retransmits":	0,
					"snd_cwnd":	2862696,
					"rtt":	227514,
					"rttvar":	478,
					"pmtu":	1500,
					"omitted":	false
				}],
			"sum":	{
				"start":	4.00007700920105,
				"end":	4.8861970901489258,
				"seconds":	0.886120080947876,
				"bytes":	13107200,
				"bits_per_second":	118333397.75782377,
				"retransmits":	0,
				"omitted":	false
			}
		}],
	"end":	{
		"streams":	[{
				"sender":	{
					"socket":	6,
					"start":	0,
					"end":	4.8861970901489258,
					"seconds":	4.8861970901489258,
					"bytes":	66439648,
					"bits_per_second":	108779317.36965607,
					"retransmits":	0,
					"max_snd_cwnd":	2862696,
					"max_rtt":	227514,
					"min_rtt":	42315,
					"mean_rtt":	136516
				},
				"receiver":	{
					"socket":	6,
					"start":	0,
					"end":	5.1577339172363281,
					"seconds":	4.8861970901489258,
					"bytes":	57240888,
					"bits_per_second":	88784553.710628673
				}
			}],
		"sum_sent":	{
			"start":	0,
			"end":	4.8861970901489258,
			"seconds":	4.8861970901489258,
			"bytes":	66439648,
			"bits_per_second":	108779317.36965607,
			"retransmits":	0
		},
		"sum_received":	{
			"start":	0,
			"end":	5.1577339172363281,
			"seconds":	5.1577339172363281,
			"bytes":	57240888,
			"bits_per_second":	88784553.710628673
		},
		"cpu_utilization_percent":	{
			"host_total":	1.040829541463135,
			"host_user":	0.31004661750310819,
			"host_system":	0.73078292396002664,
			"remote_total":	0.33330755633899178,
			"remote_user":	0.02920816508874946,
			"remote_system":	0.30409290918963677
		},
		"sender_tcp_congestion":	"cubic",
		"receiver_tcp_congestion":	"cubic"
	}
}
