{
	"start":	{
		"connected":	[{
				"socket":	6,
				"local_host":	"192.168.29.2",
				"local_port":	54624,
				"remote_host":	"192.168.35.1",
				"remote_port":	5019
			}],
		"version":	"iperf 3.6",
		"system_info":	"Linux ba-thesis 4.19.0-23-amd64 #1 SMP Debian 4.19.269-1 (2022-12-20) x86_64",
		"timestamp":	{
			"time":	"Mon, 05 Jun 2023 15:32:02 GMT",
			"timesecs":	1685979122
		},
		"connecting_to":	{
			"host":	"h5",
			"port":	5019
		},
		"cookie":	"t2bupfeuce5s3jfz4drbk4a42lsez653cenk",
		"tcp_mss_default":	1448,
		"sock_bufsize":	0,
		"sndbuf_actual":	87380,
		"rcvbuf_actual":	87380,
		"test_start":	{
			"protocol":	"TCP",
			"num_streams":	1,
			"blksize":	131072,
			"omit":	0,
			"duration":	0,
			"bytes":	22875823,
			"blocks":	0,
			"reverse":	0,
			"tos":	0
		}
	},
	"intervals":	[{
			"streams":	[{
					"socket":	6,
					"start":	0,
					"end":	1.0003659725189209,
					"seconds":	1.0003659725189209,
					"bytes":	79640,
					"bits_per_second":	636886.91689075774,
					"retransmits":	0,
					"snd_cwnd":	14480,
					"rtt":	538665,
					"rttvar":	206953,
					"pmtu":	1500,
					"omitted":	false
				}],
			"sum":	{
				"start":	0,
				"end":	1.0003659725189209,
				"seconds":	1.0003659725189209,
				"bytes":	79640,
				"bits_per_second":	636886.91689075774,
				"retransmits":	0,
				"omitted":	false
			}
		}, {
			"streams":	[{
					"socket":	6,
					"start":	1.0003659725189209,
					"end":	2.0006241798400879,
					"seconds":	1.000258207321167,
					"bytes":	65160,
					"bits_per_second":	521145.43643292028,
					"retransmits":	0,
					"snd_cwnd":	28960,
					"rtt":	586776,
					"rttvar":	103575,
					"pmtu":	1500,
					"omitted":	false
				}],
			"sum":	{
				"start":	1.0003659725189209,
				"end":	2.0006241798400879,
				"seconds":	1.000258207321167,
				"bytes":	65160,
				"bits_per_second":	521145.43643292028,
				"retransmits":	0,
				"omitted":	false
			}
		}, {
			"streams":	[{
					"socket":	6,
					"start":	2.0006241798400879,
					"end":	3.0002169609069824,
					"seconds":	0.99959278106689453,
					"bytes":	276568,
					"bits_per_second":	2213445.3568567066,
					"retransmits":	0,
					"snd_cwnd":	68056,
					"rtt":	734598,
					"rttvar":	17079,
					"pmtu":	1500,
					"omitted":	false
				}],
			"sum":	{
				"start":	2.0006241798400879,
				"end":	3.0002169609069824,
				"seconds":	0.99959278106689453,
				"bytes":	276568,
				"bits_per_second":	2213445.3568567066,
				"retransmits":	0,
				"omitted":	false
			}
		}, {
			"streams":	[{
					"socket":	6,
					"start":	3.0002169609069824,
					"end":	4.0002131462097168,
					"seconds":	0.99999618530273438,
					"bytes":	1048352,
					"bits_per_second":	8386847.9932861067,
					"retransmits":	0,
					"snd_cwnd":	115840,
					"rtt":	109390,
					"rttvar":	2278,
					"pmtu":	1500,
					"omitted":	false
				}],
			"sum":	{
				"start":	3.0002169609069824,
				"end":	4.0002131462097168,
				"seconds":	0.99999618530273438,
				"bytes":	1048352,
				"bits_per_second":	8386847.9932861067,
				"retransmits":	0,
				"omitted":	false
			}
		}, {
			"streams":	[{
					"socket":	6,
					"start":	4.0002131462097168,
					"end":	5.0001981258392334,
					"seconds":	0.9999849796295166,
					"bytes":	1172880,
					"bits_per_second":	9383180.9388540145,
					"retransmits":	0,
					"snd_cwnd":	159280,
					"rtt":	186967,
					"rttvar":	2308,
					"pmtu":	1500,
					"omitted":	false
				}],
			"sum":	{
				"start":	4.0002131462097168,
				"end":	5.0001981258392334,
				"seconds":	0.9999849796295166,
				"bytes":	1172880,
				"bits_per_second":	9383180.9388540145,
				"retransmits":	0,
				"omitted":	false
			}
		}, {
			"streams":	[{
					"socket":	6,
					"start":	5.0001981258392334,
					"end":	6.0003001689910889,
					"seconds":	1.0001020431518555,
					"bytes":	781920,
					"bits_per_second":	6254721.7484788066,
					"retransmits":	0,
					"snd_cwnd":	196928,
					"rtt":	254993,
					"rttvar":	1776,
					"pmtu":	1500,
					"omitted":	false
				}],
			"sum":	{
				"start":	5.0001981258392334,
				"end":	6.0003001689910889,
				"seconds":	1.0001020431518555,
				"bytes":	781920,
				"bits_per_second":	6254721.7484788066,
				"retransmits":	0,
				"omitted":	false
			}
		}, {
			"streams":	[{
					"socket":	6,
					"start":	6.0003001689910889,
					"end":	7.0003530979156494,
					"seconds":	1.0000529289245605,
					"bytes":	912240,
					"bits_per_second":	7297533.7493867008,
					"retransmits":	0,
					"snd_cwnd":	221544,
					"rtt":	314418,
					"rttvar":	1931,
					"pmtu":	1500,
					"omitted":	false
				}],
			"sum":	{
				"start":	6.0003001689910889,
				"end":	7.0003530979156494,
				"seconds":	1.0000529289245605,
				"bytes":	912240,
				"bits_per_second":	7297533.7493867008,
				"retransmits":	0,
				"omitted":	false
			}
		}, {
			"streams":	[{
					"socket":	6,
					"start":	7.0003530979156494,
					"end":	8.0008089542388916,
					"seconds":	1.0004558563232422,
					"bytes":	456120,
					"bits_per_second":	3647297.3564373236,
					"retransmits":	0,
					"snd_cwnd":	117288,
					"rtt":	351524,
					"rttvar":	2906,
					"pmtu":	1500,
					"omitted":	false
				}],
			"sum":	{
				"start":	7.0003530979156494,
				"end":	8.0008089542388916,
				"seconds":	1.0004558563232422,
				"bytes":	456120,
				"bits_per_second":	3647297.3564373236,
				"retransmits":	0,
				"omitted":	false
			}
		}, {
			"streams":	[{
					"socket":	6,
					"start":	8.0008089542388916,
					"end":	9.0001130104064941,
					"seconds":	0.99930405616760254,
					"bytes":	977400,
					"bits_per_second":	7824645.513786016,
					"retransmits":	0,
					"snd_cwnd":	131768,
					"rtt":	232679,
					"rttvar":	2071,
					"pmtu":	1500,
					"omitted":	false
				}],
			"sum":	{
				"start":	8.0008089542388916,
				"end":	9.0001130104064941,
				"seconds":	0.99930405616760254,
				"bytes":	977400,
				"bits_per_second":	7824645.513786016,
				"retransmits":	0,
				"omitted":	false
			}
		}, {
			"streams":	[{
					"socket":	6,
					"start":	9.0001130104064941,
					"end":	10.000152111053467,
					"seconds":	1.0000391006469727,
					"bytes":	456120,
					"bits_per_second":	3648817.3288817555,
					"retransmits":	0,
					"snd_cwnd":	140456,
					"rtt":	271861,
					"rttvar":	2414,
					"pmtu":	1500,
					"omitted":	false
				}],
			"sum":	{
				"start":	9.0001130104064941,
				"end":	10.000152111053467,
				"seconds":	1.0000391006469727,
				"bytes":	456120,
				"bits_per_second":	3648817.3288817555,
				"retransmits":	0,
				"omitted":	false
			}
		}, {
			"streams":	[{
					"socket":	6,
					"start":	10.000152111053467,
					"end":	11.000254154205322,
					"seconds":	1.0001020431518555,
					"bytes":	456120,
					"bits_per_second":	3648587.6866126368,
					"retransmits":	0,
					"snd_cwnd":	141904,
					"rtt":	261217,
					"rttvar":	2122,
					"pmtu":	1500,
					"omitted":	false
				}],
			"sum":	{
				"start":	10.000152111053467,
				"end":	11.000254154205322,
				"seconds":	1.0001020431518555,
				"bytes":	456120,
				"bits_per_second":	3648587.6866126368,
				"retransmits":	0,
				"omitted":	false
			}
		}, {
			"streams":	[{
					"socket":	6,
					"start":	11.000254154205322,
					"end":	12.000477075576782,
					"seconds":	1.00022292137146,
					"bytes":	456120,
					"bits_per_second":	3648146.7501231753,
					"retransmits":	0,
					"snd_cwnd":	141904,
					"rtt":	270225,
					"rttvar":	2016,
					"pmtu":	1500,
					"omitted":	false
				}],
			"sum":	{
				"start":	11.000254154205322,
				"end":	12.000477075576782,
				"seconds":	1.00022292137146,
				"bytes":	456120,
				"bits_per_second":	3648146.7501231753,
				"retransmits":	0,
				"omitted":	false
			}
		}, {
			"streams":	[{
					"socket":	6,
					"start":	12.000477075576782,
					"end":	13.000607967376709,
					"seconds":	1.0001308917999268,
					"bytes":	456120,
					"bits_per_second":	3648482.4435659605,
					"retransmits":	0,
					"snd_cwnd":	143352,
					"rtt":	273088,
					"rttvar":	2081,
					"pmtu":	1500,
					"omitted":	false
				}],