{
	"start":	{
		"connected":	[{
				"socket":	6,
				"local_host":	"192.168.25.2",
				"local_port":	38428,
				"remote_host":	"192.168.36.1",
				"remote_port":	5012
			}],
		"version":	"iperf 3.6",
		"system_info":	"Linux ba-thesis 4.19.0-23-amd64 #1 SMP Debian 4.19.269-1 (2022-12-20) x86_64",
		"timestamp":	{
			"time":	"Mon, 05 Jun 2023 15:31:51 GMT",
			"timesecs":	1685979111
		},
		"connecting_to":	{
			"host":	"h6",
			"port":	5012
		},
		"cookie":	"dbjvrgzbjut4gvqxoo7kywt63fcomnsa5fy2",
		"tcp_mss_default":	1448,
		"sock_bufsize":	0,
		"sndbuf_actual":	87380,
		"rcvbuf_actual":	87380,
		"test_start":	{
			"protocol":	"TCP",
			"num_streams":	1,
			"blksize":	131072,
			"omit":	0,
			"duration":	0,
			"bytes":	253458082,
			"blocks":	0,
			"reverse":	0,
			"tos":	0
		}
	},
	"intervals":	[{
			"streams":	[{
					"socket":	6,
					"start":	0,
					"end":	1.0000419616699219,
					"seconds":	1.0000419616699219,
					"bytes":	10443256,
					"bits_per_second":	83542542.415410727,
					"retransmits":	0,
					"snd_cwnd":	718208,
					"rtt":	78253,
					"rttvar":	2221,
					"pmtu":	1500,
					"omitted":	false
				}],
			"sum":	{
				"start":	0,
				"end":	1.0000419616699219,
				"seconds":	1.0000419616699219,
				"bytes":	10443256,
				"bits_per_second":	83542542.415410727,
				"retransmits":	0,
				"omitted":	false
			}
		}, {
			"streams":	[{
					"socket":	6,
					"start":	1.0000419616699219,
					"end":	2.0000369548797607,
					"seconds":	0.99999499320983887,
					"bytes":	10485760,
					"bits_per_second":	83886500.002102867,
					"retransmits":	0,
					"snd_cwnd":	1169984,
					"rtt":	125823,
					"rttvar":	957,
					"pmtu":	1500,
					"omitted":	false
				}],
			"sum":	{
				"start":	1.0000419616699219,
				"end":	2.0000369548797607,
				"seconds":	0.99999499320983887,
				"bytes":	10485760,
				"bits_per_second":	83886500.002102867,
				"retransmits":	0,
				"omitted":	false
			}
		}, {
			"streams":	[{
					"socket":	6,
					"start":	2.0000369548797607,
					"end":	3.0001461505889893,
					"seconds":	1.0001091957092285,
					"bytes":	9175040,
					"bits_per_second":	73392305.875108048,
					"retransmits":	0,
					"snd_cwnd":	1566736,
					"rtt":	171553,
					"rttvar":	693,
					"pmtu":	1500,
					"omitted":	false
				}],
			"sum":	{
				"start":	2.0000369548797607,
				"end":	3.0001461505889893,
				"seconds":	1.0001091957092285,
				"bytes":	9175040,
				"bits_per_second":	73392305.875108048,
				"retransmits":	0,
				"omitted":	false
			}
		}, {
			"streams":	[{
					"socket":	6,
					"start":	3.0001461505889893,
					"end":	4.0001680850982666,
					"seconds":	1.0000219345092773,
					"bytes":	10485760,
					"bits_per_second":	83884240.040358618,
					"retransmits":	0,
					"snd_cwnd":	1999688,
					"rtt":	220178,
					"rttvar":	1842,
					"pmtu":	1500,
					"omitted":	false
				}],
			"sum":	{
				"start":	3.0001461505889893,
				"end":	4.0001680850982666,
				"seconds":	1.0000219345092773,
				"bytes":	10485760,
				"bits_per_second":	83884240.040358618,
				"retransmits":	0,
				"omitted":	false
			}
		}, {
			"streams":	[{
					"socket":	6,
					"start":	4.0001680850982666,
					"end":	5.00016713142395,
					"seconds":	0.99999904632568359,
					"bytes":	10485760,
					"bits_per_second":	83886160.0000763,
					"retransmits":	0,
					"snd_cwnd":	2431192,
					"rtt":	270316,
					"rttvar":	2541,
					"pmtu":	1500,
					"omitted":	false
				}],
			"sum":	{
				"start":	4.0001680850982666,
				"end":	5.00016713142395,
				"seconds":	0.99999904632568359,
				"bytes":	10485760,
				"bits_per_second":	83886160.0000763,
				"retransmits":	0,
				"omitted":	false
			}
		}, {
			"streams":	[{
					"socket":	6,
					"start":	5.00016713142395,
					"end":	6.0001821517944336,
					"seconds":	1.0000150203704834,
					"bytes":	9175040,
					"bits_per_second":	73399217.5165597,
					"retransmits":	0,
					"snd_cwnd":	2814912,
					"rtt":	308825,
					"rttvar":	771,
					"pmtu":	1500,
					"omitted":	false
				}],
			"sum":	{
				"start":	5.00016713142395,
				"end":	6.0001821517944336,
				"seconds":	1.0000150203704834,
				"bytes":	9175040,
				"bits_per_second":	73399217.5165597,
				"retransmits":	0,
				"omitted":	false
			}
		}, {
			"streams":	[{
					"socket":	6,
					"start":	6.0001821517944336,
					"end":	7.0001540184021,
					"seconds":	0.999971866607666,
					"bytes":	7864320,
					"bits_per_second":	62916330.049797505,
					"retransmits":	0,
					"snd_cwnd":	3258000,
					"rtt":	357711,
					"rttvar":	1269,
					"pmtu":	1500,
					"omitted":	false
				}],
			"sum":	{
				"start":	6.0001821517944336,
				"end":	7.0001540184021,
				"seconds":	0.999971866607666,
				"bytes":	7864320,
				"bits_per_second":	62916330.049797505,
				"retransmits":	0,
				"omitted":	false
			}
		}, {
			"streams":	[{
					"socket":	6,
					"start":	7.0001540184021,
					"end":	8.0000860691070557,
					"seconds":	0.999932050704956,
					"bytes":	10485760,
					"bits_per_second":	83891780.3873373,
					"retransmits":	0,
					"snd_cwnd":	3770592,
					"rtt":	419425,
					"rttvar":	452,
					"pmtu":	1500,
					"omitted":	false
				}],
			"sum":	{
				"start":	7.0001540184021,
				"end":	8.0000860691070557,
				"seconds":	0.999932050704956,
				"bytes":	10485760,
				"bits_per_second":	83891780.3873373,
				"retransmits":	0,
				"omitted":	false
			}
		}, {
			"streams":	[{
					"socket":	6,
					"start":	8.0000860691070557,
					"end":	9.0001940727233887,
					"seconds":	1.000108003616333,
					"bytes":	7864320,
					"bits_per_second":	62907765.733805321,
					"retransmits":	0,
					"snd_cwnd":	4158656,
					"rtt":	451529,
					"rttvar":	1423,
					"pmtu":	1500,
					"omitted":	false
				}],
			"sum":	{
				"start":	8.0000860691070557,
				"end":	9.0001940727233887,
				"seconds":	1.000108003616333,
				"bytes":	7864320,
				"bits_per_second":	62907765.733805321,
				"retransmits":	0,
				"omitted":	false
			}
		}, {
			"streams":	[{
					"socket":	6,
					"start":	9.0001940727233887,
					"end":	10.000316143035889,
					"seconds":	1.0001220703125,
					"bytes":	9175040,
					"bits_per_second":	73391361.0936165,
					"retransmits":	0,
					"snd_cwnd":	4584368,
					"rtt":	416790,
					"rttvar":	1484,
					"pmtu":	1500,
					"omitted":	false
				}],
			"sum":	{
				"start":	9.0001940727233887,
				"end":	10.000316143035889,
				"seconds":	1.0001220703125,
				"bytes":	9175040,
				"bits_per_second":	73391361.0936165,
				"retransmits":	0,
				"omitted":	false
			}
		}, {
			"streams":	[{
					"socket":	6,
					"start":	10.000316143035889,
					"end":	11.000539064407349,
					"seconds":	1.00022292137146,
					"bytes":	9175040,
					"bits_per_second":	73383961.146738008,
					"retransmits":	0,
					"snd_cwnd":	5054968,
					"rtt":	454253,
					"rttvar":	571,
					"pmtu":	1500,
					"omitted":	false
				}],
			"sum":	{
				"start":	10.000316143035889,
				"end":	11.000539064407349,
				"seconds":	1.00022292137146,
				"bytes":	9175040,
				"bits_per_second":	73383961.146738008,
				"retransmits":	0,
				"omitted":	false
			}
		}, {
			"streams":	[{
					"socket":	6,
					"start":	11.000539064407349,
					"end":	12.000439167022705,
					"seconds":	0.99990010261535645,
					"bytes":	10485760,
					"bits_per_second":	83894460.837223724,
					"retransmits":	0,
					"snd_cwnd":	5573352,
					"rtt":	505593,
					"rttvar":	15,
					"pmtu":	1500,
					"omitted":	false
				}],
			"sum":	{
				"start":	11.000539064407349,
				"end":	12.000439167022705,
				"seconds":	0.99990010261535645,
				"bytes":	10485760,
				"bits_per_second":	83894460.837223724,
				"retransmits":	0,
				"omitted":	false
			}
		}, {
			"streams":	[{
					"socket":	6,
					"start":	12.000439167022705,
					"end":	13.000324010848999,
					"seconds":	0.999884843826294,
					"bytes":	10485760,
					"bits_per_second":	83895741.112536758,
					"retransmits":	0,
					"snd_cwnd":	6143864,
					"rtt":	563170,
					"rttvar":	170,
					"pmtu":	1500,
					"omitted":	false
				}],