{
	"start":	{
		"connected":	[{
				"socket":	6,
				"local_host":	"192.168.0.1",
				"local_port":	39074,
				"remote_host":	"192.168.0.2",
				"remote_port":	5000
			}],
		"version":	"iperf 3.6",
		"system_info":	"Linux ba-thesis 4.19.0-23-amd64 #1 SMP Debian 4.19.269-1 (2022-12-20) x86_64",
		"timestamp":	{
			"time":	"Tue, 13 Jun 2023 04:09:47 GMT",
			"timesecs":	1686629387
		},
		"connecting_to":	{
			"host":	"h2",
			"port":	5000
		},
		"cookie":	"jgbuiaiu5egkfwfkndre442mmmq7oak4d3ln",
		"tcp_mss_default":	1448,
		"sock_bufsize":	0,
		"sndbuf_actual":	87380,
		"rcvbuf_actual":	87380,
		"test_start":	{
			"protocol":	"TCP",
			"num_streams":	1,
			"blksize":	131072,
			"omit":	0,
			"duration":	0,
			"bytes":	77669376,
			"blocks":	0,
			"reverse":	0,
			"tos":	0
		}
	},
	"intervals":	[{
			"streams":	[{
					"socket":	6,
					"start":	0,
					"end":	1.0002140998840332,
					"seconds":	1.0002140998840332,
					"bytes":	2030096,
					"bits_per_second":	16237291.597751908,
					"retransmits":	0,
					"snd_cwnd":	370688,
					"rtt":	166411,
					"rttvar":	2077,
					"pmtu":	1500,
					"omitted":	false
				}],
			"sum":	{
				"start":	0,
				"end":	1.0002140998840332,
				"seconds":	1.0002140998840332,
				"bytes":	2030096,
				"bits_per_second":	16237291.597751908,
				"retransmits":	0,
				"omitted":	false
			}
		}, {
			"streams":	[{
					"socket":	6,
					"start":	1.0002140998840332,
					"end":	2.0001370906829834,
					"seconds":	0.9999229907989502,
					"bytes":	2541240,
					"bits_per_second":	20331485.711470798,
					"retransmits":	0,
					"snd_cwnd":	472048,
					"rtt":	218460,
					"rttvar":	742,
					"pmtu":	1500,
					"omitted":	false
				}],
			"sum":	{
				"start":	1.0002140998840332,
				"end":	2.0001370906829834,
				"seconds":	0.9999229907989502,
				"bytes":	2541240,
				"bits_per_second":	20331485.711470798,
				"retransmits":	0,
				"omitted":	false
			}
		}, {
			"streams":	[{
					"socket":	6,
					"start":	2.0001370906829834,
					"end":	3.0003890991210938,
					"seconds":	1.0002520084381104,
					"bytes":	2085120,
					"bits_per_second":	16676757.316435939,
					"retransmits":	0,
					"snd_cwnd":	576304,
					"rtt":	245195,
					"rttvar":	876,
					"pmtu":	1500,
					"omitted":	false
				}],
			"sum":	{
				"start":	2.0001370906829834,
				"end":	3.0003890991210938,
				"seconds":	1.0002520084381104,
				"bytes":	2085120,
				"bits_per_second":	16676757.316435939,
				"retransmits":	0,
				"omitted":	false
			}
		}, {
			"streams":	[{
					"socket":	6,
					"start":	3.0003890991210938,
					"end":	4.0001320838928223,
					"seconds":	0.99974298477172852,
					"bytes":	3786800,
					"bits_per_second":	30302188.123797763,
					"retransmits":	0,
					"snd_cwnd":	697936,
					"rtt":	281612,
					"rttvar":	321,
					"pmtu":	1500,
					"omitted":	false
				}],
			"sum":	{
				"start":	3.0003890991210938,
				"end":	4.0001320838928223,
				"seconds":	0.99974298477172852,
				"bytes":	3786800,
				"bits_per_second":	30302188.123797763,
				"retransmits":	0,
				"omitted":	false
			}
		}, {
			"streams":	[{
					"socket":	6,
					"start":	4.0001320838928223,
					"end":	5.0001950263977051,
					"seconds":	1.0000629425048828,
					"bytes":	2621440,
					"bits_per_second":	20970200.083078876,
					"retransmits":	0,
					"snd_cwnd":	810880,
					"rtt":	314070,
					"rttvar":	1365,
					"pmtu":	1500,
					"omitted":	false
				}],
			"sum":	{
				"start":	4.0001320838928223,
				"end":	5.0001950263977051,
				"seconds":	1.0000629425048828,
				"bytes":	2621440,
				"bits_per_second":	20970200.083078876,
				"retransmits":	0,
				"omitted":	false
			}
		}, {
			"streams":	[{
					"socket":	6,
					"start":	5.0001950263977051,
					"end":	6.0001192092895508,
					"seconds":	0.9999241828918457,
					"bytes":	2621440,
					"bits_per_second":	20973110.120558344,
					"retransmits":	0,
					"snd_cwnd":	936856,
					"rtt":	353080,
					"rttvar":	1103,
					"pmtu":	1500,
					"omitted":	false
				}],
			"sum":	{
				"start":	5.0001950263977051,
				"end":	6.0001192092895508,
				"seconds":	0.9999241828918457,
				"bytes":	2621440,
				"bits_per_second":	20973110.120558344,
				"retransmits":	0,
				"omitted":	false
			}
		}, {
			"streams":	[{
					"socket":	6,
					"start":	6.0001192092895508,
					"end":	7.0003771781921387,
					"seconds":	1.0002579689025879,
					"bytes":	2621440,
					"bits_per_second":	20966111.395251833,
					"retransmits":	0,
					"snd_cwnd":	1071520,
					"rtt":	401833,
					"rttvar":	558,
					"pmtu":	1500,
					"omitted":	false
				}],
			"sum":	{
				"start":	6.0001192092895508,
				"end":	7.0003771781921387,
				"seconds":	1.0002579689025879,
				"bytes":	2621440,
				"bits_per_second":	20966111.395251833,
				"retransmits":	0,
				"omitted":	false
			}
		}, {
			"streams":	[{
					"socket":	6,
					"start":	7.0003771781921387,
					"end":	8.00005316734314,
					"seconds":	0.999675989151001,
					"bytes":	3932160,
					"bits_per_second":	31467475.803550966,
					"retransmits":	0,
					"snd_cwnd":	1194600,
					"rtt":	443961,
					"rttvar":	1145,
					"pmtu":	1500,
					"omitted":	false
				}],
			"sum":	{
				"start":	7.0003771781921387,
				"end":	8.00005316734314,
				"seconds":	0.999675989151001,
				"bytes":	3932160,
				"bits_per_second":	31467475.803550966,
				"retransmits":	0,
				"omitted":	false
			}
		}, {
			"streams":	[{
					"socket":	6,
					"start":	8.00005316734314,
					"end":	9.0000481605529785,
					"seconds":	0.99999499320983887,
					"bytes":	2621440,
					"bits_per_second":	20971625.000525717,
					"retransmits":	0,
					"snd_cwnd":	1319128,
					"rtt":	494548,
					"rttvar":	1552,
					"pmtu":	1500,
					"omitted":	false
				}],
			"sum":	{
				"start":	8.00005316734314,
				"end":	9.0000481605529785,
				"seconds":	0.99999499320983887,
				"bytes":	2621440,
				"bits_per_second":	20971625.000525717,
				"retransmits":	0,
				"omitted":	false
			}
		}, {
			"streams":	[{
					"socket":	6,
					"start":	9.0000481605529785,
					"end":	10.000247001647949,
					"seconds":	1.0001988410949707,
					"bytes":	2621440,
					"bits_per_second":	20967350.829002526,
					"retransmits":	0,
					"snd_cwnd":	1258312,
					"rtt":	549495,
					"rttvar":	289,
					"pmtu":	1500,
					"omitted":	false
				}],
			"sum":	{
				"start":	9.0000481605529785,
				"end":	10.000247001647949,
				"seconds":	1.0001988410949707,
				"bytes":	2621440,
				"bits_per_second":	20967350.829002526,
				"retransmits":	0,
				"omitted":	false
			}
		}, {
			"streams":	[{
					"socket":	6,
					"start":	10.000247001647949,
					"end":	11.000159025192261,
					"seconds":	0.99991202354431152,
					"bytes":	2621440,
					"bits_per_second":	20973365.162330844,
					"retransmits":	0,
					"snd_cwnd":	1039664,
					"rtt":	572183,
					"rttvar":	296,
					"pmtu":	1500,
					"omitted":	false
				}],
			"sum":	{
				"start":	10.000247001647949,
				"end":	11.000159025192261,
				"seconds":	0.99991202354431152,
				"bytes":	2621440,
				"bits_per_second":	20973365.162330844,
				"retransmits":	0,
				"omitted":	false
			}
		}, {
			"streams":	[{
					"socket":	6,
					"start":	11.000159025192261,
					"end":	12.000312089920044,
					"seconds":	1.0001530647277832,
					"bytes":	1310720,
					"bits_per_second":	10484155.245631291,
					"retransmits":	0,
					"snd_cwnd":	973056,
					"rtt":	628591,
					"rttvar":	2714,
					"pmtu":	1500,
					"omitted":	false
				}],
			"sum":	{
				"start":	11.000159025192261,
				"end":	12.000312089920044,
				"seconds":	1.0001530647277832,
				"bytes":	1310720,
				"bits_per_second":	10484155.245631291,
				"retransmits":	0,
				"omitted":	false
			}
		}, {
			"streams":	[{
					"socket":	6,
					"start":	12.000312089920044,
					"end":	13.000178098678589,
					"seconds":	0.99986600875854492,
					"bytes":	1310720,
					"bits_per_second":	10487165.188282922,
					"retransmits":	0,
					"snd_cwnd":	803640,
					"rtt":	657802,
					"rttvar":	1141,
					"pmtu":	1500,
					"omitted":	false
				}],