{
	"start":	{
		"connected":	[{
				"socket":	6,
				"local_host":	"192.168.0.2",
				"local_port":	56662,
				"remote_host":	"192.168.0.1",
				"remote_port":	5000
			}],
		"version":	"iperf 3.6",
		"system_info":	"Linux ba-thesis 4.19.0-23-amd64 #1 SMP Debian 4.19.269-1 (2022-12-20) x86_64",
		"timestamp":	{
			"time":	"Mon, 12 Jun 2023 14:04:40 GMT",
			"timesecs":	1686578680
		},
		"connecting_to":	{
			"host":	"h2",
			"port":	5000
		},
		"cookie":	"uxhlybjytwkhcebu62kd2rjhsfeaytjittgy",
		"tcp_mss_default":	1448,
		"sock_bufsize":	0,
		"sndbuf_actual":	87380,
		"rcvbuf_actual":	87380,
		"test_start":	{
			"protocol":	"TCP",
			"num_streams":	1,
			"blksize":	131072,
			"omit":	0,
			"duration":	0,
			"bytes":	77669376,
			"blocks":	0,
			"reverse":	0,
			"tos":	0
		}
	},
	"intervals":	[{
			"streams":	[{
					"socket":	6,
					"start":	0,
					"end":	1.0000848770141602,
					"seconds":	1.0000848770141602,
					"bytes":	15284480,
					"bits_per_second":	122265462.47261041,
					"retransmits":	0,
					"snd_cwnd":	796400,
					"rtt":	62655,
					"rttvar":	473,
					"pmtu":	1500,
					"omitted":	false
				}],
			"sum":	{
				"start":	0,
				"end":	1.0000848770141602,
				"seconds":	1.0000848770141602,
				"bytes":	15284480,
				"bits_per_second":	122265462.47261041,
				"retransmits":	0,
				"omitted":	false
			}
		}, {
			"streams":	[{
					"socket":	6,
					"start":	1.0000848770141602,
					"end":	2.0000758171081543,
					"seconds":	0.99999094009399414,
					"bytes":	14417920,
					"bits_per_second":	115344405.00946769,
					"retransmits":	0,
					"snd_cwnd":	1394424,
					"rtt":	110399,
					"rttvar":	495,
					"pmtu":	1500,
					"omitted":	false
				}],
			"sum":	{
				"start":	1.0000848770141602,
				"end":	2.0000758171081543,
				"seconds":	0.99999094009399414,
				"bytes":	14417920,
				"bits_per_second":	115344405.00946769,
				"retransmits":	0,
				"omitted":	false
			}
		}, {
			"streams":	[{
					"socket":	6,
					"start":	2.0000758171081543,
					"end":	3.000093936920166,
					"seconds":	1.0000181198120117,
					"bytes":	14417920,
					"bits_per_second":	115341270.03786972,
					"retransmits":	0,
					"snd_cwnd":	1988104,
					"rtt":	157734,
					"rttvar":	534,
					"pmtu":	1500,
					"omitted":	false
				}],
			"sum":	{
				"start":	2.0000758171081543,
				"end":	3.000093936920166,
				"seconds":	1.0000181198120117,
				"bytes":	14417920,
				"bits_per_second":	115341270.03786972,
				"retransmits":	0,
				"omitted":	false
			}
		}, {
			"streams":	[{
					"socket":	6,
					"start":	3.000093936920166,
					"end":	4.0000820159912109,
					"seconds":	0.99998807907104492,
					"bytes":	13107200,
					"bits_per_second":	104858850.01490134,
					"retransmits":	0,
					"snd_cwnd":	2586128,
					"rtt":	205227,
					"rttvar":	501,
					"pmtu":	1500,
					"omitted":	false
				}],
			"sum":	{
				"start":	3.000093936920166,
				"end":	4.0000820159912109,
				"seconds":	0.99998807907104492,
				"bytes":	13107200,
				"bits_per_second":	104858850.01490134,
				"retransmits":	0,
				"omitted":	false
			}
		}, {
			"streams":	[{
					"socket":	6,
					"start":	4.0000820159912109,
					"end":	5.0001020431518555,
					"seconds":	1.0000200271606445,
					"bytes":	13107200,
					"bits_per_second":	104855500.04205619,
					"retransmits":	0,
					"snd_cwnd":	3179808,
					"rtt":	252534,
					"rttvar":	225,
					"pmtu":	1500,
					"omitted":	false
				}],
			"sum":	{
				"start":	4.0000820159912109,
				"end":	5.0001020431518555,
				"seconds":	1.0000200271606445,
				"bytes":	13107200,
				"bits_per_second":	104855500.04205619,
				"retransmits":	0,
				"omitted":	false
			}
		}, {
			"streams":	[{
					"socket":	6,
					"start":	5.0001020431518555,
					"end":	5.5909719467163086,
					"seconds":	0.59086990356445312,
					"bytes":	7864320,
					"bits_per_second":	106477855.14284053,
					"retransmits":	0,
					"snd_cwnd":	3533120,
					"rtt":	280750,
					"rttvar":	465,
					"pmtu":	1500,
					"omitted":	false
				}],
			"sum":	{
				"start":	5.0001020431518555,
				"end":	5.5909719467163086,
				"seconds":	0.59086990356445312,
				"bytes":	7864320,
				"bits_per_second":	106477855.14284053,
				"retransmits":	0,
				"omitted":	false
			}
		}],
	"end":	{
		"streams":	[{
				"sender":	{
					"socket":	6,
					"start":	0,
					"end":	5.5909719467163086,
					"seconds":	5.5909719467163086,
					"bytes":	78199040,
					"bits_per_second":	111893303.34011479,
					"retransmits":	0,
					"max_snd_cwnd":	3533120,
					"max_rtt":	280750,
					"min_rtt":	62655,
					"mean_rtt":	178216
				},
				"receiver":	{
					"socket":	6,
					"start":	0,
					"end":	5.9176690578460693,
					"seconds":	5.5909719467163086,
					"bytes":	69728440,
					"bits_per_second":	94264737.44090037
				}
			}],
		"sum_sent":	{
			"start":	0,
			"end":	5.5909719467163086,
			"seconds":	5.5909719467163086,
			"bytes":	78199040,
			"bits_per_second":	111893303.34011479,
			"retransmits":	0
		},
		"sum_received":	{
			"start":	0,
			"end":	5.9176690578460693,
			"seconds":	5.9176690578460693,
			"bytes":	69728440,
			"bits_per_second":	94264737.44090037
		},
		"cpu_utilization_percent":	{
			"host_total":	0.943984334093042,
			"host_user":	0.24879745852660856,
			"host_system":	0.69518687556643344,
			"remote_total":	1.3631931692191865,
			"remote_user":	0.2160890214938409,
			"remote_system":	1.1471207750738752
		},
		"sender_tcp_congestion":	"cubic",
		"receiver_tcp_congestion":	"cubic"
	}
}
