{
	"start":	{
		"connected":	[{
				"socket":	6,
				"local_host":	"192.168.0.1",
				"local_port":	54864,
				"remote_host":	"192.168.27.1",
				"remote_port":	5002
			}],
		"version":	"iperf 3.6",
		"system_info":	"Linux ba-thesis 4.19.0-23-amd64 #1 SMP Debian 4.19.269-1 (2022-12-20) x86_64",
		"timestamp":	{
			"time":	"Mon, 12 Jun 2023 14:04:00 GMT",
			"timesecs":	1686578640
		},
		"connecting_to":	{
			"host":	"h9",
			"port":	5002
		},
		"cookie":	"faausyu6xjjazxlofvtxyztmopd6knt244vk",
		"tcp_mss_default":	1448,
		"sock_bufsize":	0,
		"sndbuf_actual":	87380,
		"rcvbuf_actual":	87380,
		"test_start":	{
			"protocol":	"TCP",
			"num_streams":	1,
			"blksize":	131072,
			"omit":	0,
			"duration":	0,
			"bytes":	34554880,
			"blocks":	0,
			"reverse":	0,
			"tos":	0
		}
	},
	"intervals":	[{
			"streams":	[{
					"socket":	6,
					"start":	0,
					"end":	1.0002589225769043,
					"seconds":	1.0002589225769043,
					"bytes":	144800,
					"bits_per_second":	1158100.1417269909,
					"retransmits":	0,
					"snd_cwnd":	28960,
					"rtt":	384535,
					"rttvar":	43443,
					"pmtu":	1500,
					"omitted":	false
				}],
			"sum":	{
				"start":	0,
				"end":	1.0002589225769043,
				"seconds":	1.0002589225769043,
				"bytes":	144800,
				"bits_per_second":	1158100.1417269909,
				"retransmits":	0,
				"omitted":	false
			}
		}, {
			"streams":	[{
					"socket":	6,
					"start":	1.0002589225769043,
					"end":	2.0000720024108887,
					"seconds":	0.99981307983398438,
					"bytes":	1068624,
					"bits_per_second":	8550590.2777542491,
					"retransmits":	0,
					"snd_cwnd":	192584,
					"rtt":	406718,
					"rttvar":	1645,
					"pmtu":	1500,
					"omitted":	false
				}],
			"sum":	{
				"start":	1.0002589225769043,
				"end":	2.0000720024108887,
				"seconds":	0.99981307983398438,
				"bytes":	1068624,
				"bits_per_second":	8550590.2777542491,
				"retransmits":	0,
				"omitted":	false
			}
		}, {
			"streams":	[{
					"socket":	6,
					"start":	2.0000720024108887,
					"end":	3.0002079010009766,
					"seconds":	1.0001358985900879,
					"bytes":	1368360,
					"bits_per_second":	10945392.53658632,
					"retransmits":	0,
					"snd_cwnd":	388064,
					"rtt":	434186,
					"rttvar":	17101,
					"pmtu":	1500,
					"omitted":	false
				}],
			"sum":	{
				"start":	2.0000720024108887,
				"end":	3.0002079010009766,
				"seconds":	1.0001358985900879,
				"bytes":	1368360,
				"bits_per_second":	10945392.53658632,
				"retransmits":	0,
				"omitted":	false
			}
		}, {
			"streams":	[{
					"socket":	6,
					"start":	3.0002079010009766,
					"end":	4.0002529621124268,
					"seconds":	1.0000450611114502,
					"bytes":	847080,
					"bits_per_second":	6776334.6508290749,
					"retransmits":	0,
					"snd_cwnd":	428608,
					"rtt":	444580,
					"rttvar":	22829,
					"pmtu":	1500,
					"omitted":	false
				}],
			"sum":	{
				"start":	3.0002079010009766,
				"end":	4.0002529621124268,
				"seconds":	1.0000450611114502,
				"bytes":	847080,
				"bits_per_second":	6776334.6508290749,
				"retransmits":	0,
				"omitted":	false
			}
		}, {
			"streams":	[{
					"socket":	6,
					"start":	4.0002529621124268,
					"end":	5.0000619888305664,
					"seconds":	0.99980902671813965,
					"bytes":	1889640,
					"bits_per_second":	15120007.517457362,
					"retransmits":	0,
					"snd_cwnd":	495216,
					"rtt":	358520,
					"rttvar":	1013,
					"pmtu":	1500,
					"omitted":	false
				}],
			"sum":	{
				"start":	4.0002529621124268,
				"end":	5.0000619888305664,
				"seconds":	0.99980902671813965,
				"bytes":	1889640,
				"bits_per_second":	15120007.517457362,
				"retransmits":	0,
				"omitted":	false
			}
		}, {
			"streams":	[{
					"socket":	6,
					"start":	5.0000619888305664,
					"end":	6.0005009174346924,
					"seconds":	1.000438928604126,
					"bytes":	1172880,
					"bits_per_second":	9378923.3222779483,
					"retransmits":	0,
					"snd_cwnd":	573408,
					"rtt":	319819,
					"rttvar":	1872,
					"pmtu":	1500,
					"omitted":	false
				}],
			"sum":	{
				"start":	5.0000619888305664,
				"end":	6.0005009174346924,
				"seconds":	1.000438928604126,
				"bytes":	1172880,
				"bits_per_second":	9378923.3222779483,
				"retransmits":	0,
				"omitted":	false
			}
		}, {
			"streams":	[{
					"socket":	6,
					"start":	6.0005009174346924,
					"end":	7.0005218982696533,
					"seconds":	1.0000209808349609,
					"bytes":	2410920,
					"bits_per_second":	19286955.343573038,
					"retransmits":	0,
					"snd_cwnd":	664632,
					"rtt":	333938,
					"rttvar":	1544,
					"pmtu":	1500,
					"omitted":	false
				}],
			"sum":	{
				"start":	6.0005009174346924,
				"end":	7.0005218982696533,
				"seconds":	1.0000209808349609,
				"bytes":	2410920,
				"bits_per_second":	19286955.343573038,
				"retransmits":	0,
				"omitted":	false
			}
		}, {
			"streams":	[{
					"socket":	6,
					"start":	7.0005218982696533,
					"end":	8.0001440048217773,
					"seconds":	0.999622106552124,
					"bytes":	2621440,
					"bits_per_second":	20979447.99593772,
					"retransmits":	0,
					"snd_cwnd":	560376,
					"rtt":	472407,
					"rttvar":	1891,
					"pmtu":	1500,
					"omitted":	false
				}],
			"sum":	{
				"start":	7.0005218982696533,
				"end":	8.0001440048217773,
				"seconds":	0.999622106552124,
				"bytes":	2621440,
				"bits_per_second":	20979447.99593772,
				"retransmits":	0,
				"omitted":	false
			}
		}, {
			"streams":	[{
					"socket":	6,
					"start":	8.0001440048217773,
					"end":	9.0003180503845215,
					"seconds":	1.0001740455627441,
					"bytes":	1310720,
					"bits_per_second":	10483935.31757788,
					"retransmits":	0,
					"snd_cwnd":	372136,
					"rtt":	405065,
					"rttvar":	9074,
					"pmtu":	1500,
					"omitted":	false
				}],
			"sum":	{
				"start":	8.0001440048217773,
				"end":	9.0003180503845215,
				"seconds":	1.0001740455627441,
				"bytes":	1310720,
				"bits_per_second":	10483935.31757788,
				"retransmits":	0,
				"omitted":	false
			}
		}, {
			"streams":	[{
					"socket":	6,
					"start":	9.0003180503845215,
					"end":	10.000086069107056,
					"seconds":	0.99976801872253418,
					"bytes":	1310720,
					"bits_per_second":	10488193.064425394,
					"retransmits":	0,
					"snd_cwnd":	403992,
					"rtt":	359538,
					"rttvar":	4069,
					"pmtu":	1500,
					"omitted":	false
				}],
			"sum":	{
				"start":	9.0003180503845215,
				"end":	10.000086069107056,
				"seconds":	0.99976801872253418,
				"bytes":	1310720,
				"bits_per_second":	10488193.064425394,
				"retransmits":	0,
				"omitted":	false
			}
		}, {
			"streams":	[{
					"socket":	6,
					"start":	10.000086069107056,
					"end":	11.00096607208252,
					"seconds":	1.0008800029754639,
					"bytes":	0,
					"bits_per_second":	0,
					"retransmits":	0,
					"snd_cwnd":	421368,
					"rtt":	362497,
					"rttvar":	986,
					"pmtu":	1500,
					"omitted":	false
				}],
			"sum":	{
				"start":	10.000086069107056,
				"end":	11.00096607208252,
				"seconds":	1.0008800029754639,
				"bytes":	0,
				"bits_per_second":	0,
				"retransmits":	0,
				"omitted":	false
			}
		}, {
			"streams":	[{
					"socket":	6,
					"start":	11.00096607208252,
					"end":	12.0002760887146,
					"seconds":	0.99931001663208008,
					"bytes":	1310720,
					"bits_per_second":	10492999.995476462,
					"retransmits":	0,
					"snd_cwnd":	430056,
					"rtt":	368152,
					"rttvar":	633,
					"pmtu":	1500,
					"omitted":	false
				}],
			"sum":	{
				"start":	11.00096607208252,
				"end":	12.0002760887146,
				"seconds":	0.99931001663208008,
				"bytes":	1310720,
				"bits_per_second":	10492999.995476462,
				"retransmits":	0,
				"omitted":	false
			}
		}, {
			"streams":	[{
					"socket":	6,
					"start":	12.0002760887146,
					"end":	13.000769853591919,
					"seconds":	1.0004937648773193,
					"bytes":	1310720,
					"bits_per_second":	10480585.055205982,
					"retransmits":	0,
					"snd_cwnd":	432952,
					"rtt":	370670,
					"rttvar":	714,
					"pmtu":	1500,
					"omitted":	false
				}],
			"sum":	{
				"start":	12.0002760887146,
				"end":	13.000769853591919,