{
	"start":	{
		"connected":	[{
				"socket":	6,
				"local_host":	"192.168.5.1",
				"local_port":	56800,
				"remote_host":	"192.168.17.1",
				"remote_port":	5001
			}],
		"version":	"iperf 3.6",
		"system_info":	"Linux ba-thesis 4.19.0-23-amd64 #1 SMP Debian 4.19.269-1 (2022-12-20) x86_64",
		"timestamp":	{
			"time":	"Tue, 13 Jun 2023 11:23:42 GMT",
			"timesecs":	1686655422
		},
		"connecting_to":	{
			"host":	"h2",
			"port":	5001
		},
		"cookie":	"szeybyoaa35ho5kzokrp432reinsdn7zvts4",
		"tcp_mss_default":	1448,
		"sock_bufsize":	0,
		"sndbuf_actual":	87380,
		"rcvbuf_actual":	87380,
		"test_start":	{
			"protocol":	"TCP",
			"num_streams":	1,
			"blksize":	131072,
			"omit":	0,
			"duration":	0,
			"bytes":	93375488,
			"blocks":	0,
			"reverse":	0,
			"tos":	0
		}
	},
	"intervals":	[{
			"streams":	[{
					"socket":	6,
					"start":	0,
					"end":	1.0000331401824951,
					"seconds":	1.0000331401824951,
					"bytes":	2555720,
					"bits_per_second":	20445082.446236603,
					"retransmits":	0,
					"snd_cwnd":	153488,
					"rtt":	75582,
					"rttvar":	3340,
					"pmtu":	1500,
					"omitted":	false
				}],
			"sum":	{
				"start":	0,
				"end":	1.0000331401824951,
				"seconds":	1.0000331401824951,
				"bytes":	2555720,
				"bits_per_second":	20445082.446236603,
				"retransmits":	0,
				"omitted":	false
			}
		}, {
			"streams":	[{
					"socket":	6,
					"start":	1.0000331401824951,
					"end":	2.0000910758972168,
					"seconds":	1.0000579357147217,
					"bytes":	2215440,
					"bits_per_second":	17722493.234687798,
					"retransmits":	0,
					"snd_cwnd":	249056,
					"rtt":	124591,
					"rttvar":	507,
					"pmtu":	1500,
					"omitted":	false
				}],
			"sum":	{
				"start":	1.0000331401824951,
				"end":	2.0000910758972168,
				"seconds":	1.0000579357147217,
				"bytes":	2215440,
				"bits_per_second":	17722493.234687798,
				"retransmits":	0,
				"omitted":	false
			}
		}, {
			"streams":	[{
					"socket":	6,
					"start":	2.0000910758972168,
					"end":	3.0001380443573,
					"seconds":	1.000046968460083,
					"bytes":	2476080,
					"bits_per_second":	19807709.662379388,
					"retransmits":	0,
					"snd_cwnd":	348968,
					"rtt":	172090,
					"rttvar":	537,
					"pmtu":	1500,
					"omitted":	false
				}],
			"sum":	{
				"start":	2.0000910758972168,
				"end":	3.0001380443573,
				"seconds":	1.000046968460083,
				"bytes":	2476080,
				"bits_per_second":	19807709.662379388,
				"retransmits":	0,
				"omitted":	false
			}
		}, {
			"streams":	[{
					"socket":	6,
					"start":	3.0001380443573,
					"end":	4.0001029968261719,
					"seconds":	0.99996495246887207,
					"bytes":	2541240,
					"bits_per_second":	20330632.538476743,
					"retransmits":	0,
					"snd_cwnd":	445984,
					"rtt":	214375,
					"rttvar":	236,
					"pmtu":	1500,
					"omitted":	false
				}],
			"sum":	{
				"start":	3.0001380443573,
				"end":	4.0001029968261719,
				"seconds":	0.99996495246887207,
				"bytes":	2541240,
				"bits_per_second":	20330632.538476743,
				"retransmits":	0,
				"omitted":	false
			}
		}, {
			"streams":	[{
					"socket":	6,
					"start":	4.0001029968261719,
					"end":	5.0002760887146,
					"seconds":	1.0001730918884277,
					"bytes":	2019960,
					"bits_per_second":	16156883.374545593,
					"retransmits":	0,
					"snd_cwnd":	541552,
					"rtt":	267772,
					"rttvar":	497,
					"pmtu":	1500,
					"omitted":	false
				}],
			"sum":	{
				"start":	4.0001029968261719,
				"end":	5.0002760887146,
				"seconds":	1.0001730918884277,
				"bytes":	2019960,
				"bits_per_second":	16156883.374545593,
				"retransmits":	0,
				"omitted":	false
			}
		}, {
			"streams":	[{
					"socket":	6,
					"start":	5.0002760887146,
					"end":	6.0000340938568115,
					"seconds":	0.99975800514221191,
					"bytes":	3648960,
					"bits_per_second":	29198745.946372882,
					"retransmits":	0,
					"snd_cwnd":	658840,
					"rtt":	150397,
					"rttvar":	5384,
					"pmtu":	1500,
					"omitted":	false
				}],
			"sum":	{
				"start":	5.0002760887146,
				"end":	6.0000340938568115,
				"seconds":	0.99975800514221191,
				"bytes":	3648960,
				"bits_per_second":	29198745.946372882,
				"retransmits":	0,
				"omitted":	false
			}
		}, {
			"streams":	[{
					"socket":	6,
					"start":	6.0000340938568115,
					"end":	7.0001251697540283,
					"seconds":	1.0000910758972168,
					"bytes":	13107200,
					"bits_per_second":	104848050.8696956,
					"retransmits":	0,
					"snd_cwnd":	1252520,
					"rtt":	99291,
					"rttvar":	380,
					"pmtu":	1500,
					"omitted":	false
				}],
			"sum":	{
				"start":	6.0000340938568115,
				"end":	7.0001251697540283,
				"seconds":	1.0000910758972168,
				"bytes":	13107200,
				"bits_per_second":	104848050.8696956,
				"retransmits":	0,
				"omitted":	false
			}
		}, {
			"streams":	[{
					"socket":	6,
					"start":	7.0001251697540283,
					"end":	8.0000500679016113,
					"seconds":	0.999924898147583,
					"bytes":	14417920,
					"bits_per_second":	115352023.15061866,
					"retransmits":	0,
					"snd_cwnd":	1849096,
					"rtt":	146804,
					"rttvar":	651,
					"pmtu":	1500,
					"omitted":	false
				}],
			"sum":	{
				"start":	7.0001251697540283,
				"end":	8.0000500679016113,
				"seconds":	0.999924898147583,
				"bytes":	14417920,
				"bits_per_second":	115352023.15061866,
				"retransmits":	0,
				"omitted":	false
			}
		}, {
			"streams":	[{
					"socket":	6,
					"start":	8.0000500679016113,
					"end":	9.0000910758972168,
					"seconds":	1.0000410079956055,
					"bytes":	14417920,
					"bits_per_second":	115338630.19395986,
					"retransmits":	0,
					"snd_cwnd":	2447120,
					"rtt":	194118,
					"rttvar":	284,
					"pmtu":	1500,
					"omitted":	false
				}],
			"sum":	{
				"start":	8.0000500679016113,
				"end":	9.0000910758972168,
				"seconds":	1.0000410079956055,
				"bytes":	14417920,
				"bits_per_second":	115338630.19395986,
				"retransmits":	0,
				"omitted":	false
			}
		}, {
			"streams":	[{
					"socket":	6,
					"start":	9.0000910758972168,
					"end":	10.000107049942017,
					"seconds":	1.0000159740447998,
					"bytes":	13107200,
					"bits_per_second":	104855925.02675609,
					"retransmits":	0,
					"snd_cwnd":	3043696,
					"rtt":	241911,
					"rttvar":	469,
					"pmtu":	1500,
					"omitted":	false
				}],
			"sum":	{
				"start":	9.0000910758972168,
				"end":	10.000107049942017,
				"seconds":	1.0000159740447998,
				"bytes":	13107200,
				"bits_per_second":	104855925.02675609,
				"retransmits":	0,
				"omitted":	false
			}
		}, {
			"streams":	[{
					"socket":	6,
					"start":	10.000107049942017,
					"end":	11.000123977661133,
					"seconds":	1.0000169277191162,
					"bytes":	11796480,
					"bits_per_second":	94370242.527041569,
					"retransmits":	0,
					"snd_cwnd":	3640272,
					"rtt":	289546,
					"rttvar":	329,
					"pmtu":	1500,
					"omitted":	false
				}],
			"sum":	{
				"start":	10.000107049942017,
				"end":	11.000123977661133,
				"seconds":	1.0000169277191162,
				"bytes":	11796480,
				"bits_per_second":	94370242.527041569,
				"retransmits":	0,
				"omitted":	false
			}
		}, {
			"streams":	[{
					"socket":	6,
					"start":	11.000123977661133,
					"end":	11.892039060592651,
					"seconds":	0.89191508293151855,
					"bytes":	11796480,
					"bits_per_second":	105808099.6789757,
					"retransmits":	0,
					"snd_cwnd":	4173136,
					"rtt":	332052,
					"rttvar":	435,
					"pmtu":	1500,
					"omitted":	false
				}],
			"sum":	{
				"start":	11.000123977661133,
				"end":	11.892039060592651,
				"seconds":	0.89191508293151855,
				"bytes":	11796480,
				"bits_per_second":	105808099.6789757,
				"retransmits":	0,
				"omitted":	false
			}
		}],
	"end":	{
		"streams":	[{
				"sender":	{
					"socket":	6,
					"start":	0,
					"end":	11.892039060592651,
					"seconds":	11.892039060592651,
					"bytes":	94100600,
					"bits_per_second":	63303256.587393284,
					"retransmits":	0,
					"max_snd_cwnd":	4173136,
					"max_rtt":	332052,
					"min_rtt":	75582,
					"mean_rtt":	192377
				},