{
	"start":	{
		"connected":	[{
				"socket":	6,
				"local_host":	"192.168.2.1",
				"local_port":	50084,
				"remote_host":	"192.168.57.1",
				"remote_port":	5000
			}],
		"version":	"iperf 3.6",
		"system_info":	"Linux ba-thesis 4.19.0-23-amd64 #1 SMP Debian 4.19.269-1 (2022-12-20) x86_64",
		"timestamp":	{
			"time":	"Mon, 05 Jun 2023 18:14:02 GMT",
			"timesecs":	1685988842
		},
		"connecting_to":	{
			"host":	"h17",
			"port":	5000
		},
		"cookie":	"qtcohlcnef2gb5dgz74vglqph27ncz67uc45",
		"tcp_mss_default":	1448,
		"sock_bufsize":	0,
		"sndbuf_actual":	87380,
		"rcvbuf_actual":	87380,
		"test_start":	{
			"protocol":	"TCP",
			"num_streams":	1,
			"blksize":	131072,
			"omit":	0,
			"duration":	0,
			"bytes":	145686560,
			"blocks":	0,
			"reverse":	0,
			"tos":	0
		}
	},
	"intervals":	[{
			"streams":	[{
					"socket":	6,
					"start":	0,
					"end":	1.1013379096984863,
					"seconds":	1.1013379096984863,
					"bytes":	15639472,
					"bits_per_second":	113603440.77709356,
					"retransmits":	0,
					"snd_cwnd":	1352432,
					"rtt":	187460,
					"rttvar":	91033,
					"pmtu":	1500,
					"omitted":	false
				}],
			"sum":	{
				"start":	0,
				"end":	1.1013379096984863,
				"seconds":	1.1013379096984863,
				"bytes":	15639472,
				"bits_per_second":	113603440.77709356,
				"retransmits":	0,
				"omitted":	false
			}
		}, {
			"streams":	[{
					"socket":	6,
					"start":	1.1013379096984863,
					"end":	2.0000779628753662,
					"seconds":	0.89874005317687988,
					"bytes":	13107200,
					"bits_per_second":	116671778.04009934,
					"retransmits":	0,
					"snd_cwnd":	1886744,
					"rtt":	149741,
					"rttvar":	595,
					"pmtu":	1500,
					"omitted":	false
				}],
			"sum":	{
				"start":	1.1013379096984863,
				"end":	2.0000779628753662,
				"seconds":	0.89874005317687988,
				"bytes":	13107200,
				"bits_per_second":	116671778.04009934,
				"retransmits":	0,
				"omitted":	false
			}
		}, {
			"streams":	[{
					"socket":	6,
					"start":	2.0000779628753662,
					"end":	3.0000748634338379,
					"seconds":	0.99999690055847168,
					"bytes":	14417920,
					"bits_per_second":	115343717.50110805,
					"retransmits":	0,
					"snd_cwnd":	2484768,
					"rtt":	197178,
					"rttvar":	395,
					"pmtu":	1500,
					"omitted":	false
				}],
			"sum":	{
				"start":	2.0000779628753662,
				"end":	3.0000748634338379,
				"seconds":	0.99999690055847168,
				"bytes":	14417920,
				"bits_per_second":	115343717.50110805,
				"retransmits":	0,
				"omitted":	false
			}
		}, {
			"streams":	[{
					"socket":	6,
					"start":	3.0000748634338379,
					"end":	4.0000548362731934,
					"seconds":	0.99997997283935547,
					"bytes":	9175040,
					"bits_per_second":	73401790.029440522,
					"retransmits":	0,
					"snd_cwnd":	2929304,
					"rtt":	489066,
					"rttvar":	690,
					"pmtu":	1500,
					"omitted":	false
				}],
			"sum":	{
				"start":	3.0000748634338379,
				"end":	4.0000548362731934,
				"seconds":	0.99997997283935547,
				"bytes":	9175040,
				"bits_per_second":	73401790.029440522,
				"retransmits":	0,
				"omitted":	false
			}
		}, {
			"streams":	[{
					"socket":	6,
					"start":	4.0000548362731934,
					"end":	5.0001277923583984,
					"seconds":	1.0000729560852051,
					"bytes":	13107200,
					"bits_per_second":	104849950.55807334,
					"retransmits":	0,
					"snd_cwnd":	3527328,
					"rtt":	280215,
					"rttvar":	539,
					"pmtu":	1500,
					"omitted":	false
				}],
			"sum":	{
				"start":	4.0000548362731934,
				"end":	5.0001277923583984,
				"seconds":	1.0000729560852051,
				"bytes":	13107200,
				"bits_per_second":	104849950.55807334,
				"retransmits":	0,
				"omitted":	false
			}
		}, {
			"streams":	[{
					"socket":	6,
					"start":	5.0001277923583984,
					"end":	6.0000748634338379,
					"seconds":	0.99994707107543945,
					"bytes":	11796480,
					"bits_per_second":	94376835.26439397,
					"retransmits":	0,
					"snd_cwnd":	4121008,
					"rtt":	333271,
					"rttvar":	1011,
					"pmtu":	1500,
					"omitted":	false
				}],
			"sum":	{
				"start":	5.0001277923583984,
				"end":	6.0000748634338379,
				"seconds":	0.99994707107543945,
				"bytes":	11796480,
				"bits_per_second":	94376835.26439397,
				"retransmits":	0,
				"omitted":	false
			}
		}, {
			"streams":	[{
					"socket":	6,
					"start":	6.0000748634338379,
					"end":	7.0000338554382324,
					"seconds":	0.99995899200439453,
					"bytes":	9175040,
					"bits_per_second":	73403330.123439133,
					"retransmits":	0,
					"snd_cwnd":	4582920,
					"rtt":	364840,
					"rttvar":	292,
					"pmtu":	1500,
					"omitted":	false
				}],
			"sum":	{
				"start":	6.0000748634338379,
				"end":	7.0000338554382324,
				"seconds":	0.99995899200439453,
				"bytes":	9175040,
				"bits_per_second":	73403330.123439133,
				"retransmits":	0,
				"omitted":	false
			}
		}, {
			"streams":	[{
					"socket":	6,
					"start":	7.0000338554382324,
					"end":	8.0000720024108887,
					"seconds":	1.0000381469726562,
					"bytes":	11796480,
					"bits_per_second":	94368240.137323856,
					"retransmits":	0,
					"snd_cwnd":	5180944,
					"rtt":	411935,
					"rttvar":	444,
					"pmtu":	1500,
					"omitted":	false
				}],
			"sum":	{
				"start":	7.0000338554382324,
				"end":	8.0000720024108887,
				"seconds":	1.0000381469726562,
				"bytes":	11796480,
				"bits_per_second":	94368240.137323856,
				"retransmits":	0,
				"omitted":	false
			}
		}, {
			"streams":	[{
					"socket":	6,
					"start":	8.0000720024108887,
					"end":	9.000046968460083,
					"seconds":	0.99997496604919434,
					"bytes":	11796480,
					"bits_per_second":	94374202.559144184,
					"retransmits":	0,
					"snd_cwnd":	5778968,
					"rtt":	459672,
					"rttvar":	542,
					"pmtu":	1500,
					"omitted":	false
				}],
			"sum":	{
				"start":	8.0000720024108887,
				"end":	9.000046968460083,
				"seconds":	0.99997496604919434,
				"bytes":	11796480,
				"bits_per_second":	94374202.559144184,
				"retransmits":	0,
				"omitted":	false
			}
		}, {
			"streams":	[{
					"socket":	6,
					"start":	9.000046968460083,
					"end":	10.000164985656738,
					"seconds":	1.0001180171966553,
					"bytes":	9175040,
					"bits_per_second":	73391658.522203326,
					"retransmits":	0,
					"snd_cwnd":	6252464,
					"rtt":	497705,
					"rttvar":	362,
					"pmtu":	1500,
					"omitted":	false
				}],
			"sum":	{
				"start":	9.000046968460083,
				"end":	10.000164985656738,
				"seconds":	1.0001180171966553,
				"bytes":	9175040,
				"bits_per_second":	73391658.522203326,
				"retransmits":	0,
				"omitted":	false
			}
		}, {
			"streams":	[{
					"socket":	6,
					"start":	10.000164985656738,
					"end":	11.000094890594482,
					"seconds":	0.99992990493774414,
					"bytes":	11796480,
					"bits_per_second":	94378455.463711336,
					"retransmits":	0,
					"snd_cwnd":	6850488,
					"rtt":	545259,
					"rttvar":	555,
					"pmtu":	1500,
					"omitted":	false
				}],
			"sum":	{
				"start":	10.000164985656738,
				"end":	11.000094890594482,
				"seconds":	0.99992990493774414,
				"bytes":	11796480,
				"bits_per_second":	94378455.463711336,
				"retransmits":	0,
				"omitted":	false
			}
		}, {
			"streams":	[{
					"socket":	6,
					"start":	11.000094890594482,
					"end":	12.000064849853516,
					"seconds":	0.9999699592590332,
					"bytes":	11796480,
					"bits_per_second":	94374675.085168064,
					"retransmits":	0,
					"snd_cwnd":	7447064,
					"rtt":	592672,
					"rttvar":	501,
					"pmtu":	1500,
					"omitted":	false
				}],
			"sum":	{
				"start":	11.000094890594482,
				"end":	12.000064849853516,
				"seconds":	0.9999699592590332,
				"bytes":	11796480,
				"bits_per_second":	94374675.085168064,
				"retransmits":	0,
				"omitted":	false
			}
		}, {
			"streams":	[{
					"socket":	6,
					"start":	12.000064849853516,
					"end":	12.248127937316895,
					"seconds":	0.24806308746337891,
					"bytes":	3932160,
					"bits_per_second":	126811612.0043212,
					"retransmits":	0,
					"snd_cwnd":	7596208,
					"rtt":	604298,
					"rttvar":	696,
					"pmtu":	1500,