{
	"start":	{
		"connected":	[{
				"socket":	6,
				"local_host":	"192.168.6.1",
				"local_port":	46012,
				"remote_host":	"192.168.6.2",
				"remote_port":	5001
			}],
		"version":	"iperf 3.6",
		"system_info":	"Linux ba-thesis 4.19.0-23-amd64 #1 SMP Debian 4.19.269-1 (2022-12-20) x86_64",
		"timestamp":	{
			"time":	"Mon, 12 Jun 2023 05:58:01 GMT",
			"timesecs":	1686549481
		},
		"connecting_to":	{
			"host":	"h8",
			"port":	5001
		},
		"cookie":	"rusxzkmk7rw6a2krmuun6cyof3vilmcommom",
		"tcp_mss_default":	1448,
		"sock_bufsize":	0,
		"sndbuf_actual":	87380,
		"rcvbuf_actual":	87380,
		"test_start":	{
			"protocol":	"TCP",
			"num_streams":	1,
			"blksize":	131072,
			"omit":	0,
			"duration":	0,
			"bytes":	33200418,
			"blocks":	0,
			"reverse":	0,
			"tos":	0
		}
	},
	"intervals":	[{
			"streams":	[{
					"socket":	6,
					"start":	0,
					"end":	1.000330924987793,
					"seconds":	1.000330924987793,
					"bytes":	79640,
					"bits_per_second":	636909.23082056548,
					"retransmits":	0,
					"snd_cwnd":	14480,
					"rtt":	700585,
					"rttvar":	262740,
					"pmtu":	1500,
					"omitted":	false
				}],
			"sum":	{
				"start":	0,
				"end":	1.000330924987793,
				"seconds":	1.000330924987793,
				"bytes":	79640,
				"bits_per_second":	636909.23082056548,
				"retransmits":	0,
				"omitted":	false
			}
		}, {
			"streams":	[{
					"socket":	6,
					"start":	1.000330924987793,
					"end":	2.0004608631134033,
					"seconds":	1.0001299381256104,
					"bytes":	65160,
					"bits_per_second":	521212.27465398633,
					"retransmits":	0,
					"snd_cwnd":	28960,
					"rtt":	701243,
					"rttvar":	63096,
					"pmtu":	1500,
					"omitted":	false
				}],
			"sum":	{
				"start":	1.000330924987793,
				"end":	2.0004608631134033,
				"seconds":	1.0001299381256104,
				"bytes":	65160,
				"bits_per_second":	521212.27465398633,
				"retransmits":	0,
				"omitted":	false
			}
		}, {
			"streams":	[{
					"socket":	6,
					"start":	2.0004608631134033,
					"end":	3.0000629425048828,
					"seconds":	0.99960207939147949,
					"bytes":	450328,
					"bits_per_second":	3604058.1290038363,
					"retransmits":	0,
					"snd_cwnd":	99912,
					"rtt":	702140,
					"rttvar":	1419,
					"pmtu":	1500,
					"omitted":	false
				}],
			"sum":	{
				"start":	2.0004608631134033,
				"end":	3.0000629425048828,
				"seconds":	0.99960207939147949,
				"bytes":	450328,
				"bits_per_second":	3604058.1290038363,
				"retransmits":	0,
				"omitted":	false
			}
		}, {
			"streams":	[{
					"socket":	6,
					"start":	3.0000629425048828,
					"end":	4.000147819519043,
					"seconds":	1.0000848770141602,
					"bytes":	334488,
					"bits_per_second":	2675676.8965341649,
					"retransmits":	0,
					"snd_cwnd":	199824,
					"rtt":	700892,
					"rttvar":	29,
					"pmtu":	1500,
					"omitted":	false
				}],
			"sum":	{
				"start":	3.0000629425048828,
				"end":	4.000147819519043,
				"seconds":	1.0000848770141602,
				"bytes":	334488,
				"bits_per_second":	2675676.8965341649,
				"retransmits":	0,
				"omitted":	false
			}
		}, {
			"streams":	[{
					"socket":	6,
					"start":	4.000147819519043,
					"end":	5.000114917755127,
					"seconds":	0.999967098236084,
					"bytes":	3591320,
					"bits_per_second":	28731505.3172049,
					"retransmits":	0,
					"snd_cwnd":	799296,
					"rtt":	702130,
					"rttvar":	56,
					"pmtu":	1500,
					"omitted":	false
				}],
			"sum":	{
				"start":	4.000147819519043,
				"end":	5.000114917755127,
				"seconds":	0.999967098236084,
				"bytes":	3591320,
				"bits_per_second":	28731505.3172049,
				"retransmits":	0,
				"omitted":	false
			}
		}, {
			"streams":	[{
					"socket":	6,
					"start":	5.000114917755127,
					"end":	6.0004048347473145,
					"seconds":	1.0002899169921875,
					"bytes":	3932160,
					"bits_per_second":	31448162.643276639,
					"retransmits":	0,
					"snd_cwnd":	1598592,
					"rtt":	703348,
					"rttvar":	96,
					"pmtu":	1500,
					"omitted":	false
				}],
			"sum":	{
				"start":	5.000114917755127,
				"end":	6.0004048347473145,
				"seconds":	1.0002899169921875,
				"bytes":	3932160,
				"bits_per_second":	31448162.643276639,
				"retransmits":	0,
				"omitted":	false
			}
		}, {
			"streams":	[{
					"socket":	6,
					"start":	6.0004048347473145,
					"end":	7.0000660419464111,
					"seconds":	0.99966120719909668,
					"bytes":	11796480,
					"bits_per_second":	94403823.335723892,
					"retransmits":	0,
					"snd_cwnd":	9480056,
					"rtt":	263055,
					"rttvar":	573,
					"pmtu":	1500,
					"omitted":	false
				}],
			"sum":	{
				"start":	6.0004048347473145,
				"end":	7.0000660419464111,
				"seconds":	0.99966120719909668,
				"bytes":	11796480,
				"bits_per_second":	94403823.335723892,
				"retransmits":	0,
				"omitted":	false
			}
		}, {
			"streams":	[{
					"socket":	6,
					"start":	7.0000660419464111,
					"end":	8.0000908374786377,
					"seconds":	1.0000247955322266,
					"bytes":	11796480,
					"bits_per_second":	94369500.0580201,
					"retransmits":	0,
					"snd_cwnd":	3056728,
					"rtt":	703440,
					"rttvar":	388,
					"pmtu":	1500,
					"omitted":	false
				}],
			"sum":	{
				"start":	7.0000660419464111,
				"end":	8.0000908374786377,
				"seconds":	1.0000247955322266,
				"bytes":	11796480,
				"bits_per_second":	94369500.0580201,
				"retransmits":	0,
				"omitted":	false
			}
		}, {
			"streams":	[{
					"socket":	6,
					"start":	8.0000908374786377,
					"end":	8.3538908958435059,
					"seconds":	0.35380005836486816,
					"bytes":	1310720,
					"bits_per_second":	29637530.441519059,
					"retransmits":	0,
					"snd_cwnd":	8000200,
					"rtt":	566076,
					"rttvar":	18757,
					"pmtu":	1500,
					"omitted":	false
				}],
			"sum":	{
				"start":	8.0000908374786377,
				"end":	8.3538908958435059,
				"seconds":	0.35380005836486816,
				"bytes":	1310720,
				"bits_per_second":	29637530.441519059,
				"retransmits":	0,
				"omitted":	false
			}
		}],
	"end":	{
		"streams":	[{
				"sender":	{
					"socket":	6,
					"start":	0,
					"end":	8.3538908958435059,
					"seconds":	8.3538908958435059,
					"bytes":	33356776,
					"bits_per_second":	31943702.799946047,
					"retransmits":	0,
					"max_snd_cwnd":	9480056,
					"max_rtt":	703440,
					"min_rtt":	263055,
					"mean_rtt":	638101
				},
				"receiver":	{
					"socket":	6,
					"start":	0,
					"end":	9.663729190826416,
					"seconds":	8.3538908958435059,
					"bytes":	31494344,
					"bits_per_second":	26072207.428905975
				}
			}],
		"sum_sent":	{
			"start":	0,
			"end":	8.3538908958435059,
			"seconds":	8.3538908958435059,
			"bytes":	33356776,
			"bits_per_second":	31943702.799946047,
			"retransmits":	0
		},
		"sum_received":	{
			"start":	0,
			"end":	9.663729190826416,
			"seconds":	9.663729190826416,
			"bytes":	31494344,
			"bits_per_second":	26072207.428905975
		},
		"cpu_utilization_percent":	{
			"host_total":	11.704781245397463,
			"host_user":	1.5482590445406772,
			"host_system":	10.156522200856784,
			"remote_total":	0.0274447337928947,
			"remote_user":	0.0076518255023247453,
			"remote_system":	0.0197911614978517
		},
		"sender_tcp_congestion":	"cubic",
		"receiver_tcp_congestion":	"cubic"
	}
}
