{
	"start":	{
		"connected":	[{
				"socket":	6,
				"local_host":	"192.168.6.2",
				"local_port":	60774,
				"remote_host":	"192.168.23.1",
				"remote_port":	5008
			}],
		"version":	"iperf 3.6",
		"system_info":	"Linux ba-thesis 4.19.0-23-amd64 #1 SMP Debian 4.19.269-1 (2022-12-20) x86_64",
		"timestamp":	{
			"time":	"Mon, 12 Jun 2023 05:58:33 GMT",
			"timesecs":	1686549513
		},
		"connecting_to":	{
			"host":	"h3",
			"port":	5008
		},
		"cookie":	"h5sogrc2ffui7wxk77o2cgfnbcf3wiwvffzz",
		"tcp_mss_default":	1448,
		"sock_bufsize":	0,
		"sndbuf_actual":	87380,
		"rcvbuf_actual":	87380,
		"test_start":	{
			"protocol":	"TCP",
			"num_streams":	1,
			"blksize":	131072,
			"omit":	0,
			"duration":	0,
			"bytes":	5354699,
			"blocks":	0,
			"reverse":	0,
			"tos":	0
		}
	},
	"intervals":	[{
			"streams":	[{
					"socket":	6,
					"start":	0,
					"end":	0.21966195106506348,
					"seconds":	0.21966195106506348,
					"bytes":	6464432,
					"bits_per_second":	235432016.10133189,
					"retransmits":	0,
					"snd_cwnd":	925272,
					"rtt":	56972,
					"rttvar":	10099,
					"pmtu":	1500,
					"omitted":	false
				}],
			"sum":	{
				"start":	0,
				"end":	0.21966195106506348,
				"seconds":	0.21966195106506348,
				"bytes":	6464432,
				"bits_per_second":	235432016.10133189,
				"retransmits":	0,
				"omitted":	false
			}
		}],
	"end":	{
		"streams":	[{
				"sender":	{
					"socket":	6,
					"start":	0,
					"end":	0.21966195106506348,
					"seconds":	0.21966195106506348,
					"bytes":	6464432,
					"bits_per_second":	235432016.10133189,
					"retransmits":	0,
					"max_snd_cwnd":	925272,
					"max_rtt":	56972,
					"min_rtt":	56972,
					"mean_rtt":	56972
				},
				"receiver":	{
					"socket":	6,
					"start":	0,
					"end":	0.32150602340698242,
					"seconds":	0.21966195106506348,
					"bytes":	2539792,
					"bits_per_second":	63197372.74184683
				}
			}],
		"sum_sent":	{
			"start":	0,
			"end":	0.21966195106506348,
			"seconds":	0.21966195106506348,
			"bytes":	6464432,
			"bits_per_second":	235432016.10133189,
			"retransmits":	0
		},
		"sum_received":	{
			"start":	0,
			"end":	0.32150602340698242,
			"seconds":	0.32150602340698242,
			"bytes":	2539792,
			"bits_per_second":	63197372.74184683
		},
		"cpu_utilization_percent":	{
			"host_total":	10.945086525293606,
			"host_user":	4.1501535460845753,
			"host_system":	6.7944142424368179,
			"remote_total":	0.0021143063260328273,
			"remote_user":	0,
			"remote_system":	0.0021150510623223779
		},
		"sender_tcp_congestion":	"cubic",
		"receiver_tcp_congestion":	"cubic"
	}
}
