{
	"start":	{
		"connected":	[{
				"socket":	6,
				"local_host":	"192.168.0.1",
				"local_port":	49322,
				"remote_host":	"192.168.27.1",
				"remote_port":	5000
			}],
		"version":	"iperf 3.6",
		"system_info":	"Linux ba-thesis 4.19.0-23-amd64 #1 SMP Debian 4.19.269-1 (2022-12-20) x86_64",
		"timestamp":	{
			"time":	"Wed, 31 May 2023 14:39:54 GMT",
			"timesecs":	1685543994
		},
		"connecting_to":	{
			"host":	"h7",
			"port":	5000
		},
		"cookie":	"eaigmo4ontjvwwllmxxupbihnmfunfcu6gzf",
		"tcp_mss_default":	1448,
		"sock_bufsize":	0,
		"sndbuf_actual":	87380,
		"rcvbuf_actual":	87380,
		"test_start":	{
			"protocol":	"TCP",
			"num_streams":	1,
			"blksize":	131072,
			"omit":	0,
			"duration":	0,
			"bytes":	123703296,
			"blocks":	0,
			"reverse":	0,
			"tos":	0
		}
	},
	"intervals":	[{
			"streams":	[{
					"socket":	6,
					"start":	0,
					"end":	1.0000851154327393,
					"seconds":	1.0000851154327393,
					"bytes":	16950192,
					"bits_per_second":	135589995.19888353,
					"retransmits":	0,
					"snd_cwnd":	1390080,
					"rtt":	110431,
					"rttvar":	470,
					"pmtu":	1500,
					"omitted":	false
				}],
			"sum":	{
				"start":	0,
				"end":	1.0000851154327393,
				"seconds":	1.0000851154327393,
				"bytes":	16950192,
				"bits_per_second":	135589995.19888353,
				"retransmits":	0,
				"omitted":	false
			}
		}, {
			"streams":	[{
					"socket":	6,
					"start":	1.0000851154327393,
					"end":	2.0000829696655273,
					"seconds":	0.99999785423278809,
					"bytes":	13107200,
					"bits_per_second":	104857825.0004828,
					"retransmits":	0,
					"snd_cwnd":	1931632,
					"rtt":	161172,
					"rttvar":	824,
					"pmtu":	1500,
					"omitted":	false
				}],
			"sum":	{
				"start":	1.0000851154327393,
				"end":	2.0000829696655273,
				"seconds":	0.99999785423278809,
				"bytes":	13107200,
				"bits_per_second":	104857825.0004828,
				"retransmits":	0,
				"omitted":	false
			}
		}, {
			"streams":	[{
					"socket":	6,
					"start":	2.0000829696655273,
					"end":	3.0001139640808105,
					"seconds":	1.0000309944152832,
					"bytes":	13107200,
					"bits_per_second":	104854350.10072872,
					"retransmits":	0,
					"snd_cwnd":	2502144,
					"rtt":	208285,
					"rttvar":	436,
					"pmtu":	1500,
					"omitted":	false
				}],
			"sum":	{
				"start":	2.0000829696655273,
				"end":	3.0001139640808105,
				"seconds":	1.0000309944152832,
				"bytes":	13107200,
				"bits_per_second":	104854350.10072872,
				"retransmits":	0,
				"omitted":	false
			}
		}, {
			"streams":	[{
					"socket":	6,
					"start":	3.0001139640808105,
					"end":	4.0000901222229,
					"seconds":	0.99997615814208984,
					"bytes":	13107200,
					"bits_per_second":	104860100.05960606,
					"retransmits":	0,
					"snd_cwnd":	3069760,
					"rtt":	256069,
					"rttvar":	556,
					"pmtu":	1500,
					"omitted":	false
				}],
			"sum":	{
				"start":	3.0001139640808105,
				"end":	4.0000901222229,
				"seconds":	0.99997615814208984,
				"bytes":	13107200,
				"bits_per_second":	104860100.05960606,
				"retransmits":	0,
				"omitted":	false
			}
		}, {
			"streams":	[{
					"socket":	6,
					"start":	4.0000901222229,
					"end":	5.0001130104064941,
					"seconds":	1.0000228881835938,
					"bytes":	13107200,
					"bits_per_second":	104855200.05493039,
					"retransmits":	0,
					"snd_cwnd":	3770592,
					"rtt":	298103,
					"rttvar":	897,
					"pmtu":	1500,
					"omitted":	false
				}],
			"sum":	{
				"start":	4.0000901222229,
				"end":	5.0001130104064941,
				"seconds":	1.0000228881835938,
				"bytes":	13107200,
				"bits_per_second":	104855200.05493039,
				"retransmits":	0,
				"omitted":	false
			}
		}, {
			"streams":	[{
					"socket":	6,
					"start":	5.0001130104064941,
					"end":	6.000136137008667,
					"seconds":	1.0000231266021729,
					"bytes":	11796480,
					"bits_per_second":	94369657.550472647,
					"retransmits":	0,
					"snd_cwnd":	4368616,
					"rtt":	347316,
					"rttvar":	551,
					"pmtu":	1500,
					"omitted":	false
				}],
			"sum":	{
				"start":	5.0001130104064941,
				"end":	6.000136137008667,
				"seconds":	1.0000231266021729,
				"bytes":	11796480,
				"bits_per_second":	94369657.550472647,
				"retransmits":	0,
				"omitted":	false
			}
		}, {
			"streams":	[{
					"socket":	6,
					"start":	6.000136137008667,
					"end":	7.0000729560852051,
					"seconds":	0.99993681907653809,
					"bytes":	13107200,
					"bits_per_second":	104864225.41860007,
					"retransmits":	0,
					"snd_cwnd":	4965192,
					"rtt":	394758,
					"rttvar":	402,
					"pmtu":	1500,
					"omitted":	false
				}],
			"sum":	{
				"start":	6.000136137008667,
				"end":	7.0000729560852051,
				"seconds":	0.99993681907653809,
				"bytes":	13107200,
				"bits_per_second":	104864225.41860007,
				"retransmits":	0,
				"omitted":	false
			}
		}, {
			"streams":	[{
					"socket":	6,
					"start":	7.0000729560852051,
					"end":	8.0000729560852051,
					"seconds":	1,
					"bytes":	11796480,
					"bits_per_second":	94371840,
					"retransmits":	0,
					"snd_cwnd":	5563216,
					"rtt":	442503,
					"rttvar":	396,
					"pmtu":	1500,
					"omitted":	false
				}],
			"sum":	{
				"start":	7.0000729560852051,
				"end":	8.0000729560852051,
				"seconds":	1,
				"bytes":	11796480,
				"bits_per_second":	94371840,
				"retransmits":	0,
				"omitted":	false
			}
		}, {
			"streams":	[{
					"socket":	6,
					"start":	8.0000729560852051,
					"end":	9.0000441074371338,
					"seconds":	0.99997115135192871,
					"bytes":	11796480,
					"bits_per_second":	94374562.578542709,
					"retransmits":	0,
					"snd_cwnd":	6161240,
					"rtt":	490109,
					"rttvar":	674,
					"pmtu":	1500,
					"omitted":	false
				}],
			"sum":	{
				"start":	8.0000729560852051,
				"end":	9.0000441074371338,
				"seconds":	0.99997115135192871,
				"bytes":	11796480,
				"bits_per_second":	94374562.578542709,
				"retransmits":	0,
				"omitted":	false
			}
		}, {
			"streams":	[{
					"socket":	6,
					"start":	9.0000441074371338,
					"end":	9.5295090675354,
					"seconds":	0.5294649600982666,
					"bytes":	6553600,
					"bits_per_second":	99022228.005927756,
					"retransmits":	0,
					"snd_cwnd":	6476904,
					"rtt":	515325,
					"rttvar":	618,
					"pmtu":	1500,
					"omitted":	false
				}],
			"sum":	{
				"start":	9.0000441074371338,
				"end":	9.5295090675354,
				"seconds":	0.5294649600982666,
				"bytes":	6553600,
				"bits_per_second":	99022228.005927756,
				"retransmits":	0,
				"omitted":	false
			}
		}],
	"end":	{
		"streams":	[{
				"sender":	{
					"socket":	6,
					"start":	0,
					"end":	9.5295090675354,
					"seconds":	9.5295090675354,
					"bytes":	124429232,
					"bits_per_second":	104458041.74647239,
					"retransmits":	0,
					"max_snd_cwnd":	6476904,
					"max_rtt":	515325,
					"min_rtt":	110431,
					"mean_rtt":	322407
				},
				"receiver":	{
					"socket":	6,
					"start":	0,
					"end":	10.106115818023682,
					"seconds":	9.5295090675354,
					"bytes":	119125512,
					"bits_per_second":	94299740.192999914
				}
			}],
		"sum_sent":	{
			"start":	0,
			"end":	9.5295090675354,
			"seconds":	9.5295090675354,
			"bytes":	124429232,
			"bits_per_second":	104458041.74647239,
			"retransmits":	0
		},
		"sum_received":	{
			"start":	0,
			"end":	10.106115818023682,
			"seconds":	10.106115818023682,
			"bytes":	119125512,
			"bits_per_second":	94299740.192999914
		},
		"cpu_utilization_percent":	{
			"host_total":	0.62545136157108749,
			"host_user":	0.12508408309684504,
			"host_system":	0.50036727847424234,
			"remote_total":	1.2488691731312127,
			"remote_user":	0.18206203023024409,
			"remote_system":	1.0667974038386903
		},
		"sender_tcp_congestion":	"cubic",
		"receiver_tcp_congestion":	"cubic"
	}
}
