{
	"start":	{
		"connected":	[{
				"socket":	6,
				"local_host":	"192.168.8.2",
				"local_port":	34678,
				"remote_host":	"192.168.20.1",
				"remote_port":	5007
			}],
		"version":	"iperf 3.6",
		"system_info":	"Linux ba-thesis 4.19.0-23-amd64 #1 SMP Debian 4.19.269-1 (2022-12-20) x86_64",
		"timestamp":	{
			"time":	"Wed, 31 May 2023 14:39:59 GMT",
			"timesecs":	1685543999
		},
		"connecting_to":	{
			"host":	"h0",
			"port":	5007
		},
		"cookie":	"px2omvcb25scisy4hrqhig7oncxbooqblnwp",
		"tcp_mss_default":	1448,
		"sock_bufsize":	0,
		"sndbuf_actual":	87380,
		"rcvbuf_actual":	87380,
		"test_start":	{
			"protocol":	"TCP",
			"num_streams":	1,
			"blksize":	131072,
			"omit":	0,
			"duration":	0,
			"bytes":	210240512,
			"blocks":	0,
			"reverse":	0,
			"tos":	0
		}
	},
	"intervals":	[{
			"streams":	[{
					"socket":	6,
					"start":	0,
					"end":	1.0001089572906494,
					"seconds":	1.0001089572906494,
					"bytes":	144800,
					"bits_per_second":	1158273.7976251806,
					"retransmits":	0,
					"snd_cwnd":	28960,
					"rtt":	398716,
					"rttvar":	64906,
					"pmtu":	1500,
					"omitted":	false
				}],
			"sum":	{
				"start":	0,
				"end":	1.0001089572906494,
				"seconds":	1.0001089572906494,
				"bytes":	144800,
				"bits_per_second":	1158273.7976251806,
				"retransmits":	0,
				"omitted":	false
			}
		}, {
			"streams":	[{
					"socket":	6,
					"start":	1.0001089572906494,
					"end":	2.0001809597015381,
					"seconds":	1.0000720024108887,
					"bytes":	312768,
					"bits_per_second":	2501963.8525706585,
					"retransmits":	0,
					"snd_cwnd":	68056,
					"rtt":	467142,
					"rttvar":	7870,
					"pmtu":	1500,
					"omitted":	false
				}],
			"sum":	{
				"start":	1.0001089572906494,
				"end":	2.0001809597015381,
				"seconds":	1.0000720024108887,
				"bytes":	312768,
				"bits_per_second":	2501963.8525706585,
				"retransmits":	0,
				"omitted":	false
			}
		}, {
			"streams":	[{
					"socket":	6,
					"start":	2.0001809597015381,
					"end":	3.0002288818359375,
					"seconds":	1.0000479221343994,
					"bytes":	204168,
					"bits_per_second":	1633265.7304201568,
					"retransmits":	0,
					"snd_cwnd":	73848,
					"rtt":	518169,
					"rttvar":	2288,
					"pmtu":	1500,
					"omitted":	false
				}],
			"sum":	{
				"start":	2.0001809597015381,
				"end":	3.0002288818359375,
				"seconds":	1.0000479221343994,
				"bytes":	204168,
				"bits_per_second":	1633265.7304201568,
				"retransmits":	0,
				"omitted":	false
			}
		}, {
			"streams":	[{
					"socket":	6,
					"start":	3.0002288818359375,
					"end":	4.0000779628753662,
					"seconds":	0.99984908103942871,
					"bytes":	2085120,
					"bits_per_second":	16683477.85313631,
					"retransmits":	0,
					"snd_cwnd":	162176,
					"rtt":	20446,
					"rttvar":	255,
					"pmtu":	1500,
					"omitted":	false
				}],
			"sum":	{
				"start":	3.0002288818359375,
				"end":	4.0000779628753662,
				"seconds":	0.99984908103942871,
				"bytes":	2085120,
				"bits_per_second":	16683477.85313631,
				"retransmits":	0,
				"omitted":	false
			}
		}, {
			"streams":	[{
					"socket":	6,
					"start":	4.0000779628753662,
					"end":	5.0000429153442383,
					"seconds":	0.99996495246887207,
					"bytes":	14212400,
					"bits_per_second":	113703185.01591618,
					"retransmits":	0,
					"snd_cwnd":	738480,
					"rtt":	57833,
					"rttvar":	443,
					"pmtu":	1500,
					"omitted":	false
				}],
			"sum":	{
				"start":	4.0000779628753662,
				"end":	5.0000429153442383,
				"seconds":	0.99996495246887207,
				"bytes":	14212400,
				"bits_per_second":	113703185.01591618,
				"retransmits":	0,
				"omitted":	false
			}
		}, {
			"streams":	[{
					"socket":	6,
					"start":	5.0000429153442383,
					"end":	6.0000779628753662,
					"seconds":	1.0000350475311279,
					"bytes":	14417920,
					"bits_per_second":	115339317.64167468,
					"retransmits":	0,
					"snd_cwnd":	1329264,
					"rtt":	105180,
					"rttvar":	463,
					"pmtu":	1500,
					"omitted":	false
				}],
			"sum":	{
				"start":	5.0000429153442383,
				"end":	6.0000779628753662,
				"seconds":	1.0000350475311279,
				"bytes":	14417920,
				"bits_per_second":	115339317.64167468,
				"retransmits":	0,
				"omitted":	false
			}
		}, {
			"streams":	[{
					"socket":	6,
					"start":	6.0000779628753662,
					"end":	7.0000739097595215,
					"seconds":	0.99999594688415527,
					"bytes":	14417920,
					"bits_per_second":	115343827.50189485,
					"retransmits":	0,
					"snd_cwnd":	1927288,
					"rtt":	152914,
					"rttvar":	575,
					"pmtu":	1500,
					"omitted":	false
				}],
			"sum":	{
				"start":	6.0000779628753662,
				"end":	7.0000739097595215,
				"seconds":	0.99999594688415527,
				"bytes":	14417920,
				"bits_per_second":	115343827.50189485,
				"retransmits":	0,
				"omitted":	false
			}
		}, {
			"streams":	[{
					"socket":	6,
					"start":	7.0000739097595215,
					"end":	8.0000908374786377,
					"seconds":	1.0000169277191162,
					"bytes":	14417920,
					"bits_per_second":	115341407.53305081,
					"retransmits":	0,
					"snd_cwnd":	2523864,
					"rtt":	201288,
					"rttvar":	485,
					"pmtu":	1500,
					"omitted":	false
				}],
			"sum":	{
				"start":	7.0000739097595215,
				"end":	8.0000908374786377,
				"seconds":	1.0000169277191162,
				"bytes":	14417920,
				"bits_per_second":	115341407.53305081,
				"retransmits":	0,
				"omitted":	false
			}
		}, {
			"streams":	[{
					"socket":	6,
					"start":	8.0000908374786377,
					"end":	9.0001230239868164,
					"seconds":	1.0000321865081787,
					"bytes":	11796480,
					"bits_per_second":	94368802.597763374,
					"retransmits":	0,
					"snd_cwnd":	3120440,
					"rtt":	248052,
					"rttvar":	574,
					"pmtu":	1500,
					"omitted":	false
				}],
			"sum":	{
				"start":	8.0000908374786377,
				"end":	9.0001230239868164,
				"seconds":	1.0000321865081787,
				"bytes":	11796480,
				"bits_per_second":	94368802.597763374,
				"retransmits":	0,
				"omitted":	false
			}
		}, {
			"streams":	[{
					"socket":	6,
					"start":	9.0001230239868164,
					"end":	10.000123977661133,
					"seconds":	1.0000009536743164,
					"bytes":	11796480,
					"bits_per_second":	94371750.000085831,
					"retransmits":	0,
					"snd_cwnd":	3718464,
					"rtt":	295403,
					"rttvar":	361,
					"pmtu":	1500,
					"omitted":	false
				}],
			"sum":	{
				"start":	9.0001230239868164,
				"end":	10.000123977661133,
				"seconds":	1.0000009536743164,
				"bytes":	11796480,
				"bits_per_second":	94371750.000085831,
				"retransmits":	0,
				"omitted":	false
			}
		}, {
			"streams":	[{
					"socket":	6,
					"start":	10.000123977661133,
					"end":	11.000087022781372,
					"seconds":	0.99996304512023926,
					"bytes":	13107200,
					"bits_per_second":	104861475.14320545,
					"retransmits":	0,
					"snd_cwnd":	4316488,
					"rtt":	343173,
					"rttvar":	407,
					"pmtu":	1500,
					"omitted":	false
				}],
			"sum":	{
				"start":	10.000123977661133,
				"end":	11.000087022781372,
				"seconds":	0.99996304512023926,
				"bytes":	13107200,
				"bits_per_second":	104861475.14320545,
				"retransmits":	0,
				"omitted":	false
			}
		}, {
			"streams":	[{
					"socket":	6,
					"start":	11.000087022781372,
					"end":	12.000082969665527,
					"seconds":	0.99999594688415527,
					"bytes":	11796480,
					"bits_per_second":	94372222.501550317,
					"retransmits":	0,
					"snd_cwnd":	4913064,
					"rtt":	391140,
					"rttvar":	750,
					"pmtu":	1500,
					"omitted":	false
				}],
			"sum":	{
				"start":	11.000087022781372,
				"end":	12.000082969665527,
				"seconds":	0.99999594688415527,
				"bytes":	11796480,
				"bits_per_second":	94372222.501550317,
				"retransmits":	0,
				"omitted":	false
			}
		}, {
			"streams":	[{
					"socket":	6,
					"start":	12.000082969665527,
					"end":	13.000036001205444,
					"seconds":	0.999953031539917,
					"bytes":	11796480,
					"bits_per_second":	94376272.708197474,
					"retransmits":	0,
					"snd_cwnd":	5511088,
					"rtt":	438098,
					"rttvar":	373,
					"pmtu":	1500,