{
	"start":	{
		"connected":	[{
				"socket":	6,
				"local_host":	"192.168.1.1",
				"local_port":	52802,
				"remote_host":	"192.168.34.1",
				"remote_port":	5000
			}],
		"version":	"iperf 3.6",
		"system_info":	"Linux ba-thesis 4.19.0-23-amd64 #1 SMP Debian 4.19.269-1 (2022-12-20) x86_64",
		"timestamp":	{
			"time":	"Sun, 04 Jun 2023 13:26:50 GMT",
			"timesecs":	1685885210
		},
		"connecting_to":	{
			"host":	"h4",
			"port":	5000
		},
		"cookie":	"yyagehihvjabgag3362mqm4zblq6yconvnla",
		"tcp_mss_default":	1448,
		"sock_bufsize":	0,
		"sndbuf_actual":	87380,
		"rcvbuf_actual":	87380,
		"test_start":	{
			"protocol":	"TCP",
			"num_streams":	1,
			"blksize":	131072,
			"omit":	0,
			"duration":	0,
			"bytes":	58823542,
			"blocks":	0,
			"reverse":	0,
			"tos":	0
		}
	},
	"intervals":	[{
			"streams":	[{
					"socket":	6,
					"start":	0,
					"end":	1.0000650882720947,
					"seconds":	1.0000650882720947,
					"bytes":	16950192,
					"bits_per_second":	135592710.50476462,
					"retransmits":	0,
					"snd_cwnd":	1382840,
					"rtt":	116655,
					"rttvar":	879,
					"pmtu":	1500,
					"omitted":	false
				}],
			"sum":	{
				"start":	0,
				"end":	1.0000650882720947,
				"seconds":	1.0000650882720947,
				"bytes":	16950192,
				"bits_per_second":	135592710.50476462,
				"retransmits":	0,
				"omitted":	false
			}
		}, {
			"streams":	[{
					"socket":	6,
					"start":	1.0000650882720947,
					"end":	2.0000820159912109,
					"seconds":	1.0000169277191162,
					"bytes":	14417920,
					"bits_per_second":	115341407.53305081,
					"retransmits":	0,
					"snd_cwnd":	1972176,
					"rtt":	173207,
					"rttvar":	532,
					"pmtu":	1500,
					"omitted":	false
				}],
			"sum":	{
				"start":	1.0000650882720947,
				"end":	2.0000820159912109,
				"seconds":	1.0000169277191162,
				"bytes":	14417920,
				"bits_per_second":	115341407.53305081,
				"retransmits":	0,
				"omitted":	false
			}
		}, {
			"streams":	[{
					"socket":	6,
					"start":	2.0000820159912109,
					"end":	3.0001089572906494,
					"seconds":	1.0000269412994385,
					"bytes":	13107200,
					"bits_per_second":	104854775.07610711,
					"retransmits":	0,
					"snd_cwnd":	2568752,
					"rtt":	203952,
					"rttvar":	517,
					"pmtu":	1500,
					"omitted":	false
				}],
			"sum":	{
				"start":	2.0000820159912109,
				"end":	3.0001089572906494,
				"seconds":	1.0000269412994385,
				"bytes":	13107200,
				"bits_per_second":	104854775.07610711,
				"retransmits":	0,
				"omitted":	false
			}
		}, {
			"streams":	[{
					"socket":	6,
					"start":	3.0001089572906494,
					"end":	4.0000700950622559,
					"seconds":	0.99996113777160645,
					"bytes":	13107200,
					"bits_per_second":	104861675.15836973,
					"retransmits":	0,
					"snd_cwnd":	3147952,
					"rtt":	249851,
					"rttvar":	480,
					"pmtu":	1500,
					"omitted":	false
				}],
			"sum":	{
				"start":	3.0001089572906494,
				"end":	4.0000700950622559,
				"seconds":	0.99996113777160645,
				"bytes":	13107200,
				"bits_per_second":	104861675.15836973,
				"retransmits":	0,
				"omitted":	false
			}
		}, {
			"streams":	[{
					"socket":	6,
					"start":	4.0000700950622559,
					"end":	4.06666898727417,
					"seconds":	0.066598892211914062,
					"bytes":	1310720,
					"bits_per_second":	157446462.7224561,
					"retransmits":	0,
					"snd_cwnd":	3188496,
					"rtt":	253039,
					"rttvar":	419,
					"pmtu":	1500,
					"omitted":	false
				}],
			"sum":	{
				"start":	4.0000700950622559,
				"end":	4.06666898727417,
				"seconds":	0.066598892211914062,
				"bytes":	1310720,
				"bits_per_second":	157446462.7224561,
				"retransmits":	0,
				"omitted":	false
			}
		}],
	"end":	{
		"streams":	[{
				"sender":	{
					"socket":	6,
					"start":	0,
					"end":	4.06666898727417,
					"seconds":	4.06666898727417,
					"bytes":	58893232,
					"bits_per_second":	115855472.24875127,
					"retransmits":	0,
					"max_snd_cwnd":	3188496,
					"max_rtt":	253039,
					"min_rtt":	116655,
					"mean_rtt":	199340
				},
				"receiver":	{
					"socket":	6,
					"start":	0,
					"end":	4.3537209033966064,
					"seconds":	4.06666898727417,
					"bytes":	50041432,
					"bits_per_second":	91951566.231008679
				}
			}],
		"sum_sent":	{
			"start":	0,
			"end":	4.06666898727417,
			"seconds":	4.06666898727417,
			"bytes":	58893232,
			"bits_per_second":	115855472.24875127,
			"retransmits":	0
		},
		"sum_received":	{
			"start":	0,
			"end":	4.3537209033966064,
			"seconds":	4.3537209033966064,
			"bytes":	50041432,
			"bits_per_second":	91951566.231008679
		},
		"cpu_utilization_percent":	{
			"host_total":	1.0977187117074869,
			"host_user":	0.092162042569928757,
			"host_system":	1.0055093944299047,
			"remote_total":	0.098089234948510629,
			"remote_user":	0.0039450173833736795,
			"remote_system":	0.094140855811934238
		},
		"sender_tcp_congestion":	"cubic",
		"receiver_tcp_congestion":	"cubic"
	}
}
