{
	"start":	{
		"connected":	[{
				"socket":	6,
				"local_host":	"192.168.6.2",
				"local_port":	52258,
				"remote_host":	"192.168.6.1",
				"remote_port":	5008
			}],
		"version":	"iperf 3.6",
		"system_info":	"Linux ba-thesis 4.19.0-23-amd64 #1 SMP Debian 4.19.269-1 (2022-12-20) x86_64",
		"timestamp":	{
			"time":	"Tue, 13 Jun 2023 02:55:59 GMT",
			"timesecs":	1686624959
		},
		"connecting_to":	{
			"host":	"h1",
			"port":	5008
		},
		"cookie":	"fqnve43i6j2rog24dakue7ndwznbtksmfep5",
		"tcp_mss_default":	1448,
		"sock_bufsize":	0,
		"sndbuf_actual":	87380,
		"rcvbuf_actual":	87380,
		"test_start":	{
			"protocol":	"TCP",
			"num_streams":	1,
			"blksize":	131072,
			"omit":	0,
			"duration":	0,
			"bytes":	73016320,
			"blocks":	0,
			"reverse":	0,
			"tos":	0
		}
	},
	"intervals":	[{
			"streams":	[{
					"socket":	6,
					"start":	0,
					"end":	1.0002591609954834,
					"seconds":	1.0002591609954834,
					"bytes":	79640,
					"bits_per_second":	636954.92612726684,
					"retransmits":	0,
					"snd_cwnd":	14480,
					"rtt":	692199,
					"rttvar":	261928,
					"pmtu":	1500,
					"omitted":	false
				}],
			"sum":	{
				"start":	0,
				"end":	1.0002591609954834,
				"seconds":	1.0002591609954834,
				"bytes":	79640,
				"bits_per_second":	636954.92612726684,
				"retransmits":	0,
				"omitted":	false
			}
		}, {
			"streams":	[{
					"socket":	6,
					"start":	1.0002591609954834,
					"end":	2.000521183013916,
					"seconds":	1.0002620220184326,
					"bytes":	65160,
					"bits_per_second":	521143.44894161541,
					"retransmits":	0,
					"snd_cwnd":	28960,
					"rtt":	691621,
					"rttvar":	62807,
					"pmtu":	1500,
					"omitted":	false
				}],
			"sum":	{
				"start":	1.0002591609954834,
				"end":	2.000521183013916,
				"seconds":	1.0002620220184326,
				"bytes":	65160,
				"bits_per_second":	521143.44894161541,
				"retransmits":	0,
				"omitted":	false
			}
		}, {
			"streams":	[{
					"socket":	6,
					"start":	2.000521183013916,
					"end":	3.0002059936523438,
					"seconds":	0.99968481063842773,
					"bytes":	421368,
					"bits_per_second":	3372006.8206770266,
					"retransmits":	0,
					"snd_cwnd":	99912,
					"rtt":	691874,
					"rttvar":	1356,
					"pmtu":	1500,
					"omitted":	false
				}],
			"sum":	{
				"start":	2.000521183013916,
				"end":	3.0002059936523438,
				"seconds":	0.99968481063842773,
				"bytes":	421368,
				"bits_per_second":	3372006.8206770266,
				"retransmits":	0,
				"omitted":	false
			}
		}, {
			"streams":	[{
					"socket":	6,
					"start":	3.0002059936523438,
					"end":	4.0005090236663818,
					"seconds":	1.0003030300140381,
					"bytes":	334488,
					"bits_per_second":	2675093.3664196208,
					"retransmits":	0,
					"snd_cwnd":	199824,
					"rtt":	692038,
					"rttvar":	308,
					"pmtu":	1500,
					"omitted":	false
				}],
			"sum":	{
				"start":	3.0002059936523438,
				"end":	4.0005090236663818,
				"seconds":	1.0003030300140381,
				"bytes":	334488,
				"bits_per_second":	2675093.3664196208,
				"retransmits":	0,
				"omitted":	false
			}
		}, {
			"streams":	[{
					"socket":	6,
					"start":	4.0005090236663818,
					"end":	5.0001850128173828,
					"seconds":	0.999675989151001,
					"bytes":	3461000,
					"bits_per_second":	27696974.120099358,
					"retransmits":	0,
					"snd_cwnd":	799296,
					"rtt":	693186,
					"rttvar":	41,
					"pmtu":	1500,
					"omitted":	false
				}],
			"sum":	{
				"start":	4.0005090236663818,
				"end":	5.0001850128173828,
				"seconds":	0.999675989151001,
				"bytes":	3461000,
				"bits_per_second":	27696974.120099358,
				"retransmits":	0,
				"omitted":	false
			}
		}, {
			"streams":	[{
					"socket":	6,
					"start":	5.0001850128173828,
					"end":	6.0003421306610107,
					"seconds":	1.0001571178436279,
					"bytes":	3932160,
					"bits_per_second":	31452338.27643295,
					"retransmits":	0,
					"snd_cwnd":	1598592,
					"rtt":	693716,
					"rttvar":	15,
					"pmtu":	1500,
					"omitted":	false
				}],
			"sum":	{
				"start":	5.0001850128173828,
				"end":	6.0003421306610107,
				"seconds":	1.0001571178436279,
				"bytes":	3932160,
				"bits_per_second":	31452338.27643295,
				"retransmits":	0,
				"omitted":	false
			}
		}, {
			"streams":	[{
					"socket":	6,
					"start":	6.0003421306610107,
					"end":	7.0000760555267334,
					"seconds":	0.99973392486572266,
					"bytes":	13107200,
					"bits_per_second":	104885507.42547198,
					"retransmits":	0,
					"snd_cwnd":	10558816,
					"rtt":	339189,
					"rttvar":	14500,
					"pmtu":	1500,
					"omitted":	false
				}],
			"sum":	{
				"start":	6.0003421306610107,
				"end":	7.0000760555267334,
				"seconds":	0.99973392486572266,
				"bytes":	13107200,
				"bits_per_second":	104885507.42547198,
				"retransmits":	0,
				"omitted":	false
			}
		}, {
			"streams":	[{
					"socket":	6,
					"start":	7.0000760555267334,
					"end":	8.00016713142395,
					"seconds":	1.0000910758972168,
					"bytes":	10485760,
					"bits_per_second":	83878440.6957565,
					"retransmits":	0,
					"snd_cwnd":	4203544,
					"rtt":	703480,
					"rttvar":	550,
					"pmtu":	1500,
					"omitted":	false
				}],
			"sum":	{
				"start":	7.0000760555267334,
				"end":	8.00016713142395,
				"seconds":	1.0000910758972168,
				"bytes":	10485760,
				"bits_per_second":	83878440.6957565,
				"retransmits":	0,
				"omitted":	false
			}
		}, {
			"streams":	[{
					"socket":	6,
					"start":	8.00016713142395,
					"end":	9.0001180171966553,
					"seconds":	0.99995088577270508,
					"bytes":	13107200,
					"bits_per_second":	104862750.2529507,
					"retransmits":	0,
					"snd_cwnd":	8310072,
					"rtt":	647462,
					"rttvar":	11084,
					"pmtu":	1500,
					"omitted":	false
				}],
			"sum":	{
				"start":	8.00016713142395,
				"end":	9.0001180171966553,
				"seconds":	0.99995088577270508,
				"bytes":	13107200,
				"bits_per_second":	104862750.2529507,
				"retransmits":	0,
				"omitted":	false
			}
		}, {
			"streams":	[{
					"socket":	6,
					"start":	9.0001180171966553,
					"end":	10.000073194503784,
					"seconds":	0.99995517730712891,
					"bytes":	9175040,
					"bits_per_second":	73403610.147473276,
					"retransmits":	0,
					"snd_cwnd":	5877432,
					"rtt":	702153,
					"rttvar":	53,
					"pmtu":	1500,
					"omitted":	false
				}],
			"sum":	{
				"start":	9.0001180171966553,
				"end":	10.000073194503784,
				"seconds":	0.99995517730712891,
				"bytes":	9175040,
				"bits_per_second":	73403610.147473276,
				"retransmits":	0,
				"omitted":	false
			}
		}, {
			"streams":	[{
					"socket":	6,
					"start":	10.000073194503784,
					"end":	11.000075101852417,
					"seconds":	1.0000019073486328,
					"bytes":	14417920,
					"bits_per_second":	115343140.00041962,
					"retransmits":	0,
					"snd_cwnd":	5555976,
					"rtt":	508829,
					"rttvar":	695,
					"pmtu":	1500,
					"omitted":	false
				}],
			"sum":	{
				"start":	10.000073194503784,
				"end":	11.000075101852417,
				"seconds":	1.0000019073486328,
				"bytes":	14417920,
				"bits_per_second":	115343140.00041962,
				"retransmits":	0,
				"omitted":	false
			}
		}, {
			"streams":	[{
					"socket":	6,
					"start":	11.000075101852417,
					"end":	11.405204057693481,
					"seconds":	0.40512895584106445,
					"bytes":	5242880,
					"bits_per_second":	103530096.7636947,
					"retransmits":	0,
					"snd_cwnd":	4288976,
					"rtt":	487795,
					"rttvar":	1723,
					"pmtu":	1500,
					"omitted":	false
				}],
			"sum":	{
				"start":	11.000075101852417,
				"end":	11.405204057693481,
				"seconds":	0.40512895584106445,
				"bytes":	5242880,
				"bits_per_second":	103530096.7636947,
				"retransmits":	0,
				"omitted":	false
			}
		}],
	"end":	{
		"streams":	[{
				"sender":	{
					"socket":	6,
					"start":	0,
					"end":	11.405204057693481,
					"seconds":	11.405204057693481,
					"bytes":	73829816,
					"bits_per_second":	51786756.730720617,
					"retransmits":	0,
					"max_snd_cwnd":	10558816,
					"max_rtt":	703480,
					"min_rtt":	339189,
					"mean_rtt":	628628
				},