{
	"start":	{
		"connected":	[{
				"socket":	6,
				"local_host":	"192.168.7.2",
				"local_port":	57082,
				"remote_host":	"192.168.7.1",
				"remote_port":	5001
			}],
		"version":	"iperf 3.6",
		"system_info":	"Linux ba-thesis 4.19.0-23-amd64 #1 SMP Debian 4.19.269-1 (2022-12-20) x86_64",
		"timestamp":	{
			"time":	"Sun, 11 Jun 2023 07:12:06 GMT",
			"timesecs":	1686467526
		},
		"connecting_to":	{
			"host":	"h3",
			"port":	5001
		},
		"cookie":	"j666ns5inj5s7rvikmsd36btriuhg2lhk3pq",
		"tcp_mss_default":	1448,
		"sock_bufsize":	0,
		"sndbuf_actual":	87380,
		"rcvbuf_actual":	87380,
		"test_start":	{
			"protocol":	"TCP",
			"num_streams":	1,
			"blksize":	131072,
			"omit":	0,
			"duration":	0,
			"bytes":	109117919,
			"blocks":	0,
			"reverse":	0,
			"tos":	0
		}
	},
	"intervals":	[{
			"streams":	[{
					"socket":	6,
					"start":	0,
					"end":	1.0003359317779541,
					"seconds":	1.0003359317779541,
					"bytes":	2803328,
					"bits_per_second":	22419092.714324359,
					"retransmits":	0,
					"snd_cwnd":	238920,
					"rtt":	167463,
					"rttvar":	1997,
					"pmtu":	1500,
					"omitted":	false
				}],
			"sum":	{
				"start":	0,
				"end":	1.0003359317779541,
				"seconds":	1.0003359317779541,
				"bytes":	2803328,
				"bits_per_second":	22419092.714324359,
				"retransmits":	0,
				"omitted":	false
			}
		}, {
			"streams":	[{
					"socket":	6,
					"start":	1.0003359317779541,
					"end":	2.0001649856567383,
					"seconds":	0.99982905387878418,
					"bytes":	1629000,
					"bits_per_second":	13034228.150745412,
					"retransmits":	0,
					"snd_cwnd":	296840,
					"rtt":	264020,
					"rttvar":	1883,
					"pmtu":	1500,
					"omitted":	false
				}],
			"sum":	{
				"start":	1.0003359317779541,
				"end":	2.0001649856567383,
				"seconds":	0.99982905387878418,
				"bytes":	1629000,
				"bits_per_second":	13034228.150745412,
				"retransmits":	0,
				"omitted":	false
			}
		}, {
			"streams":	[{
					"socket":	6,
					"start":	2.0001649856567383,
					"end":	3.0000710487365723,
					"seconds":	0.999906063079834,
					"bytes":	1368360,
					"bits_per_second":	10947908.412798557,
					"retransmits":	0,
					"snd_cwnd":	346072,
					"rtt":	330949,
					"rttvar":	893,
					"pmtu":	1500,
					"omitted":	false
				}],
			"sum":	{
				"start":	2.0001649856567383,
				"end":	3.0000710487365723,
				"seconds":	0.999906063079834,
				"bytes":	1368360,
				"bits_per_second":	10947908.412798557,
				"retransmits":	0,
				"omitted":	false
			}
		}, {
			"streams":	[{
					"socket":	6,
					"start":	3.0000710487365723,
					"end":	4.0004580020904541,
					"seconds":	1.0003869533538818,
					"bytes":	781920,
					"bits_per_second":	6252940.40373915,
					"retransmits":	0,
					"snd_cwnd":	395304,
					"rtt":	379342,
					"rttvar":	1316,
					"pmtu":	1500,
					"omitted":	false
				}],
			"sum":	{
				"start":	3.0000710487365723,
				"end":	4.0004580020904541,
				"seconds":	1.0003869533538818,
				"bytes":	781920,
				"bits_per_second":	6252940.40373915,
				"retransmits":	0,
				"omitted":	false
			}
		}, {
			"streams":	[{
					"socket":	6,
					"start":	4.0004580020904541,
					"end":	5.0000889301300049,
					"seconds":	0.99963092803955078,
					"bytes":	1759320,
					"bits_per_second":	14079756.443313181,
					"retransmits":	0,
					"snd_cwnd":	444536,
					"rtt":	426671,
					"rttvar":	1409,
					"pmtu":	1500,
					"omitted":	false
				}],
			"sum":	{
				"start":	4.0004580020904541,
				"end":	5.0000889301300049,
				"seconds":	0.99963092803955078,
				"bytes":	1759320,
				"bits_per_second":	14079756.443313181,
				"retransmits":	0,
				"omitted":	false
			}
		}, {
			"streams":	[{
					"socket":	6,
					"start":	5.0000889301300049,
					"end":	6.0003509521484375,
					"seconds":	1.0002620220184326,
					"bytes":	977400,
					"bits_per_second":	7817151.7341242312,
					"retransmits":	0,
					"snd_cwnd":	493768,
					"rtt":	474444,
					"rttvar":	1179,
					"pmtu":	1500,
					"omitted":	false
				}],
			"sum":	{
				"start":	5.0000889301300049,
				"end":	6.0003509521484375,
				"seconds":	1.0002620220184326,
				"bytes":	977400,
				"bits_per_second":	7817151.7341242312,
				"retransmits":	0,
				"omitted":	false
			}
		}, {
			"streams":	[{
					"socket":	6,
					"start":	6.0003509521484375,
					"end":	7.0004818439483643,
					"seconds":	1.0001308917999268,
					"bytes":	1042560,
					"bits_per_second":	8339388.4424364809,
					"retransmits":	0,
					"snd_cwnd":	544448,
					"rtt":	521896,
					"rttvar":	983,
					"pmtu":	1500,
					"omitted":	false
				}],
			"sum":	{
				"start":	6.0003509521484375,
				"end":	7.0004818439483643,
				"seconds":	1.0001308917999268,
				"bytes":	1042560,
				"bits_per_second":	8339388.4424364809,
				"retransmits":	0,
				"omitted":	false
			}
		}, {
			"streams":	[{
					"socket":	6,
					"start":	7.0004818439483643,
					"end":	8.00046992301941,
					"seconds":	0.99998807907104492,
					"bytes":	1107720,
					"bits_per_second":	8861865.6416707244,
					"retransmits":	0,
					"snd_cwnd":	592232,
					"rtt":	569077,
					"rttvar":	1320,
					"pmtu":	1500,
					"omitted":	false
				}],
			"sum":	{
				"start":	7.0004818439483643,
				"end":	8.00046992301941,
				"seconds":	0.99998807907104492,
				"bytes":	1107720,
				"bits_per_second":	8861865.6416707244,
				"retransmits":	0,
				"omitted":	false
			}
		}, {
			"streams":	[{
					"socket":	6,
					"start":	8.00046992301941,
					"end":	9.00036883354187,
					"seconds":	0.99989891052246094,
					"bytes":	1238040,
					"bits_per_second":	9905321.3237574752,
					"retransmits":	0,
					"snd_cwnd":	642912,
					"rtt":	617468,
					"rttvar":	799,
					"pmtu":	1500,
					"omitted":	false
				}],
			"sum":	{
				"start":	8.00046992301941,
				"end":	9.00036883354187,
				"seconds":	0.99989891052246094,
				"bytes":	1238040,
				"bits_per_second":	9905321.3237574752,
				"retransmits":	0,
				"omitted":	false
			}
		}, {
			"streams":	[{
					"socket":	6,
					"start":	9.00036883354187,
					"end":	10.000086069107056,
					"seconds":	0.99971723556518555,
					"bytes":	7864320,
					"bits_per_second":	62932355.03180211,
					"retransmits":	0,
					"snd_cwnd":	941200,
					"rtt":	74040,
					"rttvar":	304,
					"pmtu":	1500,
					"omitted":	false
				}],
			"sum":	{
				"start":	9.00036883354187,
				"end":	10.000086069107056,
				"seconds":	0.99971723556518555,
				"bytes":	7864320,
				"bits_per_second":	62932355.03180211,
				"retransmits":	0,
				"omitted":	false
			}
		}, {
			"streams":	[{
					"socket":	6,
					"start":	10.000086069107056,
					"end":	11.000051021575928,
					"seconds":	0.99996495246887207,
					"bytes":	14417920,
					"bits_per_second":	115347402.64168461,
					"retransmits":	0,
					"snd_cwnd":	1539224,
					"rtt":	121865,
					"rttvar":	411,
					"pmtu":	1500,
					"omitted":	false
				}],
			"sum":	{
				"start":	10.000086069107056,
				"end":	11.000051021575928,
				"seconds":	0.99996495246887207,
				"bytes":	14417920,
				"bits_per_second":	115347402.64168461,
				"retransmits":	0,
				"omitted":	false
			}
		}, {
			"streams":	[{
					"socket":	6,
					"start":	11.000051021575928,
					"end":	12.000117063522339,
					"seconds":	1.0000660419464111,
					"bytes":	13107200,
					"bits_per_second":	104850675.45731027,
					"retransmits":	0,
					"snd_cwnd":	2137248,
					"rtt":	169539,
					"rttvar":	607,
					"pmtu":	1500,
					"omitted":	false
				}],
			"sum":	{
				"start":	11.000051021575928,
				"end":	12.000117063522339,
				"seconds":	1.0000660419464111,
				"bytes":	13107200,
				"bits_per_second":	104850675.45731027,
				"retransmits":	0,
				"omitted":	false
			}
		}, {
			"streams":	[{
					"socket":	6,
					"start":	12.000117063522339,
					"end":	13.000103950500488,
					"seconds":	0.99998688697814941,
					"bytes":	14417920,
					"bits_per_second":	115344872.5198337,
					"retransmits":	0,
					"snd_cwnd":	2735272,
					"rtt":	216880,
					"rttvar":	221,
					"pmtu":	1500,
					"omitted":	false
				}],