{
	"start":	{
		"connected":	[{
				"socket":	6,
				"local_host":	"192.168.6.1",
				"local_port":	47774,
				"remote_host":	"192.168.6.2",
				"remote_port":	5001
			}],
		"version":	"iperf 3.6",
		"system_info":	"Linux ba-thesis 4.19.0-23-amd64 #1 SMP Debian 4.19.269-1 (2022-12-20) x86_64",
		"timestamp":	{
			"time":	"Mon, 12 Jun 2023 13:07:54 GMT",
			"timesecs":	1686575274
		},
		"connecting_to":	{
			"host":	"h2",
			"port":	5001
		},
		"cookie":	"5syfkrlr5fuqyjekvtp6v3mv2hekzvonybfh",
		"tcp_mss_default":	1448,
		"sock_bufsize":	0,
		"sndbuf_actual":	87380,
		"rcvbuf_actual":	87380,
		"test_start":	{
			"protocol":	"TCP",
			"num_streams":	1,
			"blksize":	131072,
			"omit":	0,
			"duration":	0,
			"bytes":	380178432,
			"blocks":	0,
			"reverse":	0,
			"tos":	0
		}
	},
	"intervals":	[{
			"streams":	[{
					"socket":	6,
					"start":	0,
					"end":	1.0001299381256104,
					"seconds":	1.0001299381256104,
					"bytes":	15284480,
					"bits_per_second":	122259953.77076982,
					"retransmits":	0,
					"snd_cwnd":	797848,
					"rtt":	62848,
					"rttvar":	573,
					"pmtu":	1500,
					"omitted":	false
				}],
			"sum":	{
				"start":	0,
				"end":	1.0001299381256104,
				"seconds":	1.0001299381256104,
				"bytes":	15284480,
				"bits_per_second":	122259953.77076982,
				"retransmits":	0,
				"omitted":	false
			}
		}, {
			"streams":	[{
					"socket":	6,
					"start":	1.0001299381256104,
					"end":	2.0000839233398438,
					"seconds":	0.9999539852142334,
					"bytes":	14417920,
					"bits_per_second":	115348667.74423471,
					"retransmits":	0,
					"snd_cwnd":	1395872,
					"rtt":	110624,
					"rttvar":	420,
					"pmtu":	1500,
					"omitted":	false
				}],
			"sum":	{
				"start":	1.0001299381256104,
				"end":	2.0000839233398438,
				"seconds":	0.9999539852142334,
				"bytes":	14417920,
				"bits_per_second":	115348667.74423471,
				"retransmits":	0,
				"omitted":	false
			}
		}, {
			"streams":	[{
					"socket":	6,
					"start":	2.0000839233398438,
					"end":	3.0000810623168945,
					"seconds":	0.99999713897705078,
					"bytes":	14417920,
					"bits_per_second":	115343690.00094414,
					"retransmits":	0,
					"snd_cwnd":	1993896,
					"rtt":	157908,
					"rttvar":	241,
					"pmtu":	1500,
					"omitted":	false
				}],
			"sum":	{
				"start":	2.0000839233398438,
				"end":	3.0000810623168945,
				"seconds":	0.99999713897705078,
				"bytes":	14417920,
				"bits_per_second":	115343690.00094414,
				"retransmits":	0,
				"omitted":	false
			}
		}, {
			"streams":	[{
					"socket":	6,
					"start":	3.0000810623168945,
					"end":	4.0000500679016113,
					"seconds":	0.9999690055847168,
					"bytes":	14417920,
					"bits_per_second":	115346935.11080846,
					"retransmits":	0,
					"snd_cwnd":	2589024,
					"rtt":	205551,
					"rttvar":	554,
					"pmtu":	1500,
					"omitted":	false
				}],
			"sum":	{
				"start":	3.0000810623168945,
				"end":	4.0000500679016113,
				"seconds":	0.9999690055847168,
				"bytes":	14417920,
				"bits_per_second":	115346935.11080846,
				"retransmits":	0,
				"omitted":	false
			}
		}, {
			"streams":	[{
					"socket":	6,
					"start":	4.0000500679016113,
					"end":	5.00009298324585,
					"seconds":	1.0000429153442383,
					"bytes":	11796480,
					"bits_per_second":	94367790.173799679,
					"retransmits":	0,
					"snd_cwnd":	3187048,
					"rtt":	252943,
					"rttvar":	377,
					"pmtu":	1500,
					"omitted":	false
				}],
			"sum":	{
				"start":	4.0000500679016113,
				"end":	5.00009298324585,
				"seconds":	1.0000429153442383,
				"bytes":	11796480,
				"bits_per_second":	94367790.173799679,
				"retransmits":	0,
				"omitted":	false
			}
		}, {
			"streams":	[{
					"socket":	6,
					"start":	5.00009298324585,
					"end":	6.0000569820404053,
					"seconds":	0.99996399879455566,
					"bytes":	11796480,
					"bits_per_second":	94375237.6223185,
					"retransmits":	0,
					"snd_cwnd":	3785072,
					"rtt":	300737,
					"rttvar":	441,
					"pmtu":	1500,
					"omitted":	false
				}],
			"sum":	{
				"start":	5.00009298324585,
				"end":	6.0000569820404053,
				"seconds":	0.99996399879455566,
				"bytes":	11796480,
				"bits_per_second":	94375237.6223185,
				"retransmits":	0,
				"omitted":	false
			}
		}, {
			"streams":	[{
					"socket":	6,
					"start":	6.0000569820404053,
					"end":	7.000032901763916,
					"seconds":	0.99997591972351074,
					"bytes":	11796480,
					"bits_per_second":	94374112.55472374,
					"retransmits":	0,
					"snd_cwnd":	4383096,
					"rtt":	348432,
					"rttvar":	582,
					"pmtu":	1500,
					"omitted":	false
				}],
			"sum":	{
				"start":	6.0000569820404053,
				"end":	7.000032901763916,
				"seconds":	0.99997591972351074,
				"bytes":	11796480,
				"bits_per_second":	94374112.55472374,
				"retransmits":	0,
				"omitted":	false
			}
		}, {
			"streams":	[{
					"socket":	6,
					"start":	7.000032901763916,
					"end":	8.0001358985900879,
					"seconds":	1.0001029968261719,
					"bytes":	11796480,
					"bits_per_second":	94362121.001026049,
					"retransmits":	0,
					"snd_cwnd":	4979672,
					"rtt":	395979,
					"rttvar":	645,
					"pmtu":	1500,
					"omitted":	false
				}],
			"sum":	{
				"start":	7.000032901763916,
				"end":	8.0001358985900879,
				"seconds":	1.0001029968261719,
				"bytes":	11796480,
				"bits_per_second":	94362121.001026049,
				"retransmits":	0,
				"omitted":	false
			}
		}, {
			"streams":	[{
					"socket":	6,
					"start":	8.0001358985900879,
					"end":	9.0000441074371338,
					"seconds":	0.9999082088470459,
					"bytes":	13107200,
					"bits_per_second":	104867225.88357095,
					"retransmits":	0,
					"snd_cwnd":	5577696,
					"rtt":	443591,
					"rttvar":	361,
					"pmtu":	1500,
					"omitted":	false
				}],
			"sum":	{
				"start":	8.0001358985900879,
				"end":	9.0000441074371338,
				"seconds":	0.9999082088470459,
				"bytes":	13107200,
				"bits_per_second":	104867225.88357095,
				"retransmits":	0,
				"omitted":	false
			}
		}, {
			"streams":	[{
					"socket":	6,
					"start":	9.0000441074371338,
					"end":	10.000072956085205,
					"seconds":	1.0000288486480713,
					"bytes":	11796480,
					"bits_per_second":	94369117.578538179,
					"retransmits":	0,
					"snd_cwnd":	6175720,
					"rtt":	491141,
					"rttvar":	587,
					"pmtu":	1500,
					"omitted":	false
				}],
			"sum":	{
				"start":	9.0000441074371338,
				"end":	10.000072956085205,
				"seconds":	1.0000288486480713,
				"bytes":	11796480,
				"bits_per_second":	94369117.578538179,
				"retransmits":	0,
				"omitted":	false
			}
		}, {
			"streams":	[{
					"socket":	6,
					"start":	10.000072956085205,
					"end":	11.000080108642578,
					"seconds":	1.000007152557373,
					"bytes":	11796480,
					"bits_per_second":	94371165.004827946,
					"retransmits":	0,
					"snd_cwnd":	6772296,
					"rtt":	538632,
					"rttvar":	402,
					"pmtu":	1500,
					"omitted":	false
				}],
			"sum":	{
				"start":	10.000072956085205,
				"end":	11.000080108642578,
				"seconds":	1.000007152557373,
				"bytes":	11796480,
				"bits_per_second":	94371165.004827946,
				"retransmits":	0,
				"omitted":	false
			}
		}, {
			"streams":	[{
					"socket":	6,
					"start":	11.000080108642578,
					"end":	12.000041961669922,
					"seconds":	0.99996185302734375,
					"bytes":	11796480,
					"bits_per_second":	94375440.137334347,
					"retransmits":	0,
					"snd_cwnd":	7370320,
					"rtt":	586335,
					"rttvar":	289,
					"pmtu":	1500,
					"omitted":	false
				}],
			"sum":	{
				"start":	11.000080108642578,
				"end":	12.000041961669922,
				"seconds":	0.99996185302734375,
				"bytes":	11796480,
				"bits_per_second":	94375440.137334347,
				"retransmits":	0,
				"omitted":	false
			}
		}, {
			"streams":	[{
					"socket":	6,
					"start":	12.000041961669922,
					"end":	13.00007700920105,
					"seconds":	1.0000350475311279,
					"bytes":	11796480,
					"bits_per_second":	94368532.615915641,
					"retransmits":	0,
					"snd_cwnd":	7968344,
					"rtt":	633998,
					"rttvar":	582,
					"pmtu":	1500,
					"omitted":	false
				}],