{
	"start":	{
		"connected":	[{
				"socket":	6,
				"local_host":	"192.168.5.1",
				"local_port":	60658,
				"remote_host":	"192.168.5.2",
				"remote_port":	5008
			}],
		"version":	"iperf 3.6",
		"system_info":	"Linux ba-thesis 4.19.0-23-amd64 #1 SMP Debian 4.19.269-1 (2022-12-20) x86_64",
		"timestamp":	{
			"time":	"Mon, 12 Jun 2023 13:07:14 GMT",
			"timesecs":	1686575234
		},
		"connecting_to":	{
			"host":	"h1",
			"port":	5008
		},
		"cookie":	"ksf7xq7qa6pgux3kwtusacuz2bugnqs2wue2",
		"tcp_mss_default":	1448,
		"sock_bufsize":	0,
		"sndbuf_actual":	87380,
		"rcvbuf_actual":	87380,
		"test_start":	{
			"protocol":	"TCP",
			"num_streams":	1,
			"blksize":	131072,
			"omit":	0,
			"duration":	0,
			"bytes":	73016320,
			"blocks":	0,
			"reverse":	0,
			"tos":	0
		}
	},
	"intervals":	[{
			"streams":	[{
					"socket":	6,
					"start":	0,
					"end":	1.0001070499420166,
					"seconds":	1.0001070499420166,
					"bytes":	6453736,
					"bits_per_second":	51624361.615082458,
					"retransmits":	0,
					"snd_cwnd":	395304,
					"rtt":	30718,
					"rttvar":	614,
					"pmtu":	1500,
					"omitted":	false
				}],
			"sum":	{
				"start":	0,
				"end":	1.0001070499420166,
				"seconds":	1.0001070499420166,
				"bytes":	6453736,
				"bits_per_second":	51624361.615082458,
				"retransmits":	0,
				"omitted":	false
			}
		}, {
			"streams":	[{
					"socket":	6,
					"start":	1.0001070499420166,
					"end":	2.0001170635223389,
					"seconds":	1.0000100135803223,
					"bytes":	14119680,
					"bits_per_second":	112956308.90292789,
					"retransmits":	0,
					"snd_cwnd":	993328,
					"rtt":	78267,
					"rttvar":	381,
					"pmtu":	1500,
					"omitted":	false
				}],
			"sum":	{
				"start":	1.0001070499420166,
				"end":	2.0001170635223389,
				"seconds":	1.0000100135803223,
				"bytes":	14119680,
				"bits_per_second":	112956308.90292789,
				"retransmits":	0,
				"omitted":	false
			}
		}, {
			"streams":	[{
					"socket":	6,
					"start":	2.0001170635223389,
					"end":	3.0000929832458496,
					"seconds":	0.99997591972351074,
					"bytes":	14417920,
					"bits_per_second":	115346137.56688458,
					"retransmits":	0,
					"snd_cwnd":	1585560,
					"rtt":	132578,
					"rttvar":	2028,
					"pmtu":	1500,
					"omitted":	false
				}],
			"sum":	{
				"start":	2.0001170635223389,
				"end":	3.0000929832458496,
				"seconds":	0.99997591972351074,
				"bytes":	14417920,
				"bits_per_second":	115346137.56688458,
				"retransmits":	0,
				"omitted":	false
			}
		}, {
			"streams":	[{
					"socket":	6,
					"start":	3.0000929832458496,
					"end":	4.0000860691070557,
					"seconds":	0.999993085861206,
					"bytes":	14417920,
					"bits_per_second":	115344157.50551407,
					"retransmits":	0,
					"snd_cwnd":	2183584,
					"rtt":	173169,
					"rttvar":	325,
					"pmtu":	1500,
					"omitted":	false
				}],
			"sum":	{
				"start":	3.0000929832458496,
				"end":	4.0000860691070557,
				"seconds":	0.999993085861206,
				"bytes":	14417920,
				"bits_per_second":	115344157.50551407,
				"retransmits":	0,
				"omitted":	false
			}
		}, {
			"streams":	[{
					"socket":	6,
					"start":	4.0000860691070557,
					"end":	5.0000789165496826,
					"seconds":	0.999992847442627,
					"bytes":	14417920,
					"bits_per_second":	115344185.0059009,
					"retransmits":	0,
					"snd_cwnd":	2781608,
					"rtt":	220804,
					"rttvar":	416,
					"pmtu":	1500,
					"omitted":	false
				}],
			"sum":	{
				"start":	4.0000860691070557,
				"end":	5.0000789165496826,
				"seconds":	0.999992847442627,
				"bytes":	14417920,
				"bits_per_second":	115344185.0059009,
				"retransmits":	0,
				"omitted":	false
			}
		}, {
			"streams":	[{
					"socket":	6,
					"start":	5.0000789165496826,
					"end":	5.8347148895263672,
					"seconds":	0.83463597297668457,
					"bytes":	10485760,
					"bits_per_second":	100506187.98615254,
					"retransmits":	0,
					"snd_cwnd":	3281168,
					"rtt":	260408,
					"rttvar":	177,
					"pmtu":	1500,
					"omitted":	false
				}],
			"sum":	{
				"start":	5.0000789165496826,
				"end":	5.8347148895263672,
				"seconds":	0.83463597297668457,
				"bytes":	10485760,
				"bits_per_second":	100506187.98615254,
				"retransmits":	0,
				"omitted":	false
			}
		}],
	"end":	{
		"streams":	[{
				"sender":	{
					"socket":	6,
					"start":	0,
					"end":	5.8347148895263672,
					"seconds":	5.8347148895263672,
					"bytes":	74312936,
					"bits_per_second":	101890752.03437383,
					"retransmits":	0,
					"max_snd_cwnd":	3281168,
					"max_rtt":	260408,
					"min_rtt":	30718,
					"mean_rtt":	149324
				},
				"receiver":	{
					"socket":	6,
					"start":	0,
					"end":	6.1393861770629883,
					"seconds":	5.8347148895263672,
					"bytes":	65568336,
					"bits_per_second":	85439598.173467085
				}
			}],
		"sum_sent":	{
			"start":	0,
			"end":	5.8347148895263672,
			"seconds":	5.8347148895263672,
			"bytes":	74312936,
			"bits_per_second":	101890752.03437383,
			"retransmits":	0
		},
		"sum_received":	{
			"start":	0,
			"end":	6.1393861770629883,
			"seconds":	6.1393861770629883,
			"bytes":	65568336,
			"bits_per_second":	85439598.173467085
		},
		"cpu_utilization_percent":	{
			"host_total":	0.90029575921877958,
			"host_user":	0.16905080247545265,
			"host_system":	0.7312617326491,
			"remote_total":	0.40284531908138632,
			"remote_user":	0.051251076119136589,
			"remote_system":	0.35159424296224978
		},
		"sender_tcp_congestion":	"cubic",
		"receiver_tcp_congestion":	"cubic"
	}
}
