{
	"start":	{
		"connected":	[{
				"socket":	6,
				"local_host":	"192.168.3.2",
				"local_port":	50880,
				"remote_host":	"192.168.3.1",
				"remote_port":	5000
			}],
		"version":	"iperf 3.6",
		"system_info":	"Linux ba-thesis 4.19.0-23-amd64 #1 SMP Debian 4.19.269-1 (2022-12-20) x86_64",
		"timestamp":	{
			"time":	"Sun, 11 Jun 2023 02:21:14 GMT",
			"timesecs":	1686450074
		},
		"connecting_to":	{
			"host":	"h4",
			"port":	5000
		},
		"cookie":	"kojziv3nfqx6mhqrok4f7cdirmhufwcrspvy",
		"tcp_mss_default":	1448,
		"sock_bufsize":	0,
		"sndbuf_actual":	87380,
		"rcvbuf_actual":	87380,
		"test_start":	{
			"protocol":	"TCP",
			"num_streams":	1,
			"blksize":	131072,
			"omit":	0,
			"duration":	0,
			"bytes":	20095402,
			"blocks":	0,
			"reverse":	0,
			"tos":	0
		}
	},
	"intervals":	[{
			"streams":	[{
					"socket":	6,
					"start":	0,
					"end":	1.0000720024108887,
					"seconds":	1.0000720024108887,
					"bytes":	15284480,
					"bits_per_second":	122267036.47860132,
					"retransmits":	0,
					"snd_cwnd":	796400,
					"rtt":	62953,
					"rttvar":	517,
					"pmtu":	1500,
					"omitted":	false
				}],
			"sum":	{
				"start":	0,
				"end":	1.0000720024108887,
				"seconds":	1.0000720024108887,
				"bytes":	15284480,
				"bits_per_second":	122267036.47860132,
				"retransmits":	0,
				"omitted":	false
			}
		}, {
			"streams":	[{
					"socket":	6,
					"start":	1.0000720024108887,
					"end":	1.3314089775085449,
					"seconds":	0.33133697509765625,
					"bytes":	5242880,
					"bits_per_second":	126587260.560455,
					"retransmits":	0,
					"snd_cwnd":	993328,
					"rtt":	78712,
					"rttvar":	409,
					"pmtu":	1500,
					"omitted":	false
				}],
			"sum":	{
				"start":	1.0000720024108887,
				"end":	1.3314089775085449,
				"seconds":	0.33133697509765625,
				"bytes":	5242880,
				"bits_per_second":	126587260.560455,
				"retransmits":	0,
				"omitted":	false
			}
		}],
	"end":	{
		"streams":	[{
				"sender":	{
					"socket":	6,
					"start":	0,
					"end":	1.3314089775085449,
					"seconds":	1.3314089775085449,
					"bytes":	20527360,
					"bits_per_second":	123342175.67565264,
					"retransmits":	0,
					"max_snd_cwnd":	993328,
					"max_rtt":	78712,
					"min_rtt":	62953,
					"mean_rtt":	70832
				},
				"receiver":	{
					"socket":	6,
					"start":	0,
					"end":	1.4400498867034912,
					"seconds":	1.3314089775085449,
					"bytes":	16384120,
					"bits_per_second":	91019735.642663985
				}
			}],
		"sum_sent":	{
			"start":	0,
			"end":	1.3314089775085449,
			"seconds":	1.3314089775085449,
			"bytes":	20527360,
			"bits_per_second":	123342175.67565264,
			"retransmits":	0
		},
		"sum_received":	{
			"start":	0,
			"end":	1.4400498867034912,
			"seconds":	1.4400498867034912,
			"bytes":	16384120,
			"bits_per_second":	91019735.642663985
		},
		"cpu_utilization_percent":	{
			"host_total":	2.3575816777353027,
			"host_user":	0.13280988457501181,
			"host_system":	2.2247717931602908,
			"remote_total":	0.97505883199920806,
			"remote_user":	0.41241858171975204,
			"remote_system":	0.5625759705753226
		},
		"sender_tcp_congestion":	"cubic",
		"receiver_tcp_congestion":	"cubic"
	}
}
