{
	"start":	{
		"connected":	[{
				"socket":	6,
				"local_host":	"192.168.6.1",
				"local_port":	42662,
				"remote_host":	"192.168.24.1",
				"remote_port":	5007
			}],
		"version":	"iperf 3.6",
		"system_info":	"Linux ba-thesis 4.19.0-23-amd64 #1 SMP Debian 4.19.269-1 (2022-12-20) x86_64",
		"timestamp":	{
			"time":	"Sun, 11 Jun 2023 15:16:40 GMT",
			"timesecs":	1686496600
		},
		"connecting_to":	{
			"host":	"h9",
			"port":	5007
		},
		"cookie":	"5nt25xpu3gyy4ugp76fggw5smqn6z3ggngur",
		"tcp_mss_default":	1448,
		"sock_bufsize":	0,
		"sndbuf_actual":	87380,
		"rcvbuf_actual":	87380,
		"test_start":	{
			"protocol":	"TCP",
			"num_streams":	1,
			"blksize":	131072,
			"omit":	0,
			"duration":	0,
			"bytes":	85563878,
			"blocks":	0,
			"reverse":	0,
			"tos":	0
		}
	},
	"intervals":	[{
			"streams":	[{
					"socket":	6,
					"start":	0,
					"end":	1.0001809597015381,
					"seconds":	1.0001809597015381,
					"bytes":	13723816,
					"bits_per_second":	109770663.93341698,
					"retransmits":	0,
					"snd_cwnd":	867352,
					"rtt":	73586,
					"rttvar":	1595,
					"pmtu":	1500,
					"omitted":	false
				}],
			"sum":	{
				"start":	0,
				"end":	1.0001809597015381,
				"seconds":	1.0001809597015381,
				"bytes":	13723816,
				"bits_per_second":	109770663.93341698,
				"retransmits":	0,
				"omitted":	false
			}
		}, {
			"streams":	[{
					"socket":	6,
					"start":	1.0001809597015381,
					"end":	2.0000488758087158,
					"seconds":	0.99986791610717773,
					"bytes":	11796480,
					"bits_per_second":	94384306.646643221,
					"retransmits":	0,
					"snd_cwnd":	1337952,
					"rtt":	133313,
					"rttvar":	345,
					"pmtu":	1500,
					"omitted":	false
				}],
			"sum":	{
				"start":	1.0001809597015381,
				"end":	2.0000488758087158,
				"seconds":	0.99986791610717773,
				"bytes":	11796480,
				"bits_per_second":	94384306.646643221,
				"retransmits":	0,
				"omitted":	false
			}
		}, {
			"streams":	[{
					"socket":	6,
					"start":	2.0000488758087158,
					"end":	3.0000929832458496,
					"seconds":	1.0000441074371338,
					"bytes":	7864320,
					"bits_per_second":	62911785.122392736,
					"retransmits":	0,
					"snd_cwnd":	1720224,
					"rtt":	212904,
					"rttvar":	262,
					"pmtu":	1500,
					"omitted":	false
				}],
			"sum":	{
				"start":	2.0000488758087158,
				"end":	3.0000929832458496,
				"seconds":	1.0000441074371338,
				"bytes":	7864320,
				"bits_per_second":	62911785.122392736,
				"retransmits":	0,
				"omitted":	false
			}
		}, {
			"streams":	[{
					"socket":	6,
					"start":	3.0000929832458496,
					"end":	4.0000970363616943,
					"seconds":	1.0000040531158447,
					"bytes":	9175040,
					"bits_per_second":	73400022.5012058,
					"retransmits":	0,
					"snd_cwnd":	2093808,
					"rtt":	268130,
					"rttvar":	495,
					"pmtu":	1500,
					"omitted":	false
				}],
			"sum":	{
				"start":	3.0000929832458496,
				"end":	4.0000970363616943,
				"seconds":	1.0000040531158447,
				"bytes":	9175040,
				"bits_per_second":	73400022.5012058,
				"retransmits":	0,
				"omitted":	false
			}
		}, {
			"streams":	[{
					"socket":	6,
					"start":	4.0000970363616943,
					"end":	5.0000550746917725,
					"seconds":	0.99995803833007812,
					"bytes":	9175040,
					"bits_per_second":	73403400.129247367,
					"retransmits":	0,
					"snd_cwnd":	2465944,
					"rtt":	314950,
					"rttvar":	355,
					"pmtu":	1500,
					"omitted":	false
				}],
			"sum":	{
				"start":	4.0000970363616943,
				"end":	5.0000550746917725,
				"seconds":	0.99995803833007812,
				"bytes":	9175040,
				"bits_per_second":	73403400.129247367,
				"retransmits":	0,
				"omitted":	false
			}
		}, {
			"streams":	[{
					"socket":	6,
					"start":	5.0000550746917725,
					"end":	6.0000500679016113,
					"seconds":	0.99999499320983887,
					"bytes":	9175040,
					"bits_per_second":	73400687.50184001,
					"retransmits":	0,
					"snd_cwnd":	2836632,
					"rtt":	363370,
					"rttvar":	543,
					"pmtu":	1500,
					"omitted":	false
				}],
			"sum":	{
				"start":	5.0000550746917725,
				"end":	6.0000500679016113,
				"seconds":	0.99999499320983887,
				"bytes":	9175040,
				"bits_per_second":	73400687.50184001,
				"retransmits":	0,
				"omitted":	false
			}
		}, {
			"streams":	[{
					"socket":	6,
					"start":	6.0000500679016113,
					"end":	7.0001070499420166,
					"seconds":	1.0000569820404053,
					"bytes":	6553600,
					"bits_per_second":	52425812.670224145,
					"retransmits":	0,
					"snd_cwnd":	3205872,
					"rtt":	413131,
					"rttvar":	722,
					"pmtu":	1500,
					"omitted":	false
				}],
			"sum":	{
				"start":	6.0000500679016113,
				"end":	7.0001070499420166,
				"seconds":	1.0000569820404053,
				"bytes":	6553600,
				"bits_per_second":	52425812.670224145,
				"retransmits":	0,
				"omitted":	false
			}
		}, {
			"streams":	[{
					"socket":	6,
					"start":	7.0001070499420166,
					"end":	8.0000669956207275,
					"seconds":	0.99995994567871094,
					"bytes":	7864320,
					"bits_per_second":	62917080.100940935,
					"retransmits":	0,
					"snd_cwnd":	3573664,
					"rtt":	463120,
					"rttvar":	359,
					"pmtu":	1500,
					"omitted":	false
				}],
			"sum":	{
				"start":	7.0001070499420166,
				"end":	8.0000669956207275,
				"seconds":	0.99995994567871094,
				"bytes":	7864320,
				"bits_per_second":	62917080.100940935,
				"retransmits":	0,
				"omitted":	false
			}
		}, {
			"streams":	[{
					"socket":	6,
					"start":	8.0000669956207275,
					"end":	9.0000729560852051,
					"seconds":	1.0000059604644775,
					"bytes":	7864320,
					"bits_per_second":	62914185.002235159,
					"retransmits":	0,
					"snd_cwnd":	3982000,
					"rtt":	390054,
					"rttvar":	2540,
					"pmtu":	1500,
					"omitted":	false
				}],
			"sum":	{
				"start":	8.0000669956207275,
				"end":	9.0000729560852051,
				"seconds":	1.0000059604644775,
				"bytes":	7864320,
				"bits_per_second":	62914185.002235159,
				"retransmits":	0,
				"omitted":	false
			}
		}, {
			"streams":	[{
					"socket":	6,
					"start":	9.0000729560852051,
					"end":	9.1648108959198,
					"seconds":	0.16473793983459473,
					"bytes":	2621440,
					"bits_per_second":	127302308.26642893,
					"retransmits":	0,
					"snd_cwnd":	4080464,
					"rtt":	324612,
					"rttvar":	259,
					"pmtu":	1500,
					"omitted":	false
				}],
			"sum":	{
				"start":	9.0000729560852051,
				"end":	9.1648108959198,
				"seconds":	0.16473793983459473,
				"bytes":	2621440,
				"bits_per_second":	127302308.26642893,
				"retransmits":	0,
				"omitted":	false
			}
		}],
	"end":	{
		"streams":	[{
				"sender":	{
					"socket":	6,
					"start":	0,
					"end":	9.1648108959198,
					"seconds":	9.1648108959198,
					"bytes":	85813416,
					"bits_per_second":	74906873.2346278,
					"retransmits":	0,
					"max_snd_cwnd":	4080464,
					"max_rtt":	463120,
					"min_rtt":	73586,
					"mean_rtt":	295717
				},
				"receiver":	{
					"socket":	6,
					"start":	0,
					"end":	9.5260751247406,
					"seconds":	9.1648108959198,
					"bytes":	78021136,
					"bits_per_second":	65522167.29626058
				}
			}],
		"sum_sent":	{
			"start":	0,
			"end":	9.1648108959198,
			"seconds":	9.1648108959198,
			"bytes":	85813416,
			"bits_per_second":	74906873.2346278,
			"retransmits":	0
		},
		"sum_received":	{
			"start":	0,
			"end":	9.5260751247406,
			"seconds":	9.5260751247406,
			"bytes":	78021136,
			"bits_per_second":	65522167.29626058
		},
		"cpu_utilization_percent":	{
			"host_total":	0.66432589873518733,
			"host_user":	0.015447702804974246,
			"host_system":	0.64886752762717093,
			"remote_total":	1.0888685021696658,
			"remote_user":	0.017662100602914288,
			"remote_system":	1.0711961329036104
		},
		"sender_tcp_congestion":	"cubic",
		"receiver_tcp_congestion":	"cubic"
	}
}
