{
	"start":	{
		"connected":	[{
				"socket":	6,
				"local_host":	"192.168.2.1",
				"local_port":	51552,
				"remote_host":	"192.168.24.1",
				"remote_port":	5000
			}],
		"version":	"iperf 3.6",
		"system_info":	"Linux ba-thesis 4.19.0-23-amd64 #1 SMP Debian 4.19.269-1 (2022-12-20) x86_64",
		"timestamp":	{
			"time":	"Sun, 11 Jun 2023 20:55:06 GMT",
			"timesecs":	1686516906
		},
		"connecting_to":	{
			"host":	"h5",
			"port":	5000
		},
		"cookie":	"twk5f37yr6kmwf7drtb7dyv4qeflktb737z7",
		"tcp_mss_default":	1448,
		"sock_bufsize":	0,
		"sndbuf_actual":	87380,
		"rcvbuf_actual":	87380,
		"test_start":	{
			"protocol":	"TCP",
			"num_streams":	1,
			"blksize":	131072,
			"omit":	0,
			"duration":	0,
			"bytes":	33503762,
			"blocks":	0,
			"reverse":	0,
			"tos":	0
		}
	},
	"intervals":	[{
			"streams":	[{
					"socket":	6,
					"start":	0,
					"end":	1.0000569820404053,
					"seconds":	1.0000569820404053,
					"bytes":	16950192,
					"bits_per_second":	135593809.58806336,
					"retransmits":	0,
					"snd_cwnd":	1397320,
					"rtt":	113058,
					"rttvar":	645,
					"pmtu":	1500,
					"omitted":	false
				}],
			"sum":	{
				"start":	0,
				"end":	1.0000569820404053,
				"seconds":	1.0000569820404053,
				"bytes":	16950192,
				"bits_per_second":	135593809.58806336,
				"retransmits":	0,
				"omitted":	false
			}
		}, {
			"streams":	[{
					"socket":	6,
					"start":	1.0000569820404053,
					"end":	2.00006103515625,
					"seconds":	1.0000040531158447,
					"bytes":	14417920,
					"bits_per_second":	115342892.50189482,
					"retransmits":	0,
					"snd_cwnd":	1995344,
					"rtt":	158324,
					"rttvar":	501,
					"pmtu":	1500,
					"omitted":	false
				}],
			"sum":	{
				"start":	1.0000569820404053,
				"end":	2.00006103515625,
				"seconds":	1.0000040531158447,
				"bytes":	14417920,
				"bits_per_second":	115342892.50189482,
				"retransmits":	0,
				"omitted":	false
			}
		}, {
			"streams":	[{
					"socket":	6,
					"start":	2.00006103515625,
					"end":	2.1524529457092285,
					"seconds":	0.15239191055297852,
					"bytes":	2621440,
					"bits_per_second":	137615703.64136437,
					"retransmits":	0,
					"snd_cwnd":	2086568,
					"rtt":	165348,
					"rttvar":	441,
					"pmtu":	1500,
					"omitted":	false
				}],
			"sum":	{
				"start":	2.00006103515625,
				"end":	2.1524529457092285,
				"seconds":	0.15239191055297852,
				"bytes":	2621440,
				"bits_per_second":	137615703.64136437,
				"retransmits":	0,
				"omitted":	false
			}
		}],
	"end":	{
		"streams":	[{
				"sender":	{
					"socket":	6,
					"start":	0,
					"end":	2.1524529457092285,
					"seconds":	2.1524529457092285,
					"bytes":	33989552,
					"bits_per_second":	126328622.6730518,
					"retransmits":	0,
					"max_snd_cwnd":	2086568,
					"max_rtt":	165348,
					"min_rtt":	113058,
					"mean_rtt":	145576
				},
				"receiver":	{
					"socket":	6,
					"start":	0,
					"end":	2.3484189510345459,
					"seconds":	2.1524529457092285,
					"bytes":	26728632,
					"bits_per_second":	91052346.475828841
				}
			}],
		"sum_sent":	{
			"start":	0,
			"end":	2.1524529457092285,
			"seconds":	2.1524529457092285,
			"bytes":	33989552,
			"bits_per_second":	126328622.6730518,
			"retransmits":	0
		},
		"sum_received":	{
			"start":	0,
			"end":	2.3484189510345459,
			"seconds":	2.3484189510345459,
			"bytes":	26728632,
			"bits_per_second":	91052346.475828841
		},
		"cpu_utilization_percent":	{
			"host_total":	1.899712996104115,
			"host_user":	0.31241277829520636,
			"host_system":	1.5871708007507916,
			"remote_total":	0.63745690526238341,
			"remote_user":	0.23877546186522039,
			"remote_system":	0.39868144339716305
		},
		"sender_tcp_congestion":	"cubic",
		"receiver_tcp_congestion":	"cubic"
	}
}
