{
	"start":	{
		"connected":	[{
				"socket":	6,
				"local_host":	"192.168.9.2",
				"local_port":	33900,
				"remote_host":	"192.168.9.1",
				"remote_port":	5003
			}],
		"version":	"iperf 3.6",
		"system_info":	"Linux ba-thesis 4.19.0-23-amd64 #1 SMP Debian 4.19.269-1 (2022-12-20) x86_64",
		"timestamp":	{
			"time":	"Sun, 11 Jun 2023 15:08:35 GMT",
			"timesecs":	1686496115
		},
		"connecting_to":	{
			"host":	"h9",
			"port":	5003
		},
		"cookie":	"uvcjc27spqvm556fw75zsbcdh4iicajbyafi",
		"tcp_mss_default":	1448,
		"sock_bufsize":	0,
		"sndbuf_actual":	87380,
		"rcvbuf_actual":	87380,
		"test_start":	{
			"protocol":	"TCP",
			"num_streams":	1,
			"blksize":	131072,
			"omit":	0,
			"duration":	0,
			"bytes":	105035283,
			"blocks":	0,
			"reverse":	0,
			"tos":	0
		}
	},
	"intervals":	[{
			"streams":	[{
					"socket":	6,
					"start":	0,
					"end":	1.0000967979431152,
					"seconds":	1.0000967979431152,
					"bytes":	15660960,
					"bits_per_second":	125275553.58409044,
					"retransmits":	0,
					"snd_cwnd":	793504,
					"rtt":	62399,
					"rttvar":	670,
					"pmtu":	1500,
					"omitted":	false
				}],
			"sum":	{
				"start":	0,
				"end":	1.0000967979431152,
				"seconds":	1.0000967979431152,
				"bytes":	15660960,
				"bits_per_second":	125275553.58409044,
				"retransmits":	0,
				"omitted":	false
			}
		}, {
			"streams":	[{
					"socket":	6,
					"start":	1.0000967979431152,
					"end":	2.0000748634338379,
					"seconds":	0.99997806549072266,
					"bytes":	14417920,
					"bits_per_second":	115345890.05549553,
					"retransmits":	0,
					"snd_cwnd":	1390080,
					"rtt":	109890,
					"rttvar":	398,
					"pmtu":	1500,
					"omitted":	false
				}],
			"sum":	{
				"start":	1.0000967979431152,
				"end":	2.0000748634338379,
				"seconds":	0.99997806549072266,
				"bytes":	14417920,
				"bits_per_second":	115345890.05549553,
				"retransmits":	0,
				"omitted":	false
			}
		}, {
			"streams":	[{
					"socket":	6,
					"start":	2.0000748634338379,
					"end":	3.0001099109649658,
					"seconds":	1.0000350475311279,
					"bytes":	13107200,
					"bits_per_second":	104853925.12879516,
					"retransmits":	0,
					"snd_cwnd":	1988104,
					"rtt":	157620,
					"rttvar":	581,
					"pmtu":	1500,
					"omitted":	false
				}],
			"sum":	{
				"start":	2.0000748634338379,
				"end":	3.0001099109649658,
				"seconds":	1.0000350475311279,
				"bytes":	13107200,
				"bits_per_second":	104853925.12879516,
				"retransmits":	0,
				"omitted":	false
			}
		}, {
			"streams":	[{
					"socket":	6,
					"start":	3.0001099109649658,
					"end":	4.0001239776611328,
					"seconds":	1.000014066696167,
					"bytes":	14417920,
					"bits_per_second":	115341737.52282289,
					"retransmits":	0,
					"snd_cwnd":	2586128,
					"rtt":	205253,
					"rttvar":	649,
					"pmtu":	1500,
					"omitted":	false
				}],
			"sum":	{
				"start":	3.0001099109649658,
				"end":	4.0001239776611328,
				"seconds":	1.000014066696167,
				"bytes":	14417920,
				"bits_per_second":	115341737.52282289,
				"retransmits":	0,
				"omitted":	false
			}
		}, {
			"streams":	[{
					"socket":	6,
					"start":	4.0001239776611328,
					"end":	5.0000789165496826,
					"seconds":	0.9999549388885498,
					"bytes":	13107200,
					"bits_per_second":	104862325.21292335,
					"retransmits":	0,
					"snd_cwnd":	3182704,
					"rtt":	252779,
					"rttvar":	414,
					"pmtu":	1500,
					"omitted":	false
				}],
			"sum":	{
				"start":	4.0001239776611328,
				"end":	5.0000789165496826,
				"seconds":	0.9999549388885498,
				"bytes":	13107200,
				"bits_per_second":	104862325.21292335,
				"retransmits":	0,
				"omitted":	false
			}
		}, {
			"streams":	[{
					"socket":	6,
					"start":	5.0000789165496826,
					"end":	6.0000319480896,
					"seconds":	0.999953031539917,
					"bytes":	11796480,
					"bits_per_second":	94376272.708197474,
					"retransmits":	0,
					"snd_cwnd":	3780728,
					"rtt":	300454,
					"rttvar":	533,
					"pmtu":	1500,
					"omitted":	false
				}],
			"sum":	{
				"start":	5.0000789165496826,
				"end":	6.0000319480896,
				"seconds":	0.999953031539917,
				"bytes":	11796480,
				"bits_per_second":	94376272.708197474,
				"retransmits":	0,
				"omitted":	false
			}
		}, {
			"streams":	[{
					"socket":	6,
					"start":	6.0000319480896,
					"end":	7.0001058578491211,
					"seconds":	1.0000739097595215,
					"bytes":	11796480,
					"bits_per_second":	94364865.51548247,
					"retransmits":	0,
					"snd_cwnd":	4378752,
					"rtt":	347930,
					"rttvar":	572,
					"pmtu":	1500,
					"omitted":	false
				}],
			"sum":	{
				"start":	6.0000319480896,
				"end":	7.0001058578491211,
				"seconds":	1.0000739097595215,
				"bytes":	11796480,
				"bits_per_second":	94364865.51548247,
				"retransmits":	0,
				"omitted":	false
			}
		}, {
			"streams":	[{
					"socket":	6,
					"start":	7.0001058578491211,
					"end":	7.920123815536499,
					"seconds":	0.92001795768737793,
					"bytes":	11796480,
					"bits_per_second":	102576084.75080173,
					"retransmits":	0,
					"snd_cwnd":	4928992,
					"rtt":	391982,
					"rttvar":	675,
					"pmtu":	1500,
					"omitted":	false
				}],
			"sum":	{
				"start":	7.0001058578491211,
				"end":	7.920123815536499,
				"seconds":	0.92001795768737793,
				"bytes":	11796480,
				"bits_per_second":	102576084.75080173,
				"retransmits":	0,
				"omitted":	false
			}
		}],
	"end":	{
		"streams":	[{
				"sender":	{
					"socket":	6,
					"start":	0,
					"end":	7.920123815536499,
					"seconds":	7.920123815536499,
					"bytes":	106100640,
					"bits_per_second":	107170688.20754325,
					"retransmits":	0,
					"max_snd_cwnd":	4928992,
					"max_rtt":	391982,
					"min_rtt":	62399,
					"mean_rtt":	228538
				},
				"receiver":	{
					"socket":	6,
					"start":	0,
					"end":	8.3630580902099609,
					"seconds":	7.920123815536499,
					"bytes":	99137320,
					"bits_per_second":	94833558.66299963
				}
			}],
		"sum_sent":	{
			"start":	0,
			"end":	7.920123815536499,
			"seconds":	7.920123815536499,
			"bytes":	106100640,
			"bits_per_second":	107170688.20754325,
			"retransmits":	0
		},
		"sum_received":	{
			"start":	0,
			"end":	8.3630580902099609,
			"seconds":	8.3630580902099609,
			"bytes":	99137320,
			"bits_per_second":	94833558.66299963
		},
		"cpu_utilization_percent":	{
			"host_total":	0.73292201096735343,
			"host_user":	0.19737009752280515,
			"host_system":	0.53552705261855971,
			"remote_total":	1.2615816538764635,
			"remote_user":	0.27588688212882873,
			"remote_system":	0.98569477174763453
		},
		"sender_tcp_congestion":	"cubic",
		"receiver_tcp_congestion":	"cubic"
	}
}
