{
	"start":	{
		"connected":	[{
				"socket":	6,
				"local_host":	"192.168.12.2",
				"local_port":	47424,
				"remote_host":	"192.168.20.1",
				"remote_port":	5008
			}],
		"version":	"iperf 3.6",
		"system_info":	"Linux ba-thesis 4.19.0-23-amd64 #1 SMP Debian 4.19.269-1 (2022-12-20) x86_64",
		"timestamp":	{
			"time":	"Sun, 11 Jun 2023 15:10:30 GMT",
			"timesecs":	1686496230
		},
		"connecting_to":	{
			"host":	"h5",
			"port":	5008
		},
		"cookie":	"xojtmmmmvp2ci6denqwxcukal5a6i4atkovu",
		"tcp_mss_default":	1448,
		"sock_bufsize":	0,
		"sndbuf_actual":	87380,
		"rcvbuf_actual":	87380,
		"test_start":	{
			"protocol":	"TCP",
			"num_streams":	1,
			"blksize":	131072,
			"omit":	0,
			"duration":	0,
			"bytes":	147246290,
			"blocks":	0,
			"reverse":	0,
			"tos":	0
		}
	},
	"intervals":	[{
			"streams":	[{
					"socket":	6,
					"start":	0,
					"end":	1.0000338554382324,
					"seconds":	1.0000338554382324,
					"bytes":	16950192,
					"bits_per_second":	135596945.30599368,
					"retransmits":	0,
					"snd_cwnd":	1390080,
					"rtt":	109850,
					"rttvar":	393,
					"pmtu":	1500,
					"omitted":	false
				}],
			"sum":	{
				"start":	0,
				"end":	1.0000338554382324,
				"seconds":	1.0000338554382324,
				"bytes":	16950192,
				"bits_per_second":	135596945.30599368,
				"retransmits":	0,
				"omitted":	false
			}
		}, {
			"streams":	[{
					"socket":	6,
					"start":	1.0000338554382324,
					"end":	2.0000348091125488,
					"seconds":	1.0000009536743164,
					"bytes":	14417920,
					"bits_per_second":	115343250.0001049,
					"retransmits":	0,
					"snd_cwnd":	1986656,
					"rtt":	157526,
					"rttvar":	656,
					"pmtu":	1500,
					"omitted":	false
				}],
			"sum":	{
				"start":	1.0000338554382324,
				"end":	2.0000348091125488,
				"seconds":	1.0000009536743164,
				"bytes":	14417920,
				"bits_per_second":	115343250.0001049,
				"retransmits":	0,
				"omitted":	false
			}
		}, {
			"streams":	[{
					"socket":	6,
					"start":	2.0000348091125488,
					"end":	3.0000729560852051,
					"seconds":	1.0000381469726562,
					"bytes":	14417920,
					"bits_per_second":	115338960.16784027,
					"retransmits":	0,
					"snd_cwnd":	2584680,
					"rtt":	205166,
					"rttvar":	690,
					"pmtu":	1500,
					"omitted":	false
				}],
			"sum":	{
				"start":	2.0000348091125488,
				"end":	3.0000729560852051,
				"seconds":	1.0000381469726562,
				"bytes":	14417920,
				"bits_per_second":	115338960.16784027,
				"retransmits":	0,
				"omitted":	false
			}
		}, {
			"streams":	[{
					"socket":	6,
					"start":	3.0000729560852051,
					"end":	4.0000519752502441,
					"seconds":	0.99997901916503906,
					"bytes":	11796480,
					"bits_per_second":	94373820.041542917,
					"retransmits":	0,
					"snd_cwnd":	3182704,
					"rtt":	252682,
					"rttvar":	400,
					"pmtu":	1500,
					"omitted":	false
				}],
			"sum":	{
				"start":	3.0000729560852051,
				"end":	4.0000519752502441,
				"seconds":	0.99997901916503906,
				"bytes":	11796480,
				"bits_per_second":	94373820.041542917,
				"retransmits":	0,
				"omitted":	false
			}
		}, {
			"streams":	[{
					"socket":	6,
					"start":	4.0000519752502441,
					"end":	5.0000298023223877,
					"seconds":	0.99997782707214355,
					"bytes":	13107200,
					"bits_per_second":	104859925.0515532,
					"retransmits":	0,
					"snd_cwnd":	3780728,
					"rtt":	300461,
					"rttvar":	641,
					"pmtu":	1500,
					"omitted":	false
				}],
			"sum":	{
				"start":	4.0000519752502441,
				"end":	5.0000298023223877,
				"seconds":	0.99997782707214355,
				"bytes":	13107200,
				"bits_per_second":	104859925.0515532,
				"retransmits":	0,
				"omitted":	false
			}
		}, {
			"streams":	[{
					"socket":	6,
					"start":	5.0000298023223877,
					"end":	6.0000808238983154,
					"seconds":	1.0000510215759277,
					"bytes":	11796480,
					"bits_per_second":	94367025.245656356,
					"retransmits":	0,
					"snd_cwnd":	4377304,
					"rtt":	347664,
					"rttvar":	170,
					"pmtu":	1500,
					"omitted":	false
				}],
			"sum":	{
				"start":	5.0000298023223877,
				"end":	6.0000808238983154,
				"seconds":	1.0000510215759277,
				"bytes":	11796480,
				"bits_per_second":	94367025.245656356,
				"retransmits":	0,
				"omitted":	false
			}
		}, {
			"streams":	[{
					"socket":	6,
					"start":	6.0000808238983154,
					"end":	7.00005578994751,
					"seconds":	0.99997496604919434,
					"bytes":	11796480,
					"bits_per_second":	94374202.559144184,
					"retransmits":	0,
					"snd_cwnd":	4975328,
					"rtt":	395528,
					"rttvar":	342,
					"pmtu":	1500,
					"omitted":	false
				}],
			"sum":	{
				"start":	6.0000808238983154,
				"end":	7.00005578994751,
				"seconds":	0.99997496604919434,
				"bytes":	11796480,
				"bits_per_second":	94374202.559144184,
				"retransmits":	0,
				"omitted":	false
			}
		}, {
			"streams":	[{
					"socket":	6,
					"start":	7.00005578994751,
					"end":	8.0000858306884766,
					"seconds":	1.0000300407409668,
					"bytes":	11796480,
					"bits_per_second":	94369005.085162938,
					"retransmits":	0,
					"snd_cwnd":	5573352,
					"rtt":	443198,
					"rttvar":	460,
					"pmtu":	1500,
					"omitted":	false
				}],
			"sum":	{
				"start":	7.00005578994751,
				"end":	8.0000858306884766,
				"seconds":	1.0000300407409668,
				"bytes":	11796480,
				"bits_per_second":	94369005.085162938,
				"retransmits":	0,
				"omitted":	false
			}
		}, {
			"streams":	[{
					"socket":	6,
					"start":	8.0000858306884766,
					"end":	9.0000460147857666,
					"seconds":	0.99996018409729,
					"bytes":	11796480,
					"bits_per_second":	94375597.649614215,
					"retransmits":	0,
					"snd_cwnd":	6171376,
					"rtt":	490983,
					"rttvar":	497,
					"pmtu":	1500,
					"omitted":	false
				}],
			"sum":	{
				"start":	8.0000858306884766,
				"end":	9.0000460147857666,
				"seconds":	0.99996018409729,
				"bytes":	11796480,
				"bits_per_second":	94375597.649614215,
				"retransmits":	0,
				"omitted":	false
			}
		}, {
			"streams":	[{
					"socket":	6,
					"start":	9.0000460147857666,
					"end":	10.000082015991211,
					"seconds":	1.0000360012054443,
					"bytes":	11796480,
					"bits_per_second":	94368442.622309685,
					"retransmits":	0,
					"snd_cwnd":	6767952,
					"rtt":	538483,
					"rttvar":	430,
					"pmtu":	1500,
					"omitted":	false
				}],
			"sum":	{
				"start":	9.0000460147857666,
				"end":	10.000082015991211,
				"seconds":	1.0000360012054443,
				"bytes":	11796480,
				"bits_per_second":	94368442.622309685,
				"retransmits":	0,
				"omitted":	false
			}
		}, {
			"streams":	[{
					"socket":	6,
					"start":	10.000082015991211,
					"end":	11.00003981590271,
					"seconds":	0.999957799911499,
					"bytes":	11796480,
					"bits_per_second":	94375822.668068945,
					"retransmits":	0,
					"snd_cwnd":	7365976,
					"rtt":	585955,
					"rttvar":	454,
					"pmtu":	1500,
					"omitted":	false
				}],
			"sum":	{
				"start":	10.000082015991211,
				"end":	11.00003981590271,
				"seconds":	0.999957799911499,
				"bytes":	11796480,
				"bits_per_second":	94375822.668068945,
				"retransmits":	0,
				"omitted":	false
			}
		}, {
			"streams":	[{
					"socket":	6,
					"start":	11.00003981590271,
					"end":	11.493810892105103,
					"seconds":	0.49377107620239258,
					"bytes":	6553600,
					"bits_per_second":	106180378.97892156,
					"retransmits":	0,
					"snd_cwnd":	7661368,
					"rtt":	609332,
					"rttvar":	223,
					"pmtu":	1500,
					"omitted":	false
				}],
			"sum":	{
				"start":	11.00003981590271,
				"end":	11.493810892105103,
				"seconds":	0.49377107620239258,
				"bytes":	6553600,
				"bits_per_second":	106180378.97892156,
				"retransmits":	0,
				"omitted":	false
			}
		}],
	"end":	{
		"streams":	[{
				"sender":	{
					"socket":	6,
					"start":	0,
					"end":	11.493810892105103,
					"seconds":	11.493810892105103,
					"bytes":	148022192,
					"bits_per_second":	103027407.28172158,
					"retransmits":	0,
					"max_snd_cwnd":	7661368,
					"max_rtt":	609332,
					"min_rtt":	109850,