{
	"start":	{
		"connected":	[{
				"socket":	6,
				"local_host":	"192.168.2.2",
				"local_port":	49840,
				"remote_host":	"192.168.20.1",
				"remote_port":	5000
			}],
		"version":	"iperf 3.6",
		"system_info":	"Linux ba-thesis 4.19.0-23-amd64 #1 SMP Debian 4.19.269-1 (2022-12-20) x86_64",
		"timestamp":	{
			"time":	"Sun, 11 Jun 2023 15:24:46 GMT",
			"timesecs":	1686497086
		},
		"connecting_to":	{
			"host":	"h5",
			"port":	5000
		},
		"cookie":	"oiofi6wktvzaaulpk6hgc6szkl7wubhi4ca7",
		"tcp_mss_default":	1448,
		"sock_bufsize":	0,
		"sndbuf_actual":	87380,
		"rcvbuf_actual":	87380,
		"test_start":	{
			"protocol":	"TCP",
			"num_streams":	1,
			"blksize":	131072,
			"omit":	0,
			"duration":	0,
			"bytes":	33503762,
			"blocks":	0,
			"reverse":	0,
			"tos":	0
		}
	},
	"intervals":	[{
			"streams":	[{
					"socket":	6,
					"start":	0,
					"end":	1.0000810623168945,
					"seconds":	1.0000810623168945,
					"bytes":	4820392,
					"bits_per_second":	38560010.236230776,
					"retransmits":	0,
					"snd_cwnd":	369240,
					"rtt":	117330,
					"rttvar":	1000,
					"pmtu":	1500,
					"omitted":	false
				}],
			"sum":	{
				"start":	0,
				"end":	1.0000810623168945,
				"seconds":	1.0000810623168945,
				"bytes":	4820392,
				"bits_per_second":	38560010.236230776,
				"retransmits":	0,
				"omitted":	false
			}
		}, {
			"streams":	[{
					"socket":	6,
					"start":	1.0000810623168945,
					"end":	2.0001730918884277,
					"seconds":	1.0000920295715332,
					"bytes":	3518640,
					"bits_per_second":	28146529.686932765,
					"retransmits":	0,
					"snd_cwnd":	518384,
					"rtt":	162912,
					"rttvar":	505,
					"pmtu":	1500,
					"omitted":	false
				}],
			"sum":	{
				"start":	1.0000810623168945,
				"end":	2.0001730918884277,
				"seconds":	1.0000920295715332,
				"bytes":	3518640,
				"bits_per_second":	28146529.686932765,
				"retransmits":	0,
				"omitted":	false
			}
		}, {
			"streams":	[{
					"socket":	6,
					"start":	2.0001730918884277,
					"end":	3.0002570152282715,
					"seconds":	1.0000839233398438,
					"bytes":	3583800,
					"bits_per_second":	28667994.086189665,
					"retransmits":	0,
					"snd_cwnd":	671872,
					"rtt":	206725,
					"rttvar":	763,
					"pmtu":	1500,
					"omitted":	false
				}],
			"sum":	{
				"start":	2.0001730918884277,
				"end":	3.0002570152282715,
				"seconds":	1.0000839233398438,
				"bytes":	3583800,
				"bits_per_second":	28667994.086189665,
				"retransmits":	0,
				"omitted":	false
			}
		}, {
			"streams":	[{
					"socket":	6,
					"start":	3.0002570152282715,
					"end":	4.0001230239868164,
					"seconds":	0.99986600875854492,
					"bytes":	3932160,
					"bits_per_second":	31461495.564848766,
					"retransmits":	0,
					"snd_cwnd":	829704,
					"rtt":	249808,
					"rttvar":	426,
					"pmtu":	1500,
					"omitted":	false
				}],
			"sum":	{
				"start":	3.0002570152282715,
				"end":	4.0001230239868164,
				"seconds":	0.99986600875854492,
				"bytes":	3932160,
				"bits_per_second":	31461495.564848766,
				"retransmits":	0,
				"omitted":	false
			}
		}, {
			"streams":	[{
					"socket":	6,
					"start":	4.0001230239868164,
					"end":	5.0000870227813721,
					"seconds":	0.99996399879455566,
					"bytes":	3932160,
					"bits_per_second":	31458412.540772833,
					"retransmits":	0,
					"snd_cwnd":	988984,
					"rtt":	292302,
					"rttvar":	478,
					"pmtu":	1500,
					"omitted":	false
				}],
			"sum":	{
				"start":	4.0001230239868164,
				"end":	5.0000870227813721,
				"seconds":	0.99996399879455566,
				"bytes":	3932160,
				"bits_per_second":	31458412.540772833,
				"retransmits":	0,
				"omitted":	false
			}
		}, {
			"streams":	[{
					"socket":	6,
					"start":	5.0000870227813721,
					"end":	6.0000748634338379,
					"seconds":	0.99998784065246582,
					"bytes":	3932160,
					"bits_per_second":	31457662.504651006,
					"retransmits":	0,
					"snd_cwnd":	1151160,
					"rtt":	339721,
					"rttvar":	481,
					"pmtu":	1500,
					"omitted":	false
				}],
			"sum":	{
				"start":	5.0000870227813721,
				"end":	6.0000748634338379,
				"seconds":	0.99998784065246582,
				"bytes":	3932160,
				"bits_per_second":	31457662.504651006,
				"retransmits":	0,
				"omitted":	false
			}
		}, {
			"streams":	[{
					"socket":	6,
					"start":	6.0000748634338379,
					"end":	7.0000870227813721,
					"seconds":	1.0000121593475342,
					"bytes":	3932160,
					"bits_per_second":	31456897.504650895,
					"retransmits":	0,
					"snd_cwnd":	1317680,
					"rtt":	372182,
					"rttvar":	424,
					"pmtu":	1500,
					"omitted":	false
				}],
			"sum":	{
				"start":	6.0000748634338379,
				"end":	7.0000870227813721,
				"seconds":	1.0000121593475342,
				"bytes":	3932160,
				"bits_per_second":	31456897.504650895,
				"retransmits":	0,
				"omitted":	false
			}
		}, {
			"streams":	[{
					"socket":	6,
					"start":	7.0000870227813721,
					"end":	7.4529988765716553,
					"seconds":	0.4529118537902832,
					"bytes":	6553600,
					"bits_per_second":	115759390.17987524,
					"retransmits":	0,
					"snd_cwnd":	1558048,
					"rtt":	123639,
					"rttvar":	568,
					"pmtu":	1500,
					"omitted":	false
				}],
			"sum":	{
				"start":	7.0000870227813721,
				"end":	7.4529988765716553,
				"seconds":	0.4529118537902832,
				"bytes":	6553600,
				"bits_per_second":	115759390.17987524,
				"retransmits":	0,
				"omitted":	false
			}
		}],
	"end":	{
		"streams":	[{
				"sender":	{
					"socket":	6,
					"start":	0,
					"end":	7.4529988765716553,
					"seconds":	7.4529988765716553,
					"bytes":	34205072,
					"bits_per_second":	36715499.429388538,
					"retransmits":	0,
					"max_snd_cwnd":	1558048,
					"max_rtt":	372182,
					"min_rtt":	117330,
					"mean_rtt":	233077
				},
				"receiver":	{
					"socket":	6,
					"start":	0,
					"end":	7.608612060546875,
					"seconds":	7.4529988765716553,
					"bytes":	28451752,
					"bits_per_second":	29915313.619451385
				}
			}],
		"sum_sent":	{
			"start":	0,
			"end":	7.4529988765716553,
			"seconds":	7.4529988765716553,
			"bytes":	34205072,
			"bits_per_second":	36715499.429388538,
			"retransmits":	0
		},
		"sum_received":	{
			"start":	0,
			"end":	7.608612060546875,
			"seconds":	7.608612060546875,
			"bytes":	28451752,
			"bits_per_second":	29915313.619451385
		},
		"cpu_utilization_percent":	{
			"host_total":	0.60344414505187216,
			"host_user":	0.0679245530718006,
			"host_system":	0.5355195919800716,
			"remote_total":	0.86262044476824384,
			"remote_user":	0.1607522587745466,
			"remote_system":	0.70185802209266179
		},
		"sender_tcp_congestion":	"cubic",
		"receiver_tcp_congestion":	"cubic"
	}
}
