{
	"start":	{
		"connected":	[{
				"socket":	6,
				"local_host":	"192.168.35.2",
				"local_port":	48374,
				"remote_host":	"192.168.48.1",
				"remote_port":	5014
			}],
		"version":	"iperf 3.6",
		"system_info":	"Linux ba-thesis 4.19.0-23-amd64 #1 SMP Debian 4.19.269-1 (2022-12-20) x86_64",
		"timestamp":	{
			"time":	"Mon, 05 Jun 2023 11:33:29 GMT",
			"timesecs":	1685964809
		},
		"connecting_to":	{
			"host":	"h8",
			"port":	5014
		},
		"cookie":	"ejewrmqrg4ms3g6armrckbrncc6l2222rurs",
		"tcp_mss_default":	1448,
		"sock_bufsize":	0,
		"sndbuf_actual":	87380,
		"rcvbuf_actual":	87380,
		"test_start":	{
			"protocol":	"TCP",
			"num_streams":	1,
			"blksize":	131072,
			"omit":	0,
			"duration":	0,
			"bytes":	130331307,
			"blocks":	0,
			"reverse":	0,
			"tos":	0
		}
	},
	"intervals":	[{
			"streams":	[{
					"socket":	6,
					"start":	0,
					"end":	1.0000779628753662,
					"seconds":	1.0000779628753662,
					"bytes":	16950192,
					"bits_per_second":	135590964.93849972,
					"retransmits":	0,
					"snd_cwnd":	1385736,
					"rtt":	110009,
					"rttvar":	459,
					"pmtu":	1500,
					"omitted":	false
				}],
			"sum":	{
				"start":	0,
				"end":	1.0000779628753662,
				"seconds":	1.0000779628753662,
				"bytes":	16950192,
				"bits_per_second":	135590964.93849972,
				"retransmits":	0,
				"omitted":	false
			}
		}, {
			"streams":	[{
					"socket":	6,
					"start":	1.0000779628753662,
					"end":	2.0001311302185059,
					"seconds":	1.0000531673431396,
					"bytes":	14417920,
					"bits_per_second":	115337227.8260314,
					"retransmits":	0,
					"snd_cwnd":	1982312,
					"rtt":	157304,
					"rttvar":	341,
					"pmtu":	1500,
					"omitted":	false
				}],
			"sum":	{
				"start":	1.0000779628753662,
				"end":	2.0001311302185059,
				"seconds":	1.0000531673431396,
				"bytes":	14417920,
				"bits_per_second":	115337227.8260314,
				"retransmits":	0,
				"omitted":	false
			}
		}, {
			"streams":	[{
					"socket":	6,
					"start":	2.0001311302185059,
					"end":	3.0000700950622559,
					"seconds":	0.99993896484375,
					"bytes":	14417920,
					"bits_per_second":	115350400.42971373,
					"retransmits":	0,
					"snd_cwnd":	2578888,
					"rtt":	205173,
					"rttvar":	767,
					"pmtu":	1500,
					"omitted":	false
				}],
			"sum":	{
				"start":	2.0001311302185059,
				"end":	3.0000700950622559,
				"seconds":	0.99993896484375,
				"bytes":	14417920,
				"bits_per_second":	115350400.42971373,
				"retransmits":	0,
				"omitted":	false
			}
		}, {
			"streams":	[{
					"socket":	6,
					"start":	3.0000700950622559,
					"end":	4.0000669956207275,
					"seconds":	0.99999690055847168,
					"bytes":	11796480,
					"bits_per_second":	94372132.500906587,
					"retransmits":	0,
					"snd_cwnd":	3166776,
					"rtt":	252008,
					"rttvar":	580,
					"pmtu":	1500,
					"omitted":	false
				}],
			"sum":	{
				"start":	3.0000700950622559,
				"end":	4.0000669956207275,
				"seconds":	0.99999690055847168,
				"bytes":	11796480,
				"bits_per_second":	94372132.500906587,
				"retransmits":	0,
				"omitted":	false
			}
		}, {
			"streams":	[{
					"socket":	6,
					"start":	4.0000669956207275,
					"end":	5.0000579357147217,
					"seconds":	0.99999094009399414,
					"bytes":	11796480,
					"bits_per_second":	94372695.0077463,
					"retransmits":	0,
					"snd_cwnd":	3763352,
					"rtt":	299483,
					"rttvar":	421,
					"pmtu":	1500,
					"omitted":	false
				}],
			"sum":	{
				"start":	4.0000669956207275,
				"end":	5.0000579357147217,
				"seconds":	0.99999094009399414,
				"bytes":	11796480,
				"bits_per_second":	94372695.0077463,
				"retransmits":	0,
				"omitted":	false
			}
		}, {
			"streams":	[{
					"socket":	6,
					"start":	5.0000579357147217,
					"end":	6.0001101493835449,
					"seconds":	1.0000522136688232,
					"bytes":	11796480,
					"bits_per_second":	94366912.757269427,
					"retransmits":	0,
					"snd_cwnd":	4357032,
					"rtt":	347925,
					"rttvar":	519,
					"pmtu":	1500,
					"omitted":	false
				}],
			"sum":	{
				"start":	5.0000579357147217,
				"end":	6.0001101493835449,
				"seconds":	1.0000522136688232,
				"bytes":	11796480,
				"bits_per_second":	94366912.757269427,
				"retransmits":	0,
				"omitted":	false
			}
		}, {
			"streams":	[{
					"socket":	6,
					"start":	6.0001101493835449,
					"end":	7.000108003616333,
					"seconds":	0.99999785423278809,
					"bytes":	11796480,
					"bits_per_second":	94372042.500434518,
					"retransmits":	0,
					"snd_cwnd":	4952160,
					"rtt":	395731,
					"rttvar":	385,
					"pmtu":	1500,
					"omitted":	false
				}],
			"sum":	{
				"start":	6.0001101493835449,
				"end":	7.000108003616333,
				"seconds":	0.99999785423278809,
				"bytes":	11796480,
				"bits_per_second":	94372042.500434518,
				"retransmits":	0,
				"omitted":	false
			}
		}, {
			"streams":	[{
					"socket":	6,
					"start":	7.000108003616333,
					"end":	8.0001111030578613,
					"seconds":	1.0000030994415283,
					"bytes":	11796480,
					"bits_per_second":	94371547.500906587,
					"retransmits":	0,
					"snd_cwnd":	5547288,
					"rtt":	443564,
					"rttvar":	548,
					"pmtu":	1500,
					"omitted":	false
				}],
			"sum":	{
				"start":	7.000108003616333,
				"end":	8.0001111030578613,
				"seconds":	1.0000030994415283,
				"bytes":	11796480,
				"bits_per_second":	94371547.500906587,
				"retransmits":	0,
				"omitted":	false
			}
		}, {
			"streams":	[{
					"socket":	6,
					"start":	8.0001111030578613,
					"end":	9.00026798248291,
					"seconds":	1.0001568794250488,
					"bytes":	11796480,
					"bits_per_second":	94357037.322235584,
					"retransmits":	0,
					"snd_cwnd":	6132280,
					"rtt":	490672,
					"rttvar":	574,
					"pmtu":	1500,
					"omitted":	false
				}],
			"sum":	{
				"start":	8.0001111030578613,
				"end":	9.00026798248291,
				"seconds":	1.0001568794250488,
				"bytes":	11796480,
				"bits_per_second":	94357037.322235584,
				"retransmits":	0,
				"omitted":	false
			}
		}, {
			"streams":	[{
					"socket":	6,
					"start":	9.00026798248291,
					"end":	10.000097990036011,
					"seconds":	0.99983000755310059,
					"bytes":	11796480,
					"bits_per_second":	94387885.2275675,
					"retransmits":	0,
					"snd_cwnd":	6725960,
					"rtt":	538274,
					"rttvar":	454,
					"pmtu":	1500,
					"omitted":	false
				}],
			"sum":	{
				"start":	9.00026798248291,
				"end":	10.000097990036011,
				"seconds":	0.99983000755310059,
				"bytes":	11796480,
				"bits_per_second":	94387885.2275675,
				"retransmits":	0,
				"omitted":	false
			}
		}, {
			"streams":	[{
					"socket":	6,
					"start":	10.000097990036011,
					"end":	10.135828971862793,
					"seconds":	0.13573098182678223,
					"bytes":	2621440,
					"bits_per_second":	154507981.28583148,
					"retransmits":	0,
					"snd_cwnd":	6807048,
					"rtt":	544816,
					"rttvar":	596,
					"pmtu":	1500,
					"omitted":	false
				}],
			"sum":	{
				"start":	10.000097990036011,
				"end":	10.135828971862793,
				"seconds":	0.13573098182678223,
				"bytes":	2621440,
				"bits_per_second":	154507981.28583148,
				"retransmits":	0,
				"omitted":	false
			}
		}],
	"end":	{
		"streams":	[{
				"sender":	{
					"socket":	6,
					"start":	0,
					"end":	10.135828971862793,
					"seconds":	10.135828971862793,
					"bytes":	130982832,
					"bits_per_second":	103382038.00684501,
					"retransmits":	0,
					"max_snd_cwnd":	6807048,
					"max_rtt":	544816,
					"min_rtt":	110009,
					"mean_rtt":	344087
				},
				"receiver":	{
					"socket":	6,
					"start":	0,
					"end":	10.724502086639404,
					"seconds":	10.135828971862793,
					"bytes":	126032472,
					"bits_per_second":	94014600.1981846
				}
			}],
		"sum_sent":	{
			"start":	0,
			"end":	10.135828971862793,
			"seconds":	10.135828971862793,
			"bytes":	130982832,
			"bits_per_second":	103382038.00684501,
			"retransmits":	0
		},
		"sum_received":	{
			"start":	0,
			"end":	10.724502086639404,
			"seconds":	10.724502086639404,
			"bytes":	126032472,
			"bits_per_second":	94014600.1981846
		},