{
	"start":	{
		"connected":	[{
				"socket":	6,
				"local_host":	"192.168.19.2",
				"local_port":	47518,
				"remote_host":	"192.168.19.1",
				"remote_port":	5008
			}],
		"version":	"iperf 3.6",
		"system_info":	"Linux ba-thesis 4.19.0-23-amd64 #1 SMP Debian 4.19.269-1 (2022-12-20) x86_64",
		"timestamp":	{
			"time":	"Sun, 11 Jun 2023 02:05:23 GMT",
			"timesecs":	1686449123
		},
		"connecting_to":	{
			"host":	"h7",
			"port":	5008
		},
		"cookie":	"53u3vcof4uhvlyp7upbfjrofouytfy5x5zip",
		"tcp_mss_default":	1448,
		"sock_bufsize":	0,
		"sndbuf_actual":	87380,
		"rcvbuf_actual":	87380,
		"test_start":	{
			"protocol":	"TCP",
			"num_streams":	1,
			"blksize":	131072,
			"omit":	0,
			"duration":	0,
			"bytes":	110352130,
			"blocks":	0,
			"reverse":	0,
			"tos":	0
		}
	},
	"intervals":	[{
			"streams":	[{
					"socket":	6,
					"start":	0,
					"end":	1.0000810623168945,
					"seconds":	1.0000810623168945,
					"bytes":	12706200,
					"bits_per_second":	101641360.71580806,
					"retransmits":	7,
					"snd_cwnd":	237472,
					"rtt":	19601,
					"rttvar":	46,
					"pmtu":	1500,
					"omitted":	false
				}],
			"sum":	{
				"start":	0,
				"end":	1.0000810623168945,
				"seconds":	1.0000810623168945,
				"bytes":	12706200,
				"bits_per_second":	101641360.71580806,
				"retransmits":	7,
				"omitted":	false
			}
		}, {
			"streams":	[{
					"socket":	6,
					"start":	1.0000810623168945,
					"end":	2.0000910758972168,
					"seconds":	1.0000100135803223,
					"bytes":	11728800,
					"bits_per_second":	93829460.431161374,
					"retransmits":	0,
					"snd_cwnd":	270776,
					"rtt":	21873,
					"rttvar":	152,
					"pmtu":	1500,
					"omitted":	false
				}],
			"sum":	{
				"start":	1.0000810623168945,
				"end":	2.0000910758972168,
				"seconds":	1.0000100135803223,
				"bytes":	11728800,
				"bits_per_second":	93829460.431161374,
				"retransmits":	0,
				"omitted":	false
			}
		}, {
			"streams":	[{
					"socket":	6,
					"start":	2.0000910758972168,
					"end":	3.0000710487365723,
					"seconds":	0.99997997283935547,
					"bytes":	12250080,
					"bits_per_second":	98002602.713868126,
					"retransmits":	0,
					"snd_cwnd":	302632,
					"rtt":	25064,
					"rttvar":	10,
					"pmtu":	1500,
					"omitted":	false
				}],
			"sum":	{
				"start":	2.0000910758972168,
				"end":	3.0000710487365723,
				"seconds":	0.99997997283935547,
				"bytes":	12250080,
				"bits_per_second":	98002602.713868126,
				"retransmits":	0,
				"omitted":	false
			}
		}, {
			"streams":	[{
					"socket":	6,
					"start":	3.0000710487365723,
					"end":	4.000075101852417,
					"seconds":	1.0000040531158447,
					"bytes":	11989440,
					"bits_per_second":	95915131.2448618,
					"retransmits":	0,
					"snd_cwnd":	331592,
					"rtt":	27253,
					"rttvar":	5,
					"pmtu":	1500,
					"omitted":	false
				}],
			"sum":	{
				"start":	3.0000710487365723,
				"end":	4.000075101852417,
				"seconds":	1.0000040531158447,
				"bytes":	11989440,
				"bits_per_second":	95915131.2448618,
				"retransmits":	0,
				"omitted":	false
			}
		}, {
			"streams":	[{
					"socket":	6,
					"start":	4.000075101852417,
					"end":	5.000075101852417,
					"seconds":	1,
					"bytes":	12184920,
					"bits_per_second":	97479360,
					"retransmits":	0,
					"snd_cwnd":	359104,
					"rtt":	29433,
					"rttvar":	2,
					"pmtu":	1500,
					"omitted":	false
				}],
			"sum":	{
				"start":	4.000075101852417,
				"end":	5.000075101852417,
				"seconds":	1,
				"bytes":	12184920,
				"bits_per_second":	97479360,
				"retransmits":	0,
				"omitted":	false
			}
		}, {
			"streams":	[{
					"socket":	6,
					"start":	5.000075101852417,
					"end":	6.0000760555267334,
					"seconds":	1.0000009536743164,
					"bytes":	11663640,
					"bits_per_second":	93309031.013573632,
					"retransmits":	0,
					"snd_cwnd":	383720,
					"rtt":	31619,
					"rttvar":	13,
					"pmtu":	1500,
					"omitted":	false
				}],
			"sum":	{
				"start":	5.000075101852417,
				"end":	6.0000760555267334,
				"seconds":	1.0000009536743164,
				"bytes":	11663640,
				"bits_per_second":	93309031.013573632,
				"retransmits":	0,
				"omitted":	false
			}
		}, {
			"streams":	[{
					"socket":	6,
					"start":	6.0000760555267334,
					"end":	7.0001060962677,
					"seconds":	1.0000300407409668,
					"bytes":	12250080,
					"bits_per_second":	97997696.076596826,
					"retransmits":	0,
					"snd_cwnd":	406888,
					"rtt":	33795,
					"rttvar":	8,
					"pmtu":	1500,
					"omitted":	false
				}],
			"sum":	{
				"start":	6.0000760555267334,
				"end":	7.0001060962677,
				"seconds":	1.0000300407409668,
				"bytes":	12250080,
				"bits_per_second":	97997696.076596826,
				"retransmits":	0,
				"omitted":	false
			}
		}, {
			"streams":	[{
					"socket":	6,
					"start":	7.0001060962677,
					"end":	8.0000360012054443,
					"seconds":	0.99992990493774414,
					"bytes":	11924280,
					"bits_per_second":	95400927.133926719,
					"retransmits":	0,
					"snd_cwnd":	428608,
					"rtt":	34883,
					"rttvar":	19,
					"pmtu":	1500,
					"omitted":	false
				}],
			"sum":	{
				"start":	7.0001060962677,
				"end":	8.0000360012054443,
				"seconds":	0.99992990493774414,
				"bytes":	11924280,
				"bits_per_second":	95400927.133926719,
				"retransmits":	0,
				"omitted":	false
			}
		}, {
			"streams":	[{
					"socket":	6,
					"start":	8.0000360012054443,
					"end":	9.0000729560852051,
					"seconds":	1.0000369548797607,
					"bytes":	11793960,
					"bits_per_second":	94348193.373858228,
					"retransmits":	0,
					"snd_cwnd":	450328,
					"rtt":	37063,
					"rttvar":	5,
					"pmtu":	1500,
					"omitted":	false
				}],
			"sum":	{
				"start":	8.0000360012054443,
				"end":	9.0000729560852051,
				"seconds":	1.0000369548797607,
				"bytes":	11793960,
				"bits_per_second":	94348193.373858228,
				"retransmits":	0,
				"omitted":	false
			}
		}, {
			"streams":	[{
					"socket":	6,
					"start":	9.0000729560852051,
					"end":	9.1792659759521484,
					"seconds":	0.17919301986694336,
					"bytes":	2736720,
					"bits_per_second":	122179759.10142498,
					"retransmits":	0,
					"snd_cwnd":	453224,
					"rtt":	37071,
					"rttvar":	16,
					"pmtu":	1500,
					"omitted":	false
				}],
			"sum":	{
				"start":	9.0000729560852051,
				"end":	9.1792659759521484,
				"seconds":	0.17919301986694336,
				"bytes":	2736720,
				"bits_per_second":	122179759.10142498,
				"retransmits":	0,
				"omitted":	false
			}
		}],
	"end":	{
		"streams":	[{
				"sender":	{
					"socket":	6,
					"start":	0,
					"end":	9.1792659759521484,
					"seconds":	9.1792659759521484,
					"bytes":	111228120,
					"bits_per_second":	96938574.645419851,
					"retransmits":	7,
					"max_snd_cwnd":	453224,
					"max_rtt":	37071,
					"min_rtt":	19601,
					"mean_rtt":	29765
				},
				"receiver":	{
					"socket":	6,
					"start":	0,
					"end":	9.2468380928039551,
					"seconds":	9.1792659759521484,
					"bytes":	109012680,
					"bits_per_second":	94313475.725143716
				}
			}],
		"sum_sent":	{
			"start":	0,
			"end":	9.1792659759521484,
			"seconds":	9.1792659759521484,
			"bytes":	111228120,
			"bits_per_second":	96938574.645419851,
			"retransmits":	7
		},
		"sum_received":	{
			"start":	0,
			"end":	9.2468380928039551,
			"seconds":	9.2468380928039551,
			"bytes":	109012680,
			"bits_per_second":	94313475.725143716
		},
		"cpu_utilization_percent":	{
			"host_total":	0.78305452001373432,
			"host_user":	0.0444735320670614,
			"host_system":	0.738580987946673,
			"remote_total":	0.41633057669184664,
			"remote_user":	0.045698446061918883,
			"remote_system":	0.37063213062992773
		},
		"sender_tcp_congestion":	"cubic",
		"receiver_tcp_congestion":	"cubic"
	}
}
