{
	"start":	{
		"connected":	[{
				"socket":	6,
				"local_host":	"192.168.14.2",
				"local_port":	52278,
				"remote_host":	"192.168.14.1",
				"remote_port":	5006
			}],
		"version":	"iperf 3.6",
		"system_info":	"Linux ba-thesis 4.19.0-23-amd64 #1 SMP Debian 4.19.269-1 (2022-12-20) x86_64",
		"timestamp":	{
			"time":	"Sat, 10 Jun 2023 15:41:52 GMT",
			"timesecs":	1686411712
		},
		"connecting_to":	{
			"host":	"h7",
			"port":	5006
		},
		"cookie":	"koi4yc3xwg4psm2nxiwwav3e65agabcpgi5o",
		"tcp_mss_default":	1448,
		"sock_bufsize":	0,
		"sndbuf_actual":	87380,
		"rcvbuf_actual":	87380,
		"test_start":	{
			"protocol":	"TCP",
			"num_streams":	1,
			"blksize":	131072,
			"omit":	0,
			"duration":	0,
			"bytes":	377632081,
			"blocks":	0,
			"reverse":	0,
			"tos":	0
		}
	},
	"intervals":	[{
			"streams":	[{
					"socket":	6,
					"start":	0,
					"end":	1.0000739097595215,
					"seconds":	1.0000739097595215,
					"bytes":	15284480,
					"bits_per_second":	122266803.28997138,
					"retransmits":	0,
					"snd_cwnd":	797848,
					"rtt":	62867,
					"rttvar":	551,
					"pmtu":	1500,
					"omitted":	false
				}],
			"sum":	{
				"start":	0,
				"end":	1.0000739097595215,
				"seconds":	1.0000739097595215,
				"bytes":	15284480,
				"bits_per_second":	122266803.28997138,
				"retransmits":	0,
				"omitted":	false
			}
		}, {
			"streams":	[{
					"socket":	6,
					"start":	1.0000739097595215,
					"end":	2.0000789165496826,
					"seconds":	1.0000050067901611,
					"bytes":	14417920,
					"bits_per_second":	115342782.50289141,
					"retransmits":	0,
					"snd_cwnd":	1395872,
					"rtt":	110528,
					"rttvar":	451,
					"pmtu":	1500,
					"omitted":	false
				}],
			"sum":	{
				"start":	1.0000739097595215,
				"end":	2.0000789165496826,
				"seconds":	1.0000050067901611,
				"bytes":	14417920,
				"bits_per_second":	115342782.50289141,
				"retransmits":	0,
				"omitted":	false
			}
		}, {
			"streams":	[{
					"socket":	6,
					"start":	2.0000789165496826,
					"end":	3.0000388622283936,
					"seconds":	0.99995994567871094,
					"bytes":	14417920,
					"bits_per_second":	115347980.18505837,
					"retransmits":	0,
					"snd_cwnd":	1993896,
					"rtt":	157933,
					"rttvar":	252,
					"pmtu":	1500,
					"omitted":	false
				}],
			"sum":	{
				"start":	2.0000789165496826,
				"end":	3.0000388622283936,
				"seconds":	0.99995994567871094,
				"bytes":	14417920,
				"bits_per_second":	115347980.18505837,
				"retransmits":	0,
				"omitted":	false
			}
		}, {
			"streams":	[{
					"socket":	6,
					"start":	3.0000388622283936,
					"end":	4.0000739097595215,
					"seconds":	1.0000350475311279,
					"bytes":	14417920,
					"bits_per_second":	115339317.64167468,
					"retransmits":	0,
					"snd_cwnd":	2591920,
					"rtt":	205733,
					"rttvar":	383,
					"pmtu":	1500,
					"omitted":	false
				}],
			"sum":	{
				"start":	3.0000388622283936,
				"end":	4.0000739097595215,
				"seconds":	1.0000350475311279,
				"bytes":	14417920,
				"bits_per_second":	115339317.64167468,
				"retransmits":	0,
				"omitted":	false
			}
		}, {
			"streams":	[{
					"socket":	6,
					"start":	4.0000739097595215,
					"end":	5.0000638961791992,
					"seconds":	0.99998998641967773,
					"bytes":	11796480,
					"bits_per_second":	94372785.009462923,
					"retransmits":	0,
					"snd_cwnd":	3188496,
					"rtt":	253168,
					"rttvar":	406,
					"pmtu":	1500,
					"omitted":	false
				}],
			"sum":	{
				"start":	4.0000739097595215,
				"end":	5.0000638961791992,
				"seconds":	0.99998998641967773,
				"bytes":	11796480,
				"bits_per_second":	94372785.009462923,
				"retransmits":	0,
				"omitted":	false
			}
		}, {
			"streams":	[{
					"socket":	6,
					"start":	5.0000638961791992,
					"end":	6.0001130104064941,
					"seconds":	1.0000491142272949,
					"bytes":	11796480,
					"bits_per_second":	94367205.227633268,
					"retransmits":	0,
					"snd_cwnd":	3786520,
					"rtt":	301063,
					"rttvar":	713,
					"pmtu":	1500,
					"omitted":	false
				}],
			"sum":	{
				"start":	5.0000638961791992,
				"end":	6.0001130104064941,
				"seconds":	1.0000491142272949,
				"bytes":	11796480,
				"bits_per_second":	94367205.227633268,
				"retransmits":	0,
				"omitted":	false
			}
		}, {
			"streams":	[{
					"socket":	6,
					"start":	6.0001130104064941,
					"end":	7.0001239776611328,
					"seconds":	1.0000109672546387,
					"bytes":	11796480,
					"bits_per_second":	94370805.011350989,
					"retransmits":	0,
					"snd_cwnd":	4384544,
					"rtt":	348576,
					"rttvar":	437,
					"pmtu":	1500,
					"omitted":	false
				}],
			"sum":	{
				"start":	6.0001130104064941,
				"end":	7.0001239776611328,
				"seconds":	1.0000109672546387,
				"bytes":	11796480,
				"bits_per_second":	94370805.011350989,
				"retransmits":	0,
				"omitted":	false
			}
		}, {
			"streams":	[{
					"socket":	6,
					"start":	7.0001239776611328,
					"end":	8.0000569820404053,
					"seconds":	0.99993300437927246,
					"bytes":	13107200,
					"bits_per_second":	104864625.47067577,
					"retransmits":	0,
					"snd_cwnd":	4982568,
					"rtt":	396224,
					"rttvar":	621,
					"pmtu":	1500,
					"omitted":	false
				}],
			"sum":	{
				"start":	7.0001239776611328,
				"end":	8.0000569820404053,
				"seconds":	0.99993300437927246,
				"bytes":	13107200,
				"bits_per_second":	104864625.47067577,
				"retransmits":	0,
				"omitted":	false
			}
		}, {
			"streams":	[{
					"socket":	6,
					"start":	8.0000569820404053,
					"end":	9.0000720024108887,
					"seconds":	1.0000150203704834,
					"bytes":	11796480,
					"bits_per_second":	94370422.521291062,
					"retransmits":	0,
					"snd_cwnd":	5579144,
					"rtt":	443727,
					"rttvar":	345,
					"pmtu":	1500,
					"omitted":	false
				}],
			"sum":	{
				"start":	8.0000569820404053,
				"end":	9.0000720024108887,
				"seconds":	1.0000150203704834,
				"bytes":	11796480,
				"bits_per_second":	94370422.521291062,
				"retransmits":	0,
				"omitted":	false
			}
		}, {
			"streams":	[{
					"socket":	6,
					"start":	9.0000720024108887,
					"end":	10.000082969665527,
					"seconds":	1.0000109672546387,
					"bytes":	11796480,
					"bits_per_second":	94370805.011350989,
					"retransmits":	0,
					"snd_cwnd":	6177168,
					"rtt":	491370,
					"rttvar":	461,
					"pmtu":	1500,
					"omitted":	false
				}],
			"sum":	{
				"start":	9.0000720024108887,
				"end":	10.000082969665527,
				"seconds":	1.0000109672546387,
				"bytes":	11796480,
				"bits_per_second":	94370805.011350989,
				"retransmits":	0,
				"omitted":	false
			}
		}, {
			"streams":	[{
					"socket":	6,
					"start":	10.000082969665527,
					"end":	11.000062942504883,
					"seconds":	0.99997997283935547,
					"bytes":	11796480,
					"bits_per_second":	94373730.0378521,
					"retransmits":	0,
					"snd_cwnd":	6775192,
					"rtt":	538976,
					"rttvar":	686,
					"pmtu":	1500,
					"omitted":	false
				}],
			"sum":	{
				"start":	10.000082969665527,
				"end":	11.000062942504883,
				"seconds":	0.99997997283935547,
				"bytes":	11796480,
				"bits_per_second":	94373730.0378521,
				"retransmits":	0,
				"omitted":	false
			}
		}, {
			"streams":	[{
					"socket":	6,
					"start":	11.000062942504883,
					"end":	12.000067949295044,
					"seconds":	1.0000050067901611,
					"bytes":	11796480,
					"bits_per_second":	94371367.5023657,
					"retransmits":	0,
					"snd_cwnd":	7373216,
					"rtt":	586532,
					"rttvar":	543,
					"pmtu":	1500,
					"omitted":	false
				}],
			"sum":	{
				"start":	11.000062942504883,
				"end":	12.000067949295044,
				"seconds":	1.0000050067901611,
				"bytes":	11796480,
				"bits_per_second":	94371367.5023657,
				"retransmits":	0,
				"omitted":	false
			}
		}, {
			"streams":	[{
					"socket":	6,
					"start":	12.000067949295044,
					"end":	13.000088930130005,
					"seconds":	1.0000209808349609,
					"bytes":	11796480,
					"bits_per_second":	94369860.041541189,
					"retransmits":	0,
					"snd_cwnd":	7971240,
					"rtt":	634189,
					"rttvar":	422,
					"pmtu":	1500,