{
	"start":	{
		"connected":	[{
				"socket":	6,
				"local_host":	"192.168.3.2",
				"local_port":	33538,
				"remote_host":	"192.168.3.1",
				"remote_port":	5000
			}],
		"version":	"iperf 3.6",
		"system_info":	"Linux ba-thesis 4.19.0-23-amd64 #1 SMP Debian 4.19.269-1 (2022-12-20) x86_64",
		"timestamp":	{
			"time":	"Sun, 11 Jun 2023 12:03:52 GMT",
			"timesecs":	1686485032
		},
		"connecting_to":	{
			"host":	"h4",
			"port":	5000
		},
		"cookie":	"rp5zunwnzhownkh5whnsvtxnkchzjqj2q73m",
		"tcp_mss_default":	1448,
		"sock_bufsize":	0,
		"sndbuf_actual":	87380,
		"rcvbuf_actual":	87380,
		"test_start":	{
			"protocol":	"TCP",
			"num_streams":	1,
			"blksize":	131072,
			"omit":	0,
			"duration":	0,
			"bytes":	20095402,
			"blocks":	0,
			"reverse":	0,
			"tos":	0
		}
	},
	"intervals":	[{
			"streams":	[{
					"socket":	6,
					"start":	0,
					"end":	1.0000789165496826,
					"seconds":	1.0000789165496826,
					"bytes":	15660960,
					"bits_per_second":	125277793.50878443,
					"retransmits":	0,
					"snd_cwnd":	792056,
					"rtt":	62340,
					"rttvar":	685,
					"pmtu":	1500,
					"omitted":	false
				}],
			"sum":	{
				"start":	0,
				"end":	1.0000789165496826,
				"seconds":	1.0000789165496826,
				"bytes":	15660960,
				"bits_per_second":	125277793.50878443,
				"retransmits":	0,
				"omitted":	false
			}
		}, {
			"streams":	[{
					"socket":	6,
					"start":	1.0000789165496826,
					"end":	1.3546168804168701,
					"seconds":	0.3545379638671875,
					"bytes":	5242880,
					"bits_per_second":	118303381.51237358,
					"retransmits":	0,
					"snd_cwnd":	1004912,
					"rtt":	79321,
					"rttvar":	277,
					"pmtu":	1500,
					"omitted":	false
				}],
			"sum":	{
				"start":	1.0000789165496826,
				"end":	1.3546168804168701,
				"seconds":	0.3545379638671875,
				"bytes":	5242880,
				"bits_per_second":	118303381.51237358,
				"retransmits":	0,
				"omitted":	false
			}
		}],
	"end":	{
		"streams":	[{
				"sender":	{
					"socket":	6,
					"start":	0,
					"end":	1.3546168804168701,
					"seconds":	1.3546168804168701,
					"bytes":	20903840,
					"bits_per_second":	123452411.09688252,
					"retransmits":	0,
					"max_snd_cwnd":	1004912,
					"max_rtt":	79321,
					"min_rtt":	62340,
					"mean_rtt":	70830
				},
				"receiver":	{
					"socket":	6,
					"start":	0,
					"end":	1.4677350521087646,
					"seconds":	1.3546168804168701,
					"bytes":	16724400,
					"bits_per_second":	91157596.7391186
				}
			}],
		"sum_sent":	{
			"start":	0,
			"end":	1.3546168804168701,
			"seconds":	1.3546168804168701,
			"bytes":	20903840,
			"bits_per_second":	123452411.09688252,
			"retransmits":	0
		},
		"sum_received":	{
			"start":	0,
			"end":	1.4677350521087646,
			"seconds":	1.4677350521087646,
			"bytes":	16724400,
			"bits_per_second":	91157596.7391186
		},
		"cpu_utilization_percent":	{
			"host_total":	2.9230420530238188,
			"host_user":	1.336928244977216,
			"host_system":	1.5859784914226176,
			"remote_total":	0.02341977708258533,
			"remote_user":	0.014461465024074189,
			"remote_system":	0.0089568354947962055
		},
		"sender_tcp_congestion":	"cubic",
		"receiver_tcp_congestion":	"cubic"
	}
}
