{
	"start":	{
		"connected":	[{
				"socket":	6,
				"local_host":	"192.168.13.1",
				"local_port":	45806,
				"remote_host":	"192.168.13.2",
				"remote_port":	5008
			}],
		"version":	"iperf 3.6",
		"system_info":	"Linux ba-thesis 4.19.0-23-amd64 #1 SMP Debian 4.19.269-1 (2022-12-20) x86_64",
		"timestamp":	{
			"time":	"Mon, 12 Jun 2023 10:35:22 GMT",
			"timesecs":	1686566122
		},
		"connecting_to":	{
			"host":	"h3",
			"port":	5008
		},
		"cookie":	"oux3va2ejppvvuusekdgbryepk6ggxldb6xi",
		"tcp_mss_default":	1448,
		"sock_bufsize":	0,
		"sndbuf_actual":	87380,
		"rcvbuf_actual":	87380,
		"test_start":	{
			"protocol":	"TCP",
			"num_streams":	1,
			"blksize":	131072,
			"omit":	0,
			"duration":	0,
			"bytes":	5354699,
			"blocks":	0,
			"reverse":	0,
			"tos":	0
		}
	},
	"intervals":	[{
			"streams":	[{
					"socket":	6,
					"start":	0,
					"end":	0.32679295539855957,
					"seconds":	0.32679295539855957,
					"bytes":	5864400,
					"bits_per_second":	143562458.2016519,
					"retransmits":	0,
					"snd_cwnd":	411232,
					"rtt":	31790,
					"rttvar":	588,
					"pmtu":	1500,
					"omitted":	false
				}],
			"sum":	{
				"start":	0,
				"end":	0.32679295539855957,
				"seconds":	0.32679295539855957,
				"bytes":	5864400,
				"bits_per_second":	143562458.2016519,
				"retransmits":	0,
				"omitted":	false
			}
		}],
	"end":	{
		"streams":	[{
				"sender":	{
					"socket":	6,
					"start":	0,
					"end":	0.32679295539855957,
					"seconds":	0.32679295539855957,
					"bytes":	5864400,
					"bits_per_second":	143562458.2016519,
					"retransmits":	0,
					"max_snd_cwnd":	411232,
					"max_rtt":	31790,
					"min_rtt":	31790,
					"mean_rtt":	31790
				},
				"receiver":	{
					"socket":	6,
					"start":	0,
					"end":	0.39093303680419922,
					"seconds":	0.32679295539855957,
					"bytes":	3844440,
					"bits_per_second":	78672092.416185483
				}
			}],
		"sum_sent":	{
			"start":	0,
			"end":	0.32679295539855957,
			"seconds":	0.32679295539855957,
			"bytes":	5864400,
			"bits_per_second":	143562458.2016519,
			"retransmits":	0
		},
		"sum_received":	{
			"start":	0,
			"end":	0.39093303680419922,
			"seconds":	0.39093303680419922,
			"bytes":	3844440,
			"bits_per_second":	78672092.416185483
		},
		"cpu_utilization_percent":	{
			"host_total":	9.1098605139054563,
			"host_user":	2.4641879466133183,
			"host_system":	6.64589386840993,
			"remote_total":	0.0045630338145338095,
			"remote_user":	0,
			"remote_system":	0.0045630338145338095
		},
		"sender_tcp_congestion":	"cubic",
		"receiver_tcp_congestion":	"cubic"
	}
}
