{
	"start":	{
		"connected":	[{
				"socket":	6,
				"local_host":	"192.168.19.1",
				"local_port":	46326,
				"remote_host":	"192.168.24.1",
				"remote_port":	5007
			}],
		"version":	"iperf 3.6",
		"system_info":	"Linux ba-thesis 4.19.0-23-amd64 #1 SMP Debian 4.19.269-1 (2022-12-20) x86_64",
		"timestamp":	{
			"time":	"Mon, 12 Jun 2023 14:29:04 GMT",
			"timesecs":	1686580144
		},
		"connecting_to":	{
			"host":	"h4",
			"port":	5007
		},
		"cookie":	"lnyk7qjkos5iovvnhqpj3fobwuf7fb3j64ti",
		"tcp_mss_default":	1448,
		"sock_bufsize":	0,
		"sndbuf_actual":	87380,
		"rcvbuf_actual":	87380,
		"test_start":	{
			"protocol":	"TCP",
			"num_streams":	1,
			"blksize":	131072,
			"omit":	0,
			"duration":	0,
			"bytes":	140624896,
			"blocks":	0,
			"reverse":	0,
			"tos":	0
		}
	},
	"intervals":	[{
			"streams":	[{
					"socket":	6,
					"start":	0,
					"end":	1.0000841617584229,
					"seconds":	1.0000841617584229,
					"bytes":	16950192,
					"bits_per_second":	135590124.49669757,
					"retransmits":	0,
					"snd_cwnd":	1398768,
					"rtt":	110728,
					"rttvar":	446,
					"pmtu":	1500,
					"omitted":	false
				}],
			"sum":	{
				"start":	0,
				"end":	1.0000841617584229,
				"seconds":	1.0000841617584229,
				"bytes":	16950192,
				"bits_per_second":	135590124.49669757,
				"retransmits":	0,
				"omitted":	false
			}
		}, {
			"streams":	[{
					"socket":	6,
					"start":	1.0000841617584229,
					"end":	2.0000851154327393,
					"seconds":	1.0000009536743164,
					"bytes":	14417920,
					"bits_per_second":	115343250.0001049,
					"retransmits":	0,
					"snd_cwnd":	1982312,
					"rtt":	162373,
					"rttvar":	705,
					"pmtu":	1500,
					"omitted":	false
				}],
			"sum":	{
				"start":	1.0000841617584229,
				"end":	2.0000851154327393,
				"seconds":	1.0000009536743164,
				"bytes":	14417920,
				"bits_per_second":	115343250.0001049,
				"retransmits":	0,
				"omitted":	false
			}
		}, {
			"streams":	[{
					"socket":	6,
					"start":	2.0000851154327393,
					"end":	3.0001370906829834,
					"seconds":	1.0000519752502441,
					"bytes":	13107200,
					"bits_per_second":	104852150.28325039,
					"retransmits":	0,
					"snd_cwnd":	2573096,
					"rtt":	204196,
					"rttvar":	523,
					"pmtu":	1500,
					"omitted":	false
				}],
			"sum":	{
				"start":	2.0000851154327393,
				"end":	3.0001370906829834,
				"seconds":	1.0000519752502441,
				"bytes":	13107200,
				"bits_per_second":	104852150.28325039,
				"retransmits":	0,
				"omitted":	false
			}
		}, {
			"streams":	[{
					"socket":	6,
					"start":	3.0001370906829834,
					"end":	4.0001029968261719,
					"seconds":	0.99996590614318848,
					"bytes":	13107200,
					"bits_per_second":	104861175.1218897,
					"retransmits":	0,
					"snd_cwnd":	3171120,
					"rtt":	251831,
					"rttvar":	576,
					"pmtu":	1500,
					"omitted":	false
				}],
			"sum":	{
				"start":	3.0001370906829834,
				"end":	4.0001029968261719,
				"seconds":	0.99996590614318848,
				"bytes":	13107200,
				"bits_per_second":	104861175.1218897,
				"retransmits":	0,
				"omitted":	false
			}
		}, {
			"streams":	[{
					"socket":	6,
					"start":	4.0001029968261719,
					"end":	5.0001120567321777,
					"seconds":	1.0000090599060059,
					"bytes":	11796480,
					"bits_per_second":	94370985.007746145,
					"retransmits":	0,
					"snd_cwnd":	3767696,
					"rtt":	299457,
					"rttvar":	562,
					"pmtu":	1500,
					"omitted":	false
				}],
			"sum":	{
				"start":	4.0001029968261719,
				"end":	5.0001120567321777,
				"seconds":	1.0000090599060059,
				"bytes":	11796480,
				"bits_per_second":	94370985.007746145,
				"retransmits":	0,
				"omitted":	false
			}
		}, {
			"streams":	[{
					"socket":	6,
					"start":	5.0001120567321777,
					"end":	6.0001201629638672,
					"seconds":	1.0000081062316895,
					"bytes":	11796480,
					"bits_per_second":	94371075.006201223,
					"retransmits":	0,
					"snd_cwnd":	4365720,
					"rtt":	347015,
					"rttvar":	535,
					"pmtu":	1500,
					"omitted":	false
				}],
			"sum":	{
				"start":	5.0001120567321777,
				"end":	6.0001201629638672,
				"seconds":	1.0000081062316895,
				"bytes":	11796480,
				"bits_per_second":	94371075.006201223,
				"retransmits":	0,
				"omitted":	false
			}
		}, {
			"streams":	[{
					"socket":	6,
					"start":	6.0001201629638672,
					"end":	7.000046968460083,
					"seconds":	0.99992680549621582,
					"bytes":	11796480,
					"bits_per_second":	94378748.005628049,
					"retransmits":	0,
					"snd_cwnd":	4963744,
					"rtt":	394613,
					"rttvar":	509,
					"pmtu":	1500,
					"omitted":	false
				}],
			"sum":	{
				"start":	6.0001201629638672,
				"end":	7.000046968460083,
				"seconds":	0.99992680549621582,
				"bytes":	11796480,
				"bits_per_second":	94378748.005628049,
				"retransmits":	0,
				"omitted":	false
			}
		}, {
			"streams":	[{
					"socket":	6,
					"start":	7.000046968460083,
					"end":	8.0001411437988281,
					"seconds":	1.0000941753387451,
					"bytes":	11796480,
					"bits_per_second":	94362953.336904511,
					"retransmits":	0,
					"snd_cwnd":	5561768,
					"rtt":	442233,
					"rttvar":	540,
					"pmtu":	1500,
					"omitted":	false
				}],
			"sum":	{
				"start":	7.000046968460083,
				"end":	8.0001411437988281,
				"seconds":	1.0000941753387451,
				"bytes":	11796480,
				"bits_per_second":	94362953.336904511,
				"retransmits":	0,
				"omitted":	false
			}
		}, {
			"streams":	[{
					"socket":	6,
					"start":	8.0001411437988281,
					"end":	9.0000481605529785,
					"seconds":	0.99990701675415039,
					"bytes":	13107200,
					"bits_per_second":	104867350.90667096,
					"retransmits":	0,
					"snd_cwnd":	6159792,
					"rtt":	489954,
					"rttvar":	676,
					"pmtu":	1500,
					"omitted":	false
				}],
			"sum":	{
				"start":	8.0001411437988281,
				"end":	9.0000481605529785,
				"seconds":	0.99990701675415039,
				"bytes":	13107200,
				"bits_per_second":	104867350.90667096,
				"retransmits":	0,
				"omitted":	false
			}
		}, {
			"streams":	[{
					"socket":	6,
					"start":	9.0000481605529785,
					"end":	10.000089168548584,
					"seconds":	1.0000410079956055,
					"bytes":	11796480,
					"bits_per_second":	94367970.158694431,
					"retransmits":	0,
					"snd_cwnd":	6757816,
					"rtt":	537307,
					"rttvar":	312,
					"pmtu":	1500,
					"omitted":	false
				}],
			"sum":	{
				"start":	9.0000481605529785,
				"end":	10.000089168548584,
				"seconds":	1.0000410079956055,
				"bytes":	11796480,
				"bits_per_second":	94367970.158694431,
				"retransmits":	0,
				"omitted":	false
			}
		}, {
			"streams":	[{
					"socket":	6,
					"start":	10.000089168548584,
					"end":	10.97887396812439,
					"seconds":	0.97878479957580566,
					"bytes":	11796480,
					"bits_per_second":	96417353.478414968,
					"retransmits":	0,
					"snd_cwnd":	7342808,
					"rtt":	584148,
					"rttvar":	459,
					"pmtu":	1500,
					"omitted":	false
				}],
			"sum":	{
				"start":	10.000089168548584,
				"end":	10.97887396812439,
				"seconds":	0.97878479957580566,
				"bytes":	11796480,
				"bits_per_second":	96417353.478414968,
				"retransmits":	0,
				"omitted":	false
			}
		}],
	"end":	{
		"streams":	[{
				"sender":	{
					"socket":	6,
					"start":	0,
					"end":	10.97887396812439,
					"seconds":	10.97887396812439,
					"bytes":	141468592,
					"bits_per_second":	103084226.96953009,
					"retransmits":	0,
					"max_snd_cwnd":	7342808,
					"max_rtt":	584148,
					"min_rtt":	110728,
					"mean_rtt":	347623
				},
				"receiver":	{
					"socket":	6,
					"start":	0,
					"end":	11.629112958908081,
					"seconds":	10.97887396812439,
					"bytes":	137095192,
					"bits_per_second":	94311710.607287869
				}
			}],
		"sum_sent":	{
			"start":	0,
			"end":	10.97887396812439,
			"seconds":	10.97887396812439,
			"bytes":	141468592,
			"bits_per_second":	103084226.96953009,
			"retransmits":	0
		},
		"sum_received":	{
			"start":	0,
			"end":	11.629112958908081,
			"seconds":	11.629112958908081,
			"bytes":	137095192,
			"bits_per_second":	94311710.607287869
		},