{
	"start":	{
		"connected":	[{
				"socket":	6,
				"local_host":	"192.168.23.1",
				"local_port":	37286,
				"remote_host":	"192.168.23.2",
				"remote_port":	5006
			}],
		"version":	"iperf 3.6",
		"system_info":	"Linux ba-thesis 4.19.0-23-amd64 #1 SMP Debian 4.19.269-1 (2022-12-20) x86_64",
		"timestamp":	{
			"time":	"Mon, 05 Jun 2023 10:44:07 GMT",
			"timesecs":	1685961847
		},
		"connecting_to":	{
			"host":	"h17",
			"port":	5006
		},
		"cookie":	"3pl5psbjvapymuahhw5d4lr5x47bl55fu3lu",
		"tcp_mss_default":	1448,
		"sock_bufsize":	0,
		"sndbuf_actual":	87380,
		"rcvbuf_actual":	87380,
		"test_start":	{
			"protocol":	"TCP",
			"num_streams":	1,
			"blksize":	131072,
			"omit":	0,
			"duration":	0,
			"bytes":	6741829,
			"blocks":	0,
			"reverse":	0,
			"tos":	0
		}
	},
	"intervals":	[{
			"streams":	[{
					"socket":	6,
					"start":	0,
					"end":	0.44796895980834961,
					"seconds":	0.44796895980834961,
					"bytes":	7377560,
					"bits_per_second":	131751271.39445148,
					"retransmits":	0,
					"snd_cwnd":	473496,
					"rtt":	42795,
					"rttvar":	522,
					"pmtu":	1500,
					"omitted":	false
				}],
			"sum":	{
				"start":	0,
				"end":	0.44796895980834961,
				"seconds":	0.44796895980834961,
				"bytes":	7377560,
				"bits_per_second":	131751271.39445148,
				"retransmits":	0,
				"omitted":	false
			}
		}],
	"end":	{
		"streams":	[{
				"sender":	{
					"socket":	6,
					"start":	0,
					"end":	0.44796895980834961,
					"seconds":	0.44796895980834961,
					"bytes":	7377560,
					"bits_per_second":	131751271.39445148,
					"retransmits":	0,
					"max_snd_cwnd":	473496,
					"max_rtt":	42795,
					"min_rtt":	42795,
					"mean_rtt":	42795
				},
				"receiver":	{
					"socket":	6,
					"start":	0,
					"end":	0.52288508415222168,
					"seconds":	0.44796895980834961,
					"bytes":	5054968,
					"bits_per_second":	77339639.675449669
				}
			}],
		"sum_sent":	{
			"start":	0,
			"end":	0.44796895980834961,
			"seconds":	0.44796895980834961,
			"bytes":	7377560,
			"bits_per_second":	131751271.39445148,
			"retransmits":	0
		},
		"sum_received":	{
			"start":	0,
			"end":	0.52288508415222168,
			"seconds":	0.52288508415222168,
			"bytes":	5054968,
			"bits_per_second":	77339639.675449669
		},
		"cpu_utilization_percent":	{
			"host_total":	7.3602350389098916,
			"host_user":	0,
			"host_system":	7.3602350389098916,
			"remote_total":	1.3638192687974247,
			"remote_user":	1.3639789479062876,
			"remote_system":	0
		},
		"sender_tcp_congestion":	"cubic",
		"receiver_tcp_congestion":	"cubic"
	}
}
