{
	"start":	{
		"connected":	[{
				"socket":	6,
				"local_host":	"192.168.5.2",
				"local_port":	36500,
				"remote_host":	"192.168.5.1",
				"remote_port":	5008
			}],
		"version":	"iperf 3.6",
		"system_info":	"Linux ba-thesis 4.19.0-23-amd64 #1 SMP Debian 4.19.269-1 (2022-12-20) x86_64",
		"timestamp":	{
			"time":	"Tue, 13 Jun 2023 12:04:07 GMT",
			"timesecs":	1686657847
		},
		"connecting_to":	{
			"host":	"h1",
			"port":	5008
		},
		"cookie":	"tsrggxhdhztobwv7236bmyq7r2qtqhu4exu5",
		"tcp_mss_default":	1448,
		"sock_bufsize":	0,
		"sndbuf_actual":	87380,
		"rcvbuf_actual":	87380,
		"test_start":	{
			"protocol":	"TCP",
			"num_streams":	1,
			"blksize":	131072,
			"omit":	0,
			"duration":	0,
			"bytes":	73016320,
			"blocks":	0,
			"reverse":	0,
			"tos":	0
		}
	},
	"intervals":	[{
			"streams":	[{
					"socket":	6,
					"start":	0,
					"end":	1.0001091957092285,
					"seconds":	1.0001091957092285,
					"bytes":	13966240,
					"bits_per_second":	111717720.90423247,
					"retransmits":	0,
					"snd_cwnd":	770336,
					"rtt":	60619,
					"rttvar":	698,
					"pmtu":	1500,
					"omitted":	false
				}],
			"sum":	{
				"start":	0,
				"end":	1.0001091957092285,
				"seconds":	1.0001091957092285,
				"bytes":	13966240,
				"bits_per_second":	111717720.90423247,
				"retransmits":	0,
				"omitted":	false
			}
		}, {
			"streams":	[{
					"socket":	6,
					"start":	1.0001091957092285,
					"end":	2.0000622272491455,
					"seconds":	0.999953031539917,
					"bytes":	14417920,
					"bits_per_second":	115348777.75446358,
					"retransmits":	0,
					"snd_cwnd":	1342296,
					"rtt":	113660,
					"rttvar":	885,
					"pmtu":	1500,
					"omitted":	false
				}],
			"sum":	{
				"start":	1.0001091957092285,
				"end":	2.0000622272491455,
				"seconds":	0.999953031539917,
				"bytes":	14417920,
				"bits_per_second":	115348777.75446358,
				"retransmits":	0,
				"omitted":	false
			}
		}, {
			"streams":	[{
					"socket":	6,
					"start":	2.0000622272491455,
					"end":	3.0000801086425781,
					"seconds":	1.0000178813934326,
					"bytes":	11796480,
					"bits_per_second":	94370152.530174315,
					"retransmits":	0,
					"snd_cwnd":	1841856,
					"rtt":	150301,
					"rttvar":	1111,
					"pmtu":	1500,
					"omitted":	false
				}],
			"sum":	{
				"start":	2.0000622272491455,
				"end":	3.0000801086425781,
				"seconds":	1.0000178813934326,
				"bytes":	11796480,
				"bits_per_second":	94370152.530174315,
				"retransmits":	0,
				"omitted":	false
			}
		}, {
			"streams":	[{
					"socket":	6,
					"start":	3.0000801086425781,
					"end":	4.0000441074371338,
					"seconds":	0.99996399879455566,
					"bytes":	13107200,
					"bits_per_second":	104861375.13590944,
					"retransmits":	0,
					"snd_cwnd":	2421056,
					"rtt":	197497,
					"rttvar":	203,
					"pmtu":	1500,
					"omitted":	false
				}],
			"sum":	{
				"start":	3.0000801086425781,
				"end":	4.0000441074371338,
				"seconds":	0.99996399879455566,
				"bytes":	13107200,
				"bits_per_second":	104861375.13590944,
				"retransmits":	0,
				"omitted":	false
			}
		}, {
			"streams":	[{
					"socket":	6,
					"start":	4.0000441074371338,
					"end":	5.0001521110534668,
					"seconds":	1.000108003616333,
					"bytes":	13107200,
					"bits_per_second":	104846276.22300887,
					"retransmits":	0,
					"snd_cwnd":	3003152,
					"rtt":	245178,
					"rttvar":	225,
					"pmtu":	1500,
					"omitted":	false
				}],
			"sum":	{
				"start":	4.0000441074371338,
				"end":	5.0001521110534668,
				"seconds":	1.000108003616333,
				"bytes":	13107200,
				"bits_per_second":	104846276.22300887,
				"retransmits":	0,
				"omitted":	false
			}
		}, {
			"streams":	[{
					"socket":	6,
					"start":	5.0001521110534668,
					"end":	5.5697441101074219,
					"seconds":	0.56959199905395508,
					"bytes":	7864320,
					"bits_per_second":	110455484.10879339,
					"retransmits":	0,
					"snd_cwnd":	3336192,
					"rtt":	272042,
					"rttvar":	36,
					"pmtu":	1500,
					"omitted":	false
				}],
			"sum":	{
				"start":	5.0001521110534668,
				"end":	5.5697441101074219,
				"seconds":	0.56959199905395508,
				"bytes":	7864320,
				"bits_per_second":	110455484.10879339,
				"retransmits":	0,
				"omitted":	false
			}
		}],
	"end":	{
		"streams":	[{
				"sender":	{
					"socket":	6,
					"start":	0,
					"end":	5.5697441101074219,
					"seconds":	5.5697441101074219,
					"bytes":	74259360,
					"bits_per_second":	106661072.4399226,
					"retransmits":	0,
					"max_snd_cwnd":	3336192,
					"max_rtt":	272042,
					"min_rtt":	60619,
					"mean_rtt":	173216
				},
				"receiver":	{
					"socket":	6,
					"start":	0,
					"end":	5.8856501579284668,
					"seconds":	5.5697441101074219,
					"bytes":	65578472,
					"bits_per_second":	89136758.373802111
				}
			}],
		"sum_sent":	{
			"start":	0,
			"end":	5.5697441101074219,
			"seconds":	5.5697441101074219,
			"bytes":	74259360,
			"bits_per_second":	106661072.4399226,
			"retransmits":	0
		},
		"sum_received":	{
			"start":	0,
			"end":	5.8856501579284668,
			"seconds":	5.8856501579284668,
			"bytes":	65578472,
			"bits_per_second":	89136758.373802111
		},
		"cpu_utilization_percent":	{
			"host_total":	0.94121950702831769,
			"host_user":	0.095310315679683622,
			"host_system":	0.84590919134863407,
			"remote_total":	1.075003224780211,
			"remote_user":	0.12273013580463225,
			"remote_system":	0.9522566987330835
		},
		"sender_tcp_congestion":	"cubic",
		"receiver_tcp_congestion":	"cubic"
	}
}
