{
	"start":	{
		"connected":	[{
				"socket":	6,
				"local_host":	"192.168.7.2",
				"local_port":	53856,
				"remote_host":	"192.168.7.1",
				"remote_port":	5008
			}],
		"version":	"iperf 3.6",
		"system_info":	"Linux ba-thesis 4.19.0-23-amd64 #1 SMP Debian 4.19.269-1 (2022-12-20) x86_64",
		"timestamp":	{
			"time":	"Mon, 05 Jun 2023 09:48:07 GMT",
			"timesecs":	1685958487
		},
		"connecting_to":	{
			"host":	"h1",
			"port":	5008
		},
		"cookie":	"xvnmlfxso3hou2bzumvt5kwzxydwblw27ijh",
		"tcp_mss_default":	1448,
		"sock_bufsize":	0,
		"sndbuf_actual":	87380,
		"rcvbuf_actual":	87380,
		"test_start":	{
			"protocol":	"TCP",
			"num_streams":	1,
			"blksize":	131072,
			"omit":	0,
			"duration":	0,
			"bytes":	179798829,
			"blocks":	0,
			"reverse":	0,
			"tos":	0
		}
	},
	"intervals":	[{
			"streams":	[{
					"socket":	6,
					"start":	0,
					"end":	1.0000660419464111,
					"seconds":	1.0000660419464111,
					"bytes":	14763200,
					"bits_per_second":	118097800.59138207,
					"retransmits":	0,
					"snd_cwnd":	799296,
					"rtt":	63433,
					"rttvar":	345,
					"pmtu":	1500,
					"omitted":	false
				}],
			"sum":	{
				"start":	0,
				"end":	1.0000660419464111,
				"seconds":	1.0000660419464111,
				"bytes":	14763200,
				"bits_per_second":	118097800.59138207,
				"retransmits":	0,
				"omitted":	false
			}
		}, {
			"streams":	[{
					"socket":	6,
					"start":	1.0000660419464111,
					"end":	2.0000779628753662,
					"seconds":	1.0000119209289551,
					"bytes":	14417920,
					"bits_per_second":	115341985.01639108,
					"retransmits":	0,
					"snd_cwnd":	1397320,
					"rtt":	110575,
					"rttvar":	418,
					"pmtu":	1500,
					"omitted":	false
				}],
			"sum":	{
				"start":	1.0000660419464111,
				"end":	2.0000779628753662,
				"seconds":	1.0000119209289551,
				"bytes":	14417920,
				"bits_per_second":	115341985.01639108,
				"retransmits":	0,
				"omitted":	false
			}
		}, {
			"streams":	[{
					"socket":	6,
					"start":	2.0000779628753662,
					"end":	3.0000779628753662,
					"seconds":	1,
					"bytes":	14417920,
					"bits_per_second":	115343360,
					"retransmits":	0,
					"snd_cwnd":	1986656,
					"rtt":	157429,
					"rttvar":	639,
					"pmtu":	1500,
					"omitted":	false
				}],
			"sum":	{
				"start":	2.0000779628753662,
				"end":	3.0000779628753662,
				"seconds":	1,
				"bytes":	14417920,
				"bits_per_second":	115343360,
				"retransmits":	0,
				"omitted":	false
			}
		}, {
			"streams":	[{
					"socket":	6,
					"start":	3.0000779628753662,
					"end":	4.000053882598877,
					"seconds":	0.99997591972351074,
					"bytes":	14417920,
					"bits_per_second":	115346137.56688458,
					"retransmits":	0,
					"snd_cwnd":	2583232,
					"rtt":	204830,
					"rttvar":	235,
					"pmtu":	1500,
					"omitted":	false
				}],
			"sum":	{
				"start":	3.0000779628753662,
				"end":	4.000053882598877,
				"seconds":	0.99997591972351074,
				"bytes":	14417920,
				"bits_per_second":	115346137.56688458,
				"retransmits":	0,
				"omitted":	false
			}
		}, {
			"streams":	[{
					"socket":	6,
					"start":	4.000053882598877,
					"end":	5.0000648498535156,
					"seconds":	1.0000109672546387,
					"bytes":	11796480,
					"bits_per_second":	94370805.011350989,
					"retransmits":	0,
					"snd_cwnd":	3181256,
					"rtt":	252769,
					"rttvar":	397,
					"pmtu":	1500,
					"omitted":	false
				}],
			"sum":	{
				"start":	4.000053882598877,
				"end":	5.0000648498535156,
				"seconds":	1.0000109672546387,
				"bytes":	11796480,
				"bits_per_second":	94370805.011350989,
				"retransmits":	0,
				"omitted":	false
			}
		}, {
			"streams":	[{
					"socket":	6,
					"start":	5.0000648498535156,
					"end":	6.0000889301300049,
					"seconds":	1.0000240802764893,
					"bytes":	11796480,
					"bits_per_second":	94369567.554721117,
					"retransmits":	0,
					"snd_cwnd":	3779280,
					"rtt":	300309,
					"rttvar":	617,
					"pmtu":	1500,
					"omitted":	false
				}],
			"sum":	{
				"start":	5.0000648498535156,
				"end":	6.0000889301300049,
				"seconds":	1.0000240802764893,
				"bytes":	11796480,
				"bits_per_second":	94369567.554721117,
				"retransmits":	0,
				"omitted":	false
			}
		}, {
			"streams":	[{
					"socket":	6,
					"start":	6.0000889301300049,
					"end":	7.000093936920166,
					"seconds":	1.0000050067901611,
					"bytes":	11796480,
					"bits_per_second":	94371367.5023657,
					"retransmits":	0,
					"snd_cwnd":	4367168,
					"rtt":	362482,
					"rttvar":	623,
					"pmtu":	1500,
					"omitted":	false
				}],
			"sum":	{
				"start":	6.0000889301300049,
				"end":	7.000093936920166,
				"seconds":	1.0000050067901611,
				"bytes":	11796480,
				"bits_per_second":	94371367.5023657,
				"retransmits":	0,
				"omitted":	false
			}
		}, {
			"streams":	[{
					"socket":	6,
					"start":	7.000093936920166,
					"end":	8.0000569820404053,
					"seconds":	0.99996304512023926,
					"bytes":	11796480,
					"bits_per_second":	94375327.628884912,
					"retransmits":	0,
					"snd_cwnd":	4965192,
					"rtt":	394833,
					"rttvar":	473,
					"pmtu":	1500,
					"omitted":	false
				}],
			"sum":	{
				"start":	7.000093936920166,
				"end":	8.0000569820404053,
				"seconds":	0.99996304512023926,
				"bytes":	11796480,
				"bits_per_second":	94375327.628884912,
				"retransmits":	0,
				"omitted":	false
			}
		}, {
			"streams":	[{
					"socket":	6,
					"start":	8.0000569820404053,
					"end":	9.0001158714294434,
					"seconds":	1.0000588893890381,
					"bytes":	11796480,
					"bits_per_second":	94366282.827258512,
					"retransmits":	0,
					"snd_cwnd":	5561768,
					"rtt":	442529,
					"rttvar":	421,
					"pmtu":	1500,
					"omitted":	false
				}],
			"sum":	{
				"start":	8.0000569820404053,
				"end":	9.0001158714294434,
				"seconds":	1.0000588893890381,
				"bytes":	11796480,
				"bits_per_second":	94366282.827258512,
				"retransmits":	0,
				"omitted":	false
			}
		}, {
			"streams":	[{
					"socket":	6,
					"start":	9.0001158714294434,
					"end":	10.000046968460083,
					"seconds":	0.99993109703063965,
					"bytes":	13107200,
					"bits_per_second":	104864825.49785826,
					"retransmits":	0,
					"snd_cwnd":	6159792,
					"rtt":	489967,
					"rttvar":	700,
					"pmtu":	1500,
					"omitted":	false
				}],
			"sum":	{
				"start":	9.0001158714294434,
				"end":	10.000046968460083,
				"seconds":	0.99993109703063965,
				"bytes":	13107200,
				"bits_per_second":	104864825.49785826,
				"retransmits":	0,
				"omitted":	false
			}
		}, {
			"streams":	[{
					"socket":	6,
					"start":	10.000046968460083,
					"end":	11.000043869018555,
					"seconds":	0.99999690055847168,
					"bytes":	11796480,
					"bits_per_second":	94372132.500906587,
					"retransmits":	0,
					"snd_cwnd":	6753472,
					"rtt":	543543,
					"rttvar":	247,
					"pmtu":	1500,
					"omitted":	false
				}],
			"sum":	{
				"start":	10.000046968460083,
				"end":	11.000043869018555,
				"seconds":	0.99999690055847168,
				"bytes":	11796480,
				"bits_per_second":	94372132.500906587,
				"retransmits":	0,
				"omitted":	false
			}
		}, {
			"streams":	[{
					"socket":	6,
					"start":	11.000043869018555,
					"end":	12.000072956085205,
					"seconds":	1.0000290870666504,
					"bytes":	11796480,
					"bits_per_second":	94369095.079841673,
					"retransmits":	0,
					"snd_cwnd":	7351496,
					"rtt":	584984,
					"rttvar":	613,
					"pmtu":	1500,
					"omitted":	false
				}],
			"sum":	{
				"start":	11.000043869018555,
				"end":	12.000072956085205,
				"seconds":	1.0000290870666504,
				"bytes":	11796480,
				"bits_per_second":	94369095.079841673,
				"retransmits":	0,
				"omitted":	false
			}
		}, {
			"streams":	[{
					"socket":	6,
					"start":	12.000072956085205,
					"end":	13.00004506111145,
					"seconds":	0.99997210502624512,
					"bytes":	11796480,
					"bits_per_second":	94374472.57343556,
					"retransmits":	0,
					"snd_cwnd":	7948072,
					"rtt":	632383,
					"rttvar":	365,
					"pmtu":	1500,
					"omitted":	false
				}],
			"sum":	{
				"start":	12.000072956085205,