{
	"start":	{
		"connected":	[{
				"socket":	6,
				"local_host":	"192.168.29.1",
				"local_port":	35008,
				"remote_host":	"192.168.35.1",
				"remote_port":	5019
			}],
		"version":	"iperf 3.6",
		"system_info":	"Linux ba-thesis 4.19.0-23-amd64 #1 SMP Debian 4.19.269-1 (2022-12-20) x86_64",
		"timestamp":	{
			"time":	"Sun, 04 Jun 2023 19:10:06 GMT",
			"timesecs":	1685905806
		},
		"connecting_to":	{
			"host":	"h5",
			"port":	5019
		},
		"cookie":	"dctq4ixe6svwprvhcmhwycwraw4ndjjkpavb",
		"tcp_mss_default":	1448,
		"sock_bufsize":	0,
		"sndbuf_actual":	87380,
		"rcvbuf_actual":	87380,
		"test_start":	{
			"protocol":	"TCP",
			"num_streams":	1,
			"blksize":	131072,
			"omit":	0,
			"duration":	0,
			"bytes":	22875823,
			"blocks":	0,
			"reverse":	0,
			"tos":	0
		}
	},
	"intervals":	[{
			"streams":	[{
					"socket":	6,
					"start":	0,
					"end":	1.0000748634338379,
					"seconds":	1.0000748634338379,
					"bytes":	4701656,
					"bits_per_second":	37610432.353885859,
					"retransmits":	0,
					"snd_cwnd":	341728,
					"rtt":	83263,
					"rttvar":	388,
					"pmtu":	1500,
					"omitted":	false
				}],
			"sum":	{
				"start":	0,
				"end":	1.0000748634338379,
				"seconds":	1.0000748634338379,
				"bytes":	4701656,
				"bits_per_second":	37610432.353885859,
				"retransmits":	0,
				"omitted":	false
			}
		}, {
			"streams":	[{
					"socket":	6,
					"start":	1.0000748634338379,
					"end":	2.0001118183135986,
					"seconds":	1.0000369548797607,
					"bytes":	4561200,
					"bits_per_second":	36488251.581050143,
					"retransmits":	0,
					"snd_cwnd":	544448,
					"rtt":	115526,
					"rttvar":	542,
					"pmtu":	1500,
					"omitted":	false
				}],
			"sum":	{
				"start":	1.0000748634338379,
				"end":	2.0001118183135986,
				"seconds":	1.0000369548797607,
				"bytes":	4561200,
				"bits_per_second":	36488251.581050143,
				"retransmits":	0,
				"omitted":	false
			}
		}, {
			"streams":	[{
					"socket":	6,
					"start":	2.0001118183135986,
					"end":	3.0000789165496826,
					"seconds":	0.999967098236084,
					"bytes":	6270400,
					"bits_per_second":	50164850.512068428,
					"retransmits":	0,
					"snd_cwnd":	780472,
					"rtt":	150071,
					"rttvar":	209,
					"pmtu":	1500,
					"omitted":	false
				}],
			"sum":	{
				"start":	2.0001118183135986,
				"end":	3.0000789165496826,
				"seconds":	0.999967098236084,
				"bytes":	6270400,
				"bits_per_second":	50164850.512068428,
				"retransmits":	0,
				"omitted":	false
			}
		}, {
			"streams":	[{
					"socket":	6,
					"start":	3.0000789165496826,
					"end":	4.0001540184021,
					"seconds":	1.000075101852417,
					"bytes":	5242880,
					"bits_per_second":	41939890.236553073,
					"retransmits":	0,
					"snd_cwnd":	1030976,
					"rtt":	193530,
					"rttvar":	381,
					"pmtu":	1500,
					"omitted":	false
				}],
			"sum":	{
				"start":	3.0000789165496826,
				"end":	4.0001540184021,
				"seconds":	1.000075101852417,
				"bytes":	5242880,
				"bits_per_second":	41939890.236553073,
				"retransmits":	0,
				"omitted":	false
			}
		}, {
			"streams":	[{
					"socket":	6,
					"start":	4.0001540184021,
					"end":	4.2663660049438477,
					"seconds":	0.26621198654174805,
					"bytes":	2621440,
					"bits_per_second":	78777519.646776661,
					"retransmits":	0,
					"snd_cwnd":	1099032,
					"rtt":	202197,
					"rttvar":	510,
					"pmtu":	1500,
					"omitted":	false
				}],
			"sum":	{
				"start":	4.0001540184021,
				"end":	4.2663660049438477,
				"seconds":	0.26621198654174805,
				"bytes":	2621440,
				"bits_per_second":	78777519.646776661,
				"retransmits":	0,
				"omitted":	false
			}
		}],
	"end":	{
		"streams":	[{
				"sender":	{
					"socket":	6,
					"start":	0,
					"end":	4.2663660049438477,
					"seconds":	4.2663660049438477,
					"bytes":	23397576,
					"bits_per_second":	43873546.663154513,
					"retransmits":	0,
					"max_snd_cwnd":	1099032,
					"max_rtt":	202197,
					"min_rtt":	83263,
					"mean_rtt":	148917
				},
				"receiver":	{
					"socket":	6,
					"start":	0,
					"end":	4.4897329807281494,
					"seconds":	4.2663660049438477,
					"bytes":	19102016,
					"bits_per_second":	34036796.543569975
				}
			}],
		"sum_sent":	{
			"start":	0,
			"end":	4.2663660049438477,
			"seconds":	4.2663660049438477,
			"bytes":	23397576,
			"bits_per_second":	43873546.663154513,
			"retransmits":	0
		},
		"sum_received":	{
			"start":	0,
			"end":	4.4897329807281494,
			"seconds":	4.4897329807281494,
			"bytes":	19102016,
			"bits_per_second":	34036796.543569975
		},
		"cpu_utilization_percent":	{
			"host_total":	0.97508004488598632,
			"host_user":	0.30785289996044735,
			"host_system":	0.667182402116156,
			"remote_total":	1.2745769673614011,
			"remote_user":	0.28743539439730115,
			"remote_system":	0.98707792473681988
		},
		"sender_tcp_congestion":	"cubic",
		"receiver_tcp_congestion":	"cubic"
	}
}
