{
	"start":	{
		"connected":	[{
				"socket":	6,
				"local_host":	"192.168.11.2",
				"local_port":	59158,
				"remote_host":	"192.168.18.1",
				"remote_port":	5008
			}],
		"version":	"iperf 3.6",
		"system_info":	"Linux ba-thesis 4.19.0-23-amd64 #1 SMP Debian 4.19.269-1 (2022-12-20) x86_64",
		"timestamp":	{
			"time":	"Sat, 10 Jun 2023 16:06:58 GMT",
			"timesecs":	1686413218
		},
		"connecting_to":	{
			"host":	"h0",
			"port":	5008
		},
		"cookie":	"hnddmdrbwuw3fqtka57e6yjcpwt4dgj5cofi",
		"tcp_mss_default":	1448,
		"sock_bufsize":	0,
		"sndbuf_actual":	87380,
		"rcvbuf_actual":	87380,
		"test_start":	{
			"protocol":	"TCP",
			"num_streams":	1,
			"blksize":	131072,
			"omit":	0,
			"duration":	0,
			"bytes":	56698110,
			"blocks":	0,
			"reverse":	0,
			"tos":	0
		}
	},
	"intervals":	[{
			"streams":	[{
					"socket":	6,
					"start":	0,
					"end":	1.0001039505004883,
					"seconds":	1.0001039505004883,
					"bytes":	144800,
					"bits_per_second":	1158279.5962562638,
					"retransmits":	0,
					"snd_cwnd":	28960,
					"rtt":	453173,
					"rttvar":	55517,
					"pmtu":	1500,
					"omitted":	false
				}],
			"sum":	{
				"start":	0,
				"end":	1.0001039505004883,
				"seconds":	1.0001039505004883,
				"bytes":	144800,
				"bits_per_second":	1158279.5962562638,
				"retransmits":	0,
				"omitted":	false
			}
		}, {
			"streams":	[{
					"socket":	6,
					"start":	1.0001039505004883,
					"end":	2.0839388370513916,
					"seconds":	1.0838348865509033,
					"bytes":	217200,
					"bits_per_second":	1603196.2262532245,
					"retransmits":	0,
					"snd_cwnd":	66608,
					"rtt":	481767,
					"rttvar":	5573,
					"pmtu":	1500,
					"omitted":	false
				}],
			"sum":	{
				"start":	1.0001039505004883,
				"end":	2.0839388370513916,
				"seconds":	1.0838348865509033,
				"bytes":	217200,
				"bits_per_second":	1603196.2262532245,
				"retransmits":	0,
				"omitted":	false
			}
		}, {
			"streams":	[{
					"socket":	6,
					"start":	2.0839388370513916,
					"end":	3.0002529621124268,
					"seconds":	0.91631412506103516,
					"bytes":	173760,
					"bits_per_second":	1517034.3466083833,
					"retransmits":	0,
					"snd_cwnd":	70952,
					"rtt":	564772,
					"rttvar":	39219,
					"pmtu":	1500,
					"omitted":	false
				}],
			"sum":	{
				"start":	2.0839388370513916,
				"end":	3.0002529621124268,
				"seconds":	0.91631412506103516,
				"bytes":	173760,
				"bits_per_second":	1517034.3466083833,
				"retransmits":	0,
				"omitted":	false
			}
		}, {
			"streams":	[{
					"socket":	6,
					"start":	3.0002529621124268,
					"end":	4.0004467964172363,
					"seconds":	1.0001938343048096,
					"bytes":	195480,
					"bits_per_second":	1563536.9329055662,
					"retransmits":	0,
					"snd_cwnd":	78192,
					"rtt":	504280,
					"rttvar":	433,
					"pmtu":	1500,
					"omitted":	false
				}],
			"sum":	{
				"start":	3.0002529621124268,
				"end":	4.0004467964172363,
				"seconds":	1.0001938343048096,
				"bytes":	195480,
				"bits_per_second":	1563536.9329055662,
				"retransmits":	0,
				"omitted":	false
			}
		}, {
			"streams":	[{
					"socket":	6,
					"start":	4.0004467964172363,
					"end":	5.0000548362731934,
					"seconds":	0.999608039855957,
					"bytes":	1498680,
					"bits_per_second":	11994141.225322349,
					"retransmits":	0,
					"snd_cwnd":	140456,
					"rtt":	66843,
					"rttvar":	225,
					"pmtu":	1500,
					"omitted":	false
				}],
			"sum":	{
				"start":	4.0004467964172363,
				"end":	5.0000548362731934,
				"seconds":	0.999608039855957,
				"bytes":	1498680,
				"bits_per_second":	11994141.225322349,
				"retransmits":	0,
				"omitted":	false
			}
		}, {
			"streams":	[{
					"socket":	6,
					"start":	5.0000548362731934,
					"end":	6.0001029968261719,
					"seconds":	1.0000481605529785,
					"bytes":	2345760,
					"bits_per_second":	18765176.25873464,
					"retransmits":	0,
					"snd_cwnd":	240368,
					"rtt":	94668,
					"rttvar":	325,
					"pmtu":	1500,
					"omitted":	false
				}],
			"sum":	{
				"start":	5.0000548362731934,
				"end":	6.0001029968261719,
				"seconds":	1.0000481605529785,
				"bytes":	2345760,
				"bits_per_second":	18765176.25873464,
				"retransmits":	0,
				"omitted":	false
			}
		}, {
			"streams":	[{
					"socket":	6,
					"start":	6.0001029968261719,
					"end":	7.0000829696655273,
					"seconds":	0.99997997283935547,
					"bytes":	3909600,
					"bits_per_second":	31277426.398043022,
					"retransmits":	0,
					"snd_cwnd":	389512,
					"rtt":	110427,
					"rttvar":	70,
					"pmtu":	1500,
					"omitted":	false
				}],
			"sum":	{
				"start":	6.0001029968261719,
				"end":	7.0000829696655273,
				"seconds":	0.99997997283935547,
				"bytes":	3909600,
				"bits_per_second":	31277426.398043022,
				"retransmits":	0,
				"omitted":	false
			}
		}, {
			"streams":	[{
					"socket":	6,
					"start":	7.0000829696655273,
					"end":	8.0003058910369873,
					"seconds":	1.00022292137146,
					"bytes":	2801880,
					"bits_per_second":	22410044.322185218,
					"retransmits":	0,
					"snd_cwnd":	522728,
					"rtt":	124500,
					"rttvar":	812,
					"pmtu":	1500,
					"omitted":	false
				}],
			"sum":	{
				"start":	7.0000829696655273,
				"end":	8.0003058910369873,
				"seconds":	1.00022292137146,
				"bytes":	2801880,
				"bits_per_second":	22410044.322185218,
				"retransmits":	0,
				"omitted":	false
			}
		}, {
			"streams":	[{
					"socket":	6,
					"start":	8.0003058910369873,
					"end":	9.0000548362731934,
					"seconds":	0.999748945236206,
					"bytes":	6140080,
					"bits_per_second":	49132975.067450054,
					"retransmits":	0,
					"snd_cwnd":	755856,
					"rtt":	150041,
					"rttvar":	784,
					"pmtu":	1500,
					"omitted":	false
				}],
			"sum":	{
				"start":	8.0003058910369873,
				"end":	9.0000548362731934,
				"seconds":	0.999748945236206,
				"bytes":	6140080,
				"bits_per_second":	49132975.067450054,
				"retransmits":	0,
				"omitted":	false
			}
		}, {
			"streams":	[{
					"socket":	6,
					"start":	9.0000548362731934,
					"end":	10.000061988830566,
					"seconds":	1.000007152557373,
					"bytes":	6553600,
					"bits_per_second":	52428425.002682187,
					"retransmits":	0,
					"snd_cwnd":	1013600,
					"rtt":	178105,
					"rttvar":	414,
					"pmtu":	1500,
					"omitted":	false
				}],
			"sum":	{
				"start":	9.0000548362731934,
				"end":	10.000061988830566,
				"seconds":	1.000007152557373,
				"bytes":	6553600,
				"bits_per_second":	52428425.002682187,
				"retransmits":	0,
				"omitted":	false
			}
		}, {
			"streams":	[{
					"socket":	6,
					"start":	10.000061988830566,
					"end":	11.000077962875366,
					"seconds":	1.0000159740447998,
					"bytes":	6553600,
					"bits_per_second":	52427962.513378046,
					"retransmits":	0,
					"snd_cwnd":	1304648,
					"rtt":	210037,
					"rttvar":	520,
					"pmtu":	1500,
					"omitted":	false
				}],
			"sum":	{
				"start":	10.000061988830566,
				"end":	11.000077962875366,
				"seconds":	1.0000159740447998,
				"bytes":	6553600,
				"bits_per_second":	52427962.513378046,
				"retransmits":	0,
				"omitted":	false
			}
		}, {
			"streams":	[{
					"socket":	6,
					"start":	11.000077962875366,
					"end":	12.000124931335449,
					"seconds":	1.000046968460083,
					"bytes":	6553600,
					"bits_per_second":	52426337.6156544,
					"retransmits":	0,
					"snd_cwnd":	1598592,
					"rtt":	244090,
					"rttvar":	509,
					"pmtu":	1500,
					"omitted":	false
				}],
			"sum":	{
				"start":	11.000077962875366,
				"end":	12.000124931335449,
				"seconds":	1.000046968460083,
				"bytes":	6553600,
				"bits_per_second":	52426337.6156544,
				"retransmits":	0,
				"omitted":	false
			}
		}, {
			"streams":	[{
					"socket":	6,
					"start":	12.000124931335449,
					"end":	13.00008487701416,
					"seconds":	0.99995994567871094,
					"bytes":	7864320,
					"bits_per_second":	62917080.100940935,
					"retransmits":	0,
					"snd_cwnd":	1930184,
					"rtt":	282558,
					"rttvar":	643,
					"pmtu":	1500,
					"omitted":	false
				}],