{
	"start":	{
		"connected":	[{
				"socket":	6,
				"local_host":	"192.168.9.1",
				"local_port":	58652,
				"remote_host":	"192.168.23.1",
				"remote_port":	5002
			}],
		"version":	"iperf 3.6",
		"system_info":	"Linux ba-thesis 4.19.0-23-amd64 #1 SMP Debian 4.19.269-1 (2022-12-20) x86_64",
		"timestamp":	{
			"time":	"Sun, 11 Jun 2023 02:29:18 GMT",
			"timesecs":	1686450558
		},
		"connecting_to":	{
			"host":	"h4",
			"port":	5002
		},
		"cookie":	"xdwtcqa2xmght7tvnsa7huwvdusc2qufttk5",
		"tcp_mss_default":	1448,
		"sock_bufsize":	0,
		"sndbuf_actual":	87380,
		"rcvbuf_actual":	87380,
		"test_start":	{
			"protocol":	"TCP",
			"num_streams":	1,
			"blksize":	131072,
			"omit":	0,
			"duration":	0,
			"bytes":	30930217,
			"blocks":	0,
			"reverse":	0,
			"tos":	0
		}
	},
	"intervals":	[{
			"streams":	[{
					"socket":	6,
					"start":	0,
					"end":	1.0001230239868164,
					"seconds":	1.0001230239868164,
					"bytes":	13842552,
					"bits_per_second":	110726793.94836107,
					"retransmits":	0,
					"snd_cwnd":	933960,
					"rtt":	73996,
					"rttvar":	706,
					"pmtu":	1500,
					"omitted":	false
				}],
			"sum":	{
				"start":	0,
				"end":	1.0001230239868164,
				"seconds":	1.0001230239868164,
				"bytes":	13842552,
				"bits_per_second":	110726793.94836107,
				"retransmits":	0,
				"omitted":	false
			}
		}, {
			"streams":	[{
					"socket":	6,
					"start":	1.0001230239868164,
					"end":	2.0001101493835449,
					"seconds":	0.99998712539672852,
					"bytes":	14417920,
					"bits_per_second":	115344845.01911904,
					"retransmits":	0,
					"snd_cwnd":	1531984,
					"rtt":	121601,
					"rttvar":	492,
					"pmtu":	1500,
					"omitted":	false
				}],
			"sum":	{
				"start":	1.0001230239868164,
				"end":	2.0001101493835449,
				"seconds":	0.99998712539672852,
				"bytes":	14417920,
				"bits_per_second":	115344845.01911904,
				"retransmits":	0,
				"omitted":	false
			}
		}, {
			"streams":	[{
					"socket":	6,
					"start":	2.0001101493835449,
					"end":	2.1943941116333008,
					"seconds":	0.19428396224975586,
					"bytes":	3932160,
					"bits_per_second":	161913930.7008833,
					"retransmits":	0,
					"snd_cwnd":	1649272,
					"rtt":	130736,
					"rttvar":	337,
					"pmtu":	1500,
					"omitted":	false
				}],
			"sum":	{
				"start":	2.0001101493835449,
				"end":	2.1943941116333008,
				"seconds":	0.19428396224975586,
				"bytes":	3932160,
				"bits_per_second":	161913930.7008833,
				"retransmits":	0,
				"omitted":	false
			}
		}],
	"end":	{
		"streams":	[{
				"sender":	{
					"socket":	6,
					"start":	0,
					"end":	2.1943941116333008,
					"seconds":	2.1943941116333008,
					"bytes":	32192632,
					"bits_per_second":	117363173.11219481,
					"retransmits":	0,
					"max_snd_cwnd":	1649272,
					"max_rtt":	130736,
					"min_rtt":	73996,
					"mean_rtt":	108777
				},
				"receiver":	{
					"socket":	6,
					"start":	0,
					"end":	2.3536899089813232,
					"seconds":	2.1943941116333008,
					"bytes":	26171152,
					"bits_per_second":	88953610.7543644
				}
			}],
		"sum_sent":	{
			"start":	0,
			"end":	2.1943941116333008,
			"seconds":	2.1943941116333008,
			"bytes":	32192632,
			"bits_per_second":	117363173.11219481,
			"retransmits":	0
		},
		"sum_received":	{
			"start":	0,
			"end":	2.3536899089813232,
			"seconds":	2.3536899089813232,
			"bytes":	26171152,
			"bits_per_second":	88953610.7543644
		},
		"cpu_utilization_percent":	{
			"host_total":	1.9720725446116485,
			"host_user":	0,
			"host_system":	1.9720725446116485,
			"remote_total":	1.2103712522630674,
			"remote_user":	0,
			"remote_system":	1.2103712522630674
		},
		"sender_tcp_congestion":	"cubic",
		"receiver_tcp_congestion":	"cubic"
	}
}
